00000000  1C 00 00 00 54 46 4C 33 00 00 12 00 20 00 1C 00
00000010  18 00 14 00 10 00 0C 00 08 00 04 00 12 00 00 00
00000020  1C 00 00 00 48 00 00 00 50 00 00 00 1C 25 03 00
00000030  50 25 03 00 A0 80 03 00 03 00 00 00 01 00 00 00
00000040  0C 00 00 00 08 00 0C 00 08 00 04 00 08 00 00 00
00000050  58 00 00 00 04 00 00 00 0F 00 00 00 54 46 4C 49
00000060  54 45 5F 4D 45 54 41 44 41 54 41 00 02 00 00 00
00000070  56 00 00 00 57 00 00 00 59 00 00 00 C8 24 03 00
00000080  A8 16 03 00 68 16 03 00 A8 14 03 00 68 14 03 00
00000090  D8 0F 03 00 98 0F 03 00 D8 0D 03 00 98 0D 03 00
000000A0  48 08 03 00 00 08 03 00 D0 07 03 00 C8 05 03 00
000000B0  80 05 03 00 70 FE 02 00 20 FE 02 00 F0 FD 02 00
000000C0  A0 FB 02 00 50 FB 02 00 40 F2 02 00 E8 F1 02 00
000000D0  B8 F1 02 00 20 EF 02 00 C8 EE 02 00 E8 E2 02 00
000000E0  84 E2 02 00 54 E2 02 00 50 DF 02 00 EC DE 02 00
000000F0  1C CF 02 00 AC CE 02 00 7C CE 02 00 0C CB 02 00
00000100  9C CA 02 00 8C B5 02 00 0C B5 02 00 DC B4 02 00
00000110  DC B0 02 00 5C B0 02 00 4C 94 02 00 BC 93 02 00
00000120  8C 93 02 00 FC 8E 02 00 6C 8E 02 00 5C 6A 02 00
00000130  BC 69 02 00 8C 69 02 00 6C 64 02 00 CC 63 02 00
00000140  BC 36 02 00 0C 36 02 00 DC 35 02 00 2C 30 02 00
00000150  7C 2F 02 00 6C F8 01 00 AC F7 01 00 7C F7 01 00
00000160  3C F1 01 00 7C F0 01 00 6C AE 01 00 9C AD 01 00
00000170  6C AD 01 00 9C A6 01 00 CC A5 01 00 BC 5D 01 00
00000180  EC 5C 01 00 1C 56 01 00 4C 55 01 00 3C 0D 01 00
00000190  6C 0C 01 00 9C 05 01 00 CC 04 01 00 BC BC 00 00
000001A0  EC BB 00 00 1C B5 00 00 4C B4 00 00 3C 6C 00 00
000001B0  6C 6B 00 00 FC 69 00 00 E8 69 00 00 58 65 00 00
000001C0  3C 65 00 00 2C 4F 00 00 DC 4E 00 00 CC 06 00 00
000001D0  FC 05 00 00 64 04 00 00 A0 02 00 00 04 00 00 00
000001E0  22 D8 FC FF 04 00 00 00 8C 02 00 00 1C 00 00 00
000001F0  4D 30 30 31 14 00 1C 00 18 00 14 00 10 00 0C 00
00000200  08 00 00 00 00 00 04 00 14 00 00 00 18 00 00 00
00000210  20 00 00 00 2C 00 00 00 0C 02 00 00 10 02 00 00
00000220  38 02 00 00 05 00 00 00 31 2E 30 2E 30 00 00 00
00000230  09 00 00 00 4D 65 64 69 61 50 69 70 65 00 00 00
00000240  01 00 00 00 10 00 00 00 0C 00 0C 00 00 00 00 00
00000250  08 00 04 00 0C 00 00 00 08 00 00 00 F0 00 00 00
00000260  02 00 00 00 70 00 00 00 04 00 00 00 A8 FF FF FF
00000270  10 00 00 00 10 00 00 00 1C 00 00 00 3C 00 00 00
00000280  88 FF FF FF E4 FE FF FF 08 00 00 00 00 00 00 01
00000290  98 FF FF FF 1E 00 00 00 53 63 6F 72 65 73 20 6F
000002A0  66 20 74 68 65 20 64 65 74 65 63 74 65 64 20 62
000002B0  62 6F 78 65 73 2E 00 00 06 00 00 00 73 63 6F 72
000002C0  65 73 00 00 10 00 14 00 10 00 0C 00 00 00 08 00
000002D0  00 00 04 00 10 00 00 00 10 00 00 00 10 00 00 00
000002E0  20 00 00 00 50 00 00 00 F0 FF FF FF 4C FF FF FF
000002F0  0C 00 00 00 00 00 00 01 04 00 04 00 04 00 00 00
00000300  2C 00 00 00 55 6E 64 65 63 6F 64 65 64 20 66 61
00000310  63 65 20 62 62 6F 78 65 73 20 6C 6F 63 61 74 69
00000320  6F 6E 20 61 6E 64 20 6B 65 79 70 6F 69 6E 74 73
00000330  00 00 00 00 13 00 00 00 72 61 77 20 62 6F 78 65
00000340  73 2F 6B 65 79 70 6F 69 6E 74 73 00 01 00 00 00
00000350  14 00 00 00 10 00 18 00 14 00 10 00 00 00 0C 00
00000360  08 00 04 00 10 00 00 00 14 00 00 00 2C 00 00 00
00000370  70 00 00 00 84 00 00 00 A0 00 00 00 C8 FF FF FF
00000380  08 00 00 00 0C 00 00 00 01 00 00 00 00 00 80 BF
00000390  01 00 00 00 00 00 80 3F 01 00 00 00 0C 00 00 00
000003A0  08 00 0C 00 0B 00 04 00 08 00 00 00 10 00 00 00
000003B0  00 00 00 01 08 00 0C 00 08 00 04 00 08 00 00 00
000003C0  08 00 00 00 0C 00 00 00 01 00 00 00 00 00 FF 42
000003D0  01 00 00 00 00 00 FF 42 08 00 0A 00 09 00 04 00
000003E0  08 00 00 00 0C 00 00 00 00 02 06 00 08 00 07 00
000003F0  06 00 00 00 00 00 00 01 1A 00 00 00 49 6E 70 75
00000400  74 20 69 6D 61 67 65 20 74 6F 20 62 65 20 64 65
00000410  74 65 63 74 65 64 00 00 05 00 00 00 69 6D 61 67
00000420  65 00 00 00 01 00 00 00 31 00 00 00 26 00 00 00
00000430  44 65 74 65 63 74 73 20 68 75 6D 61 6E 20 66 61
00000440  63 65 20 77 69 74 68 20 66 72 6F 6E 74 61 6C 20
00000450  63 61 6D 65 72 61 00 00 1A 00 00 00 53 68 6F 72
00000460  74 20 52 61 6E 67 65 20 46 61 63 65 20 44 65 74
00000470  65 63 74 69 6F 6E 00 00 BA DA FC FF 04 00 00 00
00000480  B4 01 00 00 10 00 00 00 4D 53 4D 44 08 00 0C 00
00000490  04 00 08 00 08 00 00 00 74 01 00 00 04 00 00 00
000004A0  67 01 00 00 28 6C 6F 63 61 74 69 6F 6E 20 2F 2F
000004B0  72 65 73 65 61 72 63 68 2F 61 69 6D 61 74 74 65
000004C0  72 2F 6E 6E 65 74 73 2F 63 6F 6E 76 65 72 74 65
000004D0  72 73 2F 6B 65 72 61 73 32 74 66 6C 69 74 65 3A
000004E0  6B 65 72 61 73 32 74 66 6C 69 74 65 29 20 2D 2D
000004F0  6E 61 6D 65 3D 6B 65 72 61 73 32 74 66 6C 69 74
00000500  65 5F 66 61 63 65 64 65 74 65 63 74 6F 72 2D 66
00000510  72 6F 6E 74 2E 74 66 6C 69 74 65 2E 67 65 6E 65
00000520  72 61 74 65 64 20 2D 2D 6F 75 74 70 75 74 3D 72
00000530  65 67 72 65 73 73 6F 72 73 20 2D 2D 6F 75 74 70
00000540  75 74 3D 63 6C 61 73 73 69 66 69 63 61 74 6F 72
00000550  73 20 28 6C 6F 63 61 74 69 6F 6E 20 66 61 63 65
00000560  64 65 74 65 63 74 6F 72 2D 66 72 6F 6E 74 2E 68
00000570  64 66 35 29 20 62 6C 61 7A 65 2D 6F 75 74 2F 6B
00000580  38 2D 66 61 73 74 62 75 69 6C 64 2F 67 65 6E 66
00000590  69 6C 65 73 2F 72 65 73 65 61 72 63 68 2F 61 69
000005A0  6D 61 74 74 65 72 2F 6E 6E 65 74 73 2F 6D 6F 64
000005B0  65 6C 73 2F 66 61 63 65 64 65 74 65 63 74 6F 72
000005C0  5F 66 72 6F 6E 74 5F 62 6C 61 7A 65 5F 32 30 31
000005D0  39 5F 31 30 5F 31 37 5F 76 30 2F 6B 65 72 61 73
000005E0  32 74 66 6C 69 74 65 5F 66 61 63 65 64 65 74 65
000005F0  63 74 6F 72 2D 66 72 6F 6E 74 2E 74 66 6C 69 74
00000600  65 2E 67 65 6E 65 72 61 74 65 64 00 26 00 00 00
00000610  66 61 63 65 64 65 74 65 63 74 6F 72 5F 66 72 6F
00000620  6E 74 5F 62 6C 61 7A 65 5F 32 30 31 39 5F 31 30
00000630  5F 31 37 5F 76 30 00 00 7A DC FC FF 04 00 00 00
00000640  88 01 00 00 28 00 00 00 46 44 4D 44 20 00 1E 00
00000650  00 00 00 00 00 00 00 00 00 00 00 00 00 00 04 00
00000660  08 00 0C 00 10 00 00 00 14 00 18 00 20 00 00 00
00000670  06 00 00 00 9A 99 99 3E 00 00 00 3F B0 00 00 00
00000680  44 00 00 00 0C 00 00 00 00 00 06 00 08 00 04 00
00000690  06 00 00 00 04 00 00 00 80 FF FF FF 14 00 00 00
000006A0  04 00 00 00 02 00 00 00 02 00 00 00 06 00 00 00
000006B0  02 00 00 00 08 00 00 00 10 00 00 00 08 00 0C 00
000006C0  07 00 08 00 08 00 00 00 00 00 00 01 04 00 00 00
000006D0  05 00 00 00 4C 00 00 00 34 00 00 00 24 00 00 00
000006E0  14 00 00 00 04 00 00 00 D0 FF FF FF 40 00 00 00
000006F0  80 00 00 00 DC FF FF FF 80 00 00 00 40 00 00 00
00000700  E8 FF FF FF 80 00 00 00 60 00 00 00 F4 FF FF FF
00000710  60 00 00 00 80 00 00 00 08 00 0C 00 04 00 08 00
00000720  08 00 00 00 80 00 00 00 80 00 00 00 06 00 00 00
00000730  88 00 00 00 64 00 00 00 4C 00 00 00 34 00 00 00
00000740  1C 00 00 00 04 00 00 00 9C FF FF FF 00 00 00 15
00000750  04 00 00 00 01 00 00 00 05 00 00 00 B0 FF FF FF
00000760  00 00 00 14 04 00 00 00 01 00 00 00 04 00 00 00
00000770  C4 FF FF FF 00 00 00 13 04 00 00 00 01 00 00 00
00000780  03 00 00 00 D8 FF FF FF 00 00 00 12 04 00 00 00
00000790  01 00 00 00 02 00 00 00 EC FF FF FF 00 00 00 11
000007A0  04 00 00 00 01 00 00 00 01 00 00 00 0C 00 0C 00
000007B0  07 00 00 00 00 00 08 00 0C 00 00 00 00 00 00 10
000007C0  04 00 00 00 01 00 00 00 00 00 00 00 0E DE FC FF
000007D0  04 00 00 00 C0 00 00 00 6E BB F6 B4 08 4D 06 4D
000007E0  00 C1 18 C4 92 40 17 C4 91 30 D3 39 49 36 E1 44
000007F0  23 C5 B5 BD C4 44 BB BE A9 BD 2B B8 6E 4D 6F 4D
00000800  69 C1 27 C4 49 40 26 C4 83 32 05 3C DB 34 60 45
00000810  37 C5 C8 BD 66 44 9E BE 82 BD 82 B8 5A 4D 59 4D
00000820  BD C1 1A C4 9C 40 31 C4 F8 35 B6 3B 4E 33 38 45
00000830  27 C5 27 BD 13 44 14 BE 5C BA 0F B7 DD 4C E0 4C
00000840  97 C1 76 C3 04 41 01 C4 3A 38 09 3A DA 37 B2 44
00000850  D0 C4 CD BC B1 43 71 BE DF B2 B0 B2 53 4C 52 4C
00000860  25 C1 7C C2 40 41 13 C3 85 37 40 3B 2D 37 0E 44
00000870  75 C4 34 BD 2B 44 42 BE DC 31 08 B2 6C 4B 6B 4B
00000880  D6 C0 77 C1 35 41 DA C1 4D 35 48 3B DD 36 0D 43
00000890  52 C4 82 BD 43 44 1E BE DA DE FC FF 04 00 00 00
000008A0  00 48 00 00 4D B6 76 3D 74 3A 3D 37 1C 34 A5 AF
000008B0  00 43 CD 38 BC 3C B5 B6 15 38 1C B8 22 B4 19 B0
000008C0  ED 36 E5 41 CF A6 99 B9 FF AF C7 B3 53 3A 8B 3E
000008D0  A6 BD F1 C1 66 33 77 B8 E1 3D 6D 30 8E B4 E6 28
000008E0  C2 3A BA BC 55 44 33 BD A2 37 DB BA 2A B8 44 40
000008F0  8F B9 96 B2 15 C0 90 3B 3F BA 4E 39 36 36 83 3B
00000900  43 B9 C1 B6 4C 39 44 3A 6E B3 2F 39 07 B7 C4 C0
00000910  49 36 DC B9 40 36 B8 AE ED BD D9 B7 D4 B8 0A 36
00000920  97 B8 81 40 4A AD 98 BD 11 BD EC B9 67 BB 34 31
00000930  08 BC FB 3C 1E C1 C9 3F 2D 3F E5 3A F1 B3 84 37
00000940  76 B8 FF 32 B2 40 A5 3E B1 B1 A1 32 94 C2 B4 3C
00000950  14 2E 36 AF 5C B8 7C BA 51 3C 54 BC 5F B0 23 C4
00000960  A0 B2 CA BE E4 36 23 BB E7 2A 3D 38 67 B8 A8 B7
00000970  88 12 39 3E 8D BF 28 B3 E2 B4 21 3A 17 39 FA 34
00000980  8C 36 6C B6 B8 35 B7 36 84 30 A0 3E 94 BC A3 3D
00000990  7A 3E 1B BE 6F 38 0D 33 5C 3E E4 AE 91 24 B6 30
000009A0  67 BC 8B 3D A7 B5 E3 B9 35 2C F6 B3 E9 BF CE 3C
000009B0  61 34 A7 3A C1 BC 64 B0 5A BD A4 B2 3D B9 3E BA
000009C0  AF B8 7C B3 6C BC 01 BA 2B 3C 09 3B 4C 3B 45 BC
000009D0  45 0D 02 B9 A3 BA 02 BD AE BD F5 A7 0B 3D 6A 3C
000009E0  A5 3D 0B C0 6B 38 45 B5 08 2E BC BE 06 BB 08 3B
000009F0  51 AC AC B8 37 A8 94 42 08 BD CC 3A D9 BE D5 3A
00000A00  2E C0 60 BC 0D 34 2C 40 C4 32 4B B3 47 BD 52 B3
00000A10  6B B7 63 3D 55 B8 AD B6 41 BD EF 3B 4E 3C C7 44
00000A20  8C B2 27 39 D5 38 F9 B9 FF BA 4E BF 5A 32 38 40
00000A30  CA 45 17 38 85 3B AC 38 3C C4 79 35 96 2D 6D C4
00000A40  D9 41 E7 3F 8F 35 9F 29 AB BB 39 35 29 35 2E 3B
00000A50  C6 B9 2E B7 0E BA 5D C1 B0 3D 11 40 04 B9 81 39
00000A60  8C 40 EF BD 82 47 82 3E 03 41 35 3B 1A A5 7F C5
00000A70  28 C5 09 C0 23 43 5F B8 F8 B8 32 C0 05 B9 DC C9
00000A80  F0 3A 11 C5 13 C7 87 C0 DC 40 3E C2 5C B5 9C 41
00000A90  EC 39 C6 BB 98 B6 49 C7 F0 BE CE 3D E9 B8 E7 3F
00000AA0  CC 40 7D B9 2E C4 E9 3A BA 34 A0 3F D0 3F FD 3F
00000AB0  F1 3D 3F 3F 05 45 1A 35 76 3F 35 3D 8A AE 42 34
00000AC0  83 C0 B9 2E 9E C0 A0 43 60 44 C9 3F 44 34 CE B6
00000AD0  23 3A C9 C1 94 3B 0E 40 00 B8 4F BC D8 41 F5 45
00000AE0  67 3E C2 44 D5 38 04 BA FD BA 4D BF 57 32 39 40
00000AF0  C9 45 1A 38 84 3B AD 38 33 C4 78 35 9F 2D 6C C4
00000B00  D9 41 E7 3F 97 35 C7 29 AC BB 33 35 21 35 30 3B
00000B10  C9 B9 2B B7 0E BA 5C C1 B0 3D 12 40 04 B9 7E 39
00000B20  8C 40 F2 BD 83 47 82 3E 04 41 33 3B F7 A5 7D C5
00000B30  29 C5 02 C0 24 43 5F B8 F7 B8 34 C0 02 B9 DB C9
00000B40  F0 3A 11 C5 14 C7 87 C0 DC 40 3E C2 53 B5 9D 41
00000B50  EB 39 C6 BB 99 B6 48 C7 EE BE D1 3D E8 B8 DE 3F
00000B60  CD 40 79 B9 2F C4 E6 3A BB 34 A0 3F D0 3F FE 3F
00000B70  F2 3D 41 3F 06 45 20 35 77 3F 35 3D 38 AE 44 34
00000B80  85 C0 C6 2E A2 C0 A0 43 62 44 CB 3F 4F 34 D0 B6
00000B90  1B 3A CA C1 94 3B 0E 40 06 B8 9C BC D7 41 F5 45
00000BA0  69 3E C3 44 02 AD A6 3B 40 35 43 3D 86 37 60 BA
00000BB0  C0 3E 96 41 AF 38 B2 32 0B 37 C5 B9 30 B7 17 37
00000BC0  A8 B5 52 40 87 B0 7C 38 57 35 72 B4 A2 33 B5 37
00000BD0  03 C6 FA BD 67 2B 8B 3B 47 BE CE 42 43 BD 0A 2D
00000BE0  59 38 55 B4 B2 B2 85 37 CB B0 4D B1 54 AD 6F B8
00000BF0  62 B9 17 B6 A0 43 F7 3C CA BA B1 31 31 45 61 44
00000C00  4E B6 3B B1 F1 39 AE 30 6A AF ED BA 7C BC 65 C4
00000C10  28 B8 61 31 94 3B E0 B1 6F BA 87 40 C2 BC CB 2C
00000C20  B5 BE 22 3E 36 3D 0F A9 3B A5 F3 28 95 B9 48 BC
00000C30  C7 3F 7B A1 AF C0 1A 3C 96 3C F3 3F 17 B8 7B B7
00000C40  43 B8 38 A0 FE 3B 9C 38 9B B9 21 C2 25 BE E7 B2
00000C50  C6 A0 F1 39 2F C0 15 C1 F8 39 F2 9F B9 B9 2A BF
00000C60  2E BC 3E B7 EB BA 4E 22 AF A2 E3 35 06 2E 27 C1
00000C70  1F BB F9 3C B4 B7 36 B2 BE 30 D1 40 FC 31 2E 41
00000C80  D5 B2 39 BD B3 33 E2 36 DE 34 B0 3A 33 B5 75 38
00000C90  F5 42 44 C2 DB 32 B8 38 BB BB 0F BD 2B B7 05 A4
00000CA0  F3 C2 96 40 ED C0 F9 BA 8B B4 38 35 FF B5 CA 39
00000CB0  FE 38 D5 33 07 40 8C 32 A3 B9 3D AE 49 C1 F9 3C
00000CC0  82 BC 73 B8 DF 36 67 31 C6 B9 B2 3D CE B0 3D C0
00000CD0  9E 32 14 3C 81 B2 4F 36 E2 AC 39 BC 5B 3D 3C 3C
00000CE0  5F BA EE BB 2C 38 56 BA 13 35 2C B4 5A BF D5 B5
00000CF0  A7 42 4F 45 B8 32 17 40 E6 37 CF 41 E2 36 06 30
00000D00  41 36 1B B8 F7 AA 7E 3C 0E BD DF 40 B1 AE 69 3E
00000D10  A5 AF 55 3C B7 B8 50 BF 6C C0 59 35 06 BA AA B0
00000D20  71 B3 00 3F 8B 30 EB 39 2D 2E 17 38 1C 35 44 36
00000D30  4D 3C 7B B8 0B 37 4E 24 8C 35 FF B8 15 B4 4E B5
00000D40  B3 39 A6 43 34 B1 42 A9 79 B6 0E 9A 22 BB 5C 3B
00000D50  22 C2 DA C0 45 33 79 BB A5 B2 25 41 A9 B2 38 34
00000D60  64 3E 87 BD 58 43 44 34 6F C1 2D B7 15 B1 C9 C1
00000D70  E6 BA 91 9D A3 3D 8E B4 47 BC 25 3B AB 42 B0 BD
00000D80  91 AC 24 BC 1D B8 08 B3 9F 38 7C B5 E3 C1 72 C1
00000D90  73 30 15 B4 9F 3B 18 BF 3D BA 9B B7 38 BE FF A8
00000DA0  69 C2 4E 3C 45 37 A0 3B 8B B7 59 B2 3D BE D0 34
00000DB0  1B 3C 18 C0 D9 3A B0 40 35 B9 B8 40 06 38 AD 38
00000DC0  24 3C 7B B5 68 2F 46 3D D7 3F 85 C0 D1 BC 8E 33
00000DD0  20 3A 6E 3E B0 B8 77 40 52 40 44 AC DE 39 77 28
00000DE0  9D C2 1B C0 B8 2F 85 B9 8B 37 CF 39 8C B4 42 38
00000DF0  3C 3A 6F BF 22 36 A6 33 A1 3E 64 41 CB AE 95 3A
00000E00  E9 BA 5F C1 D1 B4 52 3F 0E 2C 93 3C 10 B8 C0 36
00000E10  9B BA 35 C0 B3 31 14 BE 3A BC AA 3F BD 39 41 B2
00000E20  7F C3 1B 3E FD BE 31 37 87 B0 CB 28 CB BB F3 37
00000E30  1C 3A 10 3A 97 3F 2B B8 78 BA 90 38 E2 3C 80 3B
00000E40  53 BA 75 36 54 3F 13 97 91 35 04 40 66 3F EF B9
00000E50  B5 B4 55 26 A7 BD C7 2E C5 37 61 B1 39 3C D6 3C
00000E60  62 41 4E B9 F5 3D 35 B4 4B 38 C6 BA A5 BE B6 B5
00000E70  42 44 C6 3E 8E BF A5 41 6C B8 88 38 B5 37 42 38
00000E80  E0 39 D4 BC 40 3A 71 AA 77 BC 3F BD 8A A5 3D B5
00000E90  72 2D 46 38 F3 BC 20 35 A1 C1 9E 3B BB B8 C7 2F
00000EA0  1B C3 0A 40 2C 22 09 39 29 2F D2 33 16 34 21 C2
00000EB0  2B 3C 55 B5 C5 B8 DA 36 B4 B8 2C BD 13 B0 C4 34
00000EC0  14 31 AB 42 B6 31 FB B4 7C B3 58 AE 9C B5 A7 33
00000ED0  49 C3 4E B3 54 35 EA B8 DF BA CD 41 20 B8 F4 2D
00000EE0  C2 3F 65 B6 FD B5 00 B1 E2 3E 1A A9 DF B4 44 BD
00000EF0  1D BA 4F BC F4 2F 46 34 C7 BB B9 38 8B 43 A5 B5
00000F00  9A B8 77 B0 09 BD 34 B6 7C B0 ED B4 5D 38 9D C5
00000F10  D2 B4 49 39 95 40 3F BF E2 B6 CA 3B D5 BD B4 28
00000F20  8D C4 29 35 3F 39 D8 A4 D5 2D 3F 30 F6 B6 E3 B8
00000F30  05 36 2B 36 95 40 8C 3E E9 39 8C 44 34 BC 21 33
00000F40  83 BA 86 BA E1 3C 12 2B AC 38 18 BD 47 BB 11 38
00000F50  CA B2 5E 37 E1 BD B1 BB C4 40 7D 30 79 34 F9 3A
00000F60  31 C4 00 BA E2 30 26 B6 11 2C FD A9 A9 30 D5 BD
00000F70  3E 3F C3 3A 6E 3D 3E 36 30 2D 92 43 50 B0 15 29
00000F80  77 2D 13 B4 75 B5 25 38 55 35 A8 3C 5D 3A 28 37
00000F90  7B 35 FA C3 03 B1 1D BE AA BD F0 3A CC 38 43 35
00000FA0  C5 C4 A8 40 6E 38 60 B6 CB B8 F4 38 AA A7 5D BB
00000FB0  38 B8 3B 1F FD B4 B9 B5 E4 B9 7A B9 46 BE 7E BD
00000FC0  F1 B8 55 BB E5 BF 04 B6 5A B5 44 32 AE AB 20 B0
00000FD0  A8 34 A3 38 2D BE 64 3E FB 34 EF 38 30 3C F8 38
00000FE0  CE 41 F1 B0 FE 28 D0 B7 3C 35 3D 35 DF B9 2D BA
00000FF0  07 43 72 42 2F 3F 42 40 79 BE 15 41 B1 38 74 C0
00001000  DD 38 BD B7 EE 3B 23 38 98 38 53 3C C0 AE 25 36
00001010  8B 3C 51 B5 C7 B9 70 B8 97 C0 40 32 16 BB 05 BB
00001020  80 C2 7A B6 1D 34 35 39 35 37 64 B0 0B 2D 8E C4
00001030  BE 39 AF C0 48 38 C8 37 25 B7 11 BD 68 2F F1 38
00001040  4B 36 EA 42 3B 35 4B BD 79 34 A1 B2 26 B8 FC 35
00001050  2F B5 99 B8 30 37 70 BD 81 AE 4F 38 C7 BC CE 2D
00001060  3D 40 F8 BC 6E 39 BC BA D4 41 AB B4 A7 B9 19 A3
00001070  3E B8 23 BF BA 33 3E 2E E0 BA B9 A5 C0 38 B5 BF
00001080  88 BB EC 38 97 BC C2 B3 DE B7 11 A4 E7 43 A9 C5
00001090  66 30 5F 34 B3 41 4B BC BD B3 92 3C B4 BC 3C 35
000010A0  5B C4 F9 35 14 B8 46 B4 EB B5 17 B3 DA B2 23 B6
000010B0  9F BC 4E 3F 26 40 7B 3F 9C 3F 57 44 9E BC E7 34
000010C0  43 BC AC BA C5 3C F8 35 A7 B4 27 3D 21 BB D9 BB
000010D0  F9 BC E3 BA AE BB 79 C0 E4 42 9D B6 B7 30 9A AC
000010E0  8E C1 60 BE 4C 3B 74 BD 0A B1 41 B5 CC 2D F5 B7
000010F0  6D 38 22 3E 15 B4 60 32 C0 B9 C0 40 0E 31 E0 B8
00001100  0A 39 7B 3B 1A B1 1C 34 1A 31 5F 3D 3C BC 39 3A
00001110  08 3C 30 C2 23 2F 81 BC 5D 32 CB 3B 44 3B 44 37
00001120  57 C1 CC 3E 8D 40 D5 B9 99 31 0B 32 27 BE F9 BC
00001130  01 BC 4C AF 46 C1 69 B8 CE BC 9B B3 08 C1 5F C3
00001140  0F B7 89 BE B9 C3 47 BA D0 37 8A B2 1C B6 38 2F
00001150  46 34 15 B7 81 BD 8A C3 DC BA 8F 3E F8 3A 44 36
00001160  F1 41 FD BC C0 29 3E B5 0E 2D B7 B5 5A B9 AF 27
00001170  A6 3E 20 3E 87 40 AA 41 63 C4 D8 3F D5 B8 8F BE
00001180  B0 BA A8 B6 AD 3A C6 3F 51 3E 14 3C 5F BD 3B A6
00001190  2B 3F 39 B8 62 B5 FE AD 77 B5 41 3A 7F 39 FC 41
000011A0  0B BF 01 C2 5B 37 53 3F 3F 3B AC 3C 12 33 51 B2
000011B0  38 3F 2A AC 07 41 FC 31 3B 40 B8 B5 4B B7 0D 3B
000011C0  E9 B8 B9 33 A2 B5 EF B1 B8 34 B2 B4 90 3F F7 3C
000011D0  61 C3 5D C4 CD AC 3D B3 FA 38 02 B0 C6 BC E9 AD
000011E0  79 AE 14 AF DA 3B 6A 3C 8A C0 F2 BC 79 B8 32 41
000011F0  BC AF B2 37 A3 47 FE 3F 40 B5 1F 38 8C 41 34 49
00001200  73 BA 8E 39 E1 43 C8 3C 0D B7 CB 37 00 41 AA C1
00001210  31 35 18 BB A1 32 8C 42 78 BD 66 49 CC B5 72 B0
00001220  C0 39 47 41 91 39 9A B9 1C BC 60 B7 F8 B8 B1 BE
00001230  F6 35 32 42 82 C6 B3 35 8A 42 33 B8 6F B5 51 BA
00001240  15 B9 98 3A 02 41 58 3F 65 C2 A5 B5 AE C0 18 B4
00001250  E5 BB 83 B4 CE C0 EC C5 2E 30 11 BC BA BF B2 C5
00001260  76 40 F7 AA 4E 3C 8E 34 F0 2E BF B4 50 B0 1B C0
00001270  2D BE 3F BB 50 C1 3E B1 AC B4 84 B0 9F 3B 36 44
00001280  62 39 CB BD 22 3A 79 BD 1D 36 67 30 E9 B9 5B 3C
00001290  23 47 6E C1 7D 3A 90 2C 54 34 9B C3 BC BA 53 32
000012A0  7C B2 72 3D CC C0 58 B3 B4 42 DF 30 5E BE E6 38
000012B0  9F 3A 3F 38 32 3E 1B 3F 8A BB CD 28 95 C4 DB 41
000012C0  2B BA 9C AC 76 41 FD B4 3E 30 85 B9 7E C4 C8 C3
000012D0  43 39 09 31 71 3C 9E BE 57 BB A4 B8 97 3D 1D B9
000012E0  46 C0 36 C2 34 34 DA B7 71 AE 3A BD 7C C2 68 3C
000012F0  3B C3 94 3D 6B 3E 88 41 5B 1A 84 41 8C BE DE 3F
00001300  6D B8 D9 AA 02 2E 16 42 54 C0 CB 42 1D BD A2 38
00001310  87 AD 6F B7 8E 35 D2 C3 2B 28 45 34 A3 39 88 44
00001320  F1 3E 78 3E BB 39 97 36 C3 38 91 AC 2D 34 04 3E
00001330  17 42 57 C6 45 41 D7 B7 71 B5 E8 B9 52 AD 3A BC
00001340  4D 3E 73 44 6C A4 C5 BC 04 AC D5 2F 71 B9 06 40
00001350  4F BD 33 C3 14 34 5F BE E9 3E 0B BC 87 32 9D 30
00001360  74 40 17 BF 5B 47 D8 B7 67 C6 4F B8 33 B2 CA 28
00001370  65 BC C5 35 7E 3F EF BD 99 BC EE 3B 86 B8 62 C0
00001380  1B B6 5F BD E9 B4 4B 2E C6 3C 20 3D 4A B9 BC B6
00001390  C9 36 E5 BD 55 31 BB C3 AA AF D4 3A 34 BA B3 36
000013A0  82 36 3E 3F 0A B9 A0 3E 1A BF 37 BA D0 BE A7 3F
000013B0  4F C0 83 BD 0F 39 F9 42 79 BD 63 3A 7D 2F 97 3B
000013C0  5C 3A 3A B7 C8 C0 4D 42 2A 40 6D 3B 97 BF C0 3B
000013D0  16 38 DC 36 2C B0 D9 42 C8 40 A2 BC 8B 3C B2 BE
000013E0  FB 3D FC C4 75 3E B4 B4 44 35 04 3B 6B B7 D7 44
000013F0  9A 3E 14 C5 0C C1 B6 26 22 3F 3F 3A 7E 31 51 3B
00001400  53 B1 2E C3 78 B5 D1 40 F6 A4 A7 3A DF BD AD 3C
00001410  5F B4 91 C0 C1 38 6A C1 46 98 D9 40 0C 3A D3 AB
00001420  32 BD 37 3B BF BF 85 40 A3 3F B1 BA 61 BC 39 35
00001430  53 2F D4 3D 06 41 04 3A 5B BD 93 35 B4 43 CE 3F
00001440  A5 B1 71 39 0B 43 DB 2B E1 3F 46 B5 38 BF 4D BA
00001450  01 28 F5 B9 FA BE 82 C1 65 B8 22 35 8F 3B 58 34
00001460  83 3F 8E BF 66 3D 92 38 A8 37 B0 BD A2 C1 15 3D
00001470  3F 39 E8 C6 0B C1 3C 43 0A C1 FA BB 9B B6 07 3E
00001480  71 AE CA BA D1 30 BF 40 4A BD E6 C4 5B BD 26 BD
00001490  6D 3E 3A 3B B0 BA 70 3A 84 C2 CB 3C A9 38 4A 44
000014A0  21 C0 D0 3F B8 BA BC 39 D4 37 FB 39 15 1F 46 2A
000014B0  41 3F D0 3A 94 3E FA B4 45 3C E4 B6 9C B4 89 BD
000014C0  56 37 7B 43 30 AC 26 BA CE AB 89 B8 8A 3B AF 3D
000014D0  3B BE 1B C3 67 39 BE C3 ED A8 95 07 18 B5 90 AF
000014E0  C9 3A AF BF F6 44 35 BF E7 3A 83 BB E0 BD 8B 3E
000014F0  85 BE BD 3A F3 C0 41 3C 0E B9 23 37 5C 3B 57 AF
00001500  A2 B4 66 36 7A 36 B5 39 6D 3B D5 36 15 BB B0 C0
00001510  61 38 50 B8 E8 34 A4 B7 EB BD 52 B9 2D B6 B4 2F
00001520  7F BA 70 40 C2 B2 70 BD 4E BC 0C BB 06 BA B8 36
00001530  5F B9 57 3C 15 C1 38 40 47 41 67 39 3A BC 9A 38
00001540  46 B8 57 B4 C0 41 C6 3F 56 B0 3F 30 93 C1 06 3E
00001550  5C B4 3C B6 29 BA 76 BD DB 3C 18 BB D7 B4 A6 C3
00001560  C8 B3 C8 C0 56 B3 52 39 69 37 EF 39 75 BA 1E B7
00001570  D3 3B F4 3E 3E C0 5E B3 24 B8 B8 39 52 30 63 37
00001580  FF 37 75 B8 C7 AF 3C 32 C7 2C A2 3F 7C 3E 1D 3C
00001590  1F 40 3B BF 23 38 84 40 38 BD 2E AC C6 A7 B9 30
000015A0  A4 BC C9 40 4A B9 50 B8 E8 27 7C AF 8D C0 D7 3B
000015B0  FA 35 BA A4 B7 BD ED B4 FA BC 58 BC DF BD 4E 42
000015C0  FE B8 5C 37 B9 C0 64 BD 45 B9 8F BA 41 3E A6 BB
000015D0  9D B1 2C BA F1 BA 02 B4 B4 BF 4A B8 50 3C 53 3C
000015E0  2B 3E 8C BF 45 B2 C2 B1 39 36 A8 BF 8B B9 04 39
000015F0  40 30 01 BA 66 B0 6F 43 BF BE 2B 3B 23 B3 5A 3C
00001600  0A C0 B0 A0 E2 B4 D2 41 F3 37 47 B3 F6 B9 83 2D
00001610  FB 3C 87 3C C9 B7 34 B8 83 BE 23 3C 08 3A E0 44
00001620  77 B7 0E 3A 8A C4 61 B6 23 B8 F0 BC CC 3A 21 40
00001630  9A B7 70 36 A6 B2 D8 3B 00 C2 D9 29 60 3F 4F C0
00001640  00 3D 47 40 FA 42 72 3A BB BC 26 B8 7B C0 BE B5
00001650  29 BE 52 3B 4C AC 47 44 17 3F E6 3F ED BD 52 B1
00001660  CD 3E E0 BD 14 49 9B 40 77 41 FE BB 06 35 17 C1
00001670  53 C4 A6 BF 2C 43 59 38 1B B9 DD C2 7C 3B AE C5
00001680  71 37 17 C0 A8 C5 FD C1 D5 24 B8 BC AD 39 AF 42
00001690  95 AC 7A BC 74 B8 2C C4 90 C1 63 40 6B BA B4 35
000016A0  E8 41 BA B9 B5 C0 99 BD DF B8 64 3D D4 38 F6 38
000016B0  F6 3B 06 41 4C 46 8B 36 ED 40 7D 38 50 BD 4A 22
000016C0  E8 C0 A1 BF 35 44 AF 42 0F 46 6E 3F BF 32 6D B1
000016D0  85 42 B1 BF 51 3B B0 40 37 40 D9 BD B9 44 FA 44
000016E0  22 3F 05 45 8B C4 2E B6 24 B8 F2 BC CD 3A 20 40
000016F0  8F B7 6E 36 A5 B2 D7 3B 1A C2 DC 29 60 3F 4E C0
00001700  FF 3C 46 40 F8 42 6E 3A BB BC 22 B8 7A C0 C1 B5
00001710  29 BE 4E 3B 45 AC 47 44 19 3F E5 3F E6 BD 4A B1
00001720  CC 3E DE BD 13 49 9A 40 76 41 FF BB 07 35 18 C1
00001730  53 C4 9D BF 2A 43 56 38 1C B9 C9 C2 7B 3B AF C5
00001740  70 37 18 C0 A8 C5 FC C1 80 24 B0 BC AA 39 AF 42
00001750  99 AC 7A BC 74 B8 2D C4 90 C1 61 40 6C BA B8 35
00001760  E7 41 BD B9 AB C0 97 BD DF B8 64 3D D3 38 F4 38
00001770  F6 3B 05 41 4C 46 88 36 EC 40 7C 38 8D BC 34 22
00001780  E9 C0 9F BF 36 44 AF 42 0D 46 6D 3F AD 32 6D B1
00001790  86 42 AE BF 51 3B B0 40 38 40 B2 BD B9 44 FA 44
000017A0  21 3F 04 45 39 3B 3D 30 61 2C 58 3C 21 2E 8D BA
000017B0  92 40 CB 42 96 3A A1 33 57 38 D7 B9 30 B9 61 32
000017C0  08 B4 A0 40 3F 25 9B 38 C9 34 BD B6 C5 38 9A 38
000017D0  C8 C6 39 C0 0F 91 D3 BB DD BE 87 42 02 BA AB 2F
000017E0  2D 39 4C B2 51 B3 4B 36 5D 2D 95 2C 12 B2 B1 B0
000017F0  09 BC 5B B5 F8 43 33 3D C4 B8 F9 36 E6 45 ED 43
00001800  E0 B5 14 32 96 3A 0A AB 61 3C E3 3D 47 BC 0E C5
00001810  17 B4 E0 2C 67 3B 2A B0 1E AE 06 41 9C BA AE 3D
00001820  B0 BE 66 3D 7C 39 3F 35 13 30 5F 2F CC B8 D2 BA
00001830  46 41 F3 B9 15 C1 05 3C F2 3E 0C 40 05 B9 75 B8
00001840  B4 B3 17 33 E5 3C 15 39 AA BB 21 C2 9C BA F3 B0
00001850  7D B8 36 28 4C C0 DD C0 54 1F 88 B5 9F B9 DB BD
00001860  BB BC EC B7 42 35 91 3B 26 B2 6B 2C C2 B2 4D C1
00001870  DA 34 63 3E 60 B3 BA B1 09 36 AE 40 19 B0 E2 41
00001880  88 A1 BA BD 0D 39 0D 37 D2 35 55 3A 91 3D 26 39
00001890  88 44 29 C4 BD 34 8C 3C 1B BE 24 BD 2C B8 2C 31
000018A0  87 C2 5A 3F 9C C1 54 BD D8 B6 D4 38 08 B7 0C 34
000018B0  FE 3B 95 32 DD 40 71 31 D3 B8 70 AC EA C3 D9 40
000018C0  0E BB 9F B8 0E 30 FA A5 37 AA 37 34 69 B6 70 C1
000018D0  81 32 9D 3B 77 B2 63 3E F0 B7 E9 BE 0E 3D 09 3B
000018E0  CE B5 0A BB 64 B6 88 B9 82 38 30 B4 79 BF DC B0
000018F0  51 42 9C 45 1C 30 08 40 CA 39 EF 41 CE 38 9D 25
00001900  48 B0 F0 31 69 AD 34 3E C3 BD 99 40 0E B2 5E 40
00001910  3B 2F C0 39 0B B8 B8 BF 6B C0 95 39 15 BB 8E AC
00001920  44 B8 67 40 F6 BB F5 B4 F7 29 B3 39 6A 33 BC 38
00001930  B9 3B 00 BC 6C 32 5C 30 A3 AC 05 B9 F6 AC B4 BB
00001940  D1 38 3C 44 E8 35 72 A9 8C B7 E3 2B D1 B9 4C 38
00001950  CE C2 66 C0 AF 36 59 BA 91 B8 0B 41 A4 A6 3A 2A
00001960  2D 3E 67 BC 06 44 BB 37 61 C1 7D BA E5 B7 50 BD
00001970  81 B9 2D 2F 12 3D 73 B5 F8 BB 69 3B 1D 44 F3 C0
00001980  2D A9 76 BC 82 C0 2B B5 C5 3B D7 B9 34 C2 C2 C1
00001990  35 31 A2 B1 AE 3A F8 BB 8F BC 26 B4 91 BE 05 3C
000019A0  EE C1 34 3C A4 AD CE 37 25 B9 4B B4 B7 BE 5A 31
000019B0  49 3D BE C1 75 3C 20 41 1B B9 D0 40 4A 39 88 39
000019C0  9E 3C 5A AA 72 44 D2 3C 5C 40 57 C0 87 B9 AA 39
000019D0  38 38 46 40 C4 B8 11 40 A7 41 AB A6 01 39 AB B0
000019E0  07 C3 D9 C0 6C 3C 8A 38 22 38 AA 38 9E B9 EF 36
000019F0  A5 41 47 C0 13 39 B2 30 5A 40 3A 41 F0 B6 C4 35
00001A00  C9 B8 C2 C1 77 34 ED 3F 40 2E A8 3D 63 3C 15 37
00001A10  4B BD 29 C2 C3 34 B2 B6 85 BE AF 3F 49 3A 2E AE
00001A20  56 C3 C5 3E AB C0 89 37 80 AF AC 34 30 BB FA 39
00001A30  FD 3B 85 3A C1 3F 2A BA 56 B9 F5 30 19 3C 50 3E
00001A40  FC B9 5B 3C 86 3C EE AD FD 3A 87 3F 96 40 B2 B9
00001A50  96 B4 15 B1 DE BD 3A 3C FA B2 6A B3 84 3C 43 3F
00001A60  95 41 79 B9 79 37 21 B0 0D 38 88 BA 73 BE 12 B0
00001A70  A4 44 7D 3D A8 BF E4 41 53 BA 2B 39 7E 3C 35 36
00001A80  47 39 FA B8 58 BA 3D 38 57 BD 88 BD F6 33 82 B4
00001A90  72 36 79 34 54 BC B4 34 51 C4 60 3D 63 BB 96 2D
00001AA0  A0 C3 E7 40 3D BA 9B 33 75 B1 48 AD 7A 2D 53 C2
00001AB0  C5 3C D4 B6 51 B9 D9 32 CC BC B9 BD A8 AA 77 3A
00001AC0  2F 32 42 43 DB B4 06 B4 92 B5 3D B1 22 B8 37 36
00001AD0  68 C3 D7 B0 0E 37 EB 3D B3 BB BE 41 7F B9 ED 31
00001AE0  B8 3F 5F 2F D9 B7 C9 B8 31 3F 16 AF 4E B1 D0 BA
00001AF0  92 A2 30 BC 29 2F B7 30 DE BA 55 35 E3 43 D6 C0
00001B00  DB B8 3F B9 49 C1 9C B9 C6 B0 A1 BB BD 35 32 C6
00001B10  D7 B1 5E 39 89 40 97 BB A3 B6 95 3D 34 BE C3 B0
00001B20  36 C4 43 32 00 2D CE 31 21 A9 D8 30 EE B8 CB B8
00001B30  BC 39 EF 36 9D 40 CE 3D 7F 3D AF 44 1D BA 69 34
00001B40  64 B3 56 98 AB 42 E2 AC AE 38 1D BD 04 BB 4D 3C
00001B50  E9 B8 68 3E 75 BD 9A BA 41 42 69 A4 E0 31 59 3B
00001B60  61 C4 C0 BC 05 B4 02 B6 38 9D 70 B4 FD 22 13 BE
00001B70  0B 3E 40 39 6F 3D 11 38 51 32 62 43 8E 38 FF 35
00001B80  13 B3 2E 32 F3 B1 0C 38 ED 35 FD 3C 85 B0 B6 34
00001B90  30 35 A4 C4 31 AE A8 38 A0 B8 E1 3A B7 2B A7 2D
00001BA0  B1 C4 F0 3E 88 3B 2B BB 5A B9 67 34 48 38 8E B9
00001BB0  12 B7 B7 38 1C B7 D0 26 4D B9 01 BC 2D C0 2C 35
00001BC0  CC B8 EC B8 0F C0 5C BC 4B 33 D2 38 88 B4 8B 99
00001BD0  F6 30 47 38 83 BE 80 42 39 B4 35 3B D6 3B 0E AF
00001BE0  B6 42 54 AD 2C B6 0A BA 12 AB 87 35 4A BC 09 BA
00001BF0  11 44 EE 42 73 40 59 40 40 C0 B4 40 79 35 01 C1
00001C00  CB 2E 9A 38 91 40 E4 36 85 39 1B 3C 3D B6 2E 36
00001C10  61 3E B4 B4 AB B9 70 B8 B1 C1 BC 34 62 B7 EE BC
00001C20  F4 C2 1F B2 BA BA 7E 37 A9 31 10 BA 04 28 B8 C4
00001C30  47 30 EF C0 50 38 D5 34 71 BC 85 BD DD 31 AB 3C
00001C40  85 36 8B 43 C2 25 39 BD FB 25 A4 B1 CC A2 6D 38
00001C50  77 B2 41 BA 2C 39 92 32 EE B8 65 38 7D BA 94 2D
00001C60  08 40 FE BD DD 39 59 BF DC 41 FF B6 E4 B9 EB 2D
00001C70  F2 B2 70 BB 67 31 91 31 03 BA BE B8 FA 33 02 C4
00001C80  D0 BA 2A 30 EE BF 3E BB F9 2F D4 BB 3B 44 4F C6
00001C90  11 35 5B 35 C2 41 B7 38 DD B6 98 3C 3F BD DE 21
00001CA0  3A C4 EB 35 E3 B5 A3 AD 8B B9 4A B1 1C B7 31 B3
00001CB0  04 BC 50 41 18 40 43 3E E4 40 78 44 97 BD EA 37
00001CC0  57 B6 99 B6 21 43 39 38 AA B3 C3 3C F8 BB 30 BD
00001CD0  A2 BF C1 36 A9 BA 56 C0 A5 44 C7 B8 7B 30 8A AB
00001CE0  2F C1 11 C0 CC BA A4 B9 F2 31 10 2C 18 2C 07 B7
00001CF0  2C B5 93 3D D1 B9 09 36 10 BF 83 40 B8 33 AE B2
00001D00  9D 31 74 3C 2E B7 68 31 9C 30 9A 3D BB AE E1 35
00001D10  08 3C 12 C2 50 AF 01 41 68 B9 76 3B 24 39 11 2F
00001D20  81 C1 52 40 7A 41 F0 B9 B8 2C A1 B8 AE BA 93 BA
00001D30  02 BD E6 B3 E2 C2 74 B5 D2 BC 93 B8 9C C1 AF BE
00001D40  04 B9 23 BC A7 C4 00 C0 5E B8 AC B1 C5 B5 CB 36
00001D50  AC A8 4E B8 F6 BD D7 B4 41 BC 7B 3F 62 39 D6 A9
00001D60  A3 42 A6 BC AC B2 AF BC B4 B3 7D B8 92 BA 5D B6
00001D70  48 40 D2 3E 5B 41 18 42 CB C4 0B 3F 08 B3 62 BE
00001D80  72 BE 9F 2D 95 40 38 40 43 40 00 3C 5D BD 6A AF
00001D90  EF 40 66 2D F8 B5 FB B0 00 BA 77 39 70 3A 33 41
00001DA0  EF BF 80 C2 CA 40 D6 39 64 38 8F 3B 08 B0 60 B0
00001DB0  0F 40 79 AD 03 42 A4 35 28 41 E3 B3 00 BA 72 B5
00001DC0  0D B7 AD 38 CA 2E F1 28 A9 35 1E BB 7E 40 D5 3D
00001DD0  92 C4 66 C5 A0 A8 0F C6 F6 BB 1E AF 95 AC 2F AC
00001DE0  8D A8 FE BA 93 3C AC 3B 98 C0 37 BC 79 B9 18 3E
00001DF0  50 B8 98 3C 0A 48 00 40 3E AB 8A 38 BC 42 F0 48
00001E00  09 B9 FD 3C 5A 44 35 3B 72 3F 61 41 27 42 BF C3
00001E10  1B 39 1B BB 85 32 97 3D F4 B6 63 49 E2 34 0C 3A
00001E20  32 31 D2 40 58 39 A0 B8 F4 BA FC B5 15 AF 5D BC
00001E30  1B 3A FB 41 AA C6 1B 35 59 42 47 B8 7B BA CC BA
00001E40  2A BA 77 31 1A 3C 23 40 FE C3 C4 B6 98 BE 89 B4
00001E50  A8 BE 3E BE 07 C1 5B C6 6E BC 17 BA 4A BF 5B C5
00001E60  C5 40 E5 34 C4 33 BF 3E B9 35 A6 B5 CD B8 14 C0
00001E70  F9 BE 3B BC D7 C1 D2 28 3B 35 21 B0 EB 36 B6 44
00001E80  93 3A F5 BE A3 B9 C9 BE 9B 38 F7 34 1C 3C 0F 3C
00001E90  52 48 12 C2 00 32 69 3E 46 BF 9A C3 58 B9 74 30
00001EA0  66 B4 F8 3E 58 C1 CA BB F6 42 5E B0 5F BF FC A8
00001EB0  D2 3D 43 3B 88 40 24 3E 54 BB 6C B0 10 C6 E4 44
00001EC0  BF B8 D0 BA 76 40 EF BA E5 B7 CB C1 78 C6 70 C4
00001ED0  A0 38 5B 31 65 3C 01 3B 59 BD E3 BD 6B 3D B5 BB
00001EE0  78 BE 62 C1 1E B1 C7 B1 9D 36 22 BE 69 C1 34 3C
00001EF0  B8 C3 41 3E 62 3D FA 41 2C 39 E1 41 16 BC 8D 40
00001F00  80 BB 4F 38 FE B1 32 43 43 C0 6E 42 1C BF EE 38
00001F10  E6 3C 18 B8 77 37 30 C4 8F A8 35 AD 66 37 5D 44
00001F20  08 3D 5D 3E B1 B8 45 B8 5B 38 B6 3B 16 33 31 3F
00001F30  08 3B 28 C7 F4 40 62 B1 B9 B8 EA B9 2A A8 F5 BF
00001F40  BC 3D 7D 45 D6 38 04 BB 27 B3 9A 34 60 B9 58 3D
00001F50  D7 BE 38 C3 14 37 CA C3 45 35 80 BC AF B6 85 B3
00001F60  2A 40 54 C0 02 48 A0 B5 7D C6 F9 BB 8E BB 4A B6
00001F70  5B BF B9 3C 76 3F 21 BD 3C BC E2 34 8E 34 19 BF
00001F80  70 B0 77 37 7F BC C2 B2 44 3B F4 BA 9D B5 44 BB
00001F90  6D 37 D0 BC F0 2C 89 C1 5E B9 0C 3C B4 B8 1E 36
00001FA0  CE 33 01 3F A6 BB B5 3C 8E BF 2E BB 60 BF FD 3E
00001FB0  E0 BF 38 BB 0A 3B C3 43 0B C0 A2 39 45 32 B8 3C
00001FC0  D8 3C 6D B5 14 44 7D 42 2C 41 B5 3B C5 BC 3D 3D
00001FD0  83 38 BC 32 E1 B3 24 42 75 43 4F BA 56 3C F1 BF
00001FE0  44 3F 18 C6 7F 3E 8E 39 58 39 C8 38 0B BA C4 44
00001FF0  7B 43 6B C5 58 C1 ED 2E 72 3F 95 3A 7D B4 EE 3A
00002000  4A 26 A1 C3 96 BC 66 40 D8 30 FF 3B 65 B7 DB 3A
00002010  E8 BC A6 C1 67 33 2D B0 EC C0 AA 40 D7 3B 21 AF
00002020  40 BD C4 3F CD C0 5C 42 F2 3F 47 BB 6B BE 72 3C
00002030  02 38 4D 3B 4F 42 32 33 FA BC 55 31 F6 43 F7 43
00002040  98 AF B6 39 A5 40 D6 BB 92 3A 97 B1 6E BF 3B B8
00002050  38 AB CE BA 93 BF 48 BD 46 BA 4B 2A CA 3B 75 39
00002060  2F 40 C6 BE 50 3A D3 39 3F 3B 39 BE 34 C1 98 3C
00002070  8A 3C 51 C8 56 C1 1F 44 09 C1 55 BA D1 33 11 3E
00002080  52 B8 BD 29 B3 BE C9 41 44 BD E9 C4 91 BC BB BC
00002090  F6 41 BF B0 FF B9 65 39 17 C5 CC 37 76 34 50 44
000020A0  F0 C0 E7 40 97 39 CB 32 8A A8 A6 3A 48 B9 2E 36
000020B0  4B BB D9 3A 2D 40 72 35 5A 3E 2D B7 E6 B9 64 C2
000020C0  45 37 DC 43 53 43 34 BD D9 B6 B8 B8 CE 34 12 3D
000020D0  EC BE 5A C3 49 3D F2 C4 81 BC 1B B2 88 B9 CE AD
000020E0  2F 3A 56 C0 09 45 FD BD 1A 3C 88 BB E6 BB 95 3C
000020F0  E9 BE B5 35 1A C3 C8 3B 66 B7 B2 2F 9D 3E 4B B0
00002100  8B 28 4A 3D 34 BC F2 38 40 36 59 B1 C6 BA 2A C1
00002110  2D 39 A7 A9 7E 33 4D 3E 96 BA 02 BF 47 B7 18 B9
00002120  2F BA 28 40 94 B9 38 2F 7D BD CD BB 92 B5 D6 37
00002130  87 B6 88 3A C1 C0 7D 40 C0 41 F6 37 E6 BD 66 39
00002140  59 B6 AB 37 2C 44 85 3F C6 B5 68 2B 99 C1 6F 40
00002150  11 B8 E0 B5 78 BC FE BE 24 3E 15 B8 03 B2 BF C2
00002160  72 B3 19 C2 4B BC 42 39 42 AB 65 3C 8C BC 70 B6
00002170  DD 3C 81 3E 90 C0 CD AC 42 BC 71 39 C4 B5 6F 3E
00002180  12 39 99 B9 53 BA AD B3 1C B8 45 43 89 3A 58 36
00002190  5A 40 24 C0 9D 3F 56 41 21 C1 B3 AA 7D 37 3F BC
000021A0  78 BC 39 41 9B BB FC B6 AE A2 0E 32 F1 C0 B3 3B
000021B0  18 39 B9 B1 62 BE C0 B4 B6 BC 9C B9 27 C0 99 45
000021C0  38 B9 41 42 55 C3 6B C0 64 C0 BA BA 88 3F 7E BB
000021D0  E1 B6 B6 B8 12 BB F0 3E 00 C2 CA AC 1C 3C D7 3C
000021E0  E5 3D 7D BF D7 B6 27 3F CF 39 BA BF A7 B5 3E A3
000021F0  81 36 41 BB 1B B3 2F 44 6E C0 02 3C 24 B7 A7 3D
00002200  65 C1 29 37 0E 36 93 42 FF 38 73 B4 B3 C0 DD AE
00002210  6A 40 9C 3A B8 B2 57 B8 D7 BF 7B 38 9C 38 59 44
00002220  F0 B8 96 3A 24 B7 76 3E 8F 3A 0E BE 13 3D B4 40
00002230  DD C1 44 39 7C B7 79 38 2B BF 88 B0 58 48 CC BE
00002240  4E B8 8C 40 21 3C 38 40 91 B6 31 BE C3 BF B2 26
00002250  0C BE 49 3E EF 42 36 45 1B 3D D4 3F C8 AF 59 32
00002260  9E 3D DF BC 92 49 A5 40 C0 42 A2 BD 11 34 49 BA
00002270  0D BC C2 C0 CF 45 51 3C 47 B6 B0 BF 8E 3E 55 C1
00002280  0E B9 28 41 96 BF A7 BE 32 B8 A2 40 57 41 7D 44
00002290  FD B9 87 B0 09 B4 7E C3 C7 C2 11 45 A2 B7 6F BD
000022A0  C7 41 65 28 C7 BE 92 C4 8A BD 26 3A D8 B0 95 3F
000022B0  D6 39 BB 43 7C 47 04 3B E3 41 3A AA 9E BD 65 B3
000022C0  4B BB D9 BF 45 45 A9 42 98 48 A6 3F F5 40 E0 41
000022D0  AD 40 F8 B2 F4 3A B7 40 10 40 79 BC C3 43 CB 43
000022E0  3B 3F 03 47 CE B6 5C 3E 8F 3A 12 BE 13 3D B4 40
000022F0  DB C1 44 39 7A B7 79 38 4D BF 88 B0 58 48 CE BE
00002300  4E B8 8C 40 1F 3C 38 40 8F B6 33 BE BC BF D1 26
00002310  0E BE 49 3E EE 42 36 45 1B 3D D4 3F DA B0 5E 32
00002320  9F 3D E0 BC 92 49 A5 40 C0 42 A1 BD 18 34 4C BA
00002330  0A BC D9 C0 CF 45 51 3C 47 B6 D0 BF 8E 3E 53 C1
00002340  0E B9 28 41 8F BF B0 BE 3A B8 A3 40 57 41 7D 44
00002350  FD B9 88 B0 09 B4 80 C3 C4 C2 11 45 A3 B7 94 BD
00002360  C8 41 69 28 EA BE 93 C4 89 BD 26 3A D9 B0 96 3F
00002370  D5 39 BC 43 7C 47 04 3B E3 41 35 AA 9B BC 63 B3
00002380  4B BB D7 BF 45 45 A9 42 98 48 A6 3F F5 40 E1 41
00002390  AC 40 F0 B2 F4 3A B7 40 10 40 47 BD C3 43 CB 43
000023A0  3B 3F 04 47 36 B3 E7 B1 0E 2C BF 35 86 B5 04 BB
000023B0  61 41 E1 43 00 3B 07 38 A1 39 12 BA 23 BF D4 B8
000023C0  2F B1 C9 40 47 40 2B 39 F8 38 82 B3 44 30 ED 39
000023D0  9D C7 34 C1 59 38 0B BE 78 BF 67 42 A2 BC 63 9D
000023E0  E9 38 1B 34 49 AB 07 34 C3 37 E1 AD 6F 2C 35 35
000023F0  7F BC 87 35 90 44 DC 3E 30 B5 AB 35 8E 46 27 43
00002400  3D B4 CC B5 FD 38 3E 36 43 3C 1C 3E B8 38 75 C5
00002410  92 22 EF B0 D1 3A 68 40 C3 36 9B 42 07 AC DA 3D
00002420  6E BE 1D 3C 2D 2D 4D 37 46 30 2B 2D E7 B6 66 BB
00002430  A5 41 EF BE 58 C1 93 3B EE 3F 03 40 AC B9 7A B8
00002440  A5 B1 D4 3B D3 3D D0 37 87 BD F6 C1 69 BC 93 B4
00002450  97 B9 81 B1 15 C0 78 C0 77 B3 94 2B 6C B9 F7 BC
00002460  7F BD 60 B4 2E B4 B7 39 DE B7 9D 34 5F B5 4C C1
00002470  8A 3D D9 3F C9 B2 60 2F 08 31 7F 40 09 B7 5E 43
00002480  B7 30 5D BE 2C 36 E1 36 76 36 FC 3D 5D 3D 08 39
00002490  A5 45 AE C4 E0 AD 60 3B DA BE 53 BD 2E B5 60 34
000024A0  50 C2 8D 3D 6A C1 F9 BE 5D B8 84 37 C3 B9 A3 AA
000024B0  63 37 25 B5 AD 42 94 36 0A B7 BE A4 BF C4 79 42
000024C0  A6 B9 C7 BE C4 B4 F4 BB DB B7 79 33 56 B8 AC C2
000024D0  02 2C 23 3A B1 B1 4C 33 B5 B9 3A C1 8A 3C 64 3B
000024E0  BA B0 1A BC 87 20 D4 3A F1 39 35 B4 20 BF 1F B5
000024F0  BA 41 BB 45 9F A7 D4 3F FD 38 37 42 4A B7 21 AF
00002500  58 B7 71 39 06 AE 03 3E 9C BF 71 40 2F BF 2D 3E
00002510  AF 29 89 38 6E B6 0E BF D0 BF 90 33 D9 BA CE A2
00002520  12 BA 62 42 33 B8 08 B4 E4 A4 6A 38 15 B2 0A 3A
00002530  F2 35 75 C0 AF 33 64 30 06 2C 5F B9 7E 3C 2A C1
00002540  5E 38 78 44 B8 3D DC B3 37 B7 96 39 28 B8 AE 35
00002550  8A C3 4C BE 56 3F 7E B8 D6 BB D9 40 52 B9 C2 30
00002560  F3 3D E4 BA CD 43 E1 39 53 C1 DE BB C4 B3 6E BC
00002570  D6 B1 8E AD A8 3D 6A BC F1 BA A5 3B D3 44 DD C2
00002580  79 B0 83 40 EE C2 CC AE FD 3B C5 BD 14 C3 1F C2
00002590  24 30 80 AF 7C 3A 08 34 12 BA 9D BB C8 BF C3 36
000025A0  54 C1 2F 3C AF BA C7 B4 4A BB FC B4 D5 BE 88 31
000025B0  C8 3E AB C2 A4 3D 9C 41 CA B9 BB 40 CB 34 DF 3A
000025C0  3B 3A 97 39 A5 44 13 3C 9D 40 3F C0 E8 B6 9D 3E
000025D0  E6 2B 9F 3D 1A B9 3C 3F 2E 41 A2 B7 1E 38 B6 B4
000025E0  76 C3 7B C2 9C AF D8 31 1B 37 AC 3A 50 BA 9D 35
000025F0  41 43 2A C1 71 39 BB 37 33 3E 3E 41 E8 B9 D5 2B
00002600  5D B5 D2 C1 DC 3F 26 41 38 38 04 40 69 3C 9E 32
00002610  27 BE A9 C3 A2 3D 62 B0 26 BF 9A 3F CA 36 AF B1
00002620  29 C3 FD 3D 0C C1 DE 36 01 B1 AA 38 52 B7 C7 3D
00002630  02 30 23 3D A0 40 8B B8 65 B8 E6 38 58 3A F4 41
00002640  31 B9 A2 BB FD 38 3E BC 20 3B 94 3C FF 42 ED B8
00002650  1A B5 94 B3 3D BE 47 3E 21 B9 DC 30 46 3D 47 40
00002660  78 41 8E BA 4C 23 0D 39 D2 38 98 B9 C8 BD 41 B3
00002670  F7 44 AB 39 F3 BF 14 42 08 BD DE 39 24 3B 9C 35
00002680  08 A1 7F 31 BE B8 1C 3A 1D BF D1 BD C4 BE FE B3
00002690  BE 39 83 29 28 BB D6 36 A3 C4 A9 38 D5 BB 61 B2
000026A0  02 C4 7E 42 B2 BD 84 39 DC B6 37 B4 63 B5 AF C2
000026B0  B5 3F F8 BA 69 BA 56 22 85 B9 07 BE 37 38 31 39
000026C0  7C 33 DA 43 1D AE 0E B7 6C B3 19 31 37 BA C7 38
000026D0  A1 C3 B3 A6 3A AC 5F 3F EF BA A5 41 37 BC 5A 34
000026E0  4A 3F 6F 39 CD B6 56 BA 59 40 CD B6 2E AC 62 BC
000026F0  58 BA 8C BA 2A 2E 6B 1F F6 B8 28 34 2C 44 38 BE
00002700  06 B9 97 3B 09 C3 1E BC 2D 2F A9 AD 99 24 CF C6
00002710  57 AC 57 37 99 40 15 23 D9 B3 8F 40 60 BD C3 B0
00002720  14 C4 03 AC 97 B8 04 34 DD 29 63 30 DE B9 C7 B9
00002730  0E 3C E3 36 51 40 67 3D 53 40 CC 44 F5 BA 73 35
00002740  0E B6 74 34 8C 41 EA B4 58 37 E7 BC 1A BD EE 3D
00002750  99 B9 69 3E F7 BC 2F B8 42 41 98 33 7D 2D 06 3C
00002760  92 C4 F0 BE 2B B7 E8 24 50 3B 3C B8 E5 2D DD BD
00002770  FF 3C 4C 36 0C 3E 84 3B 2F B6 4D 43 E5 34 A7 A7
00002780  23 B8 3A 36 AC 3B 43 39 6A 37 81 3C A8 32 6F 38
00002790  78 3A 18 C5 63 BC 6B 3B 85 A9 26 3A EC B5 AD 2D
000027A0  AC C4 94 3D 57 3C 67 BC B0 B9 9A 34 14 38 11 B5
000027B0  0D B8 AC 32 93 B5 EB 39 C1 B7 57 BB CC C0 12 38
000027C0  2A BA CA BD 8E BC 88 BE 73 3A F6 3E FA BA 2D 34
000027D0  70 28 87 39 76 BE BB 38 26 BA 10 3E FB 3A DA B5
000027E0  EA 42 E6 2A 53 B9 79 BD 95 B0 F1 35 E6 BC B2 AF
000027F0  B3 44 E5 43 06 41 69 40 B0 C1 8D 40 63 B4 8A C1
00002800  4D 38 B3 3B FE 3F 10 36 C4 3B F2 3B 9A B8 DC 35
00002810  0D 3C 5B B5 3F BA 9F B7 D7 C0 DD 30 D2 B8 EA BD
00002820  62 C3 8F AF 21 BC 01 3D 84 AF 9B B5 D2 B5 D6 C4
00002830  7E 2E C4 C1 1A 36 17 35 71 B8 F5 BD 08 34 6D 3D
00002840  0D 36 15 44 B5 39 21 BF 10 AF 3F 37 3A B6 C9 39
00002850  E2 AC EA B9 14 3D 3D 38 48 BB E8 37 F0 BC 64 2C
00002860  40 3F CE BD 6D 3B B9 C0 10 42 46 B8 DF B9 F9 B7
00002870  26 BA 7A BC 1F B3 15 21 A9 B8 49 B1 34 34 D2 C1
00002880  CD B9 49 3C 49 C1 B8 BB 64 34 7D AE A4 44 0A C7
00002890  85 36 BA 32 EA 41 04 3C F1 B8 33 40 4F BD CD 2E
000028A0  32 C4 31 34 BD B9 FD B8 EE B8 E8 B0 FC B8 8F B4
000028B0  1E BA AD 42 9F 3F 47 3D 51 42 9F 44 EF BC D8 38
000028C0  A0 B4 0C 32 06 43 05 38 6E B0 9D 3C C3 BC 1D BF
000028D0  23 BF 12 3C B4 B9 AF BF 3A 44 29 B8 22 30 3F 2D
000028E0  F9 C0 70 C0 46 AF 6D 32 D1 34 18 AC 99 B5 05 B5
000028F0  7E B9 5E 3C 38 BA 9E 36 D7 B8 56 40 30 34 65 30
00002900  BB B2 EE 3C 32 B9 38 34 28 A4 86 40 C5 2B 04 32
00002910  00 3D 12 C2 49 B7 05 42 43 BC C7 3A A7 38 08 B9
00002920  A1 C1 4D 40 96 41 CE B8 17 A4 BC B9 FB B9 8A B2
00002930  BC B8 AD B8 19 C4 5A B2 E2 BC F7 BB AE C1 98 B2
00002940  DD BB B1 41 F8 C2 D3 C0 0C BD E2 36 38 BC 7C 3A
00002950  3C B4 34 B5 B1 BD EF 3B 42 BE E8 41 2C 38 1A B1
00002960  C1 42 06 BC 4F B8 28 BB 70 B4 BA B8 28 BA 8A B4
00002970  3A 41 16 40 E9 41 B6 42 0A C5 AE 3E 94 B8 0A BE
00002980  41 BD 5D 38 C9 40 A3 40 F0 41 A2 3B 61 C0 19 BA
00002990  6C 40 4B 2D 89 B5 BB B1 7A BB 29 37 43 38 1C 40
000029A0  43 C0 BB C3 CC 3B E0 B6 70 32 AA 3B 33 B8 26 1C
000029B0  8F 3A 74 2F 8F 42 26 3C D8 40 44 B4 70 C1 31 BD
000029C0  04 B6 16 37 94 3F 02 34 42 AC 84 BD 44 3E 64 3E
000029D0  1F C5 CF C5 69 B4 BB C6 7A C0 4F A9 BF B9 6A AA
000029E0  98 B0 A5 BC 5A 3D 9B 2F A4 C1 8B BB B5 2D 7E 3D
000029F0  1A B0 1E 3D A4 48 CA 3F CA 30 3E 36 C2 43 61 46
00002A00  BC B3 81 B8 69 42 68 3C 13 3E 8B 40 BE 45 BF C4
00002A10  A2 3B 00 BA E8 30 6E 3D 6C 34 C5 49 28 3C 68 38
00002A20  B5 2D 17 40 2C 36 C9 34 A1 BB 80 B5 75 33 E8 BA
00002A30  AE 39 CC 40 A0 C6 53 30 51 41 20 B8 BA BC AF BA
00002A40  DF B8 A3 39 1C 40 DB 3F EF C4 E2 B7 BB BA 6D B6
00002A50  18 BF 29 AC EC C0 A5 C6 04 BC 8D 37 C9 BD E9 C4
00002A60  37 41 6B 3D B9 B4 DD 3F 20 31 6B 92 31 B8 19 C0
00002A70  7A BC 5C BE 4F C2 6D 36 0E 2C 62 B3 76 2E D7 46
00002A80  F9 3B 97 BF AB C2 AB C0 0C AF 95 3D 1C 3A CB 39
00002A90  FD 48 01 C2 21 B7 77 40 A7 C0 A7 C3 01 32 67 B8
00002AA0  09 B5 7E 3F 37 C1 FF BF 3E 43 F6 AA BA BF 63 B3
00002AB0  2E 3E E7 39 77 42 06 3E 2A BB CD B9 31 C7 60 44
00002AC0  EE B5 6D 37 A7 34 C6 BE 2F BD EC C1 CB C8 2B C5
00002AD0  1C 37 3C 33 84 3C 24 3B 25 BF 2C C2 61 3D AC B8
00002AE0  CD BD 44 C1 A7 30 1E 3E 51 38 2D BE D9 C0 BB 39
00002AF0  1C C4 B8 3F 9A 3B 44 42 FE 3C 7A 42 80 BC D1 40
00002B00  32 BC EC 35 0E 39 7B 43 BD C0 E7 41 92 C1 2C B4
00002B10  5E 3F 44 A4 E4 39 31 C4 4A B5 04 BB E0 38 26 44
00002B20  F9 3B 31 40 80 A8 4E B3 89 3B C5 37 CF B4 D0 40
00002B30  AF BA 53 C8 14 41 79 34 51 3A 1B BA F5 3C B7 C1
00002B40  2D 3D DD 45 49 40 14 BB 89 B8 A1 31 7C B9 26 3B
00002B50  3E C0 E8 C1 8F 40 32 C3 F6 BB E1 BC BB B4 53 B8
00002B60  E7 3F D4 C0 E6 47 00 29 33 C7 E6 B5 D2 AD D4 B8
00002B70  58 BB 14 AD 69 40 69 C0 25 BB F8 92 3F 3C 1C C0
00002B80  42 AE 28 45 06 BC EE 2F E3 B6 53 BE 9E 31 EB BC
00002B90  D3 36 18 BA CD 31 C6 B0 02 BA 27 3C 02 BA B9 B5
00002BA0  92 33 CC 3F F4 BA E3 34 9C C0 94 BB FB BE F8 3E
00002BB0  C8 BE 6E B5 8B 3D 2E 44 A7 C1 9D 38 9E B3 7B 3D
00002BC0  D1 3B 6D 37 86 46 A0 42 6D 42 33 3C 04 B7 7C 3E
00002BD0  46 22 36 2D E4 B6 E9 40 83 43 0A BE 1E 3C 75 C0
00002BE0  6A 3F 4A C7 0F B1 60 B2 8C 38 35 3B 60 BA A4 44
00002BF0  02 44 FD C5 81 C1 20 37 B7 3C E4 3A 15 BC 19 3D
00002C00  E2 34 57 C3 01 B9 FE 40 E6 B5 E5 3F 66 23 D5 35
00002C10  2A C0 3A C2 75 28 B6 3C 39 C2 8B 40 EB 3B 7E BC
00002C20  91 BC 42 41 7E C1 D3 42 58 3F 90 B9 B0 BE DA 38
00002C30  4F 3B 76 3E 11 45 44 AB 9E BC D1 B0 F5 42 E9 44
00002C40  19 A5 CE 38 63 3E C8 BE 8D B3 D3 B9 50 C1 51 B6
00002C50  68 B0 97 BA 50 C0 D0 B5 73 BD B4 34 12 3D A6 3C
00002C60  B1 40 A5 BE 82 38 35 3E 87 3B 27 BE DA C0 EA 39
00002C70  4B 3F 16 C9 83 C1 89 44 76 C1 A1 B8 D9 38 2C 3F
00002C80  74 BA 2C 37 AB BA DE 41 1B BE E9 C4 51 C0 E7 36
00002C90  0E 43 C2 B3 6B B8 92 38 9F C5 63 B5 EA 34 B3 43
00002CA0  80 C1 42 42 CD 2E ED B3 1A 3C 45 35 EC BB 2E 3B
00002CB0  C5 BD E0 34 0C 41 E7 3D 06 3F 00 B8 E4 B9 43 C6
00002CC0  30 37 F5 43 50 43 BA C0 AE 31 24 BF 02 B8 6C 3C
00002CD0  5B C0 16 C3 BF BD 3D C5 B5 BF 5A B7 1C B9 28 B4
00002CE0  46 39 38 C1 83 44 2B BD 62 38 48 BB 43 B3 91 35
00002CF0  8E BF BC B8 39 C4 6E 3E E2 B2 A2 B9 8A 40 F9 33
00002D00  B3 36 D3 41 6D C0 2C 34 69 AD 42 28 4D 2D 73 C2
00002D10  26 39 A4 B9 7B 2A 33 44 A5 34 BD C1 3A B9 CA B7
00002D20  93 B8 F6 3F 11 B7 21 26 40 BE 91 BB 63 2F 52 37
00002D30  24 B1 B1 38 98 BF 94 40 A2 41 EE 36 3B BC F6 39
00002D40  47 B8 95 3A DB 44 D0 3E 9A BA FB AF 7C 1A 88 42
00002D50  51 BA E6 35 BA BD 35 C0 E4 3E F0 BB 75 AB 0F C2
00002D60  5B 28 99 C3 A5 B8 AD 39 C1 2C 45 3E 44 B8 9C B7
00002D70  29 BA 6A 3B CC C0 DC 37 AF B8 9E 38 C5 3E 28 40
00002D80  1C 38 7B BA CD BB A6 2C 62 BD A1 45 BE 39 E2 B9
00002D90  DF 40 71 C1 0B 39 44 41 CB C2 71 AB 41 3A D5 BD
00002DA0  3F BC 3C 40 8F BC 6F B6 84 A2 A8 37 6F BF 16 3C
00002DB0  0C 35 A0 36 2C BD B1 3B CF BB F4 B5 D7 C0 CC 46
00002DC0  8D B8 DC 41 69 C4 FB BF 65 C0 70 BC F1 38 15 BA
00002DD0  45 BA 6D B5 1A BB 87 41 0E C3 5B 3C F9 3B DB 34
00002DE0  B3 3C 73 C0 36 AD 61 40 A4 3D BF BF EC B0 39 BA
00002DF0  2B 3A C2 BB 7F B2 7B 44 44 C1 09 3C 20 B4 3E 3E
00002E00  94 C1 AD 34 95 38 07 43 1A 3C 36 B7 E5 BD 71 32
00002E10  54 42 69 2F 21 2D 59 B8 8C C0 A3 3A 7F 38 7F 43
00002E20  5F B8 1A 3A 6D AE 27 3F 10 A9 63 BE C9 39 FA 41
00002E30  2F C0 74 3D 27 B3 21 BA DA B4 E2 24 BE 44 82 BB
00002E40  63 B5 F1 41 87 43 AA 44 29 3B AC C2 DA BE 6F 3F
00002E50  30 BA AB 40 02 44 E5 43 4E 37 56 40 BB B3 B3 3C
00002E60  85 3D E4 B7 4D 49 FA 3E 6D 44 A8 BB 65 3A 1E B9
00002E70  D9 C0 6A C3 C0 49 78 34 3E B4 6C BD E6 3F AB C4
00002E80  98 BE 2F 4A 6A 35 3A BC B7 8C 06 44 B2 44 53 45
00002E90  4F BF 9B 3F 2A 38 FB BB 1E C4 79 48 40 B3 B2 BC
00002EA0  56 41 DD 3D 7D BF F9 C2 E5 BF 14 38 57 36 8B 44
00002EB0  D7 38 B7 45 0F 48 DB 3E 98 41 42 B1 BE BD 91 B0
00002EC0  86 B9 99 BC 49 45 F8 41 7C 4A E7 40 6C C2 23 47
00002ED0  55 3C 88 B4 CC 3A CD 41 77 3C 31 BD 9B 3D 9B 42
00002EE0  6D 3F 4A 49 7C 2E 41 3F D3 A8 59 BE CE 39 F9 41
00002EF0  38 C0 71 3D 23 B3 25 BA 89 B6 D5 24 BB 44 85 BB
00002F00  6D B5 F1 41 8C 43 A9 44 46 3B AA C2 F6 BE 6C 3F
00002F10  2C BA AA 40 0E 44 E5 43 59 37 55 40 1E B4 A0 3C
00002F20  83 3D D4 B7 4C 49 FA 3E 6C 44 A7 BB 6B 3A 22 B9
00002F30  CB C0 39 C3 BF 49 75 34 45 B4 85 BD E5 3F AF C4
00002F40  98 BE 31 4A 10 35 55 BC 78 20 08 44 B2 44 52 45
00002F50  51 BF 9A 3F 28 38 F9 BB 10 C4 78 48 50 B3 22 BD
00002F60  54 41 D9 3D F9 BE F9 C2 E4 BF 14 38 45 36 8A 44
00002F70  D7 38 B6 45 0F 48 D8 3E 97 41 49 B1 87 BD 90 B0
00002F80  7D B9 91 BC 48 45 F8 41 7B 4A E5 40 76 C2 20 47
00002F90  55 3C A2 B4 CB 3A CC 41 78 3C CC BC 9C 3D 98 42
00002FA0  6D 3F 49 49 A1 AC 08 BC C5 36 3C 30 55 35 02 BC
00002FB0  0A 42 B1 44 9F 3A DB 3E 7C 36 7E BA 5C BD 33 C4
00002FC0  8A B1 80 40 A9 3F AF 35 CA 25 D5 B8 4F AA 16 3B
00002FD0  3C C8 2C C2 54 C0 5A BE 55 C0 45 42 4E BB 7A B4
00002FE0  C1 37 E2 38 7F 31 6F 31 28 3A 5D B4 88 38 3B AD
00002FF0  2F B8 E7 3B DD 45 BA 43 BF A8 C6 A9 04 47 43 42
00003000  EE AC 61 BF 99 39 C5 35 96 3B 00 3E 6B 41 82 C5
00003010  08 33 71 B9 5A 39 44 46 1E 39 11 45 2B 38 45 3D
00003020  10 BE 3C 3B 59 B4 37 AC D5 31 C3 26 2A B6 B6 BB
00003030  E6 41 48 C1 1A C1 80 3A EF 3F CB 3F CF BA D9 B6
00003040  77 2C F2 3E 0C 3F 0B 36 9A BF FD C1 7F BD 3E 29
00003050  B3 B8 08 36 F2 BE 4B C0 30 B1 2E 88 A1 B9 42 BD
00003060  CD BE C3 33 E1 AF 2D 39 E9 20 83 33 CB B7 83 C1
00003070  35 3E 6C 40 DA B4 27 3B 6F B8 3F 40 61 B4 1E 41
00003080  67 29 A6 BE 2F 36 15 34 FD 2F D4 40 A4 3C A9 35
00003090  61 46 1B C5 70 B2 B1 3A AB BF B3 BD C4 B6 78 B9
000030A0  62 C2 34 3B C5 C0 8D BF B9 B4 7D 30 3A BA 97 31
000030B0  09 3A BA 2B 9C 43 37 40 39 B3 D6 B8 3A C5 C9 44
000030C0  63 B8 F6 C2 58 BD E9 BC F3 B8 33 34 86 A2 5E C3
000030D0  99 B4 D4 3A C8 B2 89 34 1B BA F8 C2 EB 3B 4D 32
000030E0  55 A9 14 BE 3D 24 E7 3E 89 3A E9 B4 23 BF 60 B8
000030F0  25 41 A9 45 1A B2 6D 3F 0F 2E 4C 42 D1 B9 2F B5
00003100  5E B9 93 35 FE 2D 8E 3D D6 C0 5D 40 C2 AD 97 3A
00003110  4F 36 F1 B7 BB B4 8F BE 8A BE FD 38 2F BA 35 B2
00003120  00 BC C6 44 9B B7 8A AF 6C 39 8C 34 D6 B5 6A 3B
00003130  27 3C 3B C4 6C 34 3D 32 3D 3B CA B9 1C 34 50 C4
00003140  F0 38 95 44 1D 3F 17 B9 14 B8 CB B6 D2 B7 E4 2E
00003150  74 C4 E7 BC 90 33 5E B9 6B BD B5 40 FB B9 03 3A
00003160  A7 3D 9B BA 14 43 96 39 49 C1 AE BB 58 B2 25 BB
00003170  54 BB 25 B7 7D 3F 4F BE 35 B9 4F 2C 8A 45 91 C3
00003180  8B B4 07 47 24 C4 D6 A9 11 38 FD BD 25 C4 C3 C2
00003190  A5 AC AF B8 C7 3A 64 44 E4 B9 5B C2 E8 C1 BC 36
000031A0  AA C0 01 3D D3 B8 64 BD 33 BC 24 B6 54 BE AA 34
000031B0  44 40 A4 C2 32 3F 03 42 12 BB 9A 40 AA 88 9C 3B
000031C0  23 3A B7 39 D7 44 84 3A F0 40 2F C0 10 BE 19 3C
000031D0  25 B8 01 3D 95 B8 E7 3E 3B 40 18 BA 00 34 FE B7
000031E0  96 C3 96 C4 3F B7 AF 28 4A 38 1A 3E D0 34 BE 33
000031F0  E9 41 7F C1 13 39 8E 3B EA 32 4B 41 85 B8 70 BA
00003200  95 B4 1E C2 54 40 67 44 41 39 6D 41 1A 3C 96 B6
00003210  0F BE BD C4 15 2E F8 33 A3 BF 5B 3F BE 36 76 B6
00003220  16 C3 65 3D 08 C1 92 37 F9 B5 D9 39 54 B8 FA 39
00003230  29 37 93 3F 28 43 8F 3A 5D B6 27 39 F5 38 81 43
00003240  22 B8 4B C4 5A BC DC B9 FC 34 89 3C 2A 45 36 B6
00003250  14 B8 0B B7 48 BF 91 AE F6 BC 87 3B C0 3D C4 3C
00003260  FA 40 25 BC D1 B2 6F 3D 4F 3B ED B8 B8 BD 3D B6
00003270  35 45 4C B0 EF BF 0E 42 6E C0 58 3A 09 36 9A 33
00003280  C5 9D 77 B0 59 B7 0E 3B 85 C0 00 BE 6E BE 02 40
00003290  B4 3C C0 37 05 BA 1F 38 4E C4 AA 36 36 BB ED B9
000032A0  10 C4 9E 44 E1 AC 4A 39 C5 B6 86 B8 94 A8 6F C3
000032B0  7C 41 35 BE 6C BC 44 38 5D B9 5F BE EB BC 78 BE
000032C0  AC 33 04 44 BF 36 43 BE 60 B8 4B B9 CB B8 0D 3A
000032D0  24 C4 DB A5 DD B7 1D 3F A6 BC 77 41 CD BA 65 32
000032E0  BA 3E D8 3E 4B AB C7 BA 1C 42 9A B8 3C B2 27 BB
000032F0  82 B8 FC B8 87 B0 09 3C B8 B3 37 B5 96 44 43 BB
00003300  2A BA CC 40 06 C3 00 BA 5D 3C B6 30 90 B6 17 C7
00003310  8C A6 69 B4 6D 40 87 45 28 A5 40 42 0A BD F6 37
00003320  0C C4 0D B4 D0 B7 16 BB 16 28 94 2B AF BA 36 BA
00003330  CF 3D 63 35 E4 3F 21 3D 9D 41 D6 44 61 BB 7B 36
00003340  1C B3 DF 38 B1 41 B1 B6 E1 36 06 BD F4 C0 B1 3E
00003350  14 BA 4C 3C B2 BA CE B0 38 40 C7 AB 20 B1 4F 3B
00003360  FD C4 EA BF 30 B5 67 31 49 2A 17 B9 BF 36 0E BD
00003370  4B 3E 0F 39 37 3E B2 3E 50 BA 76 43 02 C1 E1 B6
00003380  A7 B6 DE 35 DF 43 C7 3D 03 38 AF 3B D6 B0 7A 3C
00003390  39 3D 68 C5 55 B6 72 3B CE 32 E5 39 D2 B2 3F B2
000033A0  BF C4 F2 3D 9F 3C D4 BC 9D BA 49 37 06 34 47 B8
000033B0  DE BB BA B9 4A B6 7F 3E 2E B6 27 B7 3A C1 9B 29
000033C0  20 BB 2F 23 B1 C0 36 BE DD 32 59 41 BE BC 69 36
000033D0  16 B5 3D 38 0D BE 4A BA 2C BC 65 3E 02 3A 08 B4
000033E0  9E 42 CA 37 2A B7 28 C0 4B AA C6 35 CC BB DF 3B
000033F0  4D 45 CD 44 06 41 88 40 8E C4 AC 40 2D B6 32 C2
00003400  9D 3C 22 36 2E 3F 1E 31 FA 3C BE 3C 8A BA CC B5
00003410  85 38 E8 B9 1D BA DB B5 4F BF DB 31 76 BC 05 BF
00003420  F7 C3 9B 99 49 9E 9B 3C 2F A7 A2 B9 14 B8 08 C5
00003430  09 38 14 C3 68 30 59 39 47 B1 6C BE 0F BC 4D B7
00003440  A4 34 58 44 5C 3A 43 C4 08 B7 A3 AE C3 B6 6B 3B
00003450  2F B0 7F B9 59 BC 32 36 C6 BC 6F 35 33 BC 1E B5
00003460  3A 3E 3F BA 9E 3C 0F C1 FF 42 37 B7 F7 B7 24 B7
00003470  EB BC F3 BC FB BC 50 35 B0 B5 B2 B5 A2 37 BC BC
00003480  69 B9 81 42 86 C1 35 BA 80 A3 F3 AA 95 42 91 C7
00003490  04 37 F5 B9 09 42 53 44 C3 AC 03 43 5B BB 89 32
000034A0  30 C4 73 31 E4 B1 08 BC 73 B9 7F B2 2F BA 00 B5
000034B0  50 B7 7A 43 04 3F 81 3C 1B 44 B9 44 91 BB 82 39
000034C0  AF B8 9C 30 80 43 5D 37 57 A2 46 3C 27 BD 69 BC
000034D0  A0 BE 42 3A 05 B7 89 BE 5E 43 08 B5 C8 16 F1 29
000034E0  1F C1 4C BF 00 B8 10 3A 8D B6 B2 B4 51 B9 6C B0
000034F0  68 BC B6 3B 1B BA B1 39 AB 33 5B 40 C3 AC 8F 36
00003500  C3 B4 92 3D 41 3E 12 3E 94 B6 2C 41 2F AC 24 2C
00003510  5D 3E 7D C2 01 38 7D 41 07 BD AC 3A 83 38 91 BC
00003520  E0 C1 A4 40 26 41 DE B8 75 B1 DE B6 4D B9 2B B8
00003530  CA BB 9E BC 8F C3 03 34 18 BD 8D BA 9B C1 86 BC
00003540  79 BD 98 45 DF C2 74 BF D9 BD 33 3A 49 C0 3F 3C
00003550  D7 B8 8A B8 BC BC 5B 3C FD BD D6 43 01 35 B6 B6
00003560  61 42 7F B8 04 B4 50 BD 69 28 56 B9 A5 B5 9C AF
00003570  13 42 50 41 31 42 58 43 90 C5 E8 3E 8C B8 AD BD
00003580  00 B9 32 34 8E 40 90 40 0A 44 42 3C 41 C0 72 BB
00003590  16 40 96 BB C0 B1 3E A5 9D BC DF 37 F9 A0 A7 3D
000035A0  79 C0 42 C4 91 36 AA BC 02 35 21 35 99 38 23 36
000035B0  B3 9A 74 34 F0 42 B3 3E 01 40 A9 B5 32 BE 5C C3
000035C0  CB B8 4B 36 2A 3B 05 BC BB AC 07 B8 74 35 B4 3F
000035D0  86 C5 57 C6 13 C1 0D C7 BF C1 94 B0 21 BB 34 B0
000035E0  2A B7 42 B9 5F 3C 76 B5 73 C3 F0 B7 19 3C F5 3B
000035F0  54 2C CA 3C EF 49 99 42 32 36 C2 B0 C1 43 97 45
00003600  3C 35 F5 C4 38 41 25 3C 9A 33 BA 3F D1 47 68 C5
00003610  0B 3D 7C BE 0F 29 94 41 CD 3A 3B 4A FF 3D 93 3A
00003620  CD 2C 57 40 E3 35 0A 3D 96 BA E8 B4 6B 35 48 B9
00003630  C1 39 69 3D 0D C6 E6 B4 12 3F 00 B7 E6 B6 6B BA
00003640  A4 B5 FF 3C 8A 40 16 3F D2 C5 FB B8 66 3E 31 34
00003650  CA BE 2E 3F EF C0 D3 C6 CC B6 E0 AA 65 BC BE C4
00003660  E5 41 A3 42 E2 36 EB 40 9A B8 CD 28 64 BB 83 C0
00003670  76 BA 98 C3 E3 C2 A3 3B 00 B1 B2 B6 E3 3E 24 46
00003680  0A 3C 81 BF EE C0 2A C4 3F BD 7A 40 2C 3A 30 35
00003690  79 49 25 C2 9D 37 A1 40 B6 C1 0A C4 B4 37 B7 BA
000036A0  B7 B6 C5 39 6C C0 95 C1 7D 44 48 34 AD BD D6 3B
000036B0  54 38 A4 3C 7F 42 9F 40 99 BA 1E B8 E5 C7 1F 43
000036C0  52 2F 91 B8 9D BA B1 C0 79 BE 14 C2 49 C9 6A C5
000036D0  50 35 57 AC E5 3C E6 36 B5 BD EF C4 8A 3D C1 BB
000036E0  CB BD CF C2 65 37 56 40 C1 3A 64 BE 07 C1 9F 39
000036F0  C6 C3 1F 42 1A 39 94 42 A0 3F 8F 42 FE BA C3 40
00003700  3E BA E7 34 E3 3B 73 43 F0 C0 E0 40 F7 AA 9C 39
00003710  7A 41 2F B9 B9 3B 04 C4 7E B8 D9 A9 D3 3B 06 44
00003720  62 3C 96 41 65 B1 57 B6 CA 3A 75 B0 C3 BA 8E 42
00003730  5B BA 6E C9 BB 41 74 2F 6D 3C 77 BA 39 39 D2 C1
00003740  73 3D 39 46 58 40 56 BC 1D B6 72 BD B6 BC 60 38
00003750  CA C0 06 C1 0A 32 F7 C3 56 BE 99 BD 77 B9 35 B1
00003760  5E 3F F4 C1 10 47 5B A3 04 C8 A7 2D F4 2A A3 32
00003770  5F BF B0 BC 41 42 DA C3 9C BB CD B5 B2 3F F8 C0
00003780  DE B3 36 49 FE BD 4B 34 2C BB DD BE 51 B6 4B BE
00003790  DD 2B A0 BD 77 37 E2 3C 8F B4 EE 3D 10 BF 14 BC
000037A0  1A 34 9F 40 E4 BA 3E 38 57 C1 BE BB D5 BC 8C 3F
000037B0  33 BD 37 37 55 40 8B 44 38 C3 1D 37 13 B6 0E 3E
000037C0  64 36 2B B0 92 47 81 42 A0 43 6A 3C 0C BD BE BD
000037D0  79 B7 33 3C DE B8 60 3F 80 42 6F BE 82 3A 97 C0
000037E0  FC 3F B1 C8 1C AF 47 B6 3C 3B C5 3D 7B 38 92 44
000037F0  10 42 E9 C6 B6 C1 63 3B 6C 39 F0 3A A2 3D 50 3B
00003800  4E 38 9A C3 34 BA 7B 45 3E BA 7B 40 CF 38 28 B7
00003810  7C C1 B8 C3 2C 3C CC 3F 06 C3 6A 40 6D 3D 4E B7
00003820  BD BB A3 3F 18 C2 A7 42 47 3D 33 B9 16 BE AE 38
00003830  C5 3C EE 3F 5C 48 E8 34 7D BB F6 31 12 42 00 44
00003840  E3 35 BE C0 53 24 60 BC 3C AE F8 BA 7C C4 3A B4
00003850  1D B3 8A BC 2D C1 41 B6 CC BF 2D B3 0C 3D EA 39
00003860  87 40 30 C0 06 39 0E 3F 93 3D 9E BD DF C0 D8 37
00003870  23 41 8F C9 F8 C0 CF 44 B6 C2 7B B8 82 38 B2 3F
00003880  D8 B9 E3 B4 DC B0 BF 41 A9 BF 09 C5 3B BF 77 42
00003890  0F 44 DE B8 77 B7 96 37 3F C5 3F 35 9B 37 98 42
000038A0  63 C1 B4 42 80 B9 95 A5 6A 34 B4 3A 44 B9 16 3E
000038B0  55 2D EE B9 A8 41 53 38 70 3E AB B8 C5 3E 64 C8
000038C0  30 37 BB 43 27 40 B5 C2 7A BB 9C C1 3E B8 68 3D
000038D0  9B C1 E8 C2 1E C0 43 C5 86 C1 88 BA A9 B2 5E B5
000038E0  1B 37 06 C4 C7 43 63 BD 5E B9 DA B6 56 37 63 AB
000038F0  D0 C0 F4 BC 43 C0 79 41 75 98 94 BA FB 41 68 B3
00003900  30 38 18 44 5A C1 30 39 CD BB 26 2F 4F BC 0F C4
00003910  77 38 81 C3 EC AA 14 48 16 30 79 BA 19 BC 0B A2
00003920  1D B2 9F 3F A5 B3 41 C0 34 BD 92 BB 4A 38 A9 B4
00003930  C5 AC B6 36 A1 BC 5C 40 1D 41 4B 36 03 BA 00 39
00003940  3D B5 10 3E 43 45 56 3E B2 BB D0 B7 5F 38 8D 3D
00003950  6F BD 53 38 51 BD EF C0 DC 3E 1D BD A2 B2 00 C2
00003960  68 38 83 C4 F9 B7 C2 36 E6 3C 61 3A 48 30 51 B6
00003970  0D C1 40 33 F2 C1 EF 38 B0 30 EE 36 B8 43 EE 36
00003980  4C 38 59 BB F3 BB F0 3D 15 B9 73 43 CE 30 FA BA
00003990  35 42 EA C2 AE 3C 5E 40 80 C4 1A B0 42 38 1E B2
000039A0  8B BA 96 39 07 BD AA B4 7E 33 07 3F F6 BD 7F 3D
000039B0  50 36 62 3C 6B B9 DF 41 3B B8 D6 AF D2 C1 EF 46
000039C0  08 B5 EB 3D CE C4 6E BE 29 BF 49 BA 04 BF 0C B9
000039D0  A3 BD CE BB 58 BA 81 45 49 C3 46 40 1A 3C 49 2E
000039E0  E0 38 70 C1 7A B1 59 43 E8 40 AA BF CF 94 B9 BA
000039F0  C5 3C F8 B9 66 2C 8A 44 6E C2 24 3B DA B4 98 3D
00003A00  09 BE 93 BD 57 3A 2F 43 FB 3D C2 BA F1 BA FC 3E
00003A10  17 44 08 B6 0E 33 4B B9 05 C1 26 38 BA 36 13 43
00003A20  EA B5 C0 3C 92 A8 48 3E 78 34 80 BB 49 B4 D1 43
00003A30  CF C2 09 41 FF 3A AB 38 A6 37 0E 38 36 42 F2 42
00003A40  AC 3F 96 44 79 45 A4 46 FB 3C 61 C3 F0 BC 1F 44
00003A50  EA 39 D1 42 12 40 59 40 B5 B7 29 41 B7 B8 5D 3C
00003A60  85 3F A4 C2 5B 48 4F 3B 39 45 43 BD 44 3A A9 B9
00003A70  01 C3 32 C1 E9 4A 22 3F 40 2B A9 BC 14 41 DF BB
00003A80  3E C1 B2 4A CF 39 57 BA CB BC 4A 41 C2 46 B4 45
00003A90  D5 C2 2C 42 1D 3E C8 43 E7 C3 A8 48 0E 3C 0A BD
00003AA0  AF 40 D8 41 7F C0 6C 3C 5E C3 51 39 AB 3F C6 48
00003AB0  CC 37 B2 46 1A 48 D8 43 B7 41 5A 33 45 BD C6 AD
00003AC0  8D BD 01 C0 70 44 8D 40 94 4B 9F 43 06 C4 DC 44
00003AD0  81 B0 7C B6 12 3C 30 44 86 30 B3 BF BC B8 C4 42
00003AE0  B4 3E C7 4A 5F AE 10 3E A0 35 7C BB A2 B4 D4 43
00003AF0  DC C2 0E 41 29 3B BC 38 10 35 13 38 EB 41 F0 42
00003B00  AE 3F 9B 44 6E 45 A5 46 C7 3C 5E C3 92 BC 25 44
00003B10  F2 39 CD 42 FC 3F 52 40 A4 B7 29 41 99 B7 FB 3B
00003B20  8F 3F A5 C2 56 48 4F 3B 37 45 45 BD 1D 3A 87 B9
00003B30  07 C3 25 C1 EA 4A 1D 3F 8F 2A FF BC 0F 41 0E BC
00003B40  41 C1 B2 4A FC 39 99 B9 D1 BC 4E 41 BA 46 B6 45
00003B50  D1 C2 21 42 18 3E C9 43 02 C4 AA 48 02 3C 94 BC
00003B60  AD 40 D4 41 C2 C0 57 3C 58 C3 56 39 AA 3F C7 48
00003B70  CD 37 B1 46 1C 48 D7 43 BA 41 34 33 62 BC E8 AD
00003B80  88 BD A4 BF 71 44 91 40 94 4B 9F 43 F5 C3 E8 44
00003B90  7C B0 C5 B5 15 3C 30 44 7B 30 62 BF B3 B8 BE 42
00003BA0  B7 3E C7 4A E7 AC 9A BC 82 31 0D 30 BB B7 25 BB
00003BB0  22 43 AC 45 59 3A BB 3A 20 3D 19 BB 57 3B 3C C8
00003BC0  0F B3 D1 3E 00 3D D3 B8 CD B8 04 AE 83 9F 92 3C
00003BD0  B1 C8 AD C2 5C C0 7B BE 3A C1 51 42 96 A9 08 B7
00003BE0  FB 36 1D B0 0B 2D F9 2F 27 3A 98 2A AE 36 27 B9
00003BF0  57 34 A7 3C 41 48 48 45 18 26 C4 AD 0C 47 20 3E
00003C00  29 2B 72 BB 3E B8 04 32 8D 3B 59 3D F3 3C 67 C5
00003C10  FB 35 82 BA 2D 38 C8 48 CD 36 87 45 07 B4 B2 3D
00003C20  7B BE F0 3D 43 A6 75 BF E0 36 A9 1E C1 B9 D5 BD
00003C30  42 42 15 C2 6B C0 68 38 A4 3E C1 3F 4C BA 91 B5
00003C40  DB 39 67 3F 39 40 8C 34 1A C1 FB C1 07 36 2E B2
00003C50  2D B8 F1 33 18 BD 2E C0 BA A9 A5 AE 19 BA 98 BE
00003C60  29 C0 33 3A 25 AE BC 3B B8 38 AC 2E 96 29 8C C1
00003C70  13 3D E1 40 8C B7 7E 37 D1 36 3F 40 C1 3E CF 30
00003C80  73 AD 23 BF 38 39 B0 B4 A2 B5 5F 3F C3 34 11 30
00003C90  A3 46 54 C5 48 33 E6 3A 47 C0 1E BE 87 B4 76 B3
00003CA0  8C C2 0C 41 03 C0 F1 BF B6 39 E5 3A 6A BA C5 B4
00003CB0  99 2F 3F 38 FE 3F B4 44 F4 B6 4C AB 97 C5 AE 42
00003CC0  30 B6 F6 C1 36 C1 E9 BF 33 B7 2E 38 E9 BD 4C C3
00003CD0  3D B8 59 32 54 B5 EB 3B 5E B9 00 C1 3F 3F F9 AD
00003CE0  3F 2C D9 BF 08 AE DD 40 78 3C 47 B4 3E BF FA B9
00003CF0  A9 40 7F 45 A4 B4 D6 3E 47 B9 29 42 CC B6 99 B8
00003D00  23 B8 B0 2C E7 36 28 3D 94 C1 20 40 69 36 F2 40
00003D10  20 3B 0E BC D2 B2 73 BF FB BC 2A 39 5B B9 0A B9
00003D20  F5 BC A0 47 1A B4 2F A7 75 38 06 36 4C A8 3F 3C
00003D30  71 3F 5F C5 E4 35 BA 32 76 3C 09 BB 4C 38 D0 C5
00003D40  F2 39 9A 44 95 3F F8 B6 98 B1 A4 BD A2 B9 AC 35
00003D50  6D C5 79 BC 01 BA BA BA C9 BF 7E 40 F4 AF 81 AE
00003D60  9F 3D 05 BE E5 41 10 38 71 C0 43 BD 6D 2C A0 B5
00003D70  42 BB 30 B3 F0 43 C2 C0 75 B8 4E AE 27 46 E2 C2
00003D80  EE B5 A2 47 33 C4 1F 35 6C 39 68 BC 03 C5 FA C2
00003D90  F0 B8 ED BD E5 3B BF 48 3F BD CE C3 E4 C3 5E 35
00003DA0  3A C0 DB 3E F9 B7 3B C1 6E BC 36 B8 9B BC F7 36
00003DB0  AF 40 21 C2 4F 40 7B 42 0E BC 8E 40 AF B1 2D 3A
00003DC0  6C 32 1D 3C CB 44 06 3A E8 41 4C C0 96 BB 39 C1
00003DD0  93 BB 13 BE 18 B8 38 3F F8 3E 01 B9 34 AE C5 B7
00003DE0  65 C3 D9 C6 96 B3 0C B5 81 37 F8 3C C9 36 6D 36
00003DF0  39 41 38 BA CD 36 91 B8 14 32 85 41 FD 3C 37 BE
00003E00  43 B5 12 C3 5D 3C 0B 46 07 2A D3 40 A6 31 29 B9
00003E10  BD BD A7 C5 F5 39 FA 37 45 C0 8E 3F 63 36 8F 30
00003E20  22 C3 46 3E ED C0 B3 38 D2 B7 BF 39 96 B8 FB 37
00003E30  CD 37 89 3F 22 46 B8 44 25 B6 98 3A 3E 2C 37 44
00003E40  7C B4 17 C4 98 C1 F5 BB 58 A8 7D 3C 86 40 E9 B4
00003E50  E7 BA A4 B7 71 C0 54 31 5D BD 8D 3E F5 3D 42 39
00003E60  4E 40 8F BB 69 36 4B 3D 87 3D 1E B8 E4 BE 84 BB
00003E70  4E 45 C4 BA EC BE 62 41 D1 C3 15 3B EB 37 6A B0
00003E80  BC 9A A0 B0 88 B4 06 3B 1F C1 83 BE 4F B3 CD 43
00003E90  17 3E 26 2B 49 B9 68 35 26 C3 76 3C 0D BC 94 BE
00003EA0  BA C3 DF 46 C1 B4 B0 39 FA B7 52 B9 D3 B4 F1 C3
00003EB0  F2 41 06 BA 2B BE 06 A5 68 36 69 BE 57 39 01 C5
00003EC0  FC 34 7A 43 EF 3C 91 C2 49 B6 10 B7 9D B2 B5 3C
00003ED0  96 C4 3E A5 0A BD B6 3E 70 BE 5B 41 2A B4 C0 B4
00003EE0  93 3F 50 3E 77 A8 43 BB CE 43 46 B3 C9 AF A7 BE
00003EF0  BD B8 6B 36 6D 33 91 40 C2 B3 A0 B3 CB 44 40 B7
00003F00  74 BA 7A 41 7B C1 5E B8 24 3D 25 32 19 BE CF C6
00003F10  71 2B 14 BC 91 40 62 49 0A 16 B3 3F 5E C0 5A 39
00003F20  7D C4 1C B1 A9 B8 40 C2 75 B4 72 29 7D BD 90 BA
00003F30  0B 40 D1 34 94 3F 15 3D 82 42 F3 44 3B B8 C4 34
00003F40  06 35 2F 3D A1 42 07 B7 0A 36 BD BC 77 BA 5C 2D
00003F50  8E BA 7E BD 1E B7 2D 36 DE 3E E3 B7 5C B4 99 3B
00003F60  A9 C5 0A C0 A6 B4 A6 3A 20 B1 2A A7 03 38 9F BC
00003F70  48 3F 1F 3F C3 3F 56 3B 1F A2 24 44 E6 B8 30 BB
00003F80  98 AA D8 32 75 44 D1 41 23 B3 D0 2D 45 26 A1 3D
00003F90  D0 3E CD C5 A7 3A C9 3A 1E 36 B7 3A F9 B4 C8 B4
00003FA0  C7 C4 73 41 37 3C 34 BD 36 B9 A1 3A C7 29 13 BA
00003FB0  2A BE 93 B6 AC B0 4F 3E E7 B8 AC 29 7C C1 32 BD
00003FC0  1D BA BA 3C 1F C3 5F BD 26 A7 CD 40 E7 BF BB 39
00003FD0  33 B9 3D B8 C2 BE 89 38 9B BB 8A 3A FE 3D 4D B7
00003FE0  1C 42 73 3C BD B8 F0 BE A3 2E DC 36 74 B9 4C 3F
00003FF0  A9 45 60 45 92 40 51 40 47 C6 2E 41 8B 29 D6 C2
00004000  13 33 0D 34 FD 3E EE 24 49 3E 1C 3E 46 B8 67 B8
00004010  21 30 20 BA A6 B9 FE AE 9B BC 71 37 1A BE 9F C0
00004020  44 C4 4E 3A 25 B6 92 3C 30 B2 09 BA C1 B9 22 C5
00004030  AB 3A 89 C3 A9 B0 F0 34 77 38 81 BE 12 37 5C C4
00004040  84 34 73 44 6E 3A 14 C7 D2 B8 F2 B9 88 B4 1D 3A
00004050  2D B2 06 B7 BD BE 61 30 98 BE 7D 2D 23 B9 BD B7
00004060  39 3E 0B 37 F1 3C 6B C1 48 44 17 36 BA B7 07 BC
00004070  95 BC 93 BC 5B C1 D7 3D FB B8 94 B4 91 3B 51 B8
00004080  01 B9 07 43 55 C2 40 BB F6 AC 0A 2B E5 39 91 C7
00004090  8E 37 80 C1 B3 42 F3 48 ED AA CE 41 E8 BA AA 38
000040A0  76 C4 75 AE 49 B6 5A C0 DE B9 6B B4 CF BB B2 A4
000040B0  2E B2 25 44 91 3E A4 3C 2C 45 BB 44 94 BB F8 36
000040C0  44 B5 FE 3B 28 44 F3 37 62 A0 6D 3C 1C B5 BC BB
000040D0  0A BE D6 B8 CE AF 13 BD 0E 42 62 B9 E0 9F 48 33
000040E0  07 C2 4B BC E7 B8 72 3B 3A 30 BA 2E 05 32 A8 2A
000040F0  BF BC CC 3C 00 B8 E0 3C 73 39 B7 40 13 3D 5B 9D
00004100  4F 2E 1E 3E 96 3F 77 42 8D B9 BF 3B BD B1 9A 37
00004110  02 40 43 C3 D0 3E 47 40 74 BE FB 3A 39 32 68 B9
00004120  D6 C1 CD 40 3D 40 F3 B8 6C 2C 67 31 2E BA 08 30
00004130  47 BD 1E B6 52 C1 4D 36 16 BD 41 B7 86 C1 C8 BF
00004140  E2 BD 99 44 C3 C3 C8 BD DF BC E3 3A 4F C1 74 3D
00004150  F4 BB 81 BA E9 BB 65 43 23 C0 F2 42 6A 3A 70 B5
00004160  95 41 54 B1 27 B8 FD B0 34 36 4B BA A8 35 97 39
00004170  D9 42 96 42 78 42 09 44 41 C6 5B 3F 33 B8 38 BD
00004180  F3 B9 E9 AF 74 40 0A 40 13 45 44 3D E6 BE 33 BD
00004190  2D 40 9F BC DC A8 AF 35 E3 BC CB 36 51 B9 39 3C
000041A0  F4 C0 38 C4 61 B2 24 BC 8D B2 0E 34 8C 2A DB 39
000041B0  51 3A 3C AD BA 43 7C B1 5F 3E 80 B6 2F 35 4A C7
000041C0  5E BB 36 26 77 BC C2 C2 8B BC 62 B4 24 37 29 41
000041D0  9A C5 D9 C6 E4 BF 13 C7 AE C2 90 B5 4A AD 3E 2D
000041E0  3E B9 FD BD 48 3A BA B8 92 C4 A9 3C 01 3B 5E 36
000041F0  90 B4 1C 39 3A 4A AE 44 2A 31 D4 2C A5 43 91 42
00004200  1F 39 29 C3 F8 3B 0E 39 C2 31 4F 3E B7 44 D2 C5
00004210  0F 40 EE C0 A7 B0 76 40 77 3B 65 49 D0 3E 9D 39
00004220  A0 34 06 41 11 37 E2 3A 07 31 D0 B6 54 32 D1 BC
00004230  29 3C 3C 34 5B C5 71 BA 3C 3D 2D B8 B7 B2 F0 BA
00004240  DE B6 48 3F 1E 41 7F 3E B4 C6 4A BA FD 3C 74 34
00004250  F7 BF E9 42 45 C0 DF C6 32 2F 57 28 9E BB 49 C5
00004260  18 42 15 45 EC 2D 7C 3F 8D 39 EC 32 54 B3 AE C1
00004270  D9 32 FD C5 CA C3 FC 34 9B 2B B5 B8 57 40 87 42
00004280  26 3C 6B BF 7A BA 1C C5 72 B8 6C 39 FA 2F 0F 38
00004290  60 49 49 C2 D3 35 44 40 A0 C3 91 C4 8C 28 1E B5
000042A0  46 B9 0D 3B CA BE A2 C2 BB 45 AA 40 F1 B9 2F 3A
000042B0  61 B8 21 36 D8 38 72 40 25 BC 37 B1 2D C8 83 40
000042C0  69 39 F3 BC 34 BF CA C0 BF B9 E3 C0 B0 C6 47 C5
000042D0  BC 33 76 BE F6 3D B5 3A 07 BF 07 C5 0A 3F B1 B9
000042E0  A4 BE 03 C5 19 B4 F9 42 34 40 74 BE FE C0 36 39
000042F0  AB C2 67 44 DD 34 3B 42 FF 40 33 42 04 B8 43 40
00004300  26 3A 22 38 BC 3C CE 43 02 C1 EF 3F E7 B2 A1 42
00004310  E4 43 18 B8 0E 3C 3C C3 23 B8 18 33 F2 3C CB 43
00004320  9D 3D EF 43 63 B2 B3 35 AF 35 72 B3 65 37 C4 43
00004330  CD B4 83 C9 7F 42 23 B8 A4 3A F5 BB 7F 3C E4 BF
00004340  DE 3D CC 46 92 40 D7 B8 73 B3 12 C0 95 BB 8C 3C
00004350  A2 C0 90 C0 5A B3 58 C4 DF C0 1E BF B9 B9 BC B8
00004360  0F 3E BD C2 7C 46 AF B4 D6 C7 07 2B 74 3A 14 9C
00004370  BB C0 92 BF DD 43 37 C5 F6 BA 4D B9 27 42 94 C0
00004380  16 B8 92 49 A9 C1 3D 3B 7A BC 9D BE 44 C0 B5 BF
00004390  51 BC 8A C3 86 3B 5F 45 9E B9 7D 41 A0 C0 58 BC
000043A0  5E 37 C2 41 D8 B9 89 35 85 C1 2E BD BB 32 F4 40
000043B0  71 BC 8C 3A 4B 41 0E 45 63 C2 77 2C 49 B9 29 3C
000043C0  F3 B9 79 AB 84 47 9C 42 81 44 80 3B BB BA A4 C5
000043D0  A7 BC 2C 3E 6F B8 1E 3D 72 41 07 BD 5C 36 68 C0
000043E0  6F 40 3C CA 46 B7 6E B2 F3 3C 9A 3C 94 B0 94 44
000043F0  92 41 40 C6 46 C3 05 B4 38 2D E0 38 BA 40 B5 B1
00004400  6D 39 88 C4 DC B2 03 48 BC 32 15 3F 0F B4 1D 31
00004410  E2 C2 DD C4 50 3E 39 40 53 C4 87 40 CB 3A 5A 9A
00004420  F3 BA 6C B8 F2 C1 BE 42 23 2E 85 2D 25 BB 3F 3C
00004430  E6 39 A4 40 D6 49 99 3C 4E B9 2E 36 26 41 0A 42
00004440  9A 3A 92 C2 6A BB B7 BB 57 30 A4 BA A9 C4 C4 B6
00004450  F2 BC C6 B4 F2 C1 1A 2E D1 C1 53 BE 33 34 95 32
00004460  9B 3F 5D C1 1E 37 D5 3E 9E 40 F7 BC FB C1 81 AA
00004470  12 43 3C C9 FA BF 81 44 94 C5 AE B8 0D 38 9E 3E
00004480  B5 36 D1 B7 7E AC A2 41 17 BF 6C C5 FC B6 D8 3F
00004490  B7 44 BA B4 FF B9 0F 37 96 C4 91 3A A7 36 27 43
000044A0  FE BF 51 42 D7 B9 A2 34 56 B7 81 39 B9 35 6C 3F
000044B0  55 3D CF BF E8 42 1D BC 5F 3D 3A B8 DB 41 D8 C8
000044C0  BF 38 DF 42 7B 3D 85 C4 69 BC 6D BD A2 B6 77 3F
000044D0  66 C1 9D C2 AD BE 9B C5 90 C3 01 BD 48 2E 42 B6
000044E0  0C 37 6F BE 78 42 4A BD 1D C0 E6 37 37 3B 3A B5
000044F0  3E C0 10 BB 8F 3C FD 40 B2 B5 D5 BA 21 43 5A AC
00004500  21 3B 93 44 81 C2 C2 39 F2 30 6E 30 95 C2 48 C4
00004510  DF 3A 9F C2 02 33 8B 49 FC 2D 41 3E FA BF 9C 2C
00004520  95 24 CC 40 1C B4 CF C3 00 B8 CA BC 87 3A 05 B1
00004530  17 35 49 AD 35 B8 DB 3F 69 40 02 32 3B B9 AB 35
00004540  CD B9 20 3D 02 46 29 3E 4D BC 61 B7 D3 3A CA B5
00004550  5E BF 9C 3E B5 BC 1A C1 4B 3E E7 B9 BA B5 4C C2
00004560  AD 39 17 C5 81 B2 42 38 07 3C A5 30 DB 33 3E B2
00004570  09 C1 4E BA 7F C3 53 B0 91 37 C7 37 09 43 CE BD
00004580  6A 3C A6 BC 23 38 F8 40 41 BA 59 3D FB B2 21 41
00004590  50 43 DA C3 74 3B 77 3F 42 C5 1A AE 72 33 81 24
000045A0  03 B6 28 2D BF BC 1C A8 B4 3A DB 46 E2 B4 EB 3B
000045B0  AA 37 BD 3E 4C B7 CA 41 E9 B7 15 2D DE C2 01 45
000045C0  57 38 B3 3E 53 C4 DF BE 08 BA 29 B7 26 C2 7E B8
000045D0  04 C1 1B BD C3 BA B7 47 84 C2 D0 3E B3 38 86 B4
000045E0  45 A1 3D C4 2D 30 AF 45 71 43 2A C0 BC 38 81 36
000045F0  37 3E 2F BA 4F 33 51 44 0E C4 15 3C 4E B4 49 3D
00004600  2E B4 7F BD 85 3C E7 42 17 3F 0A BC B9 B0 38 3D
00004610  EA 44 47 BA 5F 33 20 BC 5D C1 CF 35 D9 33 48 43
00004620  30 B5 34 3B 89 AF 1E 3C 25 3A 1C B6 7E B9 40 45
00004630  5C C4 E5 43 8A 42 B1 B5 79 3A 67 3D 51 42 79 46
00004640  37 45 AC 45 68 42 D3 47 30 3F 67 BC 7F B6 3E 45
00004650  2B 41 7B 44 11 39 DB 38 A4 B7 71 43 CE B0 F7 30
00004660  09 42 16 C1 F3 46 1E 34 42 46 31 40 AB 3D BD BD
00004670  5F BC 7B BC E3 48 5D 44 7B 3C 1C BA D0 42 3D 44
00004680  52 C4 95 48 51 41 F5 AF 08 25 B3 37 6D 47 EE 45
00004690  39 C4 08 44 63 42 C6 46 9B C1 49 47 E5 41 7C B9
000046A0  5A 40 F9 44 73 BF 32 44 9D C6 19 3C C3 41 31 4A
000046B0  49 38 EF 45 10 48 A7 46 DB 41 9D 3D 37 BB 79 B4
000046C0  16 C0 0B C0 AB 42 53 3E 19 4B 01 46 C3 BF E4 41
000046D0  2B B9 1E B2 4C 3F C4 44 C0 B5 98 BD 23 BB 09 44
000046E0  FD 3D 4E 4A 4C B1 1B 3C FB 39 EF B5 9B BA 37 45
000046F0  51 C4 E8 43 7C 42 82 B5 58 3A 5E 3D 04 42 6E 46
00004700  33 45 AB 45 7C 42 D7 47 B1 3E A0 BC 6D B7 2C 45
00004710  37 41 7A 44 B8 36 EF 38 90 B7 6F 43 B6 A8 9A 2D
00004720  0A 42 F1 C0 01 47 2F 34 44 46 28 40 75 3D 1C BE
00004730  C8 BB B9 BC F1 48 4E 44 7A 3C E2 BA CB 42 55 44
00004740  51 C4 96 48 51 41 B2 B1 E5 2A 8A 37 6D 47 EC 45
00004750  3D C4 01 44 5E 42 DE 46 A9 C1 3D 47 EA 41 14 BA
00004760  64 40 FA 44 E0 BF 3E 44 9D C6 1B 3C B8 41 39 4A
00004770  55 38 EB 45 0C 48 A6 46 E3 41 A3 3D 79 BB 5B B4
00004780  0D C0 33 C0 AB 42 4E 3E 20 4B 02 46 CF BF 10 42
00004790  48 B9 9A B0 2B 3F C9 44 D4 B5 88 BE 2D BB 11 44
000047A0  0B 3E 4E 4A A2 AA F2 BA 07 B7 89 34 10 B4 6E B9
000047B0  A5 42 90 44 27 38 AA 35 D2 3D C2 B9 5C 40 5A C9
000047C0  A0 B0 40 3D 2C 3F 21 C0 20 A8 BB 3A 11 36 28 41
000047D0  93 C8 C5 C2 36 BF E3 BF 64 C2 01 42 3A 39 82 B1
000047E0  9A 39 52 BB 0D B5 89 32 6F B1 E8 37 17 30 62 39
000047F0  19 B7 4F 38 D9 48 E0 43 91 B9 4C 31 B6 46 E5 38
00004800  2D 39 A9 35 87 BC B7 37 9F 3E 0F 3D 48 C0 4B C5
00004810  04 38 06 B8 86 36 6C 49 06 38 31 44 70 BF 09 3B
00004820  E4 BF 6F 40 00 A8 98 C4 E1 3C 3B 33 EA BE 6E BA
00004830  DE 42 32 C2 4B BF E5 AD 12 3C 2D 40 E1 B2 F4 B4
00004840  85 35 6A 3E B8 41 78 34 F9 C1 1B C2 61 39 D1 B8
00004850  A6 B9 AE A5 31 BC CE BE E7 AF 8A 34 36 BA E9 BD
00004860  D4 C0 0D 38 D3 31 C8 3D 79 33 B0 2B 69 AF B9 C1
00004870  2A 3C E0 3E 9E B9 31 9F CD 34 A8 40 BA 3E E5 BD
00004880  17 B1 D5 BF E0 39 EE B7 39 B5 E3 B4 1A B6 19 33
00004890  32 46 69 C5 B8 1E C1 3B 34 C1 73 BE C6 B1 C9 2F
000048A0  3F C2 A0 3C 00 BF 64 C0 E5 3E 35 43 23 B7 B4 AB
000048B0  17 B6 41 38 E4 36 BA 42 E5 BD B9 30 E2 C5 8D 3C
000048C0  49 30 00 BE FF C2 92 C0 5F 34 41 39 21 C1 5D C2
000048D0  BA B8 F7 BC 67 B8 98 3D 74 BC 1D B4 7A 3F 07 B3
000048E0  2B 2D 0C C2 58 31 28 42 91 40 4F B1 0E C0 7A BC
000048F0  32 40 40 45 30 B7 62 3D 73 BE 28 42 99 AD 97 BA
00004900  1B A3 87 B0 9F 39 59 3D 74 C1 6F 3F E5 37 48 41
00004910  51 3D 3D BB 4A B3 5C C0 17 BC E6 38 84 B8 38 BD
00004920  8C BD AB 47 92 B1 2B 2D 16 28 77 33 CF B7 64 3C
00004930  E1 3B A6 C3 D0 33 C1 BB C8 3E 53 BB 51 3F 47 C6
00004940  7D 3B B6 44 36 3F 0C B9 E3 35 28 B2 B4 B7 6F 3E
00004950  05 C6 10 BC C3 BC D1 BC 6B C1 78 40 CF 32 29 B0
00004960  52 3E 46 BD D7 40 5A 36 FA BD 46 C0 6B 37 DB B8
00004970  7F BC BD B8 93 45 3B BD 06 BC 8C AF B2 46 46 B9
00004980  55 B4 95 46 09 C1 F2 34 90 38 EC B9 F4 C4 50 C2
00004990  4E BC 23 BF EC 3C 9E 4A FA BB 5D C0 90 C4 F0 24
000049A0  15 C0 F8 40 35 B9 C2 C4 60 BD 7D B9 41 BA EE 3C
000049B0  35 41 B8 C1 8F 40 BF 42 46 BC 9F 40 F3 B6 39 37
000049C0  4B BA A6 37 0B 45 3E 3A 86 42 BE BF 44 B4 B0 C2
000049D0  62 BC 5D C1 A1 B9 F7 3F 1E 3D 24 B9 F3 B5 76 B4
000049E0  35 C3 3B C8 49 AF 8C 34 04 39 2C 3C 03 34 FE 37
000049F0  FC 42 BC 3B 02 2D BE B7 14 38 D8 41 B7 3D 2B C1
00004A00  94 B4 94 C3 51 39 32 46 32 97 07 36 7E AD 59 39
00004A10  37 BD 35 C6 79 3A 9E 3A B7 C0 84 3F 72 32 32 AD
00004A20  F7 C2 54 35 A7 C0 A3 39 36 B6 A1 3F 52 B8 6B 36
00004A30  62 35 B8 3E 06 47 54 43 60 BA EE 37 08 B7 33 41
00004A40  96 36 E0 C0 E7 C1 36 BB 92 B7 A7 3D AC BD 6B B5
00004A50  BA BC DA B1 83 C1 99 3F B9 BD 28 3E 77 40 44 30
00004A60  DE 3F 9F BE 41 37 E7 3F B2 40 7D B4 55 C0 CF B6
00004A70  2F 45 63 BD 9F BE 24 40 32 C6 D1 3B 6D 2E 3B B8
00004A80  14 AC 56 34 62 2B 16 3B 29 C0 AD BF CC 38 71 41
00004A90  20 3F BC B1 5B BA 18 2C 71 C2 7D 39 CB BC 68 C0
00004AA0  1E C3 56 46 50 B6 78 3A 81 2B 79 B4 65 B9 1B C4
00004AB0  09 40 9E 39 A0 C0 AA 36 3A 3C 82 BD C9 3E 78 C6
00004AC0  3D 37 45 43 38 41 B2 C3 6F 32 DC 30 E1 30 89 AE
00004AD0  C7 C4 B6 33 64 BE 63 3E AB C0 38 41 33 34 66 B4
00004AE0  49 40 1D 2C AD B2 22 BC 57 44 FB 30 5B B4 33 B7
00004AF0  93 BA 3B AB 6C 3D E7 3E 8B BD 41 B0 DB 44 B6 B1
00004B00  3F B8 27 41 2A C1 69 B2 93 3F 33 36 F4 C0 34 C6
00004B10  13 33 98 B9 38 41 66 4A 14 38 6F 37 FA C2 62 37
00004B20  FE C4 A4 37 48 B7 DD C5 1B B4 08 36 16 C0 74 38
00004B30  AF 40 32 32 11 3F 24 3B 56 42 75 45 93 B8 28 36
00004B40  47 34 FB 3C 22 44 F9 B4 44 36 F5 BC 42 2F 5D B5
00004B50  48 BA 9C C2 48 B6 43 3A 6E 3D C2 B1 4C B1 9B 3D
00004B60  1E C6 38 C1 AD B4 77 3C 19 37 2E 34 33 B6 57 BC
00004B70  26 41 13 40 97 41 D6 B0 10 39 A8 44 E6 31 90 BB
00004B80  AA 2A 44 32 A6 41 FC 43 58 B5 AD BC FC A5 17 28
00004B90  D4 3F FD C5 0B 3B 24 3A 39 37 09 3C 19 28 A6 B8
00004BA0  78 C4 CF B0 03 3B EA BD 31 B7 E3 3D AD A0 D2 BA
00004BB0  8E BD 1B 39 13 2E D2 3A C2 BD AC A1 CD C1 D9 BB
00004BC0  28 BC 35 3E 7C C3 81 BC 30 2C 9C 3E D5 C1 2B 3C
00004BD0  51 B7 2B BC 21 BF 9E 40 F8 BE 7F 39 17 41 3D B8
00004BE0  F1 41 E2 39 E7 B1 3B 34 0F 38 13 3A 19 BA 14 B8
00004BF0  B4 45 25 45 C4 3F 30 3F 15 C7 43 42 2B 2C 67 C3
00004C00  34 BD E2 34 C6 3F 7A 2F E2 3E 73 3F E5 31 A9 20
00004C10  C1 32 93 B8 59 BB 86 36 AE BA 17 35 21 BE 4A C2
00004C20  49 C4 A8 39 06 B3 94 3A 60 22 A4 B9 4C B9 0D C5
00004C30  1B 30 37 C1 3B B9 F5 B9 2F 39 B6 BD F5 3D 19 C6
00004C40  CA 36 5C 44 BE 3C B5 C7 36 B1 BA 23 3A B1 FA B4
00004C50  3A B7 C3 AC 0E BF 59 A0 CE C0 29 B4 94 B4 6F B9
00004C60  09 3F BC AF 50 3C 05 C2 FB 44 6D 3C 95 B2 DB B3
00004C70  DF BD A6 BD 90 C1 1E 3B 47 C0 9B B2 27 3D 51 B9
00004C80  F0 B1 7F 42 22 C2 C3 B9 42 3A 0C 31 58 BE 20 C7
00004C90  26 38 91 C0 80 43 92 49 E5 2C 5A 3E 9B BE 87 34
00004CA0  BC C4 8F B1 19 B8 70 C5 D5 B0 C1 B3 0E BD D0 34
00004CB0  5A A9 4A 44 DF 3E B5 3B CB 45 FD 44 96 B5 70 36
00004CC0  0F AC 43 3A CD 44 00 38 65 B4 E0 3B D1 32 59 B6
00004CD0  80 BE 8E BE 5C 23 51 BC 3B 41 32 B4 AC 2F 70 36
00004CE0  07 C3 9A C0 92 B1 C4 38 AF 36 A3 30 15 B4 E0 34
00004CF0  EC B9 6B 3C 9C A1 76 B2 0F 39 5E 41 82 3F 66 2F
00004D00  CC 3B 37 3E 64 3C 52 44 02 BA 25 BC 4D B2 04 35
00004D10  D4 40 B8 C3 EF 3C F2 3E 90 BE B2 3B 72 2A 75 B7
00004D20  41 C1 41 AA A5 3E FB B8 FD 36 4D 41 3F B2 9C A8
00004D30  ED BB 67 32 84 BC 2B B3 B4 BE 47 B9 9C C1 FB BC
00004D40  D8 BE B3 42 DA C3 54 BC 79 BA F3 36 C9 C1 57 3E
00004D50  B5 BD F9 BE DA BA 2B 46 7F C0 CE 40 E5 3E F3 B4
00004D60  E4 40 B7 BA 15 B6 36 42 C1 39 98 BA D8 3A 24 3D
00004D70  83 43 94 42 82 42 51 44 76 C6 7F 40 5F B3 E6 BC
00004D80  B8 BD 53 B6 AC 40 F4 3E 76 45 B7 3E 08 B3 E5 B4
00004D90  DE 40 9C B8 44 A3 E7 39 C6 BC A6 32 BD BB 61 38
00004DA0  45 C1 CE C1 3E 2F 8F BC DE B5 93 35 FE 3B B3 38
00004DB0  A8 40 18 BB 98 44 4A BD 62 3D 4A B4 F8 3C 9C C8
00004DC0  0A BD F0 AF B3 BA 8A C5 B4 BC 69 30 48 31 95 40
00004DD0  E0 C4 BF C6 34 BD 86 C7 2A C4 F9 BB 4B 28 31 28
00004DE0  C6 B8 7E 33 82 34 B8 B9 51 C5 93 3D 5C 38 0B 3D
00004DF0  13 BA 3A 3A E3 48 A9 42 C1 B7 40 30 1E 43 5D 3B
00004E00  3D 3F AD BC 93 B9 23 39 F2 3C 73 3C ED B4 EB C5
00004E10  71 41 8C BE 17 B9 A7 42 C5 3A 91 46 11 38 51 2E
00004E20  62 35 61 40 B9 38 D0 BF 8B 40 95 BA F9 B7 9A C1
00004E30  91 3D 3D BA DA C4 93 BD D9 39 7D BC EB 2D E0 BB
00004E40  EB 35 97 3D D0 42 7E 3E 1A C7 2B BB A6 3D E7 2B
00004E50  1F C1 62 43 3B C0 1C C6 3A 38 79 38 E7 B9 4D C5
00004E60  49 41 00 44 2E 34 79 3F B7 A6 92 2C EB 2B 6B C3
00004E70  A5 3B 3D C6 64 C4 61 B7 9D 2D 55 B9 82 3E 62 3E
00004E80  73 3B BA BF 6C 38 43 C4 12 B8 C5 BC CF B1 3A 3C
00004E90  07 49 63 C2 98 35 6C 40 07 C5 E0 C4 20 B4 A8 A9
00004EA0  10 B8 3D 34 41 BD 16 C3 51 46 D4 44 7E 25 8A 3A
00004EB0  DC B8 D1 AF 60 C2 05 3E F8 C0 9C B5 40 C8 33 A6
00004EC0  F3 3F 5D B8 FA C2 0F C1 EE B0 69 C0 10 C4 69 C4
00004ED0  94 BA A6 C0 79 3D AA 3E F0 BE C4 C0 09 41 4C B8
00004EE0  3C C0 5D C7 FC B3 95 42 14 44 9F BF 93 C0 FD B2
00004EF0  B2 C0 75 45 06 2D 9A 40 EC 3F EC 41 0E B0 18 40
00004F00  C9 40 71 B5 4B 3E 27 44 E3 C0 E5 3F 9E AF AF 42
00004F10  83 44 5E B8 A3 3B 01 C3 D3 B8 A9 35 D4 3D E9 42
00004F20  ED 3C 03 43 79 A2 83 3A C2 B1 E7 B7 DF 37 48 44
00004F30  70 BB 0D C7 82 44 75 C0 FB 3C 05 BB C5 3D 26 C2
00004F40  E3 3E B5 46 6B B9 FB BB 9F B6 77 B8 D1 B8 9D 3F
00004F50  50 C0 32 BF 4B B9 AA C4 FA C1 96 BF 13 AB 4B B6
00004F60  4A 3D A5 BE DD 45 2A B8 FA C5 B5 31 06 3D CC BD
00004F70  AA BE FD BC 59 41 BA BE 31 BC 04 BA D1 43 13 3B
00004F80  0E BD 71 48 7C C0 F2 3A C7 B6 57 BC EA C0 95 BE
00004F90  ED BD 3B C1 EB 3E 09 48 66 BB 07 42 D6 BF BA B9
00004FA0  5A 39 E6 43 98 BC 52 BC 20 C1 4D C0 E7 3F 5E 41
00004FB0  E9 B7 3C 39 B5 41 B2 45 BD BE AE B7 E0 B8 FF 37
00004FC0  94 BF 68 A8 E2 47 72 42 78 44 A7 3D 67 B5 71 C4
00004FD0  7E BE 9B 3D CF B7 70 3A 0C 41 98 BB 99 2D 3C C1
00004FE0  45 40 3D C9 D6 B4 C7 B1 40 3A 1E 3A 2E 36 E6 43
00004FF0  18 42 79 C2 73 C4 1A AD 81 B5 2B 35 6C 3F 08 B9
00005000  B6 3B 7B C4 77 3D 10 47 B2 2A 8B 39 27 B7 04 42
00005010  DB C3 63 C5 B2 3C 0D 3F 0B C5 32 41 C7 35 67 37
00005020  48 BC 0C 2A E2 C0 5B 43 F8 BB 18 40 18 AE 6F 3C
00005030  45 3B 8A 3F 84 49 7A 39 41 B8 81 35 20 40 10 40
00005040  B9 40 E3 BE 9B BE BC BC 86 AD 80 B9 11 C4 90 B5
00005050  3D C0 CE B9 EC C3 C5 3E D6 C0 32 BD 82 34 12 2E
00005060  B6 3E BA C3 64 35 6D 41 D1 42 25 BE D7 C1 10 3E
00005070  81 44 84 C8 71 BF 95 43 F0 C7 B0 BC 09 34 01 3F
00005080  72 3D 5B 34 BF 31 30 41 30 BC AF C5 95 36 A3 34
00005090  38 45 D2 B8 B4 BC 5C 38 A8 C4 B7 37 5C 2A 25 44
000050A0  42 BF 98 3F E6 26 FD FF 04 00 00 00 40 00 00 00
000050B0  2F B9 52 37 4C 4C 4C 4C B2 C1 81 C0 98 3C 6E C1
000050C0  47 B9 B3 3C 96 B8 41 44 BF C5 06 BD 6D 44 FA BD
000050D0  85 BA 6E 2F 7F 4C 7F 4C 6B C1 99 C1 B4 3B 24 C2
000050E0  C1 B9 13 39 F8 BA DC 43 DA C5 BE BC 3A 44 50 BC
000050F0  32 27 FD FF 04 00 00 00 00 16 00 00 11 2B 61 33
00005100  5C 2D 20 B5 04 27 AC B8 92 B4 25 31 68 AE 02 B6
00005110  54 A4 9E AE 76 28 A8 28 BF 32 C6 25 7D 24 81 B3
00005120  55 AD F3 25 E2 36 1E 3D 6F B0 A1 A9 27 2F 1F AA
00005130  E4 B0 D0 A8 C4 33 38 B1 01 B8 E1 2E 13 31 53 2B
00005140  92 2A 0F 33 98 9A 15 B2 6D AB EC A8 6B 32 A2 2E
00005150  15 B8 70 AE 94 3A 27 B7 12 30 2C B1 28 41 04 BA
00005160  5E 2D 80 26 68 30 94 A9 63 AF BC B5 5F 3B A1 2A
00005170  3B AD D2 AC CF B3 86 B1 B2 B9 7F 3E 93 30 C3 9E
00005180  C9 AC 51 B9 DF AD 49 35 87 B9 10 2C 8A C0 1A 3B
00005190  CA 38 3F 36 FA AC 41 B0 DC B3 F0 2D 38 BA 4A C0
000051A0  2A 3A 23 39 8B 34 68 3C C6 31 B7 BC 4C A9 B4 B7
000051B0  A7 2A CE 2C 38 26 BB 20 17 35 1F 2C 93 29 1C 38
000051C0  31 23 3E B3 F6 AA 0E B8 43 B8 ED AC 4F A9 80 21
000051D0  AF 29 4F AC A7 B1 40 3B 79 26 83 34 8E AE 0C 36
000051E0  D9 AD CC 34 B6 AC 06 1D 5D B8 5D 34 3E 2B E0 AD
000051F0  06 A5 EB AB DA 31 62 B0 C3 AD 78 A8 D1 30 77 2E
00005200  74 B9 DD 28 32 39 28 AD 01 37 1D B1 44 35 12 B8
00005210  5D B4 21 30 67 B3 11 2B 29 B0 A2 AF C5 BB 6A 28
00005220  88 2C 27 2C 96 2F 19 33 3D AE F4 BB 46 2A AB 2D
00005230  40 B9 42 B4 FB 36 74 34 05 BC A3 B1 2E 3C D8 3D
00005240  34 B7 0D 32 E2 35 31 BD CE 3C 83 3B 6D 3C FF 40
00005250  3E 3C E4 A9 C6 B4 3A C3 8F A3 FA BF E3 AD 4A 3B
00005260  85 A4 CB 2E 57 B4 DB 35 C7 B4 6F 38 CB 30 9C 3A
00005270  82 34 17 3C 73 34 D9 BE 93 BA A8 B8 71 B7 69 33
00005280  45 24 B5 34 D3 AF 95 AE AF 33 03 BE 9F 32 43 36
00005290  15 33 A9 21 4C 27 9A 34 3D 35 03 B7 6E 3A 0C 30
000052A0  1F 34 A5 B7 4E 2F A6 B4 E3 36 AE 2A 49 31 3F 37
000052B0  65 B4 97 35 5A 36 59 33 CF 32 A2 AC 43 43 41 3B
000052C0  05 C2 30 A5 9F 35 BD A7 67 34 D4 35 04 3C A4 AC
000052D0  E2 AE 75 35 93 30 3A 20 8A B5 D9 36 37 B5 E0 31
000052E0  E1 3C F7 35 80 3A 70 36 34 30 43 AF CB 34 8F 40
000052F0  7A 3C 67 BD 5A BC B4 BB 30 3C 38 3D F7 43 09 41
00005300  9F C0 15 37 19 44 84 BE 2A B4 F5 42 E3 AD 4A 3B
00005310  85 A4 CB 2E 57 B4 DB 35 C7 B4 6F 38 CB 30 9C 3A
00005320  82 34 17 3C 73 34 D9 BE 93 BA A8 B8 71 B7 69 33
00005330  45 24 B5 34 D2 AF 95 AE AF 33 03 BE 9F 32 43 36
00005340  15 33 AA 21 4C 27 9A 34 3D 35 03 B7 6E 3A 0C 30
00005350  1F 34 A5 B7 4E 2F A6 B4 E3 36 AE 2A 49 31 3F 37
00005360  65 B4 97 35 5A 36 59 33 CF 32 A2 AC 43 43 41 3B
00005370  05 C2 2F A5 9F 35 BD A7 67 34 D4 35 04 3C A4 AC
00005380  E2 AE 75 35 93 30 3C 20 8A B5 DA 36 37 B5 E0 31
00005390  E1 3C F7 35 80 3A 70 36 34 30 43 AF CB 34 8F 40
000053A0  7A 3C 67 BD 5B BC B5 BB 30 3C 38 3D F7 43 09 41
000053B0  9F C0 15 37 19 44 84 BE 2A B4 F5 42 EA 31 4C 9F
000053C0  C4 AC C6 18 EC A8 95 31 9E B1 FA 39 9B AA DB 41
000053D0  9F AE 16 BF 57 A7 6F 38 C9 B2 29 34 06 2A EF A9
000053E0  F1 AB 3C B7 A9 38 03 40 D2 B5 0D A1 08 27 0A 30
000053F0  A6 3A 0B 32 20 34 72 AB 43 B7 F4 32 C9 B3 7C 26
00005400  0F 30 BB A0 89 AC 7A 33 5D A8 B0 2B 21 AC E4 3C
00005410  45 B5 15 3C B1 33 91 BA 6D 34 1B B4 5F 2E 73 BC
00005420  E4 44 75 A4 10 BB 79 A8 F8 AE 1F 2F C6 34 E3 2E
00005430  3D AC 10 35 D5 BD 54 B0 35 38 27 3C 07 2F 85 AA
00005440  34 3A 23 B6 C8 31 E7 BA 8B A6 3F BA ED C1 39 28
00005450  70 AE 60 31 14 BB 1E B9 6E B7 B2 BC F8 BC 6A BD
00005460  54 3C 07 B4 32 B3 FC B7 AD 39 A1 BE 89 A7 AB 33
00005470  91 2A 58 2D E1 2F 36 AD D5 35 11 36 09 29 91 BE
00005480  EC 28 67 BB AA 2D 88 B7 92 A9 94 27 EE AA 90 32
00005490  02 AD 57 B1 0C B6 2F 41 AE 36 4E A8 60 AF 29 39
000054A0  A4 2A 89 2C 34 AB EE 25 A9 C0 02 34 C2 2D 86 B1
000054B0  04 B5 31 31 20 AB C2 3B AF A3 12 29 2D 2E 62 BA
000054C0  7F B7 24 B8 15 3D D1 B7 6E AD 40 2C B7 BB 0E BE
000054D0  5A 31 ED 30 63 38 49 30 6C B8 1F 38 98 B2 2A 2A
000054E0  15 29 D8 AB 29 B2 63 2F 36 2C 91 BD 05 35 30 2F
000054F0  B1 BA 3B B3 03 B9 C2 B4 68 BC 1C 40 42 40 4A 2C
00005500  9D 38 DA A6 2A 3A 7A BC A5 38 C0 BA 74 BD 9E 40
00005510  BF 3B 6C 36 71 35 53 C5 46 30 31 BA B6 14 9B 2E
00005520  24 28 DB A6 6B B0 62 AB 4A B8 41 33 09 2B 89 42
00005530  26 2E B4 B7 26 29 7D A9 E1 B8 84 2D C9 2B 30 27
00005540  3E AC 62 B6 7A 32 87 3F 0B B6 E8 B3 AA 24 A8 31
00005550  38 31 E9 38 15 38 7B AE 09 38 7C 24 7E B6 5E 30
00005560  6A 20 4E B9 7B 2C D0 B7 03 24 B1 29 2F 29 C6 BE
00005570  D9 B8 4C 3B 17 39 02 BE 45 32 4F AD 4B 3E BC B4
00005580  D1 3D CE 26 B2 BD 7C A7 55 B2 4D 39 6D 3E AD 27
00005590  CE AC F1 B0 40 BE 36 AE 86 B6 C7 3D A1 AF 41 A5
000055A0  67 3B 17 B8 14 BC F2 35 A5 B4 25 C0 C0 BD D2 34
000055B0  35 B2 E6 31 82 C0 8D 3C CF 32 47 36 75 36 7C BB
000055C0  46 34 A7 33 76 B1 59 38 A0 31 19 36 B1 AE E4 B4
000055D0  27 2C 87 26 EE 20 5D 30 FC 34 0D 33 F7 A5 47 3C
000055E0  AD 2C 6C 3C 7D 99 DE B5 09 B1 A8 2B F0 24 FD 3B
000055F0  E8 1B 14 37 67 B4 7B 40 20 33 51 AC 49 AA 6B B8
00005600  27 B8 3D 39 46 38 EF 30 A1 BE 36 34 FC 25 04 B3
00005610  7A B2 9C B5 CC 2E 13 3E 42 24 F6 26 3D 28 D4 AB
00005620  EA B8 A7 B8 B0 35 D8 B5 8A B1 35 A8 03 29 EE BB
00005630  AD 41 50 30 1A BB F7 27 D7 B4 6A AB FB C0 DB 2C
00005640  89 30 12 B2 6E 37 DF 32 62 37 AE BC 48 26 8A 28
00005650  26 35 FF B6 02 3C 13 BA C3 B5 C6 B1 8C B6 DE AE
00005660  41 A0 9D AC B7 39 BC BB D6 38 D3 C0 9F BE D4 41
00005670  49 3C FB B9 17 2D 33 C3 10 A9 0F BF 28 31 D2 32
00005680  52 AC 61 2E DA A4 3A B1 47 B7 82 37 03 20 50 44
00005690  95 A5 A8 C1 41 31 48 34 6C B8 72 34 CC 28 99 B2
000056A0  91 A9 8F AE 9C 38 93 40 87 B5 44 B2 FB 9A 3F BA
000056B0  6A 24 FD 33 7B AB 94 AD 95 B5 91 2C 41 34 EC 93
000056C0  A4 2F B5 B9 89 A9 3F A7 FD 1A 65 29 BD AC 91 3B
000056D0  59 B5 F8 3D 0E 3B 01 C0 4B 22 67 AD 0F BD 36 B9
000056E0  1F 3D 05 2B 3D BC 9E A1 3B AD FE 34 FE 40 A5 28
000056F0  CB 25 80 AF 58 C1 A6 AE 2F AE 3C 38 37 1C 9D AB
00005700  8A 35 E6 AF F9 33 47 B8 06 B9 A1 B6 88 B9 CD B8
00005710  1C 23 DA 31 9B BD 04 3A 86 AF FF B9 20 B3 09 BE
00005720  78 38 1D B4 82 B6 92 3A 19 35 CE 3A BD AE 5B 34
00005730  8E 28 1A 2F 44 2D 6E B6 83 35 D8 38 85 2C 0B B8
00005740  9F 2D 9E 3B 5F 33 B1 B6 2F 38 06 2B 22 AE F7 34
00005750  A0 B0 5A A1 27 B8 7E 42 B9 35 0E 2D 25 AE BA 2D
00005760  07 B5 8A 38 81 32 B3 31 9A C3 48 2C 41 B6 62 AC
00005770  A8 B4 FA AC 42 28 00 3D E2 30 10 2D 89 2C 69 B0
00005780  C4 B8 B1 B8 61 3C 8F B8 0A B5 C6 30 26 3B B9 BC
00005790  F4 BA 59 31 2B AC 57 2D 00 B5 49 B1 43 BE 45 A8
000057A0  D8 29 AB 9A FD 30 C7 31 B2 31 0F BC 80 31 F4 31
000057B0  5D AE 1F B2 91 38 C0 BD 50 B9 78 32 A0 38 CE B8
000057C0  04 33 66 B7 2C AC 31 3D 5C 37 72 C1 64 B9 35 44
000057D0  E9 33 09 BB AA 35 79 C0 CA B3 7C 3C 8C 30 A8 31
000057E0  AC A9 A7 20 EA 29 86 B5 C7 B5 CC 28 D8 2A 1A 41
000057F0  C4 A7 A1 C1 A4 32 E7 2F B6 B7 6B 2A 02 11 5D B6
00005800  65 AB 56 35 97 38 D4 3E 11 B3 97 B3 78 A4 43 BD
00005810  00 B2 D5 B3 48 B5 65 AF 81 BA 02 2D B0 37 F4 A9
00005820  54 2E A6 B2 84 AF 2C 32 38 2A 89 1E 13 AB 5D 39
00005830  36 B4 37 3D 4B 3D 07 BF 64 B0 34 18 8F B9 B6 B9
00005840  54 BC DA 2D CD 2D 33 12 51 B1 42 AE E7 42 B6 2B
00005850  7C 14 6A B0 14 C1 AB B0 68 BC 0C 38 C3 2C 5B 2F
00005860  D5 B9 43 29 E7 3C 76 B6 85 BC 00 3C DC 32 E2 AE
00005870  03 29 61 31 73 B5 00 31 82 B5 C6 B7 11 B4 90 C0
00005880  30 38 4F 37 53 29 3E 3A C6 B2 AD 39 B7 AD 78 37
00005890  BA 22 46 2D D0 2F 11 B5 F6 33 1D 38 DF 2D 71 31
000058A0  0D 2D 5C 39 65 30 BA B8 34 36 91 AE 80 B0 9B 25
000058B0  B5 AC 2E AC 1C B8 6B 40 5A 34 D4 31 2E A8 C3 AD
000058C0  A9 AC 29 38 40 27 A2 30 C1 C1 0A 29 29 B6 19 24
000058D0  12 B0 0E AE 95 31 32 36 AF 29 9D 95 70 2D 17 38
000058E0  69 B9 CD AC 5F 3C 35 B4 75 2C 65 AE A0 3E 63 B8
000058F0  6A C2 45 2E EE 24 F6 26 BD AC 88 B5 80 BC 19 AD
00005900  51 AA 4E 2C 54 34 AD 33 F7 AC 18 BB 1E A5 63 30
00005910  F0 AD 7D AD 73 35 E8 B9 D3 BA 2F BC A5 3B 1B 3B
00005920  81 B3 1F B5 9D B6 95 3C 46 3B 40 B4 AB 3C 7D 44
00005930  08 B2 72 BA 95 33 A3 BB 5C B2 7B 38 9C 28 BC AC
00005940  ED A0 E3 B4 7C 2D C7 34 A2 31 B4 31 81 AC 2A BE
00005950  0B B0 EA B9 24 AF B1 39 B6 3A FE 31 CB 29 C7 28
00005960  41 B0 B4 94 ED 37 87 3B 27 B3 3B 32 62 2C 61 39
00005970  68 40 85 B9 18 35 BB AE 85 BA A5 35 B5 B6 0F 9E
00005980  92 A9 FD 35 90 B3 15 3A F7 AC 11 24 AD 2F 19 B2
00005990  AD B3 75 BA CD 36 17 36 8D 34 8A B4 DB 3F 5A BE
000059A0  AB 45 75 A5 C0 3A E3 A7 4E AE 1E BC EF B6 EC 30
000059B0  E8 AE B4 36 40 A0 A2 B3 27 20 14 3E 39 34 5C 33
000059C0  54 B2 E3 A1 70 40 BC BB 3D B5 F9 39 A0 C3 EF 3A
000059D0  62 35 D6 30 0B 3D 5C C2 D4 BB D0 BE AE C0 7A C1
000059E0  44 3E 55 3D E1 35 E2 36 34 33 E7 C3 8D 29 85 38
000059F0  3B 2D 57 2C 8C 30 48 35 1B 32 12 B7 21 2D 2D BF
00005A00  C5 28 14 C1 EF 29 BF B7 E9 32 8C B5 E3 AA E1 B4
00005A10  4C 24 C2 2D DD AC 2B AF 97 30 B1 30 51 AE 1A 38
00005A20  C8 3C E0 B8 B2 B7 9B B2 A1 AC D3 35 C4 3A 11 AA
00005A30  23 B2 F0 36 65 2C FB B9 83 AD 8D AB 75 26 D9 B3
00005A40  23 B5 5A 30 AA 3E A5 A9 7F 39 77 B0 08 BE 0D BC
00005A50  C8 C1 A7 2D 11 3C 13 2E E9 B4 4E B3 2B 40 C1 2A
00005A60  82 29 59 AE 0F B8 22 28 2F BC 20 BE A4 33 34 20
00005A70  98 BE 0B 2D FB C1 26 3D 33 C0 AD 41 AA 44 5D 41
00005A80  81 2F 08 32 EB 3C D3 C4 68 3C C4 37 7C 3C 88 3B
00005A90  AB 3E 29 29 BA 38 C3 C5 2F B1 3E C2 B3 B0 7D 34
00005AA0  24 2E 18 B5 0D AF 0D B3 1A B8 8C B9 0B 25 BD B2
00005AB0  4A 2E 05 3D D6 31 7E B7 18 B0 F9 B5 34 AB 60 B0
00005AC0  4B A8 1E 34 47 AE 4C 36 11 B4 3B B8 73 29 6F 32
00005AD0  49 30 CE 2C 34 37 40 B2 B9 36 40 AC AC BA 9F 9F
00005AE0  6C 27 3D 32 0A 2D 57 BA 0C 2C EA A8 CE 34 9F C6
00005AF0  C7 B9 8B 2C AF 3C 73 25 F3 37 DC AE 59 45 18 27
00005B00  60 BE 9D 28 0E 2E 10 A1 03 B3 92 37 1E 3E 3D 1A
00005B10  03 B3 E2 AB F7 34 AC B0 92 BB 98 40 F5 AF A8 32
00005B20  97 A2 A3 B5 EB B8 89 3D 00 BB 8B C0 C1 BC 1F 41
00005B30  11 B8 94 32 1C C0 6C 39 39 35 19 3E 34 37 A6 BD
00005B40  86 38 C8 3F CC 3B 2C 39 26 BB 89 30 E2 AB DB B3
00005B50  55 2D D4 25 64 AB F0 3A 39 30 17 B4 65 2C 03 41
00005B60  02 30 3E 3A A1 B1 32 B6 90 B3 B9 B1 58 2B 13 3D
00005B70  F5 2C E5 AC CC A5 BC 2F 29 A5 51 2F 2C 9A A1 C0
00005B80  60 2A B0 3A 11 3A 5A 14 77 3E B9 36 EC 34 BA AD
00005B90  23 B3 58 BB 52 35 FD B1 EB A8 D0 AB 9B A4 27 3B
00005BA0  8B B9 7E A9 A1 B7 8F 35 FC 3A 1A B4 05 39 EE B4
00005BB0  D6 42 95 23 2D C0 3B AC A9 30 46 B8 A6 C1 82 30
00005BC0  31 20 67 B3 25 3A 6C 31 6E 3C 5B BA 06 B2 AF B4
00005BD0  1F 3C 98 B7 A0 21 4C 39 5D B3 EA C0 7C B9 58 40
00005BE0  F1 BA 53 26 2B 3A CD C3 8C 3D 40 BD 78 3A 4E 41
00005BF0  A8 3F CC BF B7 2F C6 C2 1B A8 7B C5 FA 2B 65 2D
00005C00  2F 2E 73 B4 B2 A9 49 B9 45 B5 55 30 C8 A0 7F B5
00005C10  CE A8 09 2B F7 A4 C8 AC 2A 3C 99 32 BA 22 20 B4
00005C20  15 AE F4 33 B0 37 01 3E 2D B1 85 A4 41 30 4A A6
00005C30  A8 B0 2F AB 18 34 F2 AF E0 BA F5 2C 84 31 85 AA
00005C40  D1 24 1E AC 9C 2F FA B2 D7 27 B4 A9 AE 29 44 AE
00005C50  12 B8 68 2B 88 3B 4A B8 99 B8 06 B2 52 41 5A BA
00005C60  9F 31 AE 25 23 31 79 AB 01 38 F6 B6 07 3B DA A4
00005C70  49 A5 83 B0 0F B2 6B A6 94 BC 4B 3F 37 31 4B A7
00005C80  03 30 DD BC 6C B4 6C 36 EA BA 02 AF 34 C1 C2 3F
00005C90  23 39 8D 38 C8 37 23 B4 57 B9 4F B8 49 B9 9A C2
00005CA0  2C 3D 8A 3C 4C 39 49 97 09 33 EF BA 14 A6 1D AB
00005CB0  30 2B 7B 29 C0 AA 6C 2A 39 36 86 2E C9 21 CF 36
00005CC0  CE 2A 62 B6 7D 9E A8 B3 E3 B6 55 A6 90 A6 C3 AA
00005CD0  B6 28 3E AD 92 B2 37 3C C9 1B 6C 36 78 AD DD 35
00005CE0  3D B0 1C 36 7D A9 70 A9 1E B8 6D 34 A3 2A 1B 9A
00005CF0  79 AD 53 B6 6C 2F 11 B1 A8 A9 C4 AA A3 28 0D 32
00005D00  FD B9 FA B1 03 3A C0 AC 70 AE F6 B1 A7 35 22 B9
00005D10  8B B6 3F 30 64 B1 ED 23 0C B5 78 B3 9C BA BF 2F
00005D20  51 2F 78 2F F6 31 6A 31 97 3C B0 BC E6 28 1A 2A
00005D30  71 B8 DE B8 0C 36 68 35 A9 BA 6F B6 91 3C 6A 41
00005D40  30 B4 90 30 41 B4 2B C1 5B 3D F6 B8 A7 3D DE 42
00005D50  74 3B F3 B5 76 BB C9 3C 4F 2E 36 C0 19 B1 88 39
00005D60  8D 30 EE 9F B3 A1 61 32 4A B7 3A 38 C7 2C 15 3B
00005D70  48 33 B6 3D B2 0E 38 B9 0A 3B 4B B5 21 B5 87 38
00005D80  EF 2A AF 38 8F AD 97 B1 86 32 E9 C3 58 AA B2 37
00005D90  FC 30 3A B4 08 29 59 34 C6 37 E5 B8 75 3B 1B 34
00005DA0  EB 36 6F 97 0E AF 08 B9 12 34 97 2E BF 33 97 39
00005DB0  18 B7 E0 3C CF 38 E1 38 3D 3C 4D B5 58 44 C2 3B
00005DC0  59 C0 C7 B2 A4 2B E3 B0 16 3A 65 38 E4 3B BC A2
00005DD0  06 2D 32 38 93 A1 CC 9D 3F 3F 24 39 22 B7 F3 B0
00005DE0  FF 3A B2 39 16 3D C1 2D 45 B4 D6 37 2A 33 D7 43
00005DF0  8C 3D CF BF 09 3A 6D 45 A1 3E 18 44 4A 45 42 44
00005E00  D8 C6 C3 3F B1 44 BB 45 50 34 96 44 19 B1 89 39
00005E10  8D 30 F8 9F B2 A1 61 32 4A B7 3A 38 C7 2C 15 3B
00005E20  48 33 B6 3D 87 0E 38 B9 0A 3B 4B B5 21 B5 87 38
00005E30  EE 2A AF 38 8F AD 98 B1 86 32 E9 C3 58 AA B2 37
00005E40  FC 30 3A B4 08 29 59 34 C6 37 E5 B8 75 3B 1B 34
00005E50  EB 36 68 97 0E AF 08 B9 12 34 97 2E BF 33 97 39
00005E60  18 B7 E0 3C CF 38 E1 38 3D 3C 4D B5 58 44 C2 3B
00005E70  59 C0 C7 B2 A4 2B E3 B0 16 3A 64 38 E4 3B BC A2
00005E80  06 2D 32 38 94 A1 D2 9D 3F 3F 24 39 22 B7 F3 B0
00005E90  FF 3A B2 39 16 3D C1 2D 45 B4 D6 37 29 33 D7 43
00005EA0  8C 3D CF BF 09 3A 6D 45 A1 3E 18 44 4A 45 42 44
00005EB0  D8 C6 C3 3F B1 44 BB 45 50 34 96 44 54 30 C3 B4
00005EC0  DF A8 77 23 AB A5 30 30 3D B1 87 3A 79 9D A3 41
00005ED0  97 AE 2B BF 30 AD 32 B0 0B AF 49 33 26 22 2D 27
00005EE0  24 AD 42 B3 0A 38 D4 40 25 B6 BD 33 7B A1 97 AC
00005EF0  A4 3B 9B 32 82 32 06 AC D1 B9 FE 33 D7 B1 7F AB
00005F00  BB 30 0E B4 C3 19 F0 2F 75 A8 29 2B E0 AF D0 3D
00005F10  CC B4 E6 3B CF 33 D6 BA C9 B1 B9 AE 95 B1 FB BC
00005F20  87 46 33 29 A7 BA 50 A7 0D 34 AE 33 BC 34 0A 2D
00005F30  E5 A8 52 36 61 BE FF AF A4 B1 F2 3C D6 30 F6 A9
00005F40  5E 3C EA B9 A4 35 DE B9 17 25 05 BE 94 C2 3B B1
00005F50  69 2F B9 34 B5 BA 64 BD 6E B8 E0 C1 5F BB 8E C0
00005F60  EE 3F 45 37 BD A9 43 BF 07 38 5F BF 56 A5 43 33
00005F70  85 2B E3 2D 1C 2D 81 26 F9 36 32 36 5B 29 5F BE
00005F80  65 2B 41 BA 0A 29 F0 B6 A0 B9 BF A0 AE A4 0D 31
00005F90  8B AF 1A B2 A8 B5 9D 41 AD 37 CF 33 07 A5 5D 3A
00005FA0  52 30 2C 24 18 AE DC 1F 4C C1 78 34 0B 29 E5 B1
00005FB0  A1 B6 B0 B5 5E 28 D5 3B 8A 2C 7E 23 69 9F E8 BA
00005FC0  6B B7 FF B9 5F 3D 02 B9 73 B5 F4 AC BE BA 6D BE
00005FD0  F1 34 F9 31 35 39 96 30 F2 B9 F6 38 5A B3 50 2E
00005FE0  12 2A 1B A6 E6 B4 58 30 2A 37 0D BE 40 35 3E 30
00005FF0  AC BC CA B5 21 BA 26 B2 EC BB 12 41 4E 40 0F 32
00006000  CC 36 D7 31 13 B7 86 C0 65 35 70 C3 C6 BB A8 41
00006010  09 3C C1 37 0A 37 1A B8 7F 91 CA B9 5A 28 C7 2C
00006020  62 2A 26 A9 3C B1 B2 AE 0D B9 00 2D 4D 2F F8 42
00006030  77 9F 67 B5 9F 30 36 27 CA 39 01 33 B2 29 9E 31
00006040  E4 A7 96 B4 07 34 7C 40 B8 B5 0B B6 6E 9E EE 30
00006050  BA 2F 5B 38 D6 36 BA AE 56 36 F5 18 C9 B6 95 2E
00006060  04 23 16 BD 3C 2F 58 B8 41 A5 5F 25 66 AB 08 C0
00006070  B8 B8 6E 3D 85 38 D4 BE BC 26 FC B0 65 3F ED B1
00006080  C5 40 64 2A 97 BD F9 A9 DC 2D DC 39 13 3E A5 21
00006090  5B B0 8F B1 5C BE 94 AA B6 B6 2E 3E 96 B1 1C AE
000060A0  5A 3C F8 B8 53 BC DA 34 D0 B5 AB C1 76 BD 02 3E
000060B0  20 2F 60 33 6F 30 AD 40 28 33 E3 36 6E 34 8F BD
000060C0  73 B8 DC 35 3C B6 8A 3A E0 2F 61 36 04 AD 93 B3
000060D0  7C 2A 2E 0D 72 A5 87 31 CD 36 C5 32 A8 A5 36 3C
000060E0  C4 2A EB 3C 69 28 F6 B4 E6 B4 F0 A5 08 1E 91 3C
000060F0  54 A1 1F 38 41 B5 48 41 9C 33 67 30 3F A3 B3 B9
00006100  49 B8 51 39 87 36 6A 31 09 BF C9 34 B2 28 55 B2
00006110  2A B5 03 BB 49 2C 23 3E AC 21 02 03 E2 AA 2C 1F
00006120  F7 B8 AB BB E1 35 FC B5 59 B4 9A AC 0D AA 5A BC
00006130  DC 43 78 30 F6 BA A4 2A 5A B8 66 B3 30 C1 33 30
00006140  0A 32 4D B2 6C 36 DB 32 D4 3E F4 BC EB 2E 3F 28
00006150  16 36 2D B9 81 3C 7F B8 C7 B3 3F B8 42 B8 B9 A8
00006160  69 30 16 2E A2 BE 8F C0 88 38 C2 C4 E8 BD DF 42
00006170  EE 3C D7 B2 2F B1 92 B4 52 92 5B BF 64 2F 31 37
00006180  E8 AD DE 2C 10 A4 BF B0 F9 B6 79 36 47 26 66 44
00006190  5E A6 FF C1 2D 31 9C 28 2B A5 53 35 CF 26 A1 B3
000061A0  7F 9F CD AD 29 39 7D 41 19 B6 2D B2 66 A4 02 BC
000061B0  92 2B DF 35 E1 AD B1 A7 B2 B8 F6 2C 3E 36 08 AD
000061C0  95 32 8E BC 11 A8 B7 AE 20 A1 C8 2A 5C AE 13 3C
000061D0  F1 B4 27 40 F5 3A CD C0 77 28 1F A9 75 BD 2C B9
000061E0  9A 40 66 2D F0 BB 97 A5 34 B1 66 35 20 41 E9 2C
000061F0  E5 A9 9C A0 7E C1 36 AD A8 BD 4F 38 4C AA 6C AB
00006200  16 34 D8 24 99 35 F2 B7 6F B8 6F BA 5E B9 50 B8
00006210  79 2D C5 31 A9 35 E8 3C 9F 2A 05 BE 90 B6 74 C0
00006220  2F A7 83 B4 F6 B8 1C 3D 39 2B F7 3A 9B AE 6B 34
00006230  29 2B B1 2F D3 31 F4 B4 34 36 AE 38 70 2E 86 B7
00006240  4C 31 F5 3D 6A 30 56 B5 EE 37 F3 2D B5 A6 98 35
00006250  3F B2 0C 2F 8D B8 8B 43 0E 36 82 B0 95 A9 90 2C
00006260  50 B1 2E 36 5B 31 2B 32 41 C4 19 2D 13 B6 D7 AF
00006270  DA B5 79 AE AE A5 18 3C C7 2D C8 2D C2 23 4F 2B
00006280  94 B8 F7 B9 AD 3C F0 B8 40 B2 A0 AB D8 3C 0A BD
00006290  41 BB B2 2F 3C A9 C4 2E 39 B7 4E B0 74 BE B9 1C
000062A0  50 30 0D A8 31 2D 84 32 D6 3B 1A BC 4A 30 30 30
000062B0  05 AE 55 AE 79 39 AA BD 5E B9 2E 33 0A 37 B8 B4
000062C0  00 35 E1 B5 83 B9 D3 3D C6 35 87 C4 22 AD A6 45
000062D0  65 B8 50 3B BA 2E E5 41 10 B4 19 3E 2C 30 2A 38
000062E0  25 AC EF 9D B1 9E 05 B5 A4 B5 50 A9 56 29 28 41
000062F0  80 A8 A3 C1 BA 31 3A B1 43 36 B8 34 1A 26 CF B5
00006300  89 12 75 36 75 39 37 40 CC B4 DA B2 20 A4 A5 BD
00006310  4C B1 6C B1 BA B5 95 AC E5 BB EC 2C 24 38 BA AD
00006320  EC 30 27 B4 F7 AC 68 31 6F 2A 6A 28 4A AD D2 38
00006330  40 B4 0F 3F 4F 3D 28 C0 DA B1 5E A9 0D B8 BE B9
00006340  76 BC 23 2F A6 31 32 A4 8A B5 32 B1 5C 43 61 2E
00006350  57 AE 80 1C 6E C1 02 AE 3A C1 47 38 3F 29 30 2E
00006360  0D BC 1E 99 27 3D D9 B7 33 BC 90 3C 0D 38 89 2A
00006370  90 AD DB 30 13 3C 3E 37 AA B3 73 BB 87 B2 59 C2
00006380  F1 2F 4D 34 46 AF 03 40 76 B5 C7 39 3D AE 5C 37
00006390  EB 2A 74 2C CC 2F F9 B4 4D 34 DF 37 5C 2D 55 32
000063A0  38 30 60 3B 5A 2F 51 B3 13 3B 71 27 55 AD F2 25
000063B0  EC AC 99 2C C2 B8 1D 41 3B 34 AE B3 ED A8 C1 B1
000063C0  B9 1F F5 35 BB 29 08 30 36 C2 30 27 E2 B5 57 29
000063D0  0C B0 71 2C FB 2A C0 30 32 A9 EE 18 39 26 07 3A
000063E0  AD B9 50 B1 D4 3C 14 B5 B4 21 0F B5 DA 3F F9 B8
000063F0  67 C3 B9 27 CE 21 A6 A3 60 B1 1F B5 65 BC 0E AA
00006400  4E 2B F4 29 84 34 F0 33 0D 3D B2 BB B8 AB AA 28
00006410  B4 A0 A8 AC C6 36 E1 B9 B4 BA 80 BB DF 3A F9 3F
00006420  46 B4 BA B5 11 AF E4 3E 28 3C 72 BD B5 3E 31 46
00006430  24 BE C1 B3 24 20 C3 44 57 AE 59 3B 1E 2B C5 B8
00006440  A5 25 F5 B3 C4 28 85 35 74 34 69 33 56 A9 12 BF
00006450  7F AC B2 B9 8C B2 1C B0 00 39 E9 30 22 26 31 33
00006460  8E B0 1A 34 A4 37 6E 3C 7B B1 51 39 48 29 CC 3A
00006470  10 41 FD B8 E5 32 00 A8 D7 BC 28 36 50 B8 D6 AC
00006480  D5 AE B3 3A 3E AD 13 39 70 A4 35 28 D8 1C 39 B8
00006490  81 B3 6B BC 50 38 05 37 6A BB C7 A1 9F 3F 92 BF
000064A0  E9 46 6D A2 44 3B A7 A7 B7 2F A0 BC F1 B5 35 27
000064B0  BE A5 58 37 8B AE F2 B1 C7 B3 7F 3F 29 36 26 32
000064C0  31 31 C1 B9 DF 40 80 BB 91 B6 25 37 03 C4 74 38
000064D0  91 36 18 36 EA B8 FC C4 68 BE 8A C2 5E BE 24 C4
000064E0  D1 42 5A 41 A1 3B 99 C3 69 37 05 C4 3F 2C A0 38
000064F0  EA 2C 1D 28 1E 29 99 35 CA 32 2C B8 2D 29 4E BF
00006500  53 27 71 C1 04 28 37 B7 B4 B3 91 B1 99 A2 C8 B4
00006510  65 A7 2F 1F 91 21 29 B0 AF 32 6D 38 4A AD EA 38
00006520  F2 3C 4B B8 BD B6 6E B4 E3 16 CC 35 A5 3A 58 22
00006530  43 B3 A3 B0 AE 30 7A B9 93 2E 7E A5 2B A9 A1 B6
00006540  E4 B5 F1 2C 06 3F 3A B1 1D B2 A8 B2 6A BD 7A BB
00006550  05 C4 07 30 EC 3B 89 28 CF B9 FA B3 44 40 6F 28
00006560  F9 20 E2 22 64 B8 60 28 FE B8 8D BE C1 32 B2 20
00006570  8F C0 FB B3 C4 C2 62 3C 43 C0 EF 42 CE 44 F7 41
00006580  DA B4 FD 28 DA 39 E6 C6 77 3B 04 BB 56 3D 82 3C
00006590  07 40 08 B9 B4 39 26 2F 8C AA 66 C2 97 AC 71 27
000065A0  7D 30 92 B5 95 B2 57 B4 04 B9 94 BA 87 2E D8 AE
000065B0  AC A4 D1 3D 01 32 3F AA 6D 3C 98 A6 17 A9 EE 2D
000065C0  28 20 45 39 8A A8 9A 38 63 B3 DF BB 9B 9E DC 36
000065D0  60 2B C2 A7 8F 36 42 B1 88 37 06 AF 13 BC CD 2A
000065E0  3B AD C9 37 3F 30 B7 BA 0B 2C 9A A8 DE 30 82 C7
000065F0  27 BA 33 37 CC 3C 75 35 FC AD 46 B5 E5 45 83 2F
00006600  8A BF F3 25 19 2A B3 A9 E8 2D 0A 37 53 3E FD A9
00006610  2B B3 6E 2E 5F 30 4B AC 26 B7 F8 40 FE AF B2 2D
00006620  62 2F 68 BA 73 B9 4E 3D 53 BC 76 C1 E6 BA 79 44
00006630  F9 B4 F7 33 69 39 30 41 BE 2C 67 40 9D 37 80 BE
00006640  47 B4 50 40 E6 3A 89 40 AD B5 51 34 65 A6 82 B3
00006650  0D 2C 3B A7 9A AE 31 3A DF 31 DF B4 E4 28 C1 40
00006660  FE 27 C5 37 5F AC 22 B6 77 2A 16 B4 7E 25 78 3D
00006670  3F 12 D0 AA 30 B1 80 34 B5 AA B3 33 A4 A5 79 C1
00006680  C1 A3 50 3B 5B 39 26 A7 71 3F EF 36 4E 36 3E A5
00006690  4C B4 26 BF 9E 34 B7 AD 22 1E 12 AD 56 AC 92 3A
000066A0  10 BA D0 B4 E8 B7 DB 36 49 33 40 B3 5C 37 B5 B4
000066B0  9D 44 30 29 55 C0 8D AE 6D 2B 5D B9 F5 C1 9B 2E
000066C0  44 2B E5 B3 78 3A B1 2E 7A 42 FE BA B9 B0 29 B5
000066D0  AA 3C B4 B9 B5 B3 2A 39 14 B2 7F C2 1B BB 46 41
000066E0  BC B9 BB A9 FD BE 0F C6 09 3E 62 C0 94 3A DD 41
000066F0  12 41 A5 BE 73 B0 68 3A A0 35 BB C5 3E 3D FD FF
00006700  04 00 00 00 0C 00 00 00 FE 34 5D AE CC B4 B7 B0
00006710  5C 37 8F 3C 56 3D FD FF 04 00 00 00 80 04 00 00
00006720  77 B0 F5 C5 99 B4 EC CC 34 3A 94 2A 72 BE 2E 2D
00006730  AD 28 E7 35 20 CD 2C 2D 99 15 0C B4 00 35 BF B2
00006740  B4 B8 4D B3 07 3E 47 B8 37 C7 40 30 0E AE 7E B2
00006750  BD AD 77 B7 81 BC 33 2D DC C2 B4 3C B9 AD 36 31
00006760  AD B8 F6 AF 3A 33 50 B9 61 C5 56 C1 11 BC 23 C9
00006770  F9 3A E4 B2 79 B0 3B C8 90 B0 7F B6 4A B3 DD B1
00006780  A5 C1 95 C9 95 C5 69 C5 87 A6 79 B5 AA B9 C4 1B
00006790  1C 2A 0A B8 31 C5 69 36 3F B0 B7 CA E2 AB 3D B1
000067A0  B4 C7 2F 37 B8 B7 24 AE 2F 37 C7 38 18 AC 1B AE
000067B0  E0 B6 42 B2 A0 AC BA 2E DA C6 16 2D 59 C3 62 CC
000067C0  C8 BD FC B3 67 3A CB 31 13 BC 05 39 6D BD 83 BC
000067D0  DF 1A E7 AD F0 B5 F5 CC EE BB F3 B7 2F A0 84 2C
000067E0  BE C3 E7 CD DE 31 EB CB E4 2D 3A 24 4B BC D0 24
000067F0  02 32 75 2D DA CD 38 2D 20 BA 3D B8 74 39 3D AE
00006800  9A BB 8D B4 02 2C 54 B9 4F CA CA 29 93 AB EE B2
00006810  51 B8 3F B8 64 BB 17 31 B3 CC A9 AA DB 21 83 35
00006820  2E B0 23 AA 6F 31 89 B8 51 C4 CB C6 9F C2 56 C9
00006830  0F 38 42 B5 9F B2 48 CB B1 AF A4 BB 7D 35 FA BC
00006840  32 C3 F6 C9 73 C4 5E BF C4 B5 9A B3 D2 B9 79 AC
00006850  2F 1E F0 C2 2A C6 98 AD 43 B2 28 CA 61 2B 66 B5
00006860  D6 C9 17 32 C0 B8 01 2D AF 37 0A 37 6B AB 7D AD
00006870  25 B1 83 B1 00 A9 0C 31 36 CA 11 2E DE C3 A7 C9
00006880  04 B9 74 9C A0 AE 93 2F 36 AD 83 29 7B BA BF C0
00006890  3D 29 D7 2E 3C B3 E3 CB 1F 29 8E 32 1E 2C 2E 2E
000068A0  C3 CD 62 CE 2A BB 25 CA 25 B5 34 A7 89 BC 95 B1
000068B0  DE 31 E8 B2 CE CC 38 28 95 BF D5 BA AF 38 33 AD
000068C0  D2 BC B6 B6 54 BD 2E BD DE CC B3 B6 C5 1B CF AF
000068D0  18 C0 29 AC 8F B7 8D 2F 10 CD A6 BD C1 2C 25 B2
000068E0  49 32 33 23 88 2B AA B8 33 C7 A6 C9 F0 C8 7A CA
000068F0  EE A3 F0 B8 C8 B6 0C CD 05 AC 70 C0 2A 36 CC BC
00006900  47 C4 5A C9 51 C5 B1 B4 96 BA 31 B0 69 B9 C4 B5
00006910  B5 AA 7E C5 AF C8 C1 B8 AB B5 B4 C9 7F 2F A2 B8
00006920  B1 CB FD BC 89 B8 6E 30 D7 36 32 B5 0D A8 EC A9
00006930  22 A1 A5 AE 9A A9 65 2D 2C CC 39 2A 17 C4 9A C9
00006940  0C B4 4C 31 1C B8 C0 1F 5A BE C5 BC 53 B8 0B C5
00006950  EE 26 1A 32 EA AB 7D CC 34 36 3B 36 37 2D 1C 2C
00006960  C7 CE F3 CC 42 CC C6 CB C0 C4 7E AB 3B BD 8D B7
00006970  5C 30 2C BF E2 CC 0F A5 E1 CA BD BB 12 2C 01 AF
00006980  DB BD 02 B7 05 C8 37 C1 F0 CD D1 BB 64 22 26 AB
00006990  82 CD D4 33 27 A9 22 27 4D CC 48 C9 8B 2D 5E BD
000069A0  E6 34 8D 27 22 AB C4 BA 69 C9 EC CB FD CC 40 CC
000069B0  2A B9 D7 BC 31 B9 53 CC 00 A0 56 C3 DB A7 35 B8
000069C0  FC C4 D5 C8 F1 C9 4D 30 B4 BD F8 AB 4E B9 29 BC
000069D0  B1 AD 06 C5 20 CA 8C BD 37 B9 BB CA 85 2E 6E BA
000069E0  27 CE F4 C1 5A B8 53 30 9C 35 F4 BB C5 16 22 A7
000069F0  73 2D E9 AC C2 AC 72 9F 65 CB 36 8C DB C4 A1 CA
00006A00  E6 AD 12 34 9C B9 16 AF 15 CC 89 C6 50 B5 F8 C8
00006A10  B3 A4 8D 31 E9 21 77 CD 69 38 DF 30 32 2D 2D AD
00006A20  BB CD E8 CB 28 CF 4A CB 18 CD 35 AF C8 BE DA BB
00006A30  96 AA CC C9 FD CC 93 AC FF CD 7F BA CD B8 E7 AF
00006A40  69 C1 74 B6 6A CB 42 C6 F8 CC DB BE 95 AA 0A AD
00006A50  BC D0 3B 36 C3 2F C6 AD 8D CA 1A CD 8B 25 88 C4
00006A60  A1 34 12 27 2A B1 2D BD 5F C9 A6 CC 8D CF 16 CD
00006A70  9A BC 88 C0 A6 BA 69 C9 D9 20 70 C4 40 B9 F3 AD
00006A80  70 C5 2B C8 3D CC 03 33 6D C0 AA A8 AA B9 6B C4
00006A90  22 B0 05 C2 63 CB E0 C1 D3 BC BE CA 7C 26 E1 BB
00006AA0  BB CD 5E C4 70 B8 6B 2B 43 33 50 C0 F0 26 2A A8
00006AB0  C5 30 7F B0 EC AD A2 B0 6D C9 8E A9 C9 C5 F2 CC
00006AC0  66 A8 B6 34 85 B9 86 B4 9A CD 26 C9 44 B3 63 CC
00006AD0  03 AC E6 2F 0E 2A AF CD 53 38 BB B5 94 2E F0 B5
00006AE0  D4 CB B9 C9 02 CC 9C C9 47 CC C2 B1 E4 C0 72 C0
00006AF0  70 B6 D0 CA DE CC F9 AE 5D CF 55 B8 DD BC FF A5
00006B00  38 C7 E1 B5 67 C8 49 CA 87 CA 8A C3 99 AE DA AE
00006B10  4C CF EB 37 06 2D 4A B3 67 C8 5C CC 15 B0 9A CC
00006B20  F6 32 EF 1E 71 B4 DC BE 49 C8 53 CC 88 CF 14 CD
00006B30  75 BD A6 C2 8C BB 1C C7 6A A6 90 C4 B7 BD E7 31
00006B40  50 C6 C5 C5 18 CC FA 36 44 C2 44 A9 67 BA 37 CA
00006B50  E5 B1 1C BC 04 CC 0D C5 CC BF 8C C8 D8 A9 57 BC
00006B60  87 CC 13 C4 A8 B9 C0 A8 3F 26 65 C5 90 2C 2E A5
00006B70  2F 30 53 B3 37 AD 7E B3 4A C7 84 AC CB C5 EB CD
00006B80  4F A7 57 33 11 B8 2A B7 3E CC 3B CA DC B1 7E CC
00006B90  3E AC 5F 2D A8 2C A1 CC 7C 35 30 BC 40 30 C1 B9
00006BA0  E2 41 FD FF 04 00 00 00 04 00 00 00 99 38 16 31
00006BB0  F2 41 FD FF 04 00 00 00 60 01 00 00 3C 2C 7D B1
00006BC0  3B A8 7A AF 06 B5 C0 30 33 B0 7C 29 66 A7 F7 A1
00006BD0  2E B1 A8 B2 7D 30 19 B6 03 B3 37 B2 BD 2F 7F AE
00006BE0  76 22 45 AE 98 AC 63 B1 0A 27 92 B8 78 2F 07 1E
00006BF0  45 30 C2 2E 65 2C 9F 28 38 97 B3 9D 57 2D D5 AB
00006C00  B0 A9 7F B1 06 28 AA 2E 14 B4 31 A7 D0 B4 F1 2B
00006C10  7B B0 24 B2 15 AC EF B0 A1 B5 B0 B6 2D AB F9 B2
00006C20  20 B4 84 2D C3 2C 16 2F EA B5 70 A0 56 AE B6 28
00006C30  0A 32 E0 29 83 2C 0E A2 88 B8 67 AF 99 21 9E 31
00006C40  50 AD D1 B0 21 AB 34 33 A6 28 65 B1 87 B1 5B B5
00006C50  62 33 A3 B8 C4 B8 0B B6 5C B9 C4 B7 38 2D 84 B0
00006C60  62 BC CD BD 65 BC 90 BE 41 BA 91 B3 20 28 C1 2E
00006C70  8E A7 A2 AC 5E 26 F0 30 69 AF 10 2F 65 18 C1 2C
00006C80  74 B0 B6 25 FC 31 E8 B4 BF B4 E6 B1 A3 31 9D AB
00006C90  F0 93 51 A9 81 AD 01 B1 67 2D 7E B9 1E 2E A6 2C
00006CA0  0E 30 02 AA 1F 2A FA 2D 5F AF 19 1C 23 2E 0A AA
00006CB0  11 24 81 B2 7D 27 54 29 19 B4 BF 2D 71 B4 9C 2E
00006CC0  EB AD 49 B1 95 0D 14 B0 4F B7 CE 32 37 34 D7 27
00006CD0  39 B7 20 2F 4D 29 EF 2D 6B B9 0D 29 F7 9D 4E 2C
00006CE0  9A 32 71 2E 75 AA 96 25 67 B6 C8 9C F6 2E D7 30
00006CF0  C1 29 EB B1 85 2D 99 33 18 2B B1 AF 10 AE C1 B5
00006D00  C6 34 02 B7 97 B7 9E B8 17 A6 38 A8 8A 35 67 AE
00006D10  05 BC 9D 3C 3C 1C F7 BF F2 B8 D0 AA 5E 43 FD FF
00006D20  04 00 00 00 C0 00 00 00 3D 2D F2 B5 25 B9 04 BB
00006D30  B8 C0 F0 39 D0 13 DE AD 0A 35 86 BE E6 1A 3D 39
00006D40  9B B9 6D 35 EE 20 F0 35 B0 B2 47 32 E5 C0 2F B4
00006D50  5B A8 F8 2D 3D 39 A0 38 4D B0 A8 30 27 31 C9 34
00006D60  4C BE F7 BC 0C 36 DE B9 39 37 D3 3B 4D 34 73 2B
00006D70  4A BD A2 2F 3A 3D BB AC B4 AF 14 31 88 31 B0 BD
00006D80  47 3B 03 2E 75 A8 B5 34 7F B3 62 BA BE BB 79 BB
00006D90  03 B4 D1 34 65 32 1F 2E D2 A8 31 32 FF 2E 24 B1
00006DA0  1C B2 5C B8 5C 39 15 28 44 35 E4 32 36 B7 F0 B4
00006DB0  AA 28 4D A5 DA 3A 2D 3C D2 3A 9B 34 02 39 D0 38
00006DC0  C2 B1 7B B5 9F B7 6E B9 08 2E D4 AD 00 38 86 37
00006DD0  F2 AF 4F B5 92 2E 95 A8 A9 B6 67 35 D0 34 B1 B2
00006DE0  9D AD 85 33 C8 34 64 2E 2A 44 FD FF 04 00 00 00
00006DF0  00 48 00 00 69 A4 C4 1A DF A6 E4 9E E9 22 35 1C
00006E00  BC A9 32 24 40 25 72 25 4C 22 6F A9 2B A8 DC A5
00006E10  09 25 18 9C 6E 24 AD A1 8A 19 AE 26 86 92 CE A1
00006E20  88 25 92 2B CD 1E 0E 1B F0 A3 E8 20 66 16 BE 99
00006E30  F8 A6 5B 20 39 9C BD 24 17 2C D4 20 48 21 B0 22
00006E40  1F 1C E1 9B A9 A2 FA A6 AB 24 AC A0 EE 25 43 22
00006E50  21 A4 B9 9B 55 19 40 A4 F9 A9 8F 26 EF 20 C8 A2
00006E60  EE 23 95 A8 C2 A9 04 20 B5 9B 73 22 F3 A4 69 24
00006E70  EE 24 7C 22 52 25 AB 9D 5F 23 D6 26 54 26 35 27
00006E80  ED A2 FB 19 97 2A 0A A6 4A A5 1D 29 38 94 36 1F
00006E90  FA 1C E8 9F CA A7 CF A5 76 A8 F3 24 28 1F 44 A6
00006EA0  07 A6 CA 17 5B A0 20 A2 6D A3 04 9F 18 9F 16 9C
00006EB0  40 27 BF 98 93 A5 DA 1A F1 9A 77 22 B9 1C AF A3
00006EC0  58 A7 67 A2 A1 27 12 1C BF 22 F9 A9 52 A7 7B 9C
00006ED0  4E 28 7C A5 78 AD 01 AB A5 1A 4A 2B FB A5 1D A6
00006EE0  B7 90 33 24 7B A5 6A 1F B9 9A D1 29 AC A4 03 A9
00006EF0  6F 20 93 23 C5 27 05 A5 1D 9D BC 20 2E 1D 78 A1
00006F00  2A 16 4C A0 0F 26 4A 25 48 2D 84 A7 8C 0E 25 1C
00006F10  6F 26 86 18 15 20 5A A3 37 AC 7E 29 FC 21 14 1A
00006F20  C7 94 AA A5 CC 27 F8 25 1F A1 0F 2A 29 AC DF A6
00006F30  95 25 21 22 78 A2 3B A3 20 25 9A 1C 39 24 95 A4
00006F40  9E 22 F8 23 D8 2A D8 A6 FB 23 B1 27 1C A0 19 1F
00006F50  61 A3 22 A5 C8 27 C5 2B 4A 29 2F 28 E2 1C C8 A6
00006F60  5F A6 80 0B 62 19 3E 29 23 1C 1E 9F CB A2 7E 9B
00006F70  1D A3 E1 92 94 25 83 29 CF AF 63 2A 26 2A 17 AA
00006F80  00 A9 28 A7 86 31 3C 2F A2 28 6C A2 CC A1 3A 25
00006F90  8D AA E7 A8 02 A1 04 AD C3 B0 AC A6 78 A7 97 25
00006FA0  08 24 B8 16 A0 22 B1 A8 1C 32 70 A4 B9 AE A9 AF
00006FB0  55 12 AF 25 25 2C 18 AA FB A5 7B AA 6A 26 2D 27
00006FC0  66 1A 5A A8 39 A9 B8 29 E2 29 AA A8 F0 AD B9 2A
00006FD0  26 AC CD A6 E2 A8 43 AE 64 2D EB B0 5D 25 B1 23
00006FE0  07 18 BE AD D1 23 72 2D C9 2C DB 2D FD B2 EC 29
00006FF0  BE 25 77 A8 17 A8 2C AB 34 24 00 2E 5C 25 0C 2A
00007000  79 A4 17 25 E5 30 87 A7 7A 2C D9 2B BC AA B1 2D
00007010  3C AA 95 30 39 2B EF A7 7D AA 5C 22 67 23 79 1E
00007020  43 AB 01 2C B3 A2 7E A3 10 AA 19 A1 1F 94 D4 AA
00007030  BC 2D 13 AA C4 9B 3A 9B 68 16 07 AA 80 AC 13 2C
00007040  8D AD 79 A5 A2 92 69 A9 46 A0 ED 25 05 21 EC 21
00007050  2E AF 7B AB A3 20 33 27 63 AB 20 29 28 25 67 2A
00007060  8E A0 34 A0 2C A6 14 2F 71 2E 73 1E 8E 28 11 19
00007070  34 A6 04 24 C0 21 4F A8 1B A9 8C 94 02 1A C6 9E
00007080  CA 17 9B 9D 7E A9 6E 28 F3 AB 50 24 E4 29 59 1D
00007090  C1 A8 F3 A4 0F 2A CA A6 F7 2B 48 29 E3 21 9D 25
000070A0  22 A6 C5 2E 0D 2C 7E 24 A0 A5 75 A5 4F 21 9F 26
000070B0  E1 AC 27 24 EF 25 6C 28 8E 20 B7 AA CF B0 E6 23
000070C0  46 29 29 21 C6 25 10 29 2B 27 8F 2A 28 24 ED 8D
000070D0  C0 1D 86 1F EF 28 CE 30 C6 2A 1F 25 C6 A0 E3 27
000070E0  74 AC 52 A1 E1 A2 EF AD 47 24 A7 A7 93 29 2C 26
000070F0  CC 1C D9 AA F2 A9 E3 A3 53 AB B9 23 EA AF 4B AF
00007100  FE 28 53 9E A8 A4 59 2C CD 9D 49 28 5B 9C 57 A8
00007110  D1 28 DE 19 6E 18 8A AC 09 A9 A5 20 A8 1F B7 AB
00007120  7F 24 43 28 64 28 FE 9E A8 AC 5B AA CF 9D 95 AA
00007130  F9 A4 5F 1E A3 9D FA AC A8 9F D1 A6 34 A2 C8 A0
00007140  24 93 58 1F B8 28 74 20 9F A7 AC A9 94 95 69 A8
00007150  D3 AB 9E A3 EA A5 A2 A7 DE AC 8C A9 7B A4 F2 A2
00007160  F0 29 49 A7 94 AC F6 A3 74 9F 3A 21 10 AE E9 A0
00007170  EE 10 24 A2 19 29 E6 9E 10 2B FD 1F 71 2D 42 29
00007180  6E 29 AA 9F 3A AB 65 29 11 9E DC 21 9B 95 36 96
00007190  DD 1A A6 2D 01 22 6A A5 05 AB 0E 9C F0 27 A7 26
000071A0  E8 A1 13 AA 91 A5 53 2D 30 AA 5E 9E 9B AA 57 A6
000071B0  54 A6 0B 21 89 25 EC 9E 2E 22 CF A0 A7 23 48 38
000071C0  F2 1F B4 AE 42 AB 75 AC 6B 28 04 A8 DB 9E F7 17
000071D0  98 A5 5B 25 C3 9C 6A A9 B4 98 20 AA 09 18 F3 1C
000071E0  79 1B F0 A7 44 22 14 A3 5E A5 44 2B B7 24 C1 A0
000071F0  A0 A7 0D A9 72 A5 39 B2 4D AA 05 A7 79 A1 02 20
00007200  41 8A E2 1C 5E A7 DA A5 5F 9F 08 1E 69 29 EC 1D
00007210  32 25 08 A9 65 A1 82 26 FF A4 50 A4 05 AB A3 9C
00007220  1E AA 2C 21 D5 31 31 26 F4 A8 23 A6 BD 24 18 94
00007230  F6 AC 53 15 9C 99 0F AC CB 21 B4 29 92 28 1F 1A
00007240  8C 25 F5 A5 EA AC 72 A1 63 2F 65 2D A8 A2 54 AA
00007250  46 A1 86 A2 05 A6 F2 2C 25 25 6A 32 A8 1F 7C 33
00007260  1D A6 B3 2A CD 87 37 2D CE 25 07 9D F2 A1 EC 24
00007270  90 27 22 21 1F 1C 7B 1E 95 19 D6 15 B0 96 0D 1D
00007280  FB A5 BE A1 68 23 CD 20 CD 1F 28 23 E4 11 54 20
00007290  89 A4 38 9F 65 99 64 15 A0 A4 4F 21 24 9F BF 25
000072A0  02 97 74 94 0F 9E 22 26 44 24 DC 1D C1 27 28 9F
000072B0  E9 17 8B 95 3D 21 67 9F 0E 9B A1 18 35 99 9A 9D
000072C0  03 0A 24 9C B4 9F A3 1C E7 10 B2 9A 45 A3 34 9B
000072D0  04 9F E4 9C 94 99 02 9F 46 9C 74 97 81 1D B2 8C
000072E0  E0 21 15 15 C3 22 B2 9F 25 9A 8D 1D 23 0C 2C 9B
000072F0  FD 1D 44 1C 6D 88 06 95 BF 8F 32 A0 B6 9C 6C A2
00007300  39 A1 A9 18 4E 27 1B 88 A9 23 8F 1E DE 14 8B 22
00007310  19 A0 5A 9A BB 24 34 25 BE 1F 6D 9D FC A1 BD 26
00007320  B4 9B 98 23 20 9B 5C 9E 48 1D F4 9F 56 20 19 24
00007330  32 21 D4 A2 80 1F 78 98 32 28 29 25 41 AB 39 A1
00007340  67 24 EC 28 F5 1E F6 28 2F 27 8C 2C 86 27 CB 26
00007350  96 A3 4C A3 66 A2 C8 A9 19 2A 97 A4 94 A7 C0 30
00007360  22 A6 BD 9A 45 A3 9C 25 65 A7 38 AF B9 21 2D A0
00007370  6D 16 37 11 0F 26 69 28 33 26 47 1E 66 96 34 15
00007380  E2 08 4D A5 4E AE E4 14 83 9E 49 2C 2B 11 B6 A0
00007390  D9 10 EE A0 12 A6 7E 9B F3 25 4A A1 21 AC 3E 25
000073A0  86 24 4E A0 1C 21 D6 9B 50 AC 27 24 0C 29 B7 9C
000073B0  93 AD A8 A7 EB A1 60 2A C8 18 AE 9B 19 B1 21 2B
000073C0  49 22 79 1F 58 A6 CD 1D F8 1A 40 AD E4 24 4E 27
000073D0  7E A0 FD AC D5 20 07 2A A5 AC 5A 2F 7D A9 0C A7
000073E0  09 A0 EB 1E 98 20 07 21 EE 26 DE A3 4C A7 72 9F
000073F0  04 29 A4 24 CF A4 9B A9 82 24 4C 22 AF 98 1D A8
00007400  89 28 4C A7 61 2C C7 23 93 19 9A 2C B6 9B AE 20
00007410  82 AC D3 26 CC 21 37 27 F7 28 64 A6 57 25 A0 9A
00007420  95 27 92 A6 3D 23 70 AA A9 A2 B1 27 52 A0 7F 26
00007430  B2 28 85 A0 24 A4 CC A5 37 A2 2F A5 C1 9C 57 22
00007440  CC 11 41 A1 0D 28 8B A2 A3 9F 03 A0 FF 21 92 9B
00007450  AC 21 42 A8 4B 26 65 A7 1D A2 7D 26 E0 22 C6 21
00007460  85 21 78 21 5F 22 17 25 F1 21 66 24 68 25 5F 23
00007470  4F A6 A5 23 5C 9E CA AB B1 1E 14 A8 76 A9 3F 27
00007480  F1 95 0D 1E D3 AB 1D 9A 98 2A FC 21 B5 9C F9 29
00007490  7F 20 E6 9C 52 A6 44 26 97 AC D2 AA C5 23 28 2B
000074A0  F7 A8 5A AD 11 23 4B 23 82 9E 42 1E BD 24 CA 1E
000074B0  3C 22 81 2A F4 23 2D 26 AC AC 63 1E A0 2E 5A AB
000074C0  A6 A8 1C 0B 5E A8 9E AF 1D 1E 42 98 43 20 31 A2
000074D0  B7 A9 C5 A9 DA A3 0B 96 64 AD FE 26 C9 A2 A5 A4
000074E0  14 24 5E 25 41 A5 98 1A 54 9E BB A8 46 A6 7F AC
000074F0  C3 A6 37 19 F2 A1 A8 9A B9 A0 FA 24 F1 91 BF A8
00007500  86 95 E3 22 2C 21 FD A6 AD 9D 41 A5 62 A9 DF A8
00007510  4E 25 EB A3 EC A1 BA A9 41 AC EA AC 39 AC 6F 9F
00007520  FF A1 BC 29 EE A8 9E A7 72 23 55 28 05 B0 D1 AA
00007530  74 A2 E5 A5 BE 26 74 A3 19 A3 8D A6 0E 21 10 26
00007540  E0 95 E5 27 BE 1E F1 21 F2 A4 39 A8 47 20 E3 2D
00007550  5B A5 32 2F 1D A6 EA AC 6A 26 FF 15 30 16 52 AC
00007560  05 AC 78 A9 9D 17 01 25 8F 96 16 1F 6A AD E4 0F
00007570  B9 28 FB 94 36 01 64 8B 24 8A 66 04 B3 86 28 10
00007580  FD 07 AE 09 4B 91 C5 00 18 8C 9F 0E BC 90 AB 8C
00007590  8F 91 E4 10 7D 09 C8 10 42 0F 16 84 D9 87 89 14
000075A0  78 90 C1 10 88 0A EE 0B 02 90 06 89 05 0C 0D 11
000075B0  DD 8A 15 08 B5 8B 0E 10 64 0D 4C 0D 03 04 7D 8D
000075C0  0A 05 95 10 00 0A B4 8D BF 0A 9F 0F 09 89 9B 0A
000075D0  3D 03 D4 0D 92 8A 16 8C 4B 0B E6 02 80 8D 50 88
000075E0  0E 98 CF 08 1F 88 D0 0D 88 8E B5 82 17 02 ED 87
000075F0  A2 90 E0 81 41 09 E3 11 EE 12 BF 8A B6 91 8D 8C
00007600  5D 0A 80 82 43 88 23 89 A8 8D 0B 95 D1 05 4B 85
00007610  D4 0C 5C 09 8B 8E 0E 11 1E 8F 6B 93 13 11 37 89
00007620  F3 93 82 0D 79 8A 9F 85 8A 09 23 0C 5B 08 8B 89
00007630  29 87 83 09 BB A0 63 A9 A0 9F 11 A3 94 A1 22 1F
00007640  43 08 79 A2 94 22 49 A4 D6 1E 1B 31 62 A1 D1 98
00007650  02 AB F4 0D 06 24 7D 23 62 26 86 9D EA 96 03 20
00007660  5F 18 8B 21 73 9C 27 A8 05 08 69 22 98 A1 D0 28
00007670  36 30 24 A1 4C 8D 42 2A 70 13 BA 1D 67 A1 F0 24
00007680  1A 14 C8 9E 13 A5 34 A3 D1 22 D7 29 58 17 96 1B
00007690  FB 1D B7 96 07 9C DA 8C 2B A7 C7 9C E1 9B 84 A5
000076A0  E2 9E F0 25 A4 2B 1C 28 37 97 F7 A6 5B 26 88 84
000076B0  83 AF 0B 24 0E 1D F1 27 DE 20 6A 9F 25 A8 62 23
000076C0  00 23 16 21 B1 25 2C A2 19 1F ED A4 5C A1 79 21
000076D0  C7 22 A1 A2 75 27 47 A8 38 94 AA 1E B0 17 72 AA
000076E0  3C A6 05 29 BF 15 6D 25 85 A4 59 A2 62 AB 3D 25
000076F0  9C AB 68 1E DD A8 75 29 49 19 01 9A B0 28 97 A8
00007700  C6 A3 8A 24 46 26 2E 25 88 1B CD 27 F2 30 83 24
00007710  54 2A 3E 21 4D A8 8E A3 CD A9 2F 22 F0 A0 E7 A8
00007720  E0 9F 7B A8 35 A9 86 A7 11 A4 AF 2C 5C 9F 8C 9C
00007730  CF A5 E7 98 7D A0 D4 A7 BD 26 16 80 6E 25 DC 91
00007740  D7 0A BD A3 C2 1F F8 25 BC 23 E9 A3 99 21 95 17
00007750  48 A3 EF A4 95 AA 9B A5 D3 AE 17 A4 EC 26 D7 24
00007760  BE A8 D1 A2 37 A9 B2 A6 B7 A5 43 25 D9 A6 80 AA
00007770  2E 2C 27 1F 69 9D AC 1B 35 A0 7D 2D 4E 29 33 28
00007780  80 A3 90 88 B0 A6 33 A0 4D 20 A3 27 4D 24 CC 2B
00007790  29 9C 4C 11 9C 27 36 1F 06 AB 5D 23 AC 23 6A A9
000077A0  71 2D 37 A5 F6 20 AC 24 DE A7 1E 25 BB A0 14 A4
000077B0  C9 26 21 27 B1 28 B6 22 19 A6 B6 1F 22 9F 2E 00
000077C0  A2 A4 F1 9C 20 28 78 A0 6A 24 37 A8 D0 1F 9A 25
000077D0  9B 25 30 A1 2B A4 BE 2A 2D 21 04 25 24 A8 34 24
000077E0  8E AA F8 21 96 A4 7B 2C A0 9C 93 2B 22 27 3C AB
000077F0  5B 25 F2 A7 4A 23 3F 29 C9 96 A0 24 F7 20 42 1D
00007800  A2 92 5D A4 98 26 2E 23 CE 1D A8 23 77 1C 22 10
00007810  B6 82 13 A6 AC 19 BC 26 56 24 75 2A 80 A0 EF 9A
00007820  FE 9E 97 20 A4 89 0E AB CC AB A6 A4 89 A6 D8 9F
00007830  CA 26 9F 24 E7 A4 AA A8 5D 81 CF 28 31 2D 70 A8
00007840  0B A8 69 26 49 2C 14 9D 61 2C 7D 26 1F 20 66 25
00007850  7E 9E 03 AC D1 25 02 A5 D0 25 00 1D 55 A4 25 20
00007860  4A AA 4C 2C F7 14 C2 A8 EF 9C C4 1F F9 AB 37 23
00007870  80 27 0D A6 7E A5 C1 A5 45 A4 AA 18 7E 22 DC 9C
00007880  2D 24 00 AA 2F 29 1B 27 F8 1F B5 25 B2 99 B8 9E
00007890  C8 B1 14 23 47 A1 60 28 61 94 E8 A3 A5 A1 C5 A0
000078A0  59 A0 80 A7 14 9B 76 A6 7B A8 4D 22 34 AC 32 29
000078B0  89 A0 BF 9E C5 1B 73 A9 4B 18 E6 A1 54 9D F4 20
000078C0  D2 14 DE 97 44 24 A4 98 14 A6 42 22 8E 21 9B 9C
000078D0  DB 29 EE A2 C8 22 5A A8 CE 19 2D 9A 56 A0 A9 23
000078E0  B6 1F 08 24 54 A1 40 A7 F1 20 FE 17 DF 1C 73 1D
000078F0  8F 25 E2 21 36 10 7E A1 F8 9C 36 A6 A3 21 FD 9A
00007900  6A A4 32 1F D1 1B D0 9F 07 A7 DE A6 83 23 45 2B
00007910  5A 14 D2 25 23 9C 8E A0 F2 A6 5A A4 60 A0 BA 91
00007920  69 1A DC 1B 7F A0 6C 26 F6 A5 85 9D BB 22 B0 A2
00007930  65 A4 13 20 CB A6 D3 26 23 98 4D 27 37 A5 49 9C
00007940  8A 1C 0D 22 95 1B 78 A8 3A A4 11 AE 5A 24 93 8E
00007950  9E 20 AA A4 81 A3 C1 2F CE 24 5D A3 CA A4 11 26
00007960  C8 A0 A4 A5 F4 11 08 AC 32 A8 1F AB 51 21 8A 94
00007970  7D A1 76 A7 FD 19 AA 30 0F 99 8F A4 9D 1A 05 9C
00007980  AE 0A 08 A6 D3 AC EF 98 20 19 A7 2B AD 24 4A 23
00007990  76 11 EC A8 BC 21 23 26 3A 1F 6F 25 43 A5 A0 20
000079A0  1C A9 86 27 5E 2B 0E 1C E5 A7 A4 AC 57 31 D2 A2
000079B0  B4 99 99 26 69 95 C6 A9 DD 18 57 A2 E8 27 DB 24
000079C0  25 28 3E 26 77 28 F2 94 CB 26 26 AD 6F 20 39 AA
000079D0  BA 21 15 AC A9 9C C6 A4 43 AB 3E 22 CF 20 FE 2F
000079E0  D7 1E 4B A5 5A 9F 3D 24 C5 2D C9 A1 B0 A6 45 22
000079F0  C4 A0 AA AE 34 94 56 17 BE 1B EC 94 84 98 D6 94
00007A00  F2 9C F0 9E 1C 97 8D 17 45 14 88 1C DB 19 02 99
00007A10  C3 A6 6B 17 B5 A3 F2 14 8D A4 5B 20 96 13 FE 97
00007A20  82 12 53 0D 1A 93 EF 21 CC 21 49 A4 E9 20 4A 90
00007A30  6C 98 16 9C 58 19 DF A2 23 91 11 9C A3 1C AE 91
00007A40  42 8B B2 9E AA A1 ED 18 39 1D 72 8F 7B A2 B9 0C
00007A50  E2 93 88 99 10 A0 4A A3 71 A3 03 A1 11 9B 2E A0
00007A60  1A 20 DE 95 D5 91 3B 19 74 1B 37 18 3E 9C E5 99
00007A70  B5 88 FB 96 E4 1E 1C 20 94 14 AE 9C 77 97 96 A1
00007A80  A0 9C 34 9B FA 16 AF 99 45 1E 5F 18 44 1B 70 23
00007A90  C8 9C 05 94 55 1F 7E 9E 82 1B 33 9D 81 8E 8C 22
00007AA0  52 1E 4E 16 73 99 8C 9C 68 1A 7A 92 6A 24 8C 15
00007AB0  07 1E 97 A3 84 AA 0E 29 9C A6 90 22 D9 1C EA 23
00007AC0  EF A6 CD A1 C0 25 0F 24 4E 8A 30 28 AA 21 80 19
00007AD0  3E 29 D2 1F EB A5 E9 2D F9 20 97 A6 42 9F 16 20
00007AE0  1F 8E F1 28 92 A6 55 20 A5 A5 60 A9 A0 25 2C A9
00007AF0  B3 29 91 9C 7D 0B C2 98 59 A0 D3 98 A2 9C 59 1E
00007B00  AB 91 0B A8 F0 A9 B6 26 1B 9C 5E 25 3A 1E CF 9D
00007B10  76 25 0C 18 5F 9B E8 A2 4D 15 EB A9 BD A4 FF 23
00007B20  3E 13 71 A2 BC 29 46 25 AE AB B2 9C A1 23 52 1C
00007B30  2A 2C C1 12 4A A0 15 A7 54 28 E3 2B A7 2C A0 1C
00007B40  14 29 55 18 79 29 0E 1F 0D 22 EF 1F 32 12 2C A1
00007B50  27 92 5E AC 59 25 7E 9A 47 28 EE 2A 5D 0A 5F 2C
00007B60  E6 AC 4D 27 AD 20 A3 A2 39 A8 23 21 56 AF 3C 1A
00007B70  D3 1D FF AD A0 A8 87 A8 CE A0 D6 1E 2B 2B 03 AC
00007B80  2B A7 01 A8 01 A6 84 29 C0 1B 43 28 5C 28 57 A4
00007B90  8A 27 16 25 0B 1D DE A7 79 2A 3E 19 55 98 7D A2
00007BA0  EA 20 2E A3 0A 21 F6 A5 64 1A 8E 1E 92 A9 D3 9E
00007BB0  1A 21 2C 20 12 A1 31 A8 BD 9F 62 1C E8 A0 72 1B
00007BC0  E5 14 5E 9F 12 25 7A 9E 65 A8 50 18 BC 28 53 28
00007BD0  FB A3 2D 9F C9 A0 06 A6 02 A0 DB A9 DF 10 00 26
00007BE0  5F A0 3B 96 2C AD 62 A2 C2 21 BE 21 78 AB 78 2A
00007BF0  A9 1C 2C 21 2C 21 0A 27 17 27 14 AA 10 28 A5 26
00007C00  60 2E 86 99 0B 2A 48 2B 29 AA E6 A9 01 1F 1F A8
00007C10  7C A4 67 28 6D 1C BB A3 68 A8 D4 AD CB 28 D9 AA
00007C20  B4 A4 5C A8 2E 9F 6E 24 EF A7 E3 99 85 1A 02 1E
00007C30  34 A6 89 20 F6 99 6D A2 42 25 38 21 76 1F C3 29
00007C40  98 28 07 20 C3 AA 9A 10 B4 1D 26 A7 86 1E 16 17
00007C50  28 A8 D0 15 2B 18 7C 22 FE 9C 1F 2B 46 9B A8 A4
00007C60  7B 22 8E A3 84 0F 21 1C 07 A4 5F A9 82 A3 17 A4
00007C70  1D A6 59 A3 96 9D 2A AC CC A4 83 28 E9 25 26 27
00007C80  9C 15 14 22 1A A8 BA 07 D7 A8 07 11 A1 20 4D 1A
00007C90  E5 A7 5B A1 90 A1 21 21 EC 28 52 A3 49 1A 36 14
00007CA0  23 A1 28 A1 3A A3 EB 24 53 A9 D5 98 76 21 A8 9A
00007CB0  54 93 C7 A4 0E A0 52 28 3A A5 CD A0 0B AB 59 28
00007CC0  93 A1 88 A1 2D A9 A8 20 6A 27 ED 22 EC 25 EE 24
00007CD0  B3 89 FF 1C 84 A2 3B 19 CF A7 09 9A C5 A0 4E 28
00007CE0  03 A2 64 9D FB 92 91 A5 0A 2A 94 27 86 24 9C 90
00007CF0  A3 A5 80 A4 0E 0D D8 11 79 0C A4 8D DC 0A 6B 1A
00007D00  5D 97 6E 11 4C 90 26 89 02 14 FF 98 D1 15 EA 17
00007D10  C1 94 C6 00 CB 98 FA 95 56 86 41 95 76 08 EF 8E
00007D20  32 16 4F 93 1D 91 85 11 A0 15 1F 11 C1 10 03 98
00007D30  D1 05 3D 0A DA 90 70 97 D2 91 51 8C C9 12 B3 88
00007D40  44 01 D6 03 8E 19 27 12 30 8C 09 92 45 92 FC 11
00007D50  FB 0B A8 8F 78 15 8D 96 DD 03 11 94 95 12 03 94
00007D60  BA 04 D0 8F 71 0C EC 14 64 0E 84 81 6F 93 A7 11
00007D70  AF 01 7C 98 C1 92 F6 0E 84 93 6D 15 F7 92 F1 16
00007D80  95 8E A8 8A A4 96 EF 97 50 13 9D 11 98 18 D8 14
00007D90  CB 0F 24 8E EA 0C 42 0E 6F 0E 3B 17 18 8E 69 80
00007DA0  8D 97 91 92 7A 8C 5F 98 52 8C 0D 15 46 07 CB 12
00007DB0  74 92 7A 8D CE 1A 2A 2A 5D 9E 97 97 73 28 AB 9D
00007DC0  E4 24 85 21 5A A8 57 1C 0A 92 09 26 27 21 70 22
00007DD0  8B A7 E8 26 09 1E 31 98 51 AA AB A4 7E 20 96 32
00007DE0  FB 24 F9 A8 D2 25 95 21 20 1A 7D AC 7C 1A B5 AC
00007DF0  5F A6 E7 20 04 9C 3D A8 A9 16 CC 25 44 26 61 19
00007E00  0F 0E CC 9B 55 92 AC 1E 41 24 0B A6 C0 A3 EB A4
00007E10  D1 25 45 A4 E2 1A 4B 2B BE AA 2E AA 15 A9 14 90
00007E20  C0 96 EE 16 B3 A6 46 A4 24 9C 36 22 30 A4 AA 9C
00007E30  62 A5 30 19 E4 98 B1 A4 67 27 6C 24 49 28 6C AC
00007E40  EF 1D F1 A1 FB AC 71 A4 BE 09 96 A4 E0 A2 49 A2
00007E50  64 13 A2 2A BB 27 69 21 AA A3 6A 0C 8E A6 88 23
00007E60  AD 24 E9 A2 B3 22 81 28 83 9F DC A7 13 27 45 A5
00007E70  6F 26 72 8E AF 23 A1 26 4E A7 C0 8E 35 18 51 A0
00007E80  0A 26 B4 A8 50 2D 65 AD 9A 27 94 2B 9C 8C 0D A2
00007E90  75 A5 7E AC B5 A2 24 2C 77 A6 52 9F 63 AA B4 26
00007EA0  94 A5 8A 12 06 9D E2 2A C0 27 E6 31 10 99 27 1E
00007EB0  80 A5 84 A6 60 1C 31 2A 6A 24 3C A1 44 94 0A 9C
00007EC0  83 13 53 A2 02 A6 E0 A7 9B 18 2C 28 4B A4 56 1A
00007ED0  4A A4 45 24 84 A4 A0 26 6E A3 3D 14 4F 20 0F A1
00007EE0  F6 9C 5A 19 52 2C 31 28 42 A8 5D A7 9A 24 29 22
00007EF0  8C 1C 4C A1 D9 9C 3E 26 53 9E A9 26 C5 1D 04 A4
00007F00  48 A7 7C 24 6B AA 07 97 CB A3 D1 93 B3 9D 19 A7
00007F10  AE 9C 7A A2 15 2B 89 A1 E0 2A 8B AE C3 22 4B AC
00007F20  B9 A4 45 2D 69 A0 97 29 65 A8 E6 A7 35 1F 82 24
00007F30  7E 23 65 A4 88 97 55 28 AE 9A E4 26 7E 9E 34 A4
00007F40  5F 28 2F A1 52 2C 1A 25 5C 24 FF B0 86 27 EA 16
00007F50  D5 2A 9B AA E4 A2 34 9E CF 21 BB A0 77 A9 89 2E
00007F60  77 A8 6B 2B 9B A1 BA 2C B3 27 FA A1 C6 1E 51 1C
00007F70  74 A6 59 A6 E0 1E 32 22 63 97 2E 8B 22 A8 56 A8
00007F80  F2 90 32 A6 B7 AF FD A8 47 1E 7C 26 43 2A 0C A0
00007F90  8D 21 BA A3 21 A0 A5 26 F9 1F 4D 2A 6D 22 11 9A
00007FA0  F4 A5 69 24 7F 28 11 A5 A7 21 64 A4 62 20 C2 1D
00007FB0  7E 2C B8 9F C6 A2 3A 29 F9 20 58 2C B2 AF 3A 99
00007FC0  53 17 31 10 A8 26 9E 2B 4E A0 82 2C 65 25 48 1D
00007FD0  B6 1A 69 AA 69 9B 79 A9 66 12 7E 26 D4 90 6B 14
00007FE0  A0 27 F1 14 40 22 77 B0 68 2E A6 25 02 9D B5 20
00007FF0  F2 20 4E AA 36 19 B9 9C 6D 9D F4 9C EE 1E 0D A5
00008000  C0 1C 6A 24 11 99 FB 21 5C 1B CB A0 BE 19 BE A0
00008010  ED 24 5A 23 72 14 ED A6 1E A0 20 22 6A 8F 3C A0
00008020  01 98 15 9F C2 A5 F2 94 86 9D 94 16 0A A1 DA 02
00008030  C7 9D 6C 20 36 94 14 A4 F9 8C BE 8E 74 1F 95 18
00008040  80 0E 6D 9D 6F 23 DC 12 D7 16 F8 9A 5B 1F 44 1E
00008050  E0 9B 56 8F 26 07 42 A2 65 9C F3 17 33 9F A4 1E
00008060  CB 08 B1 9D 6C 97 F2 93 CA 96 22 23 DA 9D 9A 9E
00008070  A9 9B E4 9C B0 8E EA A3 F8 9A 41 1C 88 23 7C 20
00008080  6A 9C BA 9F DB A3 5C 9C 79 1D 90 1D 3B 1B C7 1E
00008090  E4 1B AB 9F 2C 9D 29 9C 0B A1 95 21 23 1C 18 20
000080A0  15 18 C9 1C 64 13 CF 21 2E A1 7A 17 DE 9D FE 9B
000080B0  35 1E 6E 22 F7 24 EF 29 D3 A4 86 22 3C A4 93 A8
000080C0  72 24 26 24 F1 2B D6 1A FA 21 6A 25 5B 9D DB 1B
000080D0  5B 2A 7A A5 69 9D 5A A4 6A 28 6A 15 60 A2 DB 13
000080E0  4F A3 8F 26 96 25 27 2E A9 1F 06 A1 B2 22 1C 26
000080F0  2B 19 63 A6 A0 20 98 26 FE 99 38 A4 2C 98 90 9A
00008100  13 15 BB 1C 8E A2 5C A7 AC 22 1D 1C A4 9D 19 9D
00008110  21 A4 D2 9E 92 24 FC 9E C4 2A 11 1D 54 98 32 21
00008120  3E 27 4B 1E 83 20 4C A7 63 22 59 25 54 A5 7C 9E
00008130  F7 AA 58 99 4C 1C B4 2A F5 14 81 A5 B9 93 B9 1E
00008140  A4 A9 2F 1C E9 AB 4A A0 EB A7 2A A9 61 25 8A A6
00008150  A7 19 48 A2 D7 9C 79 24 E5 1A C4 27 E7 9F 70 A0
00008160  CA 97 A1 27 88 A3 B3 24 04 AC 3B 22 42 29 82 9E
00008170  E8 9E 5F 9A 47 A4 3A A5 4C 29 51 21 85 A6 A7 27
00008180  DA 21 C3 A0 09 B0 B6 A3 C1 96 19 AA E0 A8 B2 24
00008190  82 20 EE A2 13 29 22 19 CE 1E 3D 9D 60 9C 0C 2C
000081A0  E1 AA CD 25 A4 A0 A3 2B D6 B0 E5 A1 0F A1 17 A5
000081B0  2B A8 70 A8 E6 9F C2 AA F5 20 88 20 B9 A0 59 1E
000081C0  1F 18 37 A4 B6 A8 42 28 55 A9 7C 1F 05 26 C6 1F
000081D0  46 A4 BC A5 E1 9F D9 24 7E 29 B4 26 D8 1F AB 22
000081E0  C4 A8 40 20 45 9C C9 2B 28 AD 31 96 22 2D A7 13
000081F0  97 AA CE 1F 77 21 B9 AA A5 A5 53 AC 3F AE EC A2
00008200  9B A5 1E 9D 4D A8 05 28 26 1D 3A 28 13 25 7F 28
00008210  CE 1D 24 A2 AA 1D 87 24 F9 21 3B 22 B1 A4 58 29
00008220  25 98 61 26 45 11 18 AC FD 2F DA 18 CF 23 76 24
00008230  C7 29 A2 A2 3B 9D 4B A4 25 21 B2 17 A4 9C CD 22
00008240  F4 26 B7 00 12 2D F3 28 8B A0 C8 28 7F 9A 3B 18
00008250  A3 AD 13 1C 90 17 2A AD 46 A5 05 1D 68 1D A8 9B
00008260  39 24 66 19 C4 20 FA A0 B1 22 4D B5 F1 A0 5F 13
00008270  20 A5 73 A7 2C 81 C4 9E 3D 22 1C A1 2C 9E 72 A5
00008280  90 0A 31 25 AD A1 33 1A 20 1E 4A 24 F2 99 CB 9E
00008290  95 24 3B A3 08 1C 21 9E 69 A8 8A 1E D5 24 1B 1F
000082A0  1F A0 17 A5 DF 26 71 24 69 98 80 A7 E8 30 C5 AB
000082B0  31 A6 C3 9D FA A1 D7 2D 4E 20 99 A8 24 AE 8F A7
000082C0  31 A7 51 9A AC A1 99 15 E6 28 59 A8 D2 21 E3 20
000082D0  AC 1E A4 A7 2D A8 54 AD AC AD 6A 32 34 25 7C 2A
000082E0  DC 1C DD 2B AC 21 BC 2A 83 AD 23 20 4E 1F F7 A4
000082F0  68 29 61 2A 39 2C A0 2A 86 98 0D A4 1F 9F 2A AC
00008300  AA 20 C9 2D 00 8C 30 23 6E A2 74 AE 5F 30 09 AC
00008310  DE 25 E9 23 2F AF 9E A9 95 1C CB 2B CF 28 CC AC
00008320  CC 1F 68 AC 3B 2A CC 2B 2B 9E 6B 2B F7 26 5F AD
00008330  4C 13 47 26 1C 29 3C 2C 3D 28 40 28 1B 23 F6 25
00008340  79 94 68 1C 5E 2D 05 A0 33 A6 0C A5 FE 23 30 9F
00008350  59 2C B4 18 DD 2B 3C A6 25 AD CE 2B B6 A7 12 AC
00008360  07 26 82 20 56 B0 9D 27 AA A6 97 AA D3 A5 8C A8
00008370  3C 15 B8 A0 56 AC B5 A8 5D AA 44 2C 1B 25 29 A4
00008380  70 A5 33 A5 F6 A9 D9 A1 D0 27 32 29 D4 1B F1 24
00008390  4F 97 A6 A9 FB A8 54 27 BC 26 34 20 62 A1 00 A7
000083A0  B2 22 85 2C EB 26 5E A8 95 A0 3D A9 86 A9 51 27
000083B0  96 2C 53 28 CB 9D A1 A4 52 9B F2 A3 3D 23 1D A8
000083C0  3A 9F 4D 22 75 A4 78 21 DB 1C 88 25 DC 23 F7 1E
000083D0  22 27 1F 1D AD A5 3C A7 52 A6 97 94 6F 05 FC 9E
000083E0  3F 20 4D 18 6F A3 F2 9A A6 A1 80 9F CC A5 0E 24
000083F0  DA A1 B0 18 60 9D C5 A7 18 26 87 97 68 9E 6A A4
00008400  15 8B B6 9C C8 27 23 1D CA A2 48 A4 E0 18 37 10
00008410  82 A4 CB A0 AA A2 FA A5 1D A5 0C 90 F3 A2 DF 9F
00008420  8B 9C FE A2 71 A5 90 99 F7 19 2F 25 66 A8 2C A0
00008430  E5 9C 85 21 BD 23 4F 20 10 20 3B A3 83 1E 89 1F
00008440  5F 9D 33 18 B2 20 9D 93 82 A1 66 8B A1 20 7F 21
00008450  01 18 3F 26 1C 19 E6 A6 62 A3 2A 0B E1 89 06 A5
00008460  0B A1 A0 A8 4B A1 CD 26 14 9C 30 A2 64 9D 83 A0
00008470  86 16 E6 25 A2 22 0F A4 5E A5 55 9E C2 95 6F 1A
00008480  60 27 A3 A8 69 19 9C 25 DE 22 58 B2 10 9C 56 29
00008490  2B AB EC 23 07 8C C2 2C 06 AA DD A6 C4 20 9D A1
000084A0  C2 11 13 29 D8 99 C4 1E 9E 29 28 26 99 23 B5 1C
000084B0  BE 2C 36 A4 14 24 02 A2 38 25 6F 9D CA 90 89 9F
000084C0  47 11 24 A7 AC A4 A3 A0 CB A0 61 A2 3D 25 E8 A4
000084D0  33 A3 CD 9C BC 24 DE 9E C0 28 70 21 66 26 3E 21
000084E0  3C A2 83 A4 88 2B 19 9E 10 9F 36 26 7A 30 36 95
000084F0  76 2B E3 23 1C 1E 89 A5 50 A6 CB 27 4C A8 38 28
00008500  33 A6 4C 9E 2B AA C8 20 9C AC 41 28 E1 A2 02 28
00008510  D4 9D C4 88 74 A1 EB 28 4C AA 30 2D D1 A4 AF 20
00008520  D8 A8 C7 9C 36 04 42 AB 8C 29 6D A0 B9 2B CA 9C
00008530  80 2A C5 29 31 9F 6F 9E 3D A1 6A 90 E2 27 78 A2
00008540  BB 24 D9 22 63 A8 4C 24 F1 1D 76 17 BE 20 CA 20
00008550  6E 29 92 A0 96 1D 92 26 ED A4 39 28 66 1C 5E A8
00008560  CC 20 08 99 BA 21 E9 14 A0 28 A6 A4 6F A7 D1 A5
00008570  8E A8 4C A7 30 A5 0E AB A0 1B 35 24 CA 14 D7 9A
00008580  9F 8F 50 20 9C 9D 09 24 C1 A0 8C A6 A5 19 2A 9E
00008590  F6 A6 DB A2 35 A0 5A A4 C0 A5 6C A3 51 93 49 9C
000085A0  47 20 D0 9C 31 A9 98 A6 3E 21 D4 21 49 A7 78 97
000085B0  8A A4 5C A6 54 1B 3A A2 F2 20 6C 9C 27 1B 0B 27
000085C0  81 9C F5 96 B1 A9 C8 95 42 A1 E8 20 CA 13 4C 19
000085D0  7E 1C 4A 24 D1 9F 45 1E 35 98 9C A8 73 23 63 9A
000085E0  5D 9F DA A9 1A 20 3F 27 56 A7 2E 9F 01 25 29 A4
000085F0  3F 1D 01 A1 B2 A1 FD 19 0E 22 E8 19 C7 9C 3E 27
00008600  C5 A0 1F 9C 99 A2 0E 1D 42 11 C7 A7 BA 21 B2 1E
00008610  79 A1 20 20 7A A1 DB 27 0B 24 1B A0 A6 20 55 11
00008620  F1 1F A9 A4 68 99 2E 21 02 20 FA 9F 21 1F 06 1E
00008630  22 20 08 1F 2B A1 72 18 1E 22 0B 15 A5 1D A3 18
00008640  77 13 99 95 B3 9A 33 21 7C 21 21 A2 93 1E BA 9A
00008650  0B 10 8B A4 2C 9C 8C 17 DB 22 9F 26 0B 1C 19 9D
00008660  09 1D 5B 9F 1C 14 FE 18 11 9C B4 94 09 25 96 9D
00008670  52 A5 4A 1B BB 09 59 9E 3F A1 0B A7 B2 A2 D8 9D
00008680  42 22 35 96 37 A9 2E 9E 86 26 6C 24 2D 9B 0C A8
00008690  0A 25 FC 1E 7D A7 2F 2C 17 A4 BA A3 48 12 B1 2C
000086A0  B6 0D DF A1 D2 9A A5 9C BD 2A 85 95 BE 2C E1 96
000086B0  C6 1E B6 A0 6B AB 0F 2F FE AD 4E 30 5A A5 45 38
000086C0  B0 30 9F A9 D9 30 86 B0 32 2C CE B2 A6 24 C1 25
000086D0  61 35 D8 A3 71 AA B3 33 2E B0 4D A8 27 AC 24 34
000086E0  5F AC AF 31 C1 B1 08 29 16 23 F8 B3 0E B0 22 31
000086F0  4B 30 15 B8 34 AC 69 B1 2A 27 5F 29 A9 A9 66 29
00008700  40 1D 10 A8 D7 A4 6A AF B5 97 B0 30 60 AC 4B 29
00008710  BD B2 7A A4 56 AD 9D B4 AB 32 FB 30 36 2C 30 29
00008720  64 A8 7D 2D 5F 20 84 A0 CA A9 56 B4 29 38 93 B0
00008730  3E 29 88 AA 2E 2E 04 34 72 B0 6A 34 DC AC 61 B1
00008740  8C AE 07 30 BD B8 D7 2F 60 33 B0 30 C9 28 51 AB
00008750  27 29 54 B8 F9 2C 98 2C 9F 1B 7C 36 41 2A 47 AA
00008760  90 AD 2F 30 40 AB 8B AA A2 24 6C B0 2E 34 57 2D
00008770  00 2B 18 29 4D A4 E0 1E 10 A3 2B 24 72 99 DB 1F
00008780  02 2A 03 25 C6 2B BD 27 20 24 E6 AD 5C A1 79 A7
00008790  C8 1F 92 A9 20 A4 51 2F 5F 26 21 A8 45 AD E2 26
000087A0  FE A3 86 23 73 94 D2 26 41 23 0E B0 AB 1F F2 A5
000087B0  DD AD 94 A8 C0 23 9B 34 02 B3 D4 A6 82 1A 96 A1
000087C0  13 8E DC 23 9E AD 68 92 86 1E E4 24 25 22 FC 22
000087D0  1E 1C 5B 90 5A A4 9B 29 EC 25 6A AB BC 15 A6 A6
000087E0  AC 23 74 23 6D A5 B5 19 0E 28 5C A8 5F 2C 33 29
000087F0  4C 99 39 A5 3E A2 DF 2E 5E 9D 68 1D 42 24 BF A8
00008800  55 A4 1F 22 FD 2F 19 A0 F9 AC 8F AD 18 A8 D9 A6
00008810  82 13 39 B1 5F A1 92 A9 69 2D 95 26 AD 28 7B B3
00008820  9E 26 11 A8 3C A1 E6 AA D5 9F F0 A0 C1 AA 64 A3
00008830  F0 A9 69 29 12 20 01 27 41 97 5B 0B 46 12 88 24
00008840  06 A1 6E 1D E2 A2 29 A5 02 A1 58 8D B8 29 77 A2
00008850  BF A6 B6 23 9B A6 5E 26 71 9F 08 23 36 20 BF 18
00008860  9E A3 CA A7 23 A0 EB 19 C8 8F 2A A8 FC 29 47 A8
00008870  E4 21 92 9F 18 A2 21 1F 37 A8 64 2B 44 22 F3 1C
00008880  5E 97 0C 1F 05 A7 73 23 04 A0 D9 A6 5B 15 0F 91
00008890  6C 25 46 A8 12 21 81 A8 22 24 E9 AA 75 A0 4A A3
000088A0  5E 21 86 1F 07 97 A8 18 2E A9 09 A2 2D A5 96 A8
000088B0  27 A2 87 A2 A7 A0 20 A4 96 1B 15 2C 5D 29 4C A4
000088C0  55 25 5E A0 A5 91 E7 21 3F 2A 61 9A 45 A5 3C 22
000088D0  AA 25 27 A2 8B 20 13 A0 94 24 03 A8 35 A4 2B 2A
000088E0  CF A6 EC 24 4D 23 1D A6 C6 A4 E9 9F 33 21 46 1E
000088F0  94 19 B7 AB 77 A4 99 24 74 A6 0D 9B 6D 99 87 21
00008900  7B A8 1C 20 32 A0 68 26 D2 24 55 28 2F 2A 57 1F
00008910  2E A9 CD 23 20 22 3E 16 A2 A9 4E 9B 4C 99 7B A0
00008920  F8 24 6F A4 7A 9E AA 26 BE 9F 9F A8 1E 29 ED A8
00008930  2E 27 98 22 C5 A6 C0 9A 45 9F BE 8D 06 A5 9D 27
00008940  85 97 C1 A3 18 A2 06 27 7E 26 C1 9D FE A8 63 A2
00008950  B7 25 D8 A6 61 A6 5B A7 DD A4 37 A9 B0 A5 E3 A2
00008960  24 9F DB 24 01 A8 DD 1F 15 22 63 1B 14 AC 24 A7
00008970  20 A4 3A 21 3A 21 3D 1D E0 9E 5D 27 90 20 F8 AA
00008980  53 A8 E1 9F E0 24 04 A4 3D 28 92 A3 B0 1C 65 8A
00008990  99 20 4C 28 B1 A0 5F AA 94 29 ED AA CB 1D 57 24
000089A0  E6 23 3A A7 7E 1A 24 28 53 A3 66 A0 B1 25 E5 A1
000089B0  F5 21 71 A6 57 13 0A 12 18 92 93 91 18 12 9A 9A
000089C0  09 05 67 93 01 9B BE 94 2A 81 71 9A 48 8D 04 84
000089D0  8C 8A F8 84 46 12 8A 19 29 14 5B 10 6C 05 97 95
000089E0  30 94 05 97 57 8F 19 0F 62 93 D1 14 93 94 EB 18
000089F0  9F 15 8F 9B F1 19 83 0E D4 92 90 94 44 11 5A 9A
00008A00  80 10 3C 8E 4E 0D 16 11 D3 94 1C 94 E1 98 26 96
00008A10  1E 90 13 08 14 98 09 17 C6 0A A4 94 0E 92 4B 8B
00008A20  01 90 06 82 74 15 90 1B B9 89 4A 92 BC 15 9B 95
00008A30  F8 96 29 8A 87 96 C8 98 F3 94 0A 0D 08 16 BF 11
00008A40  53 10 EC 89 3A 9B 04 11 6C 14 E1 18 D6 94 15 0E
00008A50  F1 11 19 92 D1 1D 48 94 4E 16 88 19 D2 08 92 86
00008A60  4E 1A 4C 95 77 12 FC 17 7F 14 55 97 7B 0A 69 90
00008A70  69 9B 47 11 84 1C 2A A5 49 28 04 1D 1C 29 08 A5
00008A80  3C 20 B9 A6 33 29 89 A3 46 A8 05 A1 82 25 81 A4
00008A90  0C 30 C1 A9 B7 19 C6 2D 56 2A E9 A2 82 A2 50 A4
00008AA0  58 1F 2A B0 E9 1C F2 17 F8 2C 0F 20 9F A4 74 2E
00008AB0  A3 A9 CD 28 51 A4 A0 1B 4A 1E 59 2F 8B AB 44 25
00008AC0  26 29 9E A6 78 2C 03 A5 53 24 0E 29 49 29 A3 21
00008AD0  7F A4 93 14 25 1E 54 34 29 9C 7C A5 9B 22 0E A9
00008AE0  BE 30 4E 29 32 AA 5C A9 89 20 3E A8 7D 32 49 29
00008AF0  F6 30 EC 28 5A A4 75 22 F5 A4 BB AF 05 A8 E5 A8
00008B00  96 AC 2B 26 9B B1 9F 19 0E A8 0E 29 1D 23 3A A8
00008B10  6D 1E A9 2A 1E 2C E3 AA 27 30 D0 26 3A A8 30 29
00008B20  50 2C AC A8 D0 AA DA 2A 8B A4 6C 26 8F 2C D6 24
00008B30  23 AB 08 17 B4 1F BB 25 20 9A BD 9D 5B 24 E1 AA
00008B40  02 25 5D 99 B4 A4 1C 9D 65 91 FC A9 55 A3 6D 17
00008B50  FB 91 D8 9B F8 1D A4 28 10 23 F1 1D FD 12 55 23
00008B60  CC 19 E6 29 80 99 43 A0 60 A4 75 27 07 A3 5A 25
00008B70  45 27 E4 A1 F8 26 81 29 3F 10 27 98 3D A0 ED 99
00008B80  52 0F 0C 24 7F 9E 6B 9C 08 A4 99 94 B9 AC 66 8D
00008B90  0D A5 43 9A 36 A2 63 2C 88 23 CC 26 65 1D 46 A4
00008BA0  32 A8 6B 97 0D A4 B3 25 89 A6 7C A3 0F 2A 22 9A
00008BB0  C3 21 B4 9D C8 A1 31 A5 66 23 B6 A5 6F 23 2A 21
00008BC0  C0 25 36 9A 8A A5 6C 28 57 16 20 20 17 9D 69 A3
00008BD0  40 1D E8 8B 28 2C 43 A4 B6 1C 3A 94 F7 1B 3D 19
00008BE0  74 20 A5 9D CD 9F 52 29 2C 24 79 A1 00 23 5A 10
00008BF0  A5 AA EA A0 20 A0 A0 A8 F9 9C 68 1A D0 A8 74 2B
00008C00  A8 9D 11 25 33 23 E3 A9 B5 96 4C 29 1E 1B 8D 23
00008C10  39 A6 21 1D 99 19 EF A6 C3 A0 ED 94 D1 9E AB 11
00008C20  11 10 0B A9 5D 9F 3A 15 09 A1 15 A7 78 24 1C 21
00008C30  2E A5 15 A7 02 19 00 9F 3F 18 BF 91 6C 99 08 1A
00008C40  11 0D 17 9C 24 A6 4C 17 B8 A4 8D 1A B2 98 BA 16
00008C50  C6 9B 1F A4 01 A2 08 25 A6 15 93 24 5A 24 68 9C
00008C60  DE 9E 71 1F 70 2C 4A 2A 50 28 3A A7 06 94 04 23
00008C70  89 A5 FC 1F A6 A3 09 AD 8D 9B 7D 26 B1 27 C0 A8
00008C80  F6 25 D0 16 C1 A8 21 20 C6 24 62 17 B3 9A 7B 9D
00008C90  27 24 50 A8 7F A6 5F 28 90 1D 41 2A FE 22 E6 2D
00008CA0  27 93 F3 1E 03 A1 41 A5 8B 26 FD A1 8C A8 F0 21
00008CB0  A7 9B 48 29 5B 26 28 25 D4 18 4E 1E 62 1D 72 26
00008CC0  DD 16 E2 24 A2 9C 0B A8 20 91 AD 96 0F 23 04 98
00008CD0  26 A6 1F 1C 74 A0 46 25 E1 19 EB 1C FF 93 2B 88
00008CE0  1D 9A 24 1E 49 1C 31 A2 46 A4 04 A4 BC 1B 36 A7
00008CF0  7A 17 3F 9D B4 A1 DE 24 EC A1 9F 27 B9 16 9A 8B
00008D00  F3 10 EC A0 0E 17 0D 2B AC 1E 1F 96 C6 26 CA A1
00008D10  C1 9E 2D A0 C4 1E EA A6 50 A4 70 A6 28 A4 8D 1E
00008D20  07 9E AA 23 63 A0 31 1B C4 95 3E 9D 1A A7 56 A6
00008D30  39 11 0A 9E 0B A6 03 1D 06 24 57 18 8A 24 88 A4
00008D40  86 A8 19 A2 85 8E 3F 15 AD 9A 29 A1 5F 9C 39 2C
00008D50  B2 1E BE 97 BA A5 F5 A6 D3 A2 2A 9A C8 9F E6 9B
00008D60  44 A7 1B 18 82 98 74 A2 79 A8 18 25 44 A8 88 A2
00008D70  57 25 28 9C 1D A0 79 26 EE 21 62 25 29 A4 D4 24
00008D80  72 22 6D A3 65 A8 A3 A1 A9 22 75 1D 6A A1 C9 9A
00008D90  73 27 14 24 08 20 F1 99 45 A0 E6 28 99 A4 65 9D
00008DA0  0D A4 12 98 50 23 FF 8B 59 AD 16 11 CC A4 9D A8
00008DB0  DF A9 FD 98 49 9D 2A AB A8 24 17 1A 2B 23 17 99
00008DC0  A5 15 DE 1E AD AB C6 91 C2 B0 6E 26 6A 2A 64 A1
00008DD0  8C 29 BF A2 2E 8E 27 A5 A6 99 38 A7 2B 10 38 03
00008DE0  54 A8 CE 26 BF 28 29 9E 5D A9 58 9C 7E A7 EE 93
00008DF0  F7 A8 59 1E 3E A4 DF A9 0E A8 C1 26 39 9C 2C 29
00008E00  3A A9 C1 22 8A 2C E1 12 8A 2A 5F 24 35 15 A2 2C
00008E10  7D A2 0C A5 BB 2C B1 28 C6 9C 80 A0 6B 23 0E 26
00008E20  0B 27 93 A5 11 99 ED A4 F0 24 1D 20 53 24 38 21
00008E30  5D A5 FC 9F DC 9C D9 9F 11 23 62 1D 91 22 DF 25
00008E40  2C AB 70 2B 24 A0 B0 27 81 24 70 24 5A 32 F9 A8
00008E50  2A 23 8B 26 69 20 EC 25 CD 12 EB 28 C9 A7 1D 98
00008E60  61 1E 61 A2 5C 1C 7A A4 7C A5 67 2A B3 A5 7E B0
00008E70  66 29 BA 9E A1 19 4B 2B 55 24 62 99 B0 20 A4 1A
00008E80  80 96 A7 24 12 1F 34 AA FE 29 20 A7 FB 93 FE 9F
00008E90  64 24 FB 1D BD 28 7F A8 BF 25 A4 9E CB 9D 23 A3
00008EA0  05 A7 0B 95 54 A1 0D 29 CA 1C FD 97 0F B0 B6 AB
00008EB0  CE AC DC A1 8F 9F 5D AC 35 AA AF 1F EA 2A 71 A9
00008EC0  03 A0 99 23 6F 2E 1D A8 95 23 DA 28 D6 22 47 28
00008ED0  80 A5 59 23 B3 AC F3 A4 13 25 77 AE BA 23 3B AF
00008EE0  F0 9C 70 29 E3 1C F3 A8 17 98 F0 99 57 AA E9 A4
00008EF0  28 28 9C 13 B6 24 85 25 0E 94 A2 18 25 1A F8 21
00008F00  E9 29 35 28 B5 1A A5 17 39 28 71 B2 AB 1D 99 A2
00008F10  CC 26 5E 24 0A 9E 53 A6 5B 14 08 9C 79 A8 36 22
00008F20  89 A1 5B A5 FB 1F E7 AC 75 9D 49 AC 8C 9D 81 9B
00008F30  07 A3 D0 AB 29 1E 1C AB C5 1D 6B 23 7E 18 52 9F
00008F40  0F 87 6B 20 4D A0 CD 93 6F 9A E8 20 80 A6 0B 1D
00008F50  B5 94 B6 A4 8A 9E DC 1E 2C A3 B9 27 29 AA 5E 22
00008F60  27 97 26 2A 68 2A 16 A7 1B A5 AF AE F1 30 08 26
00008F70  DE 19 5A 18 98 1C 64 1F 88 A3 51 A2 1A 29 39 A1
00008F80  18 0B 59 25 B6 B0 D1 89 CF 28 5E A8 8B 14 36 9D
00008F90  EE A2 F0 AB 91 A6 F0 22 AA 9D 37 34 01 24 5A 22
00008FA0  EE 26 6C 2D E3 1D 0F A8 BE 2E 2B 21 03 8D 09 23
00008FB0  3C 9D D0 2B 96 A5 8B 20 80 94 5C 90 7E A0 EA 18
00008FC0  7F 20 ED 0F 28 25 07 A0 E7 95 1B A1 C9 1C 7F 1C
00008FD0  1C 22 0C 9A E4 99 F3 94 C4 1E 26 19 34 1D F1 18
00008FE0  DC 83 CA 25 70 99 AF 9D 5E 9E EF 21 6F 1B A0 1E
00008FF0  E7 14 D0 96 80 16 34 1C 31 1C B2 9D 07 A3 E1 99
00009000  7B 0D 2D 17 0C 23 9B 14 F7 9B 44 22 74 20 5A 93
00009010  EB 1B 3C 17 92 24 AC 25 B0 24 52 20 C9 9D E1 1D
00009020  B1 9A 39 18 69 21 BF 1C C2 9D 72 0C 6B A4 3A 9C
00009030  E7 A3 02 18 28 A4 A6 A2 69 10 16 05 8C 20 F6 89
00009040  5F A0 B9 9C EE 21 69 98 B2 A1 54 20 57 99 3E 91
00009050  1C 1D 11 0F 3E A2 B3 A4 0A 17 4E 1C 81 9C 8B 8D
00009060  E0 99 6B 1B A6 97 48 21 F7 9F 61 93 58 A0 A3 09
00009070  1B 9A 7D 11 27 A4 6C 21 EC 10 39 29 E0 24 D6 A0
00009080  EB 27 87 A8 54 22 59 26 CD 1E D8 A4 E3 1D 43 9E
00009090  A4 B1 53 27 85 97 4A 28 C1 A4 10 1B 17 84 86 23
000090A0  35 27 BA 24 67 24 BB A7 B6 28 20 A5 6B A5 86 2C
000090B0  03 1E 11 21 63 A1 16 AE 79 1C 03 9F 83 A8 E1 26
000090C0  8B 02 F4 A1 F9 A0 D4 A1 71 A1 D5 A2 EB 14 CE A5
000090D0  8F 33 89 A4 01 A4 B8 A3 E7 A4 C8 AA 34 A9 BB 26
000090E0  57 A2 80 9C 43 26 D3 AB AA 24 9B A2 2F 27 DA A8
000090F0  62 23 3B A5 15 A1 0E 2A BF 94 F4 9B 81 AB 32 2B
00009100  D1 28 AE 21 4E 96 8B 24 D1 A6 78 29 90 A8 1A 99
00009110  38 A4 D4 27 FA A0 46 AA 5C A8 44 9E 09 95 0F A8
00009120  26 A8 F8 99 01 1E 83 A6 39 9C 89 A5 80 29 57 8B
00009130  87 24 67 28 BA A0 AA 24 55 9D EB 23 0E A3 CE A5
00009140  60 17 AF 1F 10 29 4D A8 2C 22 8D A4 24 22 FB 96
00009150  C6 2C B9 22 8D A4 FB A7 02 26 A0 25 F1 A4 3E 9C
00009160  DC 1D 2E 22 E8 A2 7A 27 15 A9 C3 2A 04 28 49 A6
00009170  7D 1A D8 A6 37 A1 1E 25 28 95 70 1E CE 14 46 99
00009180  41 0C 1B A0 1F 99 7B 22 58 A0 89 25 E3 1E A2 9D
00009190  6F 22 3D A2 DD 24 AA 20 6C 9C 6D 25 7B A2 27 21
000091A0  77 9D EA 9E 22 13 E8 22 9D A7 08 14 28 A9 79 9C
000091B0  C0 27 C3 A4 01 19 FE AA D8 1F 4D 23 58 2C 5B 26
000091C0  DF 26 42 24 B4 28 C2 9F 13 24 C8 22 FE 25 B3 A9
000091D0  E5 10 30 AD FC A9 AC 25 3B 25 AB 28 10 A5 36 29
000091E0  D8 A2 78 26 F9 1F 4F A6 CE 2B 78 9C B9 AA 65 25
000091F0  20 21 5A A9 55 21 72 20 FE A2 8B 20 8C 9F 2C A0
00009200  E0 98 B1 1A 87 20 95 A3 28 A1 F0 A7 79 9E 86 1A
00009210  39 24 60 95 DC 1D E4 23 6B 25 5C A1 60 A2 55 96
00009220  C0 A5 D8 2D E2 19 02 A8 2C A3 22 24 D2 9C 26 28
00009230  3B 24 83 A2 B9 A3 90 24 EA 25 A8 A4 12 9F 45 24
00009240  9C 14 EB 0F E6 21 AB 93 54 A5 74 24 A2 27 9A 9F
00009250  31 94 1C 96 27 30 A7 A6 26 28 11 18 EF AA C7 1E
00009260  55 9E 7A A0 34 21 22 28 C1 A9 2B 1B 5A A0 99 27
00009270  B0 21 2F 22 8E A3 27 23 29 23 5F A5 88 20 DA 24
00009280  D3 9F A6 1E E2 27 F0 A6 70 A8 BD 1F 0A A4 ED 01
00009290  F9 9C 70 A5 4C A4 EB A8 3A A5 4F 94 A2 9D 11 1B
000092A0  ED A8 22 1F 55 A0 BB 21 ED A8 35 20 67 98 48 94
000092B0  DC 22 2C 28 C6 A3 69 16 EA 1B B1 9B 5F 98 25 24
000092C0  14 23 78 A0 30 24 FE A0 22 A0 DD 28 6B 1F 6A 13
000092D0  55 A0 02 15 3E 89 68 A6 97 1C 53 14 19 9C 64 21
000092E0  CD 8B 2A 18 32 9B 50 A5 D4 9F 41 23 03 22 89 A8
000092F0  14 29 24 A1 52 25 8F 9E 86 1D 4A 9F E9 23 71 A1
00009300  A3 99 0A 20 71 A3 6A 22 D8 24 50 A4 96 A6 B9 09
00009310  52 18 AC 25 4D 9E 70 A0 1B 29 1C A3 D8 9F E3 A6
00009320  80 9E 6D 20 E4 23 6B 9D 7E 1F A7 9F 12 A9 58 1E
00009330  6A 28 78 11 53 12 30 1A 8B A0 72 17 AD 1F 39 AB
00009340  B6 A2 DD 1E 82 25 C3 9B 22 24 38 24 7F 9C EF 23
00009350  BE 9E BC 25 B1 24 D1 1E 2F 23 6A 18 81 92 2D 24
00009360  B0 21 5F 24 90 1A E7 98 AC 24 46 24 21 A4 DE 21
00009370  4C 95 9A A0 97 1F 13 16 61 1B 2C 9C 84 1F 82 1D
00009380  24 19 FC 1A 5F 9C 4C 95 C5 1D 5A 1F CD 86 0C 18
00009390  55 A4 01 1D B9 1C E6 97 4A 9D 94 21 D3 91 D4 1D
000093A0  B8 9C DC 91 87 21 FE 83 2E 1B 54 A0 37 9D 58 A0
000093B0  17 21 B7 99 54 16 BA 9C A7 94 B0 9C C1 9D 2D A0
000093C0  2A 95 65 8F FE 90 FB 1D 94 96 4F A2 9F A0 D5 19
000093D0  98 99 98 19 FE 14 CA 9C C9 23 90 A1 D6 14 3C 19
000093E0  79 90 65 A0 43 A1 4E 1D 6E 18 F9 20 69 A0 23 9D
000093F0  C4 9A EE 9A 4A 9A 8B 15 A7 19 AA 15 91 1F F1 8B
00009400  5D 1D 52 9C 14 9E CE 9C E8 1E 90 A1 88 1C 8B 12
00009410  EB 9B DE 1E 4D 17 1E A1 13 1E 1B A2 30 8C 43 8F
00009420  94 99 AC 91 97 1F 82 20 48 18 5D 20 14 8D E3 83
00009430  40 21 60 15 79 A9 0F A4 A5 24 0D 26 40 28 AD 28
00009440  B1 22 A6 A5 CA AD 7F A9 15 A0 82 AD FD 9D D2 A5
00009450  23 1D EC A1 AC A4 D4 9F DE 28 A4 A5 37 A4 26 A2
00009460  0D A5 B1 29 5E A6 38 AA 69 A1 4C AD 27 9F 42 2D
00009470  0E A8 4D A9 CE A8 39 A8 DB A1 73 20 8C AB B0 24
00009480  74 1D B4 A5 56 1E 9C 20 97 29 79 25 77 21 AC A2
00009490  97 AD EA A6 8A A0 A1 22 51 A8 B4 27 08 A6 74 9C
000094A0  04 25 FF 19 81 AC 4B 96 7A A8 A4 AA 55 2E 35 2B
000094B0  E9 2B 71 23 9A 27 53 26 12 09 E6 AC AA AD FC A3
000094C0  75 29 4A 20 C0 2D FE A3 15 1D 84 A0 01 9C 25 AA
000094D0  3F 23 96 A1 8F A4 DE 2A D9 A1 A6 9C 50 9F 6D 22
000094E0  F9 A3 DD 1C EA A7 0C A4 3A 31 FD 20 70 2D E4 25
000094F0  8E AA 84 26 6B 1C EA 1C AB 20 A4 20 43 1C 34 94
00009500  3D 20 04 8F E1 A0 40 A4 9B 1C 88 24 88 9B 25 13
00009510  A0 1C BF 17 C8 96 29 22 76 20 D5 95 B7 9C 54 94
00009520  25 9E 43 95 94 99 F4 9C 80 15 13 20 F0 1E C5 9C
00009530  34 1E BE 9E 01 1A 57 0A 9C 9A 6C 20 75 83 E3 9B
00009540  20 15 05 92 9B 98 B5 8D 9A 9E E5 1C BD 1F F5 9D
00009550  74 A1 BB 9C 34 0C A9 94 72 20 F0 1C 9B A0 EE 20
00009560  30 A0 DC 97 13 21 42 1C FA A1 FE 1A 22 A4 06 98
00009570  8A 17 11 1C D0 9E 39 19 C3 9D 30 1E 3A A0 E8 22
00009580  83 9C 53 18 24 99 5F 9F 57 1E 01 1C 7C 05 15 23
00009590  87 95 C3 9C 90 9D E2 1A B9 A0 D2 A0 88 9C 23 A3
000095A0  32 94 6A A1 16 9D 67 1F 52 9E AC 1B B3 A5 4A 20
000095B0  1B 22 BB 1E FF 24 F1 22 32 1A 84 20 A6 12 75 14
000095C0  EE 97 BA A4 E6 A1 09 AC 57 23 AC 2B 5F 25 B7 20
000095D0  6E 27 EE A9 E2 A3 91 1E 9A 25 5F 21 F3 A7 C2 28
000095E0  B6 A6 07 29 34 9A BF 26 B7 21 A3 25 A5 1F 31 9E
000095F0  73 1C FA A3 E3 17 3E AC 41 A5 A6 1F EC 9C BF 9F
00009600  3E 93 35 A0 43 A9 D4 9D 40 9C E0 24 6E A4 B7 A0
00009610  B7 A4 E9 19 5F 23 56 A0 2E 29 60 29 5F 24 C0 29
00009620  68 A2 74 9A 5D 2C 38 9F 05 A8 9D 9B 23 25 53 A7
00009630  23 AE 42 A7 5C A0 60 1B 22 15 52 28 4E A8 3D 95
00009640  FB A4 DB 20 23 A5 66 26 F6 29 E2 2B 71 13 FB A5
00009650  EE 9B DB 9C 5E 20 E0 A6 42 24 09 A1 15 18 FB 2A
00009660  21 15 B0 24 04 20 6E AD 50 20 46 20 D5 20 FD 23
00009670  9A 26 0A A7 47 1C F2 A1 08 9F 71 1C 0B 9D 81 A4
00009680  E6 22 50 A1 B9 22 A4 A0 D9 8B 15 A4 81 9E 45 20
00009690  72 2A 11 9A 53 18 87 1E 4A 27 EB A0 85 9C B4 1F
000096A0  2C A4 4F 24 74 18 36 A6 79 18 A1 25 23 22 37 27
000096B0  26 9B BC 1D CD 18 AE 1E 4A 21 8F 22 9C 99 FD A2
000096C0  DD 0C 1D 9C A9 A1 03 A0 57 A4 80 18 54 91 DF 19
000096D0  1C 22 ED 1B DD 21 F4 27 75 23 53 22 58 93 8D A1
000096E0  CD AC 8B 09 EA 1B 81 1C D0 A5 28 0F C7 1C 5E 98
000096F0  75 24 4B 92 E5 A2 94 A3 A8 22 14 1D A2 27 C2 20
00009700  DB 22 13 95 56 1C 4B 05 1C 8E 89 20 F7 9A CF A1
00009710  2E 8C DB 1E 53 10 DA A6 AE 21 6A 9D 0E 8E 44 21
00009720  A3 0A 2A 20 3E 16 05 1E 06 A4 EA 97 A1 A8 40 1E
00009730  11 98 7D 0C B2 9D BB 1B 77 0C 36 19 8C 1B BF 1C
00009740  3F 18 91 9C 0B 9C 03 8D 54 18 3F 21 B3 19 3E 97
00009750  9C 9C 08 9D 9A 15 E2 97 D0 9B 32 98 2B 89 E1 9A
00009760  E6 14 1B 94 D4 1A D5 14 A1 1C 30 99 7A 08 1A 9B
00009770  9E 9D 71 1A DD 20 4A A4 13 1D 95 99 A0 89 D8 99
00009780  C1 0D C2 9B 27 97 CD 9A 1D 0E B9 95 77 1E A5 1A
00009790  6A 16 DE 90 A6 98 C8 16 4C 14 E3 19 6E 98 DB 11
000097A0  AE 0D 08 25 E2 15 13 9D 6C 98 DE 10 FB 9E 52 1D
000097B0  AC 22 0D 18 CC 9F C4 1B BE 15 F6 0C 78 A0 0F 97
000097C0  00 92 DD 97 A6 94 67 9C 59 9C 03 1E 85 16 0D 1D
000097D0  99 90 52 20 70 23 B1 91 1D 99 F5 00 7E 19 8D 9B
000097E0  40 1C 22 18 C1 90 40 99 F6 9D 6A 10 78 1F F1 1F
000097F0  02 9C 0C 91 B5 A7 E5 AD 96 1E 53 28 EE A5 C1 25
00009800  A8 A6 57 1E 6E A1 AA 29 FE 25 4F B2 1A 1F 65 A0
00009810  A6 98 02 27 00 1E 23 2B 1A AF 01 A0 E3 A9 B7 19
00009820  51 29 7A 2C 13 24 7D A8 C8 17 CB 2E 5B 24 71 18
00009830  26 22 9E 24 C0 A8 16 34 BB B0 68 A6 29 25 BF 24
00009840  C9 11 9C 21 7F 1C 62 1D DE 27 D2 29 54 1D CC A9
00009850  5F AA 4F A0 8F A6 63 29 57 A7 C8 1C 59 A9 07 20
00009860  ED A6 F6 25 D0 35 7F A4 53 98 96 A8 63 2F 8F A5
00009870  98 2A 50 24 7D 17 72 AC 17 1B 19 2B EC 2C 39 29
00009880  9E 2D 3B A5 24 23 A7 A3 D4 30 FA B0 FC AB B6 A3
00009890  51 A1 24 B1 21 AD 30 AC 1C 9F 37 21 29 29 ED 2C
000098A0  30 A9 F8 2B 77 A3 DF 9B A6 1A E7 28 49 AD 23 20
000098B0  AB AB 85 27 F3 1C 67 92 9C 16 A6 13 09 16 83 19
000098C0  DA 1B 66 11 74 99 50 97 32 89 90 99 B5 8D 3E 14
000098D0  5E 93 A9 1B E4 12 36 19 8D 18 71 0C 72 15 5C 96
000098E0  2B 8D 33 18 03 15 29 12 AA 15 6C 8C 4B 00 36 97
000098F0  0A 01 30 9E 6E 93 34 1D AB 96 7D 18 59 11 53 91
00009900  AB 12 1B 10 3A 97 73 91 2B 07 26 0C 7A 16 FB 0F
00009910  82 11 38 96 40 99 71 18 17 9C C5 98 16 16 FC 07
00009920  F5 97 87 12 04 0C D8 21 3A 0E A7 04 11 85 09 9F
00009930  DF 99 B5 80 50 9B 28 98 E5 1B 18 20 07 1D B1 8E
00009940  14 1F 67 97 AB 9C 92 15 C9 0E 9F 95 F8 8C 2F 9B
00009950  C4 14 8E 99 52 96 FD 18 E1 91 74 14 09 15 81 16
00009960  54 9A 0D 8C 13 14 CF 94 74 1D 3A 0E 22 9B 38 18
00009970  60 93 A7 93 DC A0 47 20 33 1B A3 9B BE 20 76 A6
00009980  9A A4 74 A4 69 9E 75 8C A5 9C D4 A6 27 9E D0 A2
00009990  78 28 AF 9D AE 99 14 A2 C0 24 32 9D A0 1A A6 98
000099A0  8A 98 E6 A0 BA 20 66 08 95 81 23 96 71 A6 26 26
000099B0  11 28 6E 9D 6D 1E 26 95 67 9C 11 23 95 23 C9 22
000099C0  B2 10 AB 9B 22 1F 6D 1D 68 99 04 95 E8 1E C7 9D
000099D0  DA 9F 6C 1C 59 1C A0 1A 6E 1E F3 20 20 A2 44 A1
000099E0  0A 27 10 A3 5C 1A 7A 22 9F A8 A3 9D 16 1F D2 1B
000099F0  5F 99 54 20 7F 9E 35 22 35 A2 11 23 EB 98 5A 26
00009A00  4B 25 C9 9D 22 9D E2 19 BC 24 BB 22 70 14 8D A0
00009A10  67 1D A7 1C 38 A3 68 A7 6C A0 0D A2 35 A0 32 1D
00009A20  D5 2A EE 13 14 21 C1 18 CD 9C 53 25 1A 18 56 9E
00009A30  AC A0 CC A0 5A 1F A7 A1 B5 26 39 21 0D 1A B0 24
00009A40  DA 29 BC 1F 5E A7 A3 A4 3B 22 15 29 98 26 2C 27
00009A50  D4 28 79 13 BE 18 C0 29 D1 19 1E A2 04 15 65 A4
00009A60  2B A4 7F A8 DA 9D 68 23 59 20 6D 28 26 A8 4B 9E
00009A70  B7 9C 24 AB BB 22 DF AA FB A1 A9 20 1D 22 2D 14
00009A80  34 15 56 A0 56 2A 02 22 9B 9C 08 29 DD 1D EB 18
00009A90  35 9E 19 A4 A5 A0 27 A6 40 A9 82 27 90 9C 2C A1
00009AA0  DB A2 35 25 2E 1F A7 27 F7 A7 AC AA FB A9 B4 A2
00009AB0  30 26 32 24 3E A3 9E A8 0D A1 67 A6 11 A1 E4 A3
00009AC0  65 1B 72 A0 4A AC B7 A0 A4 17 11 24 8B 9B 69 A3
00009AD0  35 98 36 A2 BA 15 74 1C 0B 9C 20 AC C7 20 6E A4
00009AE0  7E 9D 1B AA 5B 9C 9C A9 C7 29 AB 24 D7 A8 FF 09
00009AF0  C6 A5 6A 2C 38 A6 A8 29 AD 24 05 A1 90 21 69 9C
00009B00  AE 88 44 2B 82 A6 FF 25 FE 9E B7 2B BF 28 8E 26
00009B10  67 A8 56 14 7F A4 2C 2E 59 A5 E2 A8 89 A5 84 28
00009B20  BB A0 BE A2 C5 9C 8A 2B 66 26 0D 16 C3 26 C3 A1
00009B30  04 2E 97 9D C8 9E AF A8 E4 A4 5C 25 AC 25 87 91
00009B40  1A 94 E0 A4 55 2C 21 20 9C 20 E3 2B 91 A8 75 A4
00009B50  E2 25 78 A8 57 A3 A6 27 56 20 53 AC 98 A8 F5 1B
00009B60  BC A0 E2 11 57 2A A3 A6 CB AF 43 A9 2E 31 55 A5
00009B70  B2 AA A2 1B BA 1F 33 A4 0B 97 E0 1F 32 2F 87 A8
00009B80  A8 A8 64 96 8F 29 79 A9 A5 21 EB A7 4E A0 DB 29
00009B90  D3 1E AD A8 C4 2C EC 1D 01 9B 05 A7 30 21 48 A9
00009BA0  A7 A8 DE 2B DC 21 88 28 1D A4 7C A6 D1 A5 3B 95
00009BB0  AF 26 F9 A5 60 92 77 93 94 87 7E 17 F4 90 5F 11
00009BC0  3D 0E 26 8E 8F 92 5B 0A 93 14 E0 8D B3 9B A5 0C
00009BD0  85 99 50 0E 1D 16 2A 9C 79 95 7C 94 BC 02 80 83
00009BE0  AF 10 52 8C 9B 90 30 0F 67 19 A5 9A CC 12 F8 9B
00009BF0  05 98 E8 15 54 8E 57 9D 3C 10 6C 82 60 13 00 0F
00009C00  EE 93 9D 0C 6B 8B 1A 06 5B 10 64 0E 17 17 02 95
00009C10  20 92 F2 0B 06 17 4A 06 96 8E 3B 10 C0 0F F7 80
00009C20  F7 84 AA 92 C7 10 28 18 DA 8C E5 08 92 8F CC 8E
00009C30  75 91 F2 98 2F 96 9A 94 2A 94 38 8C B2 9C 78 16
00009C40  BB 97 F6 90 FC 0C BA 0F EE 15 FF 13 B4 10 D9 15
00009C50  36 94 81 13 F4 03 3F 1A 5D 8F 2A 90 BB 0B 53 12
00009C60  2F 12 9D 90 21 11 3D 9C 1D 11 2C 80 E8 92 C1 0F
00009C70  E3 15 63 8F C9 21 44 1B C1 A0 67 1A 07 22 1B 20
00009C80  84 1A B0 A8 76 2C 88 A5 6E 98 AD 35 21 A2 1A A6
00009C90  20 A1 BD A7 20 A0 38 A2 DA 2C 33 AA 63 9E F9 23
00009CA0  75 8D A6 25 8F 97 C9 AA 1C 98 92 AC 51 A3 EA 22
00009CB0  66 2C 1C A4 61 A3 1A AF 1D 23 05 9D 65 90 A8 A4
00009CC0  50 11 D1 1D F6 A2 C5 1B 75 0C A3 25 47 A6 41 25
00009CD0  22 25 FD 26 B5 12 83 24 A6 24 D3 A6 DB 2A 2C 1C
00009CE0  35 26 47 9E CB 34 B3 A8 B4 22 DE 28 26 AC DD 0A
00009CF0  23 B6 25 27 0A 24 B9 2C DD A6 D4 A8 B7 AA 27 A2
00009D00  BE 24 1A 26 C5 AC C8 24 08 2C 0C 2A 9A 28 06 25
00009D10  FF 18 16 2C 43 26 9B A4 D5 2B 47 A6 AB A3 1B 26
00009D20  0D 27 5C AF 34 98 D2 A0 FB AA 34 A5 AF 21 8C 23
00009D30  D0 A4 3B 2A 80 A0 C1 28 F6 27 18 22 86 A6 33 01
00009D40  F7 9E CB A1 13 A1 4D 96 B9 23 F2 A7 3D 24 57 25
00009D50  BC A6 1A 23 12 A7 CF 25 51 20 D1 2B EF A3 2D 07
00009D60  C3 A5 F3 13 5C A1 50 AA E9 9A CC 9D 36 A4 2E AC
00009D70  44 1F 4B AA 46 1F CE A4 DA 97 DE 23 54 26 FF 1F
00009D80  F0 96 AD 94 62 AE EF 22 6D A5 29 A7 0C 25 82 9A
00009D90  57 1B E3 A1 A6 20 AE 22 83 A2 3E A7 B5 A3 61 21
00009DA0  B7 AB D9 26 87 28 EB 1F 4B 9F B2 18 3C A7 B7 A4
00009DB0  5E AC 45 2B ED 9C 72 AB C8 24 68 29 66 2A 13 28
00009DC0  0C 21 42 96 FE AB 30 21 13 29 1F 28 B8 9D 3E 2B
00009DD0  D6 84 60 AA 8A 26 67 25 65 9F E2 24 BC A5 39 2D
00009DE0  1C 27 68 25 AA 23 30 9E B4 1B E3 28 75 AB 59 9D
00009DF0  59 A4 FA AC 66 28 67 A5 C4 A0 BD 21 FE A6 9E AC
00009E00  B3 AA 71 AA 19 2A C5 A5 64 A5 7F A7 F3 A5 A6 1E
00009E10  18 2B 69 27 F7 1D 28 2A 07 2C 63 AA 6E 21 22 27
00009E20  1A A3 DD A8 08 28 B5 23 31 A9 84 9C 83 22 C0 2C
00009E30  11 2D 90 18 A3 A3 4F 2B 38 A8 12 AD 95 A4 26 A5
00009E40  19 99 60 28 E1 A9 1E A6 A9 AA 0A A0 7D 80 29 27
00009E50  D4 21 B3 21 36 19 17 26 0B 2B C1 AA E0 A2 DE 28
00009E60  0F 29 C9 9D A1 25 2C 27 03 95 06 A9 6F 2D AC A5
00009E70  47 A8 43 22 A7 25 1B 25 9B 18 F1 2B 4C 2B FD 2B
00009E80  58 A7 36 A4 62 AE 49 A2 30 24 F9 A4 6D 2B 61 98
00009E90  E0 9A 26 A2 0F AA 63 AB 9D 29 22 2A 60 20 1A 28
00009EA0  84 28 3F 2C 4B 2C 1E AD 6F 1D 98 2A 77 A7 3B 28
00009EB0  08 26 4D A9 5C 17 91 1C 75 98 B1 24 10 25 E4 27
00009EC0  88 22 83 A7 CD 8F 8F 28 06 17 36 AA 82 20 D0 24
00009ED0  FF A3 D3 9B AF 1F DB 9A 6B A8 81 23 8C 1B DA A8
00009EE0  28 1D 10 23 95 A2 90 2A D3 21 21 27 08 9F 70 A8
00009EF0  35 1B 8F A5 CD 14 D5 24 2C 14 B1 17 C6 98 61 97
00009F00  36 19 05 93 B1 15 00 15 FB 9C 6B 18 1C A2 FF 10
00009F10  97 A7 73 9A 81 20 E6 8C FF A9 2A A1 EB 1A CF 24
00009F20  94 A0 BD 28 D7 1F 4E 15 66 1C 6B A3 E8 1A EF A5
00009F30  FA A5 55 21 DD 1F D8 2A 99 02 5C 25 64 A5 2E 26
00009F40  06 9C 5C 10 1D AA 92 A1 4C 22 01 26 ED 9C DA A5
00009F50  5D A0 E3 A2 40 95 67 1C BF A4 4E 9C A8 8E B9 27
00009F60  AC AC 56 1D BB 18 46 20 E8 24 68 A3 24 14 32 1E
00009F70  BF 8D 3B 9F 80 1E B1 24 5A 24 E4 28 96 26 2F 2C
00009F80  F0 24 63 20 92 B0 9D AC 46 22 CA 29 04 A4 2B 25
00009F90  9E A7 1F 23 02 A4 84 2C 3E AA 81 25 31 27 17 A4
00009FA0  0F A1 07 AC C4 28 92 A7 EC 24 A1 AC FE A5 AD A8
00009FB0  F0 A0 39 AC 04 AA D7 AA BE A3 0A 28 59 25 50 26
00009FC0  AA 8B BB A5 80 AF 1F 22 BB 24 08 A7 07 2D 17 94
00009FD0  68 25 49 A7 3E AA 87 A5 04 AB 8D AA 05 A4 8A 23
00009FE0  9E 2B 4B 22 E6 1A 4E 2C B7 26 24 AC 1F 2C 02 A8
00009FF0  FE A8 F3 22 91 29 33 A8 32 2C 98 28 CB 14 47 A9
0000A000  BA 2A 2E A6 F7 B0 76 26 3D A0 94 A4 B8 1A 37 A8
0000A010  47 20 3D 2A D8 27 38 2B E0 2A 06 25 4A AB A1 2A
0000A020  8B 2D E4 20 31 24 B2 18 D7 2F A0 A0 14 2C 94 23
0000A030  17 20 A3 AC 6E A7 7F A7 90 28 99 2A 6A 9E 67 AB
0000A040  3A 22 F0 12 12 2D F4 25 5D 9C A6 2A 29 19 D5 29
0000A050  DE AA ED A8 42 A4 1D AB 5C 28 FB A5 B4 A8 4B 28
0000A060  61 9F 3C 24 CA A4 B3 2E 32 31 31 B2 4C 2D 44 2D
0000A070  9A 2A 0D A1 6F A2 48 1E 85 19 A4 A8 2C A9 D8 AB
0000A080  08 98 5F 24 E2 AC 6D A9 A4 20 E1 A2 12 29 F9 AA
0000A090  DB 2B C1 A6 4D A5 4A 97 F8 21 41 AC B1 A7 87 29
0000A0A0  AE 27 31 28 F1 AC 76 AA B3 25 38 A8 34 2E EE AD
0000A0B0  FB 24 61 AE EB 23 62 31 0B 22 89 2F 16 B6 D2 28
0000A0C0  34 2B 38 25 67 AC 68 2B B0 AF 99 2C 0F AC 89 31
0000A0D0  5A 22 70 20 89 9E 68 B0 5C AE 0E AF 37 AC 33 B0
0000A0E0  6D 1F FA A1 52 26 00 B2 1B 02 DD 23 E0 2E 61 A8
0000A0F0  9A A2 23 2B CC 1E 22 2B 75 A1 D5 A1 6C 25 5E 94
0000A100  A9 24 4D 2B B7 26 B0 16 C7 9B 7B 24 08 9C 5B A8
0000A110  72 AA F4 A5 2B 9E D0 A4 BA 1C 9F A8 85 22 EC 22
0000A120  8F 15 7B A4 3A 26 FE A1 81 A1 86 A4 B4 A8 8C 25
0000A130  8F A2 3D A5 83 A3 F8 1D 93 9D 55 A7 0B A2 00 A5
0000A140  B4 09 D8 22 82 AB 60 A4 75 26 C3 23 AF 29 00 24
0000A150  32 21 14 18 B9 A3 F0 A0 73 A9 F4 9A A5 28 07 22
0000A160  68 2B 84 A4 72 94 D5 18 22 A4 8D 2C BD 27 C3 23
0000A170  0E 9C 78 22 47 A0 3E 28 05 19 B2 A8 29 B0 84 25
0000A180  A1 21 7E 24 C1 A4 B0 1E A4 23 18 23 88 28 50 29
0000A190  17 8E 25 26 28 9F C8 A5 FA AB 91 A8 A4 98 3A 28
0000A1A0  11 25 04 AD 2B 1F 05 A5 73 A5 13 27 8C 26 AF A2
0000A1B0  7F 9B 25 A2 E3 A2 63 9F 3C 19 03 17 0E 24 5E 9D
0000A1C0  44 A0 A6 A3 50 99 C6 26 95 1F F9 24 D8 98 5F 9E
0000A1D0  0C A9 BF 20 C4 1E FA A0 66 A8 28 20 FE 9E AE A2
0000A1E0  1E 9B 46 A3 0F 1D 31 A3 96 9B FA 1C 98 A4 F0 A5
0000A1F0  4A 19 A2 20 69 1B DE A7 7C 99 E8 1C 76 20 E9 A2
0000A200  FD 0A 14 9C FE 1B FF 20 A5 1C 64 19 F4 A0 10 9F
0000A210  97 24 23 1C 0C 21 29 8F 85 A9 18 A8 EC A2 FE A2
0000A220  1A A3 7C 19 AF A4 0E A3 23 18 6B 21 72 A7 44 A1
0000A230  86 21 F6 A2 F6 15 D4 A2 82 20 D7 19 61 19 6A AA
0000A240  8E 1B A2 1E D6 A0 24 9D 2A A1 69 88 52 14 1D 2C
0000A250  BA 89 9D 24 4C 24 66 A4 3B 9E 99 8C 72 1A 80 A1
0000A260  D8 A4 E5 A6 D2 20 F3 26 A8 A8 AF A3 FF A4 56 9F
0000A270  DB 1B 22 1C 12 8F E6 A9 4A 22 51 23 53 AA 20 21
0000A280  F2 22 76 2D F6 28 A2 AC 17 A1 E8 34 13 A4 17 23
0000A290  B0 2C 30 2D 04 A4 88 A8 A8 31 77 AB A5 AC 47 28
0000A2A0  6A A4 E3 A0 6C 27 26 2C 0E 99 F6 B4 AD 1A 92 A5
0000A2B0  AD 2F 43 A9 75 A0 82 29 2F A7 93 A7 F9 87 1C A5
0000A2C0  4C 19 7F AB 09 2D 94 A2 2C 23 E7 31 45 2D 70 A6
0000A2D0  8C A4 F7 A4 1A 21 11 2C 18 2E 52 13 39 2F 83 A8
0000A2E0  DE 99 57 9B F0 29 96 20 B5 AA D2 AB A3 31 46 AC
0000A2F0  41 27 89 29 7A 18 E0 2C 27 9F AE A8 A2 2A A2 22
0000A300  61 A8 A2 24 FE A6 07 24 FF 2B D0 AF B2 A5 5B 19
0000A310  74 1E C5 B4 D8 AB C4 A3 3B A0 4E 31 AE 27 31 AA
0000A320  08 26 14 2D 5F 8F 94 28 7A B0 28 AC AF B0 28 27
0000A330  75 31 15 31 DA 25 28 24 78 27 01 22 BD A7 53 A9
0000A340  60 21 0D 2F CC A9 C2 AC 23 1F AC 30 F8 A1 E7 A0
0000A350  3B 2C E3 1A 92 9D 9F 28 EC 2D 41 24 55 A8 71 8E
0000A360  2D 28 E4 A4 23 A5 E6 2A B0 A0 21 31 A2 23 26 A7
0000A370  9E 30 C2 AB 89 A2 45 38 D8 AD 1E 25 84 20 0A A4
0000A380  F5 0F CF 20 DF 24 CE 20 90 9A 37 2B 90 28 76 9A
0000A390  ED A5 9E A3 40 24 55 29 8C 29 F8 22 59 28 25 A8
0000A3A0  8B 26 28 20 A2 2A CE 21 5C 9C 34 A4 EA 2C A6 24
0000A3B0  31 A5 CD 28 C5 20 6E A8 FC A1 46 A4 63 AC 77 24
0000A3C0  0B 1F 7B A1 4D AD 01 19 F5 A2 66 AC 1D A4 E2 AA
0000A3D0  70 98 5B AF BF 22 9A 2A 73 2B E5 B2 B0 28 37 AF
0000A3E0  2F 23 43 24 3D 23 7C AF 46 28 6F A9 CF A7 E8 27
0000A3F0  B2 26 77 2D 3C 26 52 21 2F 25 63 1D 01 1B 71 A5
0000A400  EB A7 26 A3 32 A5 42 25 65 1C 2B 25 7E 20 8A 9A
0000A410  89 20 09 A8 FD A0 B9 2A 8A 27 E1 1D F7 A6 BD 27
0000A420  D3 9C 22 24 28 16 9B 2B 58 28 13 96 EE 25 A3 A2
0000A430  FA A2 68 A3 6F 12 04 32 59 A7 D9 A0 FF 93 D2 A0
0000A440  D3 11 A5 1D F1 B1 F9 94 20 1D 0C 1F 93 9E AF 99
0000A450  53 99 A1 99 1D A6 4A 24 A2 23 B2 25 F1 9C 4C A4
0000A460  D0 1B 50 1D AE AA 41 27 A1 A1 C1 A5 26 29 A2 09
0000A470  4C 1B 63 18 C0 9C 1B 29 0C A5 4F AB 40 A6 51 A7
0000A480  28 25 73 95 1E 2D E6 18 14 04 B2 AE 5C 1E 7D A7
0000A490  2E A2 79 A6 32 A6 EB 25 18 21 F3 AB 54 27 16 2C
0000A4A0  1D 9D 5D 2C 50 9E B8 25 34 28 01 A0 0A 30 AE 15
0000A4B0  18 93 9E AD F6 99 7D 24 42 9C ED 19 36 A7 45 28
0000A4C0  A1 A1 2A A4 95 9C 96 A5 E4 1E 19 2C DB 9B FF 9C
0000A4D0  4D 26 13 29 18 9E AE 19 48 A1 00 1C 86 A5 52 22
0000A4E0  7D A2 E5 A7 7A A4 EC A7 14 A8 2A A2 3E 27 4E A1
0000A4F0  AB 24 FA 1B 74 99 2F 2B 45 25 C2 A2 9C 21 FE 1B
0000A500  99 93 97 9D 54 28 8D 1B 8C 9C BE 29 06 A8 94 23
0000A510  C9 23 0F A4 FC 9F 5B 25 7E 18 2D 93 6C A0 76 1B
0000A520  56 A5 A6 90 30 A1 9B 1E 34 A1 DE A0 DB 20 C6 1F
0000A530  CD A0 A2 A8 87 9E 4C AB 93 20 EC 29 0E 32 DB A0
0000A540  30 24 14 24 06 A8 43 B0 34 2C 2E AC 0E 92 35 A7
0000A550  84 9A FC A8 CC 1F 5D 2D AF 28 86 2B 91 26 E0 2C
0000A560  96 A6 33 2A 99 08 62 30 24 A6 4F A1 FF A9 2B 1E
0000A570  BD 2A 81 AC 49 AC B8 30 78 29 85 2C B1 B0 E5 2E
0000A580  2D 31 CD 2C 63 A6 11 B1 A3 A7 E6 B4 63 28 52 A9
0000A590  0B 2E B5 A3 5D 9D 70 32 03 A4 CD A6 1A 27 28 21
0000A5A0  AA A9 67 32 77 28 A0 23 16 AC 80 2B 13 A4 C1 2E
0000A5B0  16 27 53 B0 F5 8D B9 35 FA 22 88 2A DA A8 DA A0
0000A5C0  BE 0E C0 A7 2E 31 15 1A AD A6 DB 2D A3 1E DF 28
0000A5D0  AB 1B C7 AF 1C 2B DF 28 B0 32 FA A6 8B 26 83 2E
0000A5E0  B0 AB 36 A6 F9 2D 13 AC 81 B1 14 A8 A8 2C 20 AF
0000A5F0  37 2B 38 A2 69 1E 99 A6 7F A8 77 29 07 AD 67 A9
0000A600  4C 2A E9 28 12 B4 D7 25 C9 34 85 AE 51 2B EF 24
0000A610  46 1F 7F B5 6B AC 72 A9 42 AD 57 23 13 A8 DE B2
0000A620  AC AA F5 9B 72 98 30 28 D6 2D 75 2C C6 AD F1 28
0000A630  A8 26 5F 2B 36 A6 92 1C E5 20 D2 A1 27 9B 5A A3
0000A640  34 A1 CC A5 4E 9F 12 26 11 1C AE 27 8E A1 ED 93
0000A650  9F A8 60 1C B8 A1 A1 29 F5 28 78 A5 11 AC 0E 21
0000A660  A0 9C 7A AE 38 8E 67 A5 0E A9 48 20 6A A7 A0 26
0000A670  1C 9D 99 A9 B5 1E 42 32 A0 A5 87 A4 09 95 1A A7
0000A680  BD 0F F0 1C 9D AA 78 98 59 A2 09 24 FF A6 81 9C
0000A690  36 25 D2 9E 25 A1 13 28 8D 9D 32 AC 19 98 D7 1D
0000A6A0  22 95 8E 25 7C 27 4D 25 8D A3 FF 1B 6A 2E 20 A4
0000A6B0  D1 20 8A 98 C9 1F 70 25 50 16 B7 A5 13 1E 24 20
0000A6C0  7A A0 66 1C 90 A6 69 A9 30 A2 0B B6 06 27 84 28
0000A6D0  93 11 97 A5 B3 29 BB 22 0C A7 1B 2A B8 94 50 15
0000A6E0  A4 1D D8 21 FD 17 AA 25 55 94 98 27 C8 A1 62 95
0000A6F0  50 2C 4D 27 10 1F CD 18 65 94 CD 98 05 18 93 1C
0000A700  84 9A A7 19 C0 97 39 9A 3F 0D 6A 1A 93 1A 60 98
0000A710  AB A0 CF 1B A5 0E 4A 9D 42 99 2C 1B 56 90 CF 9A
0000A720  B3 95 D7 06 B3 99 68 16 E6 15 11 8D 56 95 CD 9C
0000A730  FA 0E 34 98 3E 1D 57 9E 30 94 6C 1C 50 16 9E 9C
0000A740  ED 8D 1D 15 CA 1B D7 90 56 14 AA 98 9C 98 28 97
0000A750  F3 18 8E 19 D7 1D 03 91 50 9C 50 16 C1 18 DE 8E
0000A760  06 9A 50 1E 49 9C 82 14 F6 14 DB 97 55 96 A2 9B
0000A770  2E 18 2C 94 EB 8C 7E 98 0E 90 A0 95 98 95 F0 9D
0000A780  79 19 1E 1D 7E 14 B5 8E DC 18 D4 94 40 0C F0 0F
0000A790  61 14 01 95 21 10 FC 1D 50 94 E5 99 F2 11 21 95
0000A7A0  2C 14 9C 0D FA 0E 8B 9C CD 89 52 98 E7 90 5F 9C
0000A7B0  4C 18 90 06 AA A4 50 AD 2D AC EE 17 A9 19 49 31
0000A7C0  87 A1 24 B2 5D 2B EE AE 8A A9 FE B2 87 A5 AE A3
0000A7D0  CF AB 53 A2 56 A5 B6 A9 1E B4 1D A6 0E B0 B2 28
0000A7E0  4C 24 0E 28 EB A1 D7 97 AB AB 4C 91 7C A5 79 2A
0000A7F0  6B B0 99 A9 CA 25 5B 30 FA A6 81 A8 2B 9E D5 A2
0000A800  A4 94 3C 9E D0 22 D7 A8 F1 98 12 29 E4 20 FB 2C
0000A810  F9 18 1D 9E 87 29 D5 1E 1C 2F 81 B1 44 21 61 2A
0000A820  B4 23 74 24 FA A7 7B A6 AB 26 0D AE A3 A6 B6 1B
0000A830  4C 94 73 1D 38 A8 F8 2D 9D A7 F7 2F 06 1F 0B B0
0000A840  BE 20 91 27 1E 9E 20 AC CD AF 54 A9 B9 96 D3 2F
0000A850  E6 A4 82 B2 52 AA 5C 2E 9C 31 3F 2E 48 2E D5 B1
0000A860  B2 18 DD 31 25 AA F8 32 37 31 E7 2C 1C 34 3A A1
0000A870  47 AE 0C 9C 41 A5 2F 1D D4 91 2B 94 16 23 77 27
0000A880  35 9C 7C A0 C6 83 0D A1 5B 97 E5 22 6A 1D 4F A0
0000A890  12 A3 2B 18 96 80 91 1C F9 9A 5D 98 B1 97 C4 24
0000A8A0  2E 95 65 A0 B4 18 4A 26 9D 98 77 A2 E9 25 4C 9C
0000A8B0  4F 20 AF 0A 8F 97 40 A5 9B 11 61 21 30 9E 79 15
0000A8C0  80 8E D2 81 71 22 2C 24 7F A2 A1 0D 96 9C 11 25
0000A8D0  16 95 76 9F 99 9C D2 18 58 A1 B2 A2 3A A4 B4 95
0000A8E0  E0 9D AF 91 4A 95 AB 1C 57 A8 2C 9E 17 A0 7A 05
0000A8F0  5A 23 BA 0C 8F 9A 32 1A 05 9C 2B 1E 1C 24 1A A6
0000A900  BB A5 A7 99 F2 98 17 9E 59 9B 2A A1 C7 1D 66 9F
0000A910  10 1F F4 1B 6A A0 4B A1 AC 20 93 A2 49 1D 25 1D
0000A920  E1 A1 1E A1 2C 97 9D 26 7A A0 20 9E 7C 23 0E A1
0000A930  7F 9D F1 0D A6 22 E0 20 2E A5 76 20 E4 AC 55 23
0000A940  48 2B A4 2A EF A5 B5 A3 E6 23 38 2E 2F AD 16 16
0000A950  E8 A1 43 2B 1D 26 F2 AC 17 A6 66 AC B8 20 75 2E
0000A960  4B 96 1C AE CC 24 18 A3 3D 9C 36 AC B3 A1 F5 AC
0000A970  D5 24 BB 1D DF A3 D2 2C E6 A1 D2 AC 37 28 AE 22
0000A980  44 98 1A A2 6A 28 33 A2 34 21 3A 28 3E 2D E9 24
0000A990  70 A4 5B 98 E6 A6 DA AA BC 28 70 AC 15 9C D6 28
0000A9A0  EF A1 15 A4 9A A9 C3 A7 BB 14 EA A7 93 2C 85 1F
0000A9B0  CB A8 62 A4 FA 1E 8C A8 12 AE D0 A7 4B 9D E4 AD
0000A9C0  1F 27 3A A6 44 2E AA 32 7C 28 A9 B1 F0 9E B9 A9
0000A9D0  8A A2 E8 AC 39 25 AA 2E F1 2B 41 26 78 A4 32 25
0000A9E0  6A 2F 20 27 96 29 63 96 1C 96 CA 23 06 A2 50 A9
0000A9F0  36 A4 4F 1B B6 20 C1 1B 49 1A 37 9A D4 97 15 9A
0000AA00  2A 16 38 23 A0 9E 92 A2 2F 16 4D A0 55 A2 53 91
0000AA10  E4 A0 76 20 67 1A 4B 22 CC 22 EE 9C A4 15 F7 12
0000AA20  13 9C 02 25 87 19 9A 9C FE 99 22 A2 B2 1F 74 1D
0000AA30  B9 9F 4E A5 09 93 AC 24 45 9A ED 20 1F 14 A8 97
0000AA40  69 1A 3C 97 CC 9D 1E 95 7A 96 5E 98 D5 16 2A 15
0000AA50  19 8E ED 9C 6E A0 E9 17 A5 23 0D A0 66 18 6C A0
0000AA60  5A A3 E3 9E E8 97 24 23 E1 A4 C3 1B 64 1E 50 A2
0000AA70  9E 17 27 92 D2 18 AE A1 2C 24 D3 20 2F 25 B5 20
0000AA80  7C 28 F6 91 0B 9A 12 23 5E 19 24 A5 85 1C BF A7
0000AA90  BE 1C A6 1C 53 1B A5 25 6A 98 71 9E 23 18 A1 1D
0000AAA0  AA A0 0B 96 68 20 B9 9C 07 28 07 A2 3B A0 62 25
0000AAB0  20 99 60 A5 95 1F D9 2C 3C A5 22 A3 DE A6 D6 2A
0000AAC0  5B A3 C9 A7 8C 20 E9 A5 4E 26 F6 2B 6F 23 45 26
0000AAD0  3A A8 EB 25 C3 A3 5F 2C 37 A2 22 A9 5D A8 73 16
0000AAE0  C7 A3 AE AD 6C 27 D6 A9 BF AD B5 A1 22 A4 76 2D
0000AAF0  BB A6 8F A5 F9 21 75 AB 0A 21 0D A8 8D 22 0C 9F
0000AB00  AB 13 28 A8 75 31 84 A0 6B 23 32 27 19 27 D7 01
0000AB10  D0 98 DC 1D 34 1D E1 A3 56 2B C6 A9 E5 A5 F8 9C
0000AB20  B2 29 30 AC 76 A6 0E A9 FE 26 B5 26 18 A3 6F 18
0000AB30  DE A4 50 23 EF A2 D8 A2 6D 9E A0 AC F6 2E 16 A9
0000AB40  35 AA 54 21 AA A5 E2 AB 53 A9 DC AA D4 A0 B3 A4
0000AB50  D5 9A CF 2C 55 22 40 37 56 22 21 AF 2D A2 1D A5
0000AB60  11 28 90 A6 8C A5 6C 2D A9 A0 7A A5 EF 30 CD A5
0000AB70  8B AB F3 2D 02 A2 99 99 C3 A6 DE 20 C1 9F 47 9F
0000AB80  81 A2 A9 A6 45 21 43 21 4B 86 47 A1 81 9F 7D 9D
0000AB90  0B 2C 76 9B 19 1E 62 A0 BD A1 87 9A 75 A5 E5 A2
0000ABA0  E8 1B 55 9F 1D 18 28 1C B2 A8 36 27 7B 25 6E A8
0000ABB0  C0 A3 76 A5 C1 A2 C9 28 4E A1 39 1A 1F 9C 88 A0
0000ABC0  E8 14 EA 1B 5B AC CE 9F CC A4 DE 23 23 25 A9 93
0000ABD0  BE A1 61 20 9B 1B B9 1F 28 A5 53 1F BD A5 86 05
0000ABE0  28 A9 4F 23 46 1A 0B 28 93 9A 5C A2 BE A2 32 A8
0000ABF0  58 25 0B 13 C5 9B 2E A9 8C 23 E2 2A A5 27 BC 1F
0000AC00  63 22 FB 20 C6 02 F7 A3 14 2A 79 24 D1 97 1C 9F
0000AC10  89 13 13 A3 27 9B 00 A5 13 99 DF 26 C1 23 38 2A
0000AC20  DC A6 1E 24 E1 A1 C7 21 CD 1B 73 24 7A AF 57 22
0000AC30  B8 A4 1F A9 6C A4 A4 21 6A 20 19 A2 7B 9F E8 A8
0000AC40  BB 18 E7 AE B6 26 13 AC 45 20 48 2C 21 9F 4E 1E
0000AC50  0F B0 41 A8 53 A3 F2 2E 5B 98 C9 1B 85 96 77 98
0000AC60  8A 21 B1 A6 CB 1F 4E AB E2 26 02 31 D0 A4 64 A5
0000AC70  FC 20 2B A9 0F 9E 82 2F 06 A8 53 0D 7E 9A 17 0E
0000AC80  31 8A E3 03 4A AD BB 1D 06 A3 92 22 CE 26 30 22
0000AC90  BE 81 32 A0 87 24 5A 26 22 A8 EC A3 87 AB 37 9F
0000ACA0  15 AA 34 22 67 24 7A 29 C5 A7 7E A9 F7 A7 C5 A7
0000ACB0  93 23 04 1E E1 9C 16 A4 FB 19 B2 25 BA 21 D4 A8
0000ACC0  14 26 C2 A5 2D 19 6A 1B 96 29 BB A6 ED 9B F2 1A
0000ACD0  CE 22 8E A5 1A 21 43 AA B9 A6 63 B4 21 A2 A8 20
0000ACE0  F2 23 26 8B 94 9C 61 28 90 A6 95 24 D0 AC A2 15
0000ACF0  21 A5 DB 9F 22 A0 59 A3 E1 A1 91 9A E0 1C E5 21
0000AD00  11 18 D9 24 B9 0C 3D 26 6A 12 6E 22 D3 21 A8 A4
0000AD10  A8 25 12 22 D7 19 D0 A4 B4 A6 15 A5 24 10 F1 A5
0000AD20  0A 1C 61 9A C8 1E D6 9D A5 9F 82 99 A6 A1 67 A9
0000AD30  38 20 79 22 02 A3 27 11 58 1C 13 24 3A 1F 66 12
0000AD40  9B 16 85 98 33 A3 F7 21 8F 20 4E 17 2D 93 A3 8D
0000AD50  D8 1F 22 A0 67 9F 04 1D 06 20 45 A5 60 A7 A0 A1
0000AD60  86 20 88 9A CF A2 A1 1A 1C 1D B3 1E 65 A8 E3 1B
0000AD70  B8 94 51 15 A1 94 47 16 B8 8E B6 A1 AA 21 CB A8
0000AD80  16 18 60 9A 52 98 F1 20 EA 16 84 23 67 1E FA 18
0000AD90  09 1B B6 1E 63 1D 56 A7 B4 9E 1A 23 E1 A4 44 9A
0000ADA0  27 93 68 A3 4C 9A 7F 25 C5 19 7E 1E 7E A0 AB A3
0000ADB0  41 1E 34 8D 59 A8 77 23 57 2C FB A7 94 25 73 1E
0000ADC0  8C 9F 24 AD 49 B0 48 A7 35 2C E3 9B 58 27 FF 18
0000ADD0  64 AD 9B 23 0E A8 7E 2E 3E A9 13 1C 9E 97 6B 29
0000ADE0  78 28 53 AF 78 AA 98 A6 B3 9A DE A3 2D 20 05 AE
0000ADF0  1D A2 15 AB 91 95 20 2C 6A A7 A0 28 3E 9A BD 28
0000AE00  C6 10 6E A5 57 A8 51 21 D4 A5 55 AA A6 A3 76 A6
0000AE10  3D 28 36 21 4D A9 74 A9 45 AF D3 2B 39 AD 87 A8
0000AE20  D5 24 16 AE 68 AE 90 28 EF 28 80 20 0C A9 60 2D
0000AE30  0F AA 41 A9 73 95 55 AB F2 A0 58 28 B7 1D C0 AA
0000AE40  7B 20 BD 9F B8 2A C5 A2 32 A8 61 A7 FB A7 1B AC
0000AE50  73 29 60 B0 A1 A4 DE 1E 24 1A 39 A5 2E 9F 2E A0
0000AE60  6A 2C 2A 29 A4 28 92 29 7F 2F 6A 94 C2 29 58 A2
0000AE70  25 A1 CF 26 24 96 D0 1C F5 20 F3 24 50 28 AB 99
0000AE80  69 A7 EF 9F 0C 27 52 A6 5A 9F 6B 27 F4 A0 C2 26
0000AE90  E1 24 4E A2 DB 1A 86 A0 24 A8 CF A6 66 A3 0A 28
0000AEA0  26 8C ED 99 24 21 8D 2C CE 1E 67 22 04 29 54 A8
0000AEB0  A8 29 08 A3 3B 16 46 1A 62 20 19 27 A0 1C 02 23
0000AEC0  8B 17 96 A5 E6 22 D1 1B AB 20 3D 1C A6 A7 9B 20
0000AED0  48 20 4A 94 A5 A4 62 A5 A1 2E 51 22 BB A7 87 26
0000AEE0  62 A4 28 1F B7 21 C1 9E AA A4 E6 95 68 A0 74 19
0000AEF0  90 22 D1 15 65 21 A9 9C 9D 21 6B 21 23 2B 63 20
0000AF00  FC A7 BF 1C 72 A1 1C 18 B0 18 11 98 42 A4 09 A9
0000AF10  99 1C 12 19 0D 23 8D 2D A7 A9 FA A9 AA 99 36 25
0000AF20  DA B0 B5 26 C2 94 18 8F C7 A5 C2 15 33 A8 35 25
0000AF30  22 22 13 A2 AE A7 61 29 36 9A 51 29 83 24 37 A1
0000AF40  C9 AC 3C A2 BC 2A D1 9C 36 A0 A4 2D 12 23 12 2A
0000AF50  0B AD A6 A9 54 25 40 AB 05 AF 06 24 03 24 19 98
0000AF60  04 1E 3A 9A E5 24 92 2F D5 2D E6 29 1F 2A 49 A9
0000AF70  33 A9 09 23 A9 29 CE AB AF A5 C3 22 78 A5 B6 21
0000AF80  0B 1B 26 A5 64 A4 C5 28 DB 28 A8 A8 58 28 CE A1
0000AF90  1B 2E 58 26 F5 A6 2D A8 9E AA B1 1A 99 A4 0C A8
0000AFA0  E4 1C 63 2F F3 1E 7A A1 C6 1E 01 A1 2E A7 2D 1C
0000AFB0  ED 25 0E 9F 2D 20 3A 2C C0 22 AB A7 E2 AC DC AB
0000AFC0  E0 19 AF 24 4B 2B 2D 9C 85 20 E1 2B E8 1F 32 24
0000AFD0  D1 1E E5 29 B8 27 30 9E 87 1E AF 22 1F AA 57 24
0000AFE0  CA A5 DA 2E 2B 21 89 AD 66 A7 32 9D 07 2F 9A 20
0000AFF0  C4 23 D9 98 68 22 AA 24 84 97 B5 A4 0A 9D 33 1A
0000B000  D1 20 73 A7 AB A5 36 AC 35 24 11 1F 2C A6 74 14
0000B010  2B A5 AC A1 4C 17 61 28 8E A4 7A 20 BB 98 49 19
0000B020  20 1B 24 A5 D8 1C 0F 9E 59 A4 11 2F 3D 1A 1E 88
0000B030  B9 A3 32 A1 42 A0 FA 26 72 A1 72 22 5C A5 10 23
0000B040  1E 1C 83 A1 CE AB 83 99 9E A0 09 9E 1F A6 48 92
0000B050  A4 1A 67 A2 02 A9 9A 24 F9 A0 E0 A4 29 A5 4C 28
0000B060  6C 9D 65 20 BC 20 AB 28 5C 9C 5E A5 8A A9 E6 1F
0000B070  F3 21 03 A0 16 88 2B A9 11 20 F9 26 83 25 15 23
0000B080  6A 22 BC 9C 90 A9 3C 18 05 21 EE 26 57 98 43 1F
0000B090  D7 A3 46 25 18 9B D7 A0 25 22 20 A9 C1 1F 33 05
0000B0A0  BD A3 ED 9C EC 28 7B 8F 3F A0 1C 20 A2 A8 87 24
0000B0B0  28 1E BA A7 3F A4 30 AD 51 1C D7 8A 9E A7 04 29
0000B0C0  D7 24 17 AC 9E A4 CA A4 75 24 3B 29 02 9E F2 9C
0000B0D0  CA A9 B3 A0 A4 1C FE A9 26 AA 39 20 36 A1 76 1D
0000B0E0  FA 21 BD 24 B7 1D 3B 99 0B 19 83 AB 3A A3 54 1D
0000B0F0  67 23 75 A0 72 9F F5 A9 0D A1 2C 23 30 82 89 A0
0000B100  66 0F 2A 24 1D A6 63 12 84 1E 1C A0 AD A2 AB A0
0000B110  80 96 E3 19 08 9C 50 1F 0B 27 F0 25 18 A5 81 26
0000B120  04 25 43 1E 25 24 14 29 DF 24 C1 A7 60 24 7E A1
0000B130  41 A5 53 9D B9 1C 2D 28 75 A2 7E 25 77 AF B3 22
0000B140  E2 90 78 8A 11 A6 4A 9C CF 9E 0E 26 51 9E E5 A2
0000B150  B3 20 89 A5 29 A9 34 A6 0D AB FD 2D 0B A4 B8 2B
0000B160  2A A5 A8 2A 72 1D A9 2B E6 23 01 23 7C 2D 5D 98
0000B170  8B A2 01 22 E5 A8 82 27 DC AA 20 2C 52 99 1E AB
0000B180  AC 94 18 A9 49 29 03 A8 1C 29 77 B0 1B 26 63 21
0000B190  6D A0 88 2D E3 A8 A3 2C 37 29 A7 AC 1D A8 16 2A
0000B1A0  5C 25 2F 30 6A 10 11 22 6A A3 23 19 5F 2D 11 AC
0000B1B0  62 94 BC AE 1B A6 B4 34 39 A6 F6 A3 85 A4 5A 25
0000B1C0  0C 19 0E A9 9F AB 08 A4 D1 A1 22 2D 01 2C 59 A1
0000B1D0  0C 27 5C A5 1D 26 F2 28 A1 2C DA A8 B8 24 77 24
0000B1E0  5F A5 DB 20 69 29 1E A8 DE AE A4 AB 91 2E 90 AB
0000B1F0  9A 24 46 21 66 A5 26 24 D8 A6 FF A3 AB AB C1 1D
0000B200  7A AA 1E 1F CB 2A CA 91 14 AC A6 AC 7A 93 C9 A1
0000B210  C3 1E 62 AF 63 AC E4 9C 27 AD A6 95 30 A2 F7 30
0000B220  F7 A6 30 2B 36 A4 14 25 48 33 0B 98 7A 2C 95 99
0000B230  28 18 DC AE 25 20 2D A0 F2 11 F4 A3 5D 22 A4 26
0000B240  E3 1D 44 9C C3 A4 12 1E AD 94 BD A2 7F 1E 86 21
0000B250  F8 A5 2A 20 4B 1D 96 1D E5 A4 BC 1D 5F 22 17 A3
0000B260  86 20 1A A1 0C 19 9A 1F 69 96 0B A8 C8 17 A3 A7
0000B270  17 A4 76 1A B0 9C 31 A3 84 98 4E 92 48 18 F6 1B
0000B280  F6 10 BD 1F 76 1B 20 1E C3 18 28 9E 80 A0 6C A0
0000B290  63 9C CA 97 E6 24 93 1A D9 9C 22 A1 9B 9D 62 1E
0000B2A0  63 1F C0 20 3F 1D 7D 22 0F 94 1C A3 D1 21 FB A0
0000B2B0  3E 14 DD A8 35 24 90 9E 30 A7 1D 1C E6 A4 E8 24
0000B2C0  5B 14 3A 1A 11 A8 12 A5 42 23 BE 21 1A 9F 0A 0F
0000B2D0  75 1D 72 9E 7C A0 DF 21 AE 9F C8 23 3D 9B B2 20
0000B2E0  DE 19 F5 1E FC 1D 7C 20 AE 25 B3 A0 DC 19 45 03
0000B2F0  1B 98 30 9C EB 9C 24 21 04 A4 21 95 71 22 52 A1
0000B300  1B 1E F6 24 2F 20 08 20 EF 99 14 28 20 22 3D A4
0000B310  39 A1 58 1D C7 92 28 18 95 25 62 A6 9B 98 64 9F
0000B320  02 99 70 A0 B5 95 AC 1D 38 17 2D 9E 09 26 F3 27
0000B330  2E 24 08 1D E2 90 3F 26 FD 19 E7 22 F5 1D 29 9B
0000B340  59 07 D9 1C 5F 99 33 95 E0 98 48 A1 FC 24 26 A2
0000B350  B8 2A CC A2 29 20 53 23 ED 27 56 9A 34 99 C1 A2
0000B360  17 29 27 9F F7 9E 1A A8 2B 22 63 19 B2 95 A1 17
0000B370  6A 22 20 0C 22 1D CC 27 2D 22 20 A8 49 22 58 A7
0000B380  F6 A3 2F 19 87 14 9F 21 8F AC 70 9C 95 14 B3 19
0000B390  4E 22 61 25 96 A4 12 A7 C8 1C 68 A5 E1 9D 7A A4
0000B3A0  08 24 E3 9F B0 9A 96 20 DE A1 FE 24 61 2C 01 9F
0000B3B0  43 23 27 19 2F 1A 79 9D 59 A1 30 0E 9C 9E CE 1B
0000B3C0  95 15 01 A3 FF 25 6B A5 78 95 0D A4 AF 9D 6D 1C
0000B3D0  7B AE 22 A4 71 91 BB A4 51 A4 82 A4 B6 0D 37 21
0000B3E0  C8 9A 86 9B EF 9D A1 96 99 9C C2 A6 38 21 DF 1C
0000B3F0  53 A5 B8 20 27 8D 19 A5 56 A7 BB 23 64 18 BD 20
0000B400  19 0C B2 A0 BF 9F 03 22 7E 99 31 25 64 1C 12 A1
0000B410  73 2A D0 A1 FF 9C 4C 20 1F A4 F5 9E C9 9F 29 A4
0000B420  53 A4 2C 98 21 1C 7E 8A 9B 19 E9 1D EC A2 97 A6
0000B430  7E A3 E7 1E 16 9A B4 23 CB 9C 11 A0 D6 25 49 AA
0000B440  74 A3 C0 9D 1E 28 05 A0 B8 A0 4D 9E 0A 99 35 20
0000B450  7B 94 01 28 7A 28 1B A7 65 21 39 A0 3B A4 1B 26
0000B460  5C 16 0C 24 D2 17 C1 23 B2 A9 85 21 7F 22 74 23
0000B470  E0 93 19 A6 F4 9A 4C 24 22 24 37 23 8E 9C 31 2C
0000B480  CA 97 55 AE DF A1 0B AD 69 24 07 B2 77 9A 0F A9
0000B490  84 25 30 80 B1 9D 35 30 75 9D A0 A7 60 A5 18 1E
0000B4A0  0B 1C 12 A1 00 15 14 24 DF A0 D5 30 4B 23 7E 9B
0000B4B0  A5 A0 76 A9 52 1C 4D AD AC 17 05 1D C4 9E 86 A5
0000B4C0  B8 0E D6 27 D2 29 87 94 3D A2 C1 28 FF 1A 78 9D
0000B4D0  7C 9C 9A 20 D6 22 CD 2A 1B 1E D0 1D E3 28 FF A7
0000B4E0  4C 99 02 9C 2F 20 63 9E B0 A9 A3 17 DB AE 6D A2
0000B4F0  A3 A9 6E 9F 7E 21 0C AB 90 97 4E 2B C1 AA 7F 13
0000B500  C6 24 28 95 07 B0 74 22 F6 26 B0 2D DE 26 5C A1
0000B510  84 21 8B 1F C9 1C 48 29 CC 2A 89 AF 51 99 D7 26
0000B520  45 A3 67 AC 55 A4 DF 1F 62 2D ED 23 AA 2C 91 1C
0000B530  F4 33 1E 2C 70 24 A6 24 70 26 BA 9F 3D A8 00 A5
0000B540  22 29 91 A3 32 9E 95 AB 67 28 89 24 B7 99 0F 98
0000B550  B4 21 6C A6 B3 19 B3 86 B8 A2 2B 25 C0 A4 92 1D
0000B560  9D 15 BB 26 C4 9B D6 2D 49 9F 04 98 2C 24 4C 24
0000B570  01 1D 8A 98 E8 21 0C A5 36 A8 02 93 12 A4 45 20
0000B580  9E 96 F0 A4 74 2A 5F 99 07 23 61 2E 1E 2B 6F A2
0000B590  D6 26 CB A3 96 9B FE 9D 0F 20 AD A4 95 9D 2D 21
0000B5A0  99 8C 5B 96 DC A9 21 A3 62 9C B6 A9 9D 8B 98 23
0000B5B0  8C A1 5C A6 49 A9 2A 19 98 18 B9 29 23 21 68 A6
0000B5C0  CC A6 A5 A2 AF 2E BE A3 66 A9 79 1C EB A0 04 28
0000B5D0  54 11 07 AF F8 24 57 28 14 26 C4 A8 E6 0F 36 B0
0000B5E0  CC AA EF 25 90 24 2C 27 B3 A8 F6 18 FC A8 BA 27
0000B5F0  5C 2A 87 AA 36 8C FD FF 04 00 00 00 C0 00 00 00
0000B600  00 00 00 00 00 00 00 00 00 00 00 00 00 00 00 00
0000B610  00 00 00 00 00 00 00 00 00 00 00 00 00 00 00 00
0000B620  00 00 00 00 00 00 00 00 00 00 00 00 00 00 00 00
0000B630  00 00 00 00 00 00 00 00 00 00 00 00 00 00 00 00
0000B640  00 00 00 00 00 00 00 00 00 00 00 00 00 00 00 00
0000B650  00 00 00 00 00 00 00 00 00 00 00 00 00 00 00 00
0000B660  00 00 00 00 00 00 00 00 00 00 00 00 00 00 00 00
0000B670  00 00 00 00 00 00 00 00 00 00 00 00 00 00 00 00
0000B680  00 00 00 00 00 00 00 00 00 00 00 00 00 00 00 00
0000B690  00 00 00 00 00 00 00 00 00 00 00 00 00 00 00 00
0000B6A0  00 00 00 00 00 00 00 00 00 00 00 00 00 00 00 00
0000B6B0  00 00 00 00 00 00 00 00 00 00 00 00 00 00 00 00
0000B6C0  02 8D FD FF 04 00 00 00 C0 06 00 00 6F B3 F3 B4
0000B6D0  80 40 3D BF 82 C3 BA 34 0F BC 4A 35 88 2D DD 31
0000B6E0  90 C1 1E 34 15 3D 27 2C 60 B5 AA 38 43 BC E6 36
0000B6F0  F7 BD EC 31 EF 31 30 B8 45 26 43 29 88 C1 64 3F
0000B700  CA BA B5 B4 62 3D 85 C0 5A 34 FC B9 88 C2 3E B4
0000B710  1B A7 A8 2D C8 35 39 BF EE C2 06 3C 74 AF 52 3A
0000B720  58 BA BD B9 4D B9 57 B9 25 B9 51 3D 39 40 B1 44
0000B730  0A 2C 0C 3C AB B1 A5 B3 C3 B3 BD 3F 44 32 2D BF
0000B740  5F BE 90 2E 32 2D 6C B4 11 BB 1C 39 BA 40 01 3B
0000B750  CA 34 7C 2F A9 BA 26 AD 22 A6 24 C2 BC 33 CB 39
0000B760  67 35 6B AE 86 40 EA B7 69 41 08 38 C2 B0 DF B5
0000B770  49 B5 72 B8 84 3B D4 B8 6F B7 51 29 4F B8 97 B3
0000B780  2A 39 72 43 19 2D E2 3C A4 34 64 B2 D7 43 20 B6
0000B790  EE 40 E8 2E 93 37 25 35 F0 BD E1 3B 94 BB 9A 39
0000B7A0  E6 B9 73 2F 91 3D 7B 31 7A B9 5E 40 5D C1 B4 B8
0000B7B0  FE BD 2D 3C E1 C1 E6 BA 05 3E E6 34 AD C0 BC 37
0000B7C0  8C BF 74 B7 09 BA 32 BF 78 3B 79 BA 85 40 E7 B2
0000B7D0  85 B6 92 35 FF 32 A3 C0 AB C6 18 3F 62 34 6E 3C
0000B7E0  46 BE F2 BC F3 B3 C5 30 05 2E A3 B7 7B 3D AB 44
0000B7F0  2C BB F3 3F 1D B9 C7 B9 5D BB 50 39 95 32 BC BD
0000B800  E5 B9 76 40 5C B7 3A BF 8A B0 F3 B4 42 40 BB 38
0000B810  F5 2F A1 B4 89 BD 69 3D F2 35 15 C2 7A 33 F3 BC
0000B820  BF 2A F7 B4 09 39 40 B9 24 44 20 38 30 B2 10 34
0000B830  3A BF 88 B8 4E BC FF BA 1F 37 28 BB 8C B9 91 AF
0000B840  67 39 D3 40 9B 3B 92 37 EE 3A EB 3B 56 44 EC 36
0000B850  7D 3C 5C B9 BC 34 92 34 27 B8 D2 3B B1 AB AB 91
0000B860  F4 B9 1E 2C 55 38 B7 30 10 2F F1 B1 A5 BF 29 B8
0000B870  58 BE 3D 3A A5 B8 8D 3D 29 3B 29 3D 92 BC CA B3
0000B880  69 9E E8 B1 88 BD 5D BC 3F 38 0A C6 0E C4 84 B0
0000B890  E2 B0 02 38 27 BD A0 38 2D C3 50 BE F9 34 4E 39
0000B8A0  98 B7 20 BB F1 31 16 3F C4 B4 4A B4 83 3B 5E 43
0000B8B0  07 30 E6 3D 64 39 22 B9 7F B2 03 38 81 24 30 41
0000B8C0  1B BE 36 35 39 B2 E4 3C E8 13 DA C0 B5 3E 79 32
0000B8D0  FF 3B 0F B8 F9 B6 C1 3D B8 39 F5 34 E2 2E 45 37
0000B8E0  79 3C 2F B8 68 3A B5 BD 95 45 06 29 B1 35 5E 37
0000B8F0  6D B9 24 B6 3F B4 7E B2 5F B8 78 B9 13 B7 EC B7
0000B900  F5 3F 9A 41 70 34 7E C0 0D 35 F8 3C 48 C1 05 BB
0000B910  36 3B EF B9 0F BB 30 35 81 B6 59 2D 0D B3 20 37
0000B920  C8 BB 75 37 E3 3E BC B9 F3 B9 F6 37 8E C2 46 30
0000B930  A1 BC F2 3A 73 BF 07 B5 6D 3E 88 B3 64 BE 4A 41
0000B940  B9 BA C1 B4 51 3F 50 BF 2E B7 84 44 8A C2 E1 B3
0000B950  F6 B2 79 3D 87 AF 91 C0 A5 C6 85 3D 43 3B C4 3C
0000B960  48 BD 67 C1 94 2D 8C 38 B5 B5 3E 38 68 3C B9 43
0000B970  0D B3 AE 37 7F 40 2C 31 80 B9 87 41 EA B4 91 BF
0000B980  C3 B6 97 31 C2 2B 6A C0 65 BD 38 AC 34 41 D9 3D
0000B990  59 36 02 B4 6C BC 92 34 73 BA 08 B8 A3 AF E0 B8
0000B9A0  FA BB 62 B5 03 42 52 BC B0 BE 49 3E 76 B3 52 35
0000B9B0  FF B4 83 B9 1B B8 C1 BC 54 BC 41 B0 11 BC 33 A2
0000B9C0  8C 33 20 40 51 3B 11 45 48 3D 65 BB A8 3C 02 B7
0000B9D0  F7 40 7E 40 4E 41 E1 BC BF 3D 98 36 E4 B8 7F 3D
0000B9E0  FC 3A C1 B4 58 C0 84 2E 29 3D 98 3D 27 44 90 B9
0000B9F0  5C BB 36 C0 0E C2 5C C2 F9 BC FC BA F3 42 D3 C1
0000BA00  2C 40 0C 3B 1E BA 9E BC E6 B9 2D 46 52 41 D5 AF
0000BA10  EE 40 0F C4 5B 44 A2 45 FD CA AC C3 E7 3E 64 C2
0000BA20  19 3F 66 C3 AD AD D0 BE 4A C0 1A BE 1F C4 E7 42
0000BA30  5A 3D EF 3A 19 3A 02 BB CB 3F 84 C1 20 BA EC C0
0000BA40  BC 42 5C 44 3B B8 13 3E CF 3C F9 BE 70 3A DC BD
0000BA50  5D C0 20 B5 E6 39 A6 40 71 37 20 3E 74 39 EF 39
0000BA60  3A BD F1 3A F7 BE 0E 35 95 BF CB 3C 16 36 C9 BB
0000BA70  37 BD 9F 39 62 3D 74 BD 30 3F 1E BC A9 B9 47 AD
0000BA80  0F BC 79 B9 43 BD AF 3A 2D C1 CE 3E 2E 41 77 BA
0000BA90  40 3B E0 B4 8E 33 91 35 B3 BC AB 3E 7A 20 E3 35
0000BAA0  2D B9 E0 33 3E 3B 5D AC D7 BB D2 B7 3B C1 94 B5
0000BAB0  3D BC EC 3B 5C 3D 06 3B BE BA 0C 38 FA B9 F6 B7
0000BAC0  3B 3B 8C B9 6C BC AE BD 7B BC C8 BB 84 BA CA AB
0000BAD0  A2 AA E7 B9 0B BC 09 3E 53 C7 1E BB E2 36 06 BC
0000BAE0  88 BD 17 B9 90 A9 01 3C 47 36 6B B1 A1 2F E2 42
0000BAF0  F2 BA 67 3D 8C 36 99 40 87 B9 00 3C B7 2F 08 36
0000BB00  20 3C 4B 32 10 B4 1B 24 33 B4 48 BA 74 40 07 2B
0000BB10  E9 B7 10 BD A7 B7 15 B8 28 40 AE 39 CE 37 84 B1
0000BB20  03 A3 B9 B9 C4 B6 53 25 D7 41 4B 37 DF AC 63 3C
0000BB30  D5 BD D7 B6 59 3A 61 BA 05 B1 96 BC A2 BE DA 39
0000BB40  9B 31 00 BD 8C 3B 4B BD C5 35 EC 3D A0 C4 27 BD
0000BB50  05 BA 30 BA 4F 3A 7E 34 04 BC EC 34 99 B8 8B 99
0000BB60  88 B4 A4 A4 86 3C A3 BB CF B5 6B 32 69 BF DC B1
0000BB70  FE B5 DA 38 D1 B8 A0 3C C7 3C 8C 24 EE BB E7 41
0000BB80  8B B5 74 B6 39 42 C8 C0 CB B9 78 45 5E C2 5A B2
0000BB90  96 B8 3D BC 2D C5 3F BF CE C1 00 40 D5 3C 06 3C
0000BBA0  22 B9 AA 45 29 39 04 40 0F 39 F2 B5 35 3C 50 3D
0000BBB0  04 35 5E 3A DE 3A 0E 38 31 B8 5C 3D 94 AE FB BE
0000BBC0  53 C0 C2 B6 8D AC A5 3C 16 35 C1 36 72 3F 89 3D
0000BBD0  34 3A 04 B8 FC B5 40 AF 8F B9 08 C0 28 33 B3 B1
0000BBE0  A3 BE 76 B6 BE B9 76 BF 9D C5 65 3E 3B 32 66 33
0000BBF0  5C B4 09 B6 82 2C 79 2F ED BC 5B 3C 1B 30 BF 26
0000BC00  FF B8 29 BB CA 37 4A 45 0F 34 07 BD D1 BE C6 28
0000BC10  AC 39 18 B1 02 3B 03 36 07 38 3F 40 A1 35 9A 3A
0000BC20  3A B6 BC 38 A0 3E 6F 30 11 BC 6F BC F1 C2 52 B0
0000BC30  0E B9 8B 36 35 37 33 3B 98 2D D9 28 95 B9 F3 3C
0000BC40  4D 39 C1 B7 C3 3E 54 BE 94 B6 B6 42 33 B9 AC B1
0000BC50  ED B7 E3 BE FE C4 B6 BC 15 C7 29 3D 46 39 9C 39
0000BC60  E5 A8 A5 3D 00 B0 93 BD 24 2B 85 33 4B 34 3B 3B
0000BC70  1C BD DE 39 CB 33 A3 3A DF B8 52 38 A5 B3 D2 BC
0000BC80  B6 BB 35 38 7E B1 63 BF 3D BD 56 35 80 38 BB 35
0000BC90  09 3A 44 BC 8E B3 5F B9 0D 24 5A AE F6 B1 B2 3A
0000BCA0  78 B8 BE BA 1A BF 23 2C 52 BC 99 3D 7F BC C9 3C
0000BCB0  B5 33 DA B9 11 C2 32 BD CF B9 20 BA A0 BE E7 3A
0000BCC0  0D 34 4C AB F5 39 B4 BE 59 38 02 2A F9 AA DD 32
0000BCD0  61 39 2D B1 6C 30 7E 34 73 B3 7C 39 9E 36 C3 B1
0000BCE0  7E 38 AF 32 B1 3E 4A BC 02 31 D9 AA 88 BF 40 2C
0000BCF0  FB BB 2A 35 05 BB FA 36 B8 BC B2 33 87 34 9D 36
0000BD00  9C B4 F8 B4 89 3D 5A BC 67 37 DC BE AF 3A 92 AE
0000BD10  28 18 F4 BB 0A C0 CB 38 15 C2 BD 32 54 AF 08 29
0000BD20  25 2C 51 43 10 32 31 34 4E 35 70 34 F3 A4 B8 41
0000BD30  67 9E 6F 2C B8 B4 0C BC DD A7 2F 39 55 24 7E 3F
0000BD40  F4 BD 6B AD CF 2D 64 3A AA B7 C7 35 AF 3D 7D BA
0000BD50  89 AF 6B BF C3 AD 91 AC 9D 3D 1B B1 6C 33 08 3A
0000BD60  45 30 68 33 A5 39 86 C0 CE 31 13 36 54 B5 BE 2C
0000BD70  E8 B8 4E B5 99 3C 05 BA DB B4 3D B4 E3 B8 CB 34
0000BD80  CF 32 15 3F 86 37 C1 38 1F B5 89 AD CE 93 FD FF
0000BD90  04 00 00 00 C0 00 00 00 F3 C0 36 B4 47 B9 03 C0
0000BDA0  42 BB F3 3B 81 BF BF AF B8 32 08 BA AC C5 03 A8
0000BDB0  1E 31 CD BA AE B1 DF 37 2C B9 F9 37 32 AA C1 B6
0000BDC0  6D C2 8B B8 2E C2 BE 38 5E B9 2A B4 9E B2 ED 29
0000BDD0  3E BD 0F C0 72 3A 63 B0 39 34 E5 37 27 38 C1 BE
0000BDE0  A9 C0 76 B4 B1 41 3B C0 3D 1E 40 BA 4A B7 69 BC
0000BDF0  01 39 83 BD 37 BC 4B BC E0 33 46 BD 03 B5 C9 AC
0000BE00  1A 33 53 3A F1 AA 97 BD D1 36 37 C0 6D B8 60 B1
0000BE10  F8 AD 5D B9 82 30 10 36 A2 B0 47 2B 84 2F D3 B5
0000BE20  A5 2C 48 B8 BC AA 0A C4 56 30 24 3C 3D B4 7F 32
0000BE30  60 B2 7D 2E B0 C3 32 AC A0 38 CA 2A 07 36 E4 9F
0000BE40  B2 B9 29 29 E4 B2 74 B1 9E 41 BB 36 CB 2C FD B6
0000BE50  06 B7 7D AF CF 39 76 2C 9A 94 FD FF 04 00 00 00
0000BE60  00 48 00 00 0D A8 61 A2 80 A8 A9 9E D7 A5 8D A8
0000BE70  AB 21 BA 96 53 1B 8A 9E 2B 1C 1C 21 B2 86 56 01
0000BE80  75 24 45 9E 71 9B 2A 24 4D 9C 17 9E 62 1D DE 23
0000BE90  32 A1 C5 99 D4 0C 2B 25 A9 99 27 91 CC 97 C3 20
0000BEA0  49 97 87 95 20 18 D6 18 73 21 B0 96 AD 23 74 93
0000BEB0  EB 27 B7 A6 37 A4 FA 9D 6F 24 7A 1F 9F 21 DE A0
0000BEC0  82 A4 57 9B 82 23 F8 21 FD A6 16 1C B6 1D 0E 9A
0000BED0  B6 1E 59 A1 DB 21 99 9E C1 A0 AF A4 C1 20 65 1C
0000BEE0  4B A4 BC 15 2E A1 7A 21 5D 98 C9 1C E7 1C 9F 18
0000BEF0  12 20 0A 22 86 99 70 1D 4F A3 6F 28 0C A5 C5 19
0000BF00  8F A5 8E 15 20 22 01 9E 24 1C 46 0E F1 1F 50 25
0000BF10  A8 1D 94 A7 3F A9 36 A4 E3 A5 EF 20 23 25 77 25
0000BF20  7B A8 87 26 0D A8 DD 20 21 A9 59 A0 91 A5 CB 28
0000BF30  5A A8 4B 20 7F 24 EC 25 E5 9E AD 29 72 9C 63 1F
0000BF40  E3 27 AF 99 E8 A0 1B 25 F6 A9 06 8D 9C A3 14 AD
0000BF50  08 8C E5 25 46 20 3D A5 F9 9A D6 A8 EE 1A B2 20
0000BF60  CD 24 FB 1C 5E 21 81 26 DD 26 3B A8 63 25 8C A6
0000BF70  B9 A5 87 8F 77 A4 45 A0 F8 9D 05 23 6E 9A 22 AA
0000BF80  F9 A3 85 A4 C9 94 B1 A5 C4 9D AA A2 81 A7 90 9E
0000BF90  2B 25 79 2B 13 9C 6F 26 7F A7 F9 1E 3C 29 43 A4
0000BFA0  E9 21 29 A4 F7 25 EF A7 54 A3 C6 2C CD 19 D4 A4
0000BFB0  89 A7 06 20 0B 81 60 A9 31 24 C1 A5 E8 A9 BC AA
0000BFC0  93 27 50 1C 97 28 D2 27 8B 27 E0 28 A7 A0 E3 25
0000BFD0  75 1A 05 98 F8 AC F9 AB B7 25 6F 21 B3 AC 99 25
0000BFE0  7D A0 A6 9E 2B 26 1E A1 40 99 41 A4 E1 26 45 24
0000BFF0  44 A6 33 A4 B1 9E 78 20 A2 9F 71 A9 B4 A5 F6 93
0000C000  EF 28 7E 9C 91 99 3A A2 3F A2 39 25 78 23 E5 27
0000C010  AB 23 D0 20 C9 20 FD A2 AE A2 7C A6 49 1F C0 20
0000C020  33 A5 40 9E 96 21 2D A4 4E A0 63 24 A9 A7 87 9E
0000C030  94 28 18 02 4A 19 A1 1F EC A4 8E 22 54 20 4B 20
0000C040  8B 21 30 A3 1A A2 99 82 9D 17 0F 20 CA 28 2C 92
0000C050  2A A6 A9 A9 5C 24 13 9E F8 24 14 99 14 A4 FC 24
0000C060  93 21 DC A6 F8 A4 B7 23 E2 1F 03 A6 82 A2 AB A1
0000C070  3C 22 21 A6 D7 20 C7 1F 79 2A C6 94 34 06 AA 25
0000C080  9A A0 F1 12 9A A1 54 21 81 A4 25 2B F8 A5 A2 28
0000C090  79 18 9A 9C 7C 8E F9 80 3B 21 96 95 8E A1 E4 8B
0000C0A0  74 1F D1 9E FA A3 C8 28 54 A5 E3 2C 04 1E D3 AB
0000C0B0  A5 2E 90 30 AC 2B 95 AE B6 1C 8A 2B 43 A6 13 2E
0000C0C0  94 22 AE 28 DA A8 FF A8 A1 A8 1D 9A E3 28 B7 27
0000C0D0  BE AC 64 1E CC 2C 85 18 7E 31 B5 22 C3 A9 A7 27
0000C0E0  B6 24 F8 A0 9A 26 66 A4 C1 2B C1 A1 28 A5 86 27
0000C0F0  72 AD ED 9F 42 1C B8 A1 90 2D A4 9C 99 20 43 A5
0000C100  75 AA 54 AB 80 21 34 2D CD AC 65 2B BA 29 6D 22
0000C110  E3 A1 A2 28 73 A9 34 AD 8A 29 64 1C C4 32 E5 26
0000C120  90 A8 29 A9 6B A8 D2 21 4D AC DC 30 5E 00 D4 26
0000C130  C3 26 32 AD 09 AC E5 A4 4F B3 72 AD 9A AA 92 22
0000C140  DF 2C 4E A3 E7 29 44 AB D3 A6 B3 1F 1F 96 C8 B0
0000C150  0E A5 9C 29 AD 2F 82 B2 25 2A 17 24 75 23 4A 0C
0000C160  C1 2D 98 A5 61 26 92 2A 6A 2A 7A 22 B0 AA 86 AD
0000C170  36 2C 42 28 3B 25 0C 12 1C A8 91 29 C7 A4 7D A5
0000C180  3A A6 0C 22 28 27 6A 27 F6 A9 C4 2A C4 2A 3D 29
0000C190  9F A9 C4 2A 90 A8 59 1C 57 2A 83 24 E5 9D 20 26
0000C1A0  E5 22 1E A8 F3 1D 62 A4 82 27 EC 1C 40 A5 C9 A2
0000C1B0  44 A8 09 23 94 25 B8 A4 0A 1E 9C 27 C6 1A F5 9F
0000C1C0  6A A2 C5 18 37 2C 14 29 F8 A5 62 24 4D 2B 39 1F
0000C1D0  5B AB 26 A1 6C A8 3B 1F CB 26 CA 22 29 2E E1 2A
0000C1E0  13 AC 5B AD 2A 2A 3B A4 98 A3 B8 AB 37 2A BD 28
0000C1F0  A4 A2 87 2A 64 A8 03 AB F4 A1 42 A8 76 A2 BE AA
0000C200  15 27 F8 17 68 27 B0 AA 12 9E 9A 2F 5F 26 00 29
0000C210  F2 AC 98 28 7A A9 F7 A4 8D 18 36 2A 77 AB 68 A6
0000C220  80 28 7A A9 96 AE 33 2B B0 A5 3B 13 CA 19 AB B3
0000C230  04 AB 42 2E 0D A9 6C 27 63 2C 68 25 2A AC EA 26
0000C240  1D A7 D0 13 04 28 76 29 69 9A 04 26 83 A7 30 2C
0000C250  4F 24 B1 A9 D9 A5 80 23 43 AD 10 29 FA 24 87 A9
0000C260  FD 96 88 83 E0 A8 6C A4 0C 25 69 24 6F A5 F9 25
0000C270  31 AA 4E A2 87 A8 27 22 E7 15 0F A1 2A AA 58 A9
0000C280  C6 22 13 A6 9F A9 8E 2A CE 20 CE A5 A0 A0 93 1E
0000C290  29 9B FD 29 0F B1 85 29 4C AC CA 29 46 AC 95 AA
0000C2A0  86 A9 46 26 E9 A1 6D 19 01 9C D9 AC 61 20 6A 25
0000C2B0  0F AC 33 AC 9A 28 2E 2C F6 1A 96 AF 68 9E 4D 21
0000C2C0  FA A9 B9 A8 B2 24 B1 24 19 24 E9 99 24 A7 99 AD
0000C2D0  F7 A8 D1 28 94 A7 64 30 41 A9 2A A5 38 AA 7C A6
0000C2E0  D5 A4 A9 2A 53 21 68 27 D3 A0 54 9B 2A 26 5D A6
0000C2F0  FA AC 7C 10 8A 9E 91 AC 41 22 E8 20 89 2A 5D 9C
0000C300  B4 1D 17 20 75 1E 52 AC 97 2B 53 29 3C 20 A1 2D
0000C310  4C 24 C6 A8 04 20 9F 9C 82 2A 99 1A 15 22 0F A2
0000C320  A7 10 79 18 A1 9E F9 2A F7 A2 50 1F 23 22 1A A6
0000C330  F9 A9 80 A2 2E 22 63 A0 13 1D FB 1C A4 AB 9D 24
0000C340  63 95 9E 24 26 11 90 9C 6D 21 96 A5 2E 2A 68 9D
0000C350  A9 25 6C A9 5C A4 05 9C CA 26 69 9B F3 8C 96 A2
0000C360  97 A7 43 99 C7 A8 4D 16 24 2C 27 2E E0 1E 60 28
0000C370  E0 1F CA A2 19 11 48 28 0E AC 4B 24 B3 23 46 23
0000C380  03 28 A1 A3 8C 27 F9 A0 41 24 E4 A9 E7 1C DE 2A
0000C390  B4 9E 63 1A A8 22 3E A3 4B 9E 1F A2 B9 27 C2 25
0000C3A0  BF A8 76 27 C7 25 4B 9B 9F A0 1D 1E DD 9D B5 97
0000C3B0  81 0A F2 31 A1 9D 3D 26 03 28 C3 26 01 94 4E 28
0000C3C0  C3 AC DE 13 0E 1F DD 9F C1 A5 6B 9F A8 15 25 26
0000C3D0  69 26 EC A2 CC A0 D6 A7 2F 92 81 26 04 A7 36 A8
0000C3E0  1F A7 61 1C E0 A4 87 AA BF AC FE 20 0A 16 D4 28
0000C3F0  53 A9 B5 1E B8 23 DB A5 CB 27 0D 9B 6F A5 30 A6
0000C400  16 24 ED 20 E6 9F 62 A2 17 20 3A A4 69 22 B5 21
0000C410  D3 A4 EB A1 67 A5 21 2C 8E 29 A0 21 78 A6 28 A7
0000C420  BA 28 EE 1E FE 24 C4 1B E1 A9 99 26 84 A8 3E 19
0000C430  C7 2E 56 0F E4 29 FC 29 9D 27 3F 29 EC 25 C7 26
0000C440  61 A8 E3 A9 A4 A9 0D 24 B3 22 81 A4 4C A9 46 26
0000C450  10 25 40 A8 CE 26 5B 28 73 A4 A9 A2 33 2A CD A8
0000C460  63 23 69 24 E9 A0 62 21 C1 A4 49 95 FD 99 B5 25
0000C470  A5 A6 6A A1 CB B2 08 26 07 27 9F AA 7D A9 3C 9F
0000C480  E2 2C 20 21 8A 23 1F A8 04 9F 67 99 E5 28 1E 22
0000C490  51 22 11 1C AA 99 D5 A6 A8 A0 5F A2 70 A2 2B A4
0000C4A0  CA 9D 40 0C BF A4 BD A9 2E 24 F0 A0 3F 25 E9 22
0000C4B0  B3 23 63 A1 6C 17 03 A6 7C 84 21 9D C9 A3 BF A3
0000C4C0  63 99 52 24 72 A7 75 A2 C5 A0 51 A5 1A 1D 85 20
0000C4D0  67 15 62 A4 22 A1 EE A2 B4 21 61 98 42 A6 20 A4
0000C4E0  44 A2 BA 24 FE A2 E8 A8 34 25 CB 28 F8 26 E5 22
0000C4F0  AC A3 D1 9F 67 13 07 9D 99 A3 3D A5 0C 28 87 24
0000C500  7C 24 F6 20 AB A7 8B A8 A7 21 54 2C 4B 20 85 A5
0000C510  3B AD 25 AC C0 AA D4 28 D2 A8 A4 AA 26 AD 72 1F
0000C520  54 1C BA 27 DB 24 CF 28 75 A3 16 9F EA 1E 96 9F
0000C530  59 A6 E8 A5 B9 1F 46 2C 6A A1 56 A8 47 A0 7A 22
0000C540  75 A8 32 A6 0D A1 0A 1B 29 A5 0D A5 BD A8 66 19
0000C550  E2 21 F8 25 13 9E C9 9C 48 20 D6 2C 4B A9 F6 A1
0000C560  F8 1A DD 25 D1 9B FB 1F A5 A9 8F 99 F6 96 12 A9
0000C570  7C A4 2C 9E DA A5 28 20 4E 9A 48 A7 D2 9F 50 A5
0000C580  3E 26 90 A5 B5 A2 7A 9C A5 22 F1 98 A9 24 42 A2
0000C590  86 A4 06 A5 31 25 8B 24 8B 21 E4 9C 78 26 62 A8
0000C5A0  26 29 20 A1 CA 25 BE 96 40 1C 3B 2B DC 22 BE 24
0000C5B0  A7 20 C7 1B F1 A7 F2 A6 02 21 5A AC C5 20 7C 1F
0000C5C0  D6 22 E1 0A 06 A8 AC 27 62 1D DD A9 6B 1D C2 2B
0000C5D0  89 AA 87 AD 17 1E 9E 9D 2C 90 35 A5 9C 1E 72 A2
0000C5E0  87 24 5D 2B 4C 98 4A 20 F6 1F E6 A4 B9 A0 69 26
0000C5F0  48 1D 27 9D 48 20 59 A0 F5 A5 82 9F 3B 24 74 9D
0000C600  DA 23 EB A3 8E 92 FE A0 E4 9F B0 9B F9 24 D7 1E
0000C610  59 A4 87 1E 25 19 53 12 8E 21 74 A4 A6 24 FF 90
0000C620  3A 85 D5 A5 1F 25 0D 25 F0 1B 1E 28 07 94 32 25
0000C630  B5 1A 76 26 5A A4 CD 1F A6 A0 04 A1 69 A5 81 20
0000C640  86 23 CA 1F 6C 18 35 16 DB 9E 95 20 32 24 2F 95
0000C650  0E 28 18 A5 E6 19 C2 9E 7B 1E 7C A3 8D 18 63 25
0000C660  54 1F 03 A2 5B A4 5A 1F DA 20 9E 1A 53 A6 19 96
0000C670  29 24 50 9D B9 A7 B5 A7 E8 24 F5 28 0E 26 85 20
0000C680  C0 1D FD A2 FE 98 54 A1 C0 A4 F6 9A 03 22 3D 1D
0000C690  18 A8 97 1B 51 A9 7B 98 F0 1C 82 20 06 24 26 A4
0000C6A0  25 18 61 27 36 AB E7 20 6F A9 1E 18 CD 24 41 A1
0000C6B0  51 27 85 A9 EA A4 4A A4 73 29 1F 31 C2 A0 F0 9D
0000C6C0  86 A1 8E 22 80 98 03 1B 25 A6 2F 25 2A A8 D9 29
0000C6D0  B5 23 0D AC 03 A6 92 A0 99 9E 1D 2B 50 9F 77 A2
0000C6E0  88 A9 EC 27 34 A9 1C 27 9A 2A 6E 1C 73 A8 9F 07
0000C6F0  BF A3 8E 1F E1 1F 0F A0 C3 23 85 14 17 9A 84 9B
0000C700  0D 22 2A 23 A4 A0 83 24 BC 22 E6 A5 DE A5 01 1F
0000C710  CD 9F A9 A8 97 AC E3 1B 53 24 2E A2 1A 9F 93 8C
0000C720  54 23 FB 26 96 26 24 A3 0B 21 71 24 FE 9D 78 24
0000C730  61 28 AB 27 DE 29 CB A5 8C 26 E6 28 AF 24 01 2A
0000C740  51 24 90 AD ED 26 1D A1 86 26 AD AD 81 08 74 29
0000C750  07 26 30 A3 66 25 06 2C DB A9 20 A7 B4 2A 47 A2
0000C760  47 98 97 A0 48 A2 26 A1 09 24 A4 1E 7D A4 CC 25
0000C770  DE 1E BD A5 FE 22 09 A6 B9 21 90 9D 36 AA DC A0
0000C780  83 A7 4C 1B 3A 20 E6 A8 42 84 48 21 1A 22 75 25
0000C790  88 98 66 1D 02 27 DA 99 FF 9A AE 24 6E 21 F8 A2
0000C7A0  01 A1 F2 9B 26 A0 38 24 11 96 53 24 E0 20 8C 15
0000C7B0  DA A8 4A A0 BF A0 BB 8C E9 A1 02 1B 36 A0 30 A0
0000C7C0  14 A4 0F 15 B3 24 27 A2 C9 A4 5C A3 D0 11 FC 23
0000C7D0  63 25 F8 A4 41 A1 1F A8 55 26 80 A1 AC 23 FF A2
0000C7E0  58 A2 A4 A1 1E 17 18 A6 AB 9E 4C 20 5D 1A 62 22
0000C7F0  A9 A0 8A 9C EA A2 61 24 D1 9E 67 20 5D 9F 78 9E
0000C800  4E 21 EA A7 31 24 1D A0 46 25 A0 A9 65 9D 38 28
0000C810  1E 8C 5D 28 6A A8 32 29 05 9F 20 21 D7 27 FE 24
0000C820  F0 98 0E 18 9B 1D 80 1E 8F 9E 3B 98 48 18 AF 19
0000C830  34 1C 34 96 A4 1F F3 14 8C 18 71 19 8B 1E D2 1B
0000C840  29 1A F4 9A 12 1D 41 A1 E9 17 4A 9D FC 19 13 9E
0000C850  71 1D AB 18 C4 97 14 98 32 14 3A 95 A1 18 B6 17
0000C860  D7 1E 6B 9A 97 95 64 1E 58 16 06 20 18 21 58 1D
0000C870  D5 92 05 18 ED 8C EF 14 A9 1D CC 19 F1 19 93 1C
0000C880  51 95 5C 19 B0 18 4B 16 0C 8C 7B 99 00 9A BC 14
0000C890  CE 21 3B 1C 5F 93 1F 1A E1 9D 3D 9D B8 9A 83 1E
0000C8A0  30 9C E6 9D 8B 98 A9 8C 52 22 9C 91 06 1F D3 96
0000C8B0  91 8D 44 1B EC 9C CA 9F 6A 9C C7 1E 3E 13 B2 99
0000C8C0  B7 14 16 18 C1 98 18 1A 1E 90 94 9C BE 1F 22 A3
0000C8D0  47 12 FB 15 4F 11 51 A3 B0 93 AF 1C 7F 98 62 15
0000C8E0  15 1E 76 9B 17 9D 2E 24 4B 20 C3 19 BE 21 59 1F
0000C8F0  F7 14 67 1E 92 1D C7 9F 5C 1F CE A4 63 A8 03 24
0000C900  AE A6 53 A3 AF 23 30 1C D6 A3 45 9D 32 A0 3B 26
0000C910  CC 1A E5 9D 07 1E B1 20 7C A5 9A A0 90 1F 2B A1
0000C920  74 98 45 20 EB A4 EF A5 06 1B C4 AA 4E A3 30 A3
0000C930  95 A6 18 A0 05 94 82 24 0E A4 50 1D AB 1D A9 9B
0000C940  B1 23 32 A4 CE 95 68 27 82 9B D5 24 E8 1F 55 1B
0000C950  20 A3 0B A0 78 27 77 A5 CE 25 62 A0 26 AA 68 A3
0000C960  AB 1E 2E 25 94 A0 1E 25 C7 05 54 A9 9A 8D 08 21
0000C970  0E 9F 2D 1D 21 9A F2 24 1B 9F CE 1F 48 A4 36 2C
0000C980  B8 24 2E 25 7C A3 A6 1F 47 A4 BD 1D 9A 9D 09 2A
0000C990  4F 8C 7C 25 E4 96 F1 24 49 A1 06 A4 64 1E A2 9F
0000C9A0  43 9D 97 A0 9D A2 92 A4 90 9C 15 13 15 A3 51 1D
0000C9B0  3C AA 08 9E A6 99 62 25 E1 28 E3 20 87 A5 5F 16
0000C9C0  B0 15 60 23 E9 23 DD 1C C4 A8 B6 20 2A 9C 1D A9
0000C9D0  6F 98 DC 19 48 96 88 22 32 A0 23 A7 01 10 1F 20
0000C9E0  6B 99 20 24 0F 9E 19 A2 99 9F 4D 94 36 1A CC 9D
0000C9F0  F0 25 13 A0 F7 1C 54 19 87 A0 A9 A2 E3 A2 A2 97
0000CA00  1C 13 72 8A FC 96 D6 9F AB 1E EB A3 E8 A3 C4 9D
0000CA10  26 A1 17 2A 98 24 F8 A1 3E A5 3D 20 77 18 56 A0
0000CA20  8E 27 53 21 A4 26 13 9E AB A3 29 22 4B A5 5F 24
0000CA30  32 1B 30 14 52 20 F4 9B A0 A1 D6 AA 0A A1 ED 23
0000CA40  CE 8E 2A A3 C8 29 FD A1 2C 1F 6E 28 E4 A5 F0 1D
0000CA50  46 A2 79 A3 3A 25 95 1A EE 9E 68 A6 5F AA E1 A6
0000CA60  87 25 D9 9F 9F 9E C0 AF E9 2F 95 20 31 A4 BB 2D
0000CA70  10 26 1B AB 47 A7 83 26 B0 29 DE 9D 3C 28 39 26
0000CA80  BD A8 5B 18 2C B0 20 27 F7 19 CD 29 11 99 19 29
0000CA90  4B 97 EA A4 0B 25 D8 2B 30 A8 5C 28 29 28 35 AD
0000CAA0  17 A5 74 22 C1 24 51 24 0B 29 78 26 CF 9B A0 A3
0000CAB0  65 A8 8E A1 3F A8 FD 24 94 27 9B AA 16 A6 70 A8
0000CAC0  F1 A1 2D A4 0E 26 1F 26 F4 AB 33 A8 7F AC 02 26
0000CAD0  FE 26 3E AA 53 29 66 A0 21 24 22 A7 AE 28 2C A2
0000CAE0  71 28 FB 21 67 2A AD AC 2C A7 79 26 20 20 B0 1B
0000CAF0  EE A5 30 24 87 23 49 18 15 2C CF 25 A0 26 30 27
0000CB00  38 27 9F AE 49 1B CF 2A 39 1C CC AC 9C A9 23 2D
0000CB10  64 94 75 2A 1C 2D 5A 2E 2E 29 61 A8 00 28 E6 A9
0000CB20  DE 22 AA 86 1B A8 1B 21 D0 9A 01 1B FF 9E A5 A5
0000CB30  BB A8 C8 A6 91 A0 34 A4 C3 21 A5 20 54 20 52 1F
0000CB40  A5 1E 33 A0 8D 20 18 34 66 1B 0C 1E F7 1D 10 1E
0000CB50  C2 26 14 A8 FE 23 1D 1E 17 A7 2E 24 D3 23 59 A2
0000CB60  83 22 C4 A3 D3 A4 B3 21 B4 26 89 24 D6 A4 DC 21
0000CB70  FA 20 67 1A A8 27 CC A4 49 1C 1E A0 BC 1E 1E 1F
0000CB80  E3 90 24 95 B7 92 89 90 6F 19 83 A8 C6 27 87 99
0000CB90  A4 A1 19 26 3C AC 5D 2A 89 AB 11 27 3D 25 98 1F
0000CBA0  BC A4 15 24 8F 9B 33 A8 A7 24 C4 22 6D A8 54 25
0000CBB0  27 A2 48 27 D9 24 CF 21 8F A8 68 AB A4 A5 23 A8
0000CBC0  58 A2 59 AA D2 A5 26 22 77 27 E9 2B 27 9A 4F A7
0000CBD0  50 1C F5 29 75 AB E1 A9 86 1F 78 1D 76 A8 E5 A0
0000CBE0  25 29 AC 24 8B 1C EA 15 1C 20 67 1C 02 A8 2E 28
0000CBF0  F0 23 C3 A0 75 A4 29 9F 7D 1F DA 16 19 A4 94 AA
0000CC00  0D 1F 40 A2 89 20 41 A1 A7 AC 4F 13 DF 1F 7B 29
0000CC10  E4 21 DA A4 CC A2 74 26 E0 99 B7 27 CF 25 C8 A4
0000CC20  01 29 B0 18 8C 18 F6 9F 45 28 C2 A9 13 A8 46 A0
0000CC30  BF 15 2C 9D 8D 20 15 A4 AA A7 F5 8A F8 A5 EB 9A
0000CC40  71 A0 DB 1C B5 95 5F A4 EC 2A A1 A9 93 9D AE 24
0000CC50  2F 0F EE 20 43 2A D5 25 D1 2A 1F 98 88 A4 11 A6
0000CC60  68 A4 9D 26 A6 1E 4A AB 09 A7 20 AE F3 1B BA A5
0000CC70  6E AB E1 24 60 2C 4E 29 E0 27 75 2B B7 9F 8A 24
0000CC80  76 A8 A7 A8 AA 24 DB 28 42 28 49 A9 35 27 29 28
0000CC90  85 26 D8 95 24 A4 24 9E EB 99 E8 A7 40 29 DA A0
0000CCA0  37 AC 44 21 DB 26 58 1E 72 14 A0 1A E4 1C 35 0D
0000CCB0  45 9E DD 1A 3A 1C 8F 22 B3 1F CE 21 50 16 27 24
0000CCC0  17 1E 36 24 F3 20 06 24 4D A1 87 28 9E 1E 53 28
0000CCD0  49 23 DB A2 AC 1D 45 9B 68 25 17 1C 84 1C BC 25
0000CCE0  AD 24 BC 99 05 A1 AA A2 9C 1C 19 98 E2 A3 73 99
0000CCF0  FF 21 31 1D B2 8A 1F 98 2C 25 8F 23 18 98 35 1B
0000CD00  48 A3 05 80 80 8F C6 23 2F 28 7D 9A CD A0 8D 15
0000CD10  CD A0 46 A4 9B 23 D6 18 A7 26 E8 19 ED A7 5D 8D
0000CD20  1D 24 09 18 5C 24 45 A5 2C 9C 83 2B 37 17 39 23
0000CD30  ED 23 27 9F DF 95 67 24 EF 9B 7A 9E 07 1C C8 1E
0000CD40  53 22 13 23 EA A4 36 A5 DA 96 6A 28 A2 96 08 26
0000CD50  56 A3 DA 04 BD 23 76 9A D2 9B 50 A7 B6 98 84 99
0000CD60  62 98 9F A4 BB 21 F1 9D BF 14 BA 18 70 8C 9F 20
0000CD70  48 1C 60 1C 39 A3 DE A3 9A A0 23 90 62 23 F5 9D
0000CD80  CD 15 9A 23 1D 97 F8 9A 3C A1 9F 95 42 1F 61 27
0000CD90  9A 94 28 18 19 9E FB 9E 99 21 61 A2 B9 99 B4 20
0000CDA0  2F 9E 86 99 D5 94 0D 8F BE 98 7F 23 AC A3 EA 1C
0000CDB0  48 1D 2A 22 01 A4 E2 1F 13 99 94 9F 0B 9E 8B 9C
0000CDC0  40 9F 29 25 D7 1B 61 21 07 94 46 1D 75 1E B5 0A
0000CDD0  4C 21 A8 A4 E9 99 E6 95 7F 1F D9 A3 55 A4 05 1F
0000CDE0  A1 1B 7A 9F 48 A1 EE A2 66 A3 A3 26 57 A0 75 22
0000CDF0  B6 8E EE 08 F7 A4 8F A3 B6 22 01 24 DC 1F FB 18
0000CE00  FB 1B BE 1C DE A1 C8 A1 30 12 47 28 5E 1A A9 23
0000CE10  92 A4 67 9F 3D A6 1F 95 46 16 79 9D D9 11 82 A1
0000CE20  A6 1D AE A0 9C A5 A9 A5 08 22 57 21 9E 26 B9 23
0000CE30  E3 A1 B5 A9 1F 24 46 21 95 23 4A A9 93 23 6E A8
0000CE40  22 23 3A 9C C8 10 4B A0 FA A4 7B 93 7B 20 B5 2A
0000CE50  3C 9D E9 25 57 A0 45 A1 2D A5 23 1F 0E A6 7E 95
0000CE60  2E A2 F3 A1 DA 12 64 1B 59 A4 FD A3 F4 A4 78 A5
0000CE70  49 28 41 24 8B 1D 9A 24 90 A4 84 A2 FE 1E 82 18
0000CE80  F4 94 CE 93 0B 22 06 A4 36 A6 6B 9B D9 A3 33 21
0000CE90  88 A0 14 A6 91 1A 17 A8 28 2C 63 1E 5A AC 70 A3
0000CEA0  56 28 9B 1E F1 95 AD 9E B0 9C 96 95 2A 25 A1 22
0000CEB0  5B 08 B8 1A C9 28 9E 25 D7 28 AE 26 B8 90 49 22
0000CEC0  D0 A6 4C 90 5E A8 57 26 29 22 A0 AD 0B 20 8E AD
0000CED0  2B A8 74 8E 0E A7 40 A9 1A 9D C6 A5 F6 A9 18 A6
0000CEE0  21 22 E5 99 B4 20 30 23 0D 23 31 28 94 23 95 A1
0000CEF0  5E A4 88 2C A0 24 0A 98 F4 1C 09 27 2D 2A EE 2B
0000CF00  1D 2A 42 A9 00 27 1B 23 6E A9 09 28 92 A6 9A 20
0000CF10  8A 27 B7 AF E4 1C 3A 2B 1D 26 80 A8 C9 A4 F1 27
0000CF20  06 27 18 A6 45 22 59 28 47 A8 02 A9 EF A5 16 A9
0000CF30  D8 2A 5B A8 0B 28 F2 1C 8F AA 8D AC FE 27 29 A8
0000CF40  FE AD 16 9E 9D A9 03 A8 68 2C 71 2C E2 A5 21 A4
0000CF50  EA A9 72 9E CD A5 C2 A7 39 AC 93 24 24 1E 97 26
0000CF60  8F A0 DE A1 56 24 6A 28 A6 A1 B8 2F 63 28 1D A0
0000CF70  11 29 16 AA 4F 98 B6 A5 95 96 E1 A1 4D A8 03 A5
0000CF80  20 AD A8 21 D2 A5 51 A6 E6 2C 46 A2 FD A7 9A 9E
0000CF90  FC 25 98 A7 DE AB 58 25 0C 9F 85 A6 1C 20 13 A4
0000CFA0  66 26 F3 2A 7C A6 D0 A3 61 2D 45 25 16 A4 49 AB
0000CFB0  19 AC E1 26 8A A3 9B 26 C3 28 3D 29 F8 AA 40 26
0000CFC0  F8 A1 8A A8 42 A6 BD 29 12 A0 D1 A3 3D 25 21 A5
0000CFD0  85 A9 A2 25 B7 A4 22 25 40 A5 2D 28 1A A5 84 19
0000CFE0  64 1F 91 AB 3C A7 0F A9 C6 9D A4 9F 1A 2B 54 20
0000CFF0  7E A7 61 08 5B A1 A2 95 AA 91 BF 20 60 20 C1 24
0000D000  78 A6 75 22 09 AC C5 26 5A A4 35 A7 6F A5 C0 A6
0000D010  30 A3 AE 28 2F 20 7A A8 3B 1F D2 2A F8 25 64 A5
0000D020  9D 21 C1 0E CB 22 1F 20 61 A9 C7 A0 79 A5 23 29
0000D030  6A A3 B0 A7 E8 1A 50 28 74 A5 3B AA 67 91 08 AA
0000D040  43 A4 E6 AC 88 2A 4A A5 87 25 82 A4 7F A4 34 A1
0000D050  6F 91 DD A3 98 28 64 AD 93 1F 12 A2 BB A6 FC 1F
0000D060  A3 2B 1A 25 31 A7 6F A9 26 9F 87 29 28 A6 32 2D
0000D070  14 A4 88 AE F2 22 26 2C 29 96 40 A4 2F 2A 67 1C
0000D080  78 A8 89 9E 17 25 14 27 24 AA 48 9F 86 98 36 24
0000D090  F6 20 34 16 A8 AE 82 A0 9C A8 BC A8 68 A2 13 92
0000D0A0  F5 90 24 9F 61 A3 61 20 5F 21 E7 28 0A AC D4 A3
0000D0B0  23 28 BF 98 03 26 C8 23 32 21 CB A7 9E A5 81 A3
0000D0C0  CA A8 8A 9C 6C 22 AE AA 1D 20 2E 19 98 99 51 23
0000D0D0  0C A9 AA AB D6 2A B9 A5 4D 2A 36 AB 59 A7 1D A3
0000D0E0  C3 16 DB A5 BB A4 DB 19 3F 24 87 A8 B0 A8 E2 A5
0000D0F0  F2 A7 A5 99 11 1F 4A 21 C9 2D 2F 28 AD 29 87 28
0000D100  A8 9F 27 A6 EB 19 65 A9 CC 26 D6 1A 9B A6 08 2B
0000D110  C7 A5 CD 29 F2 2E 26 AC 0A 29 D8 24 AE 2C 11 A2
0000D120  B0 26 11 AC 06 A2 94 18 77 1C 70 99 C3 21 59 A8
0000D130  60 1A 92 A5 E3 11 2F 99 F9 1E 4C 1D 36 9D EC 21
0000D140  50 A6 A5 1C 6F 22 7B 22 C9 1D C5 9B AA A2 C8 1D
0000D150  E2 21 86 26 3B 1B 06 AC E3 9D D0 25 25 18 09 A3
0000D160  19 8D D3 22 4C 1F D9 98 4D 9D E2 A5 C0 9E 07 25
0000D170  B1 A5 0C 91 7A 23 1C 25 2B 91 64 A2 A4 18 A5 9B
0000D180  6E 9D 16 A4 6D A0 E0 24 DA 22 22 98 6F 9B DC 18
0000D190  8F A1 40 A7 2C A4 A7 26 65 15 83 25 36 9F 61 A2
0000D1A0  D7 9C CC 24 CF 23 40 9D 70 1E B2 9D A8 93 90 9D
0000D1B0  C8 22 F1 26 C1 A9 AF 9C 96 1D 52 27 96 9C 1B A4
0000D1C0  10 A3 30 17 3F A1 C8 1B 9B 1B 93 24 CB 1A E2 23
0000D1D0  72 1F 16 29 3E 25 00 A6 C8 A1 E9 23 8A 2C 92 9E
0000D1E0  4F 9E 75 A6 56 28 66 28 D3 24 18 24 C0 25 DD A4
0000D1F0  3D 1F 68 28 5E 20 87 8C 90 1D 80 20 20 A7 0C 24
0000D200  DB 96 1A 85 B2 A3 BE A8 CE A5 C7 A3 03 26 E1 A2
0000D210  B2 23 C6 8C 8C 95 A9 9F 34 AC 6A 9D E2 A7 19 28
0000D220  43 22 B6 24 E8 93 17 89 AB 1E 7F 97 A7 20 A6 25
0000D230  58 A7 4A 21 90 23 78 98 8E 26 FE 20 7C 98 36 A3
0000D240  F2 1A 4A 27 E3 A4 0F 1D 1B 9F 3F A2 DE A1 2A 21
0000D250  F3 95 A1 A1 64 28 B5 28 0D 12 8D A0 F8 A0 19 27
0000D260  0B A8 C2 1C 5F 27 3B A2 58 9A 05 26 1D 20 40 9E
0000D270  8B A8 5D 15 73 24 9A 24 82 A6 52 AB 68 26 FE 1A
0000D280  FC 22 83 12 8D A1 81 AB D3 23 00 25 A3 24 DA 12
0000D290  87 9C 61 A6 AB 21 8A AD D8 22 49 27 D2 A8 07 A6
0000D2A0  1D 2B DA 28 E9 AB 06 19 60 1D ED 1F BD 20 86 12
0000D2B0  61 15 ED A8 7A 99 BE 1D 7E 23 4F A2 63 A2 F7 1B
0000D2C0  69 A2 38 20 D5 20 AC 21 B6 A4 6C 9D 08 25 AD 27
0000D2D0  DF 20 A1 A1 2A 1C 51 21 15 A1 88 2B CB 93 65 A3
0000D2E0  E2 9F 49 27 2F 9A E2 18 4D A8 5A 95 B4 A4 63 9F
0000D2F0  A6 23 21 18 88 A3 1A 1E EE 21 FB A1 4C A5 2E 15
0000D300  4E 21 50 20 88 A8 BB 28 55 A2 DA 1E 13 27 F0 1D
0000D310  A8 9A CD 9E A3 A7 DE 25 88 26 9A 1C 73 22 7A A6
0000D320  B8 2A F5 22 F1 17 89 16 CB A4 5C A7 74 A0 10 9E
0000D330  4E 29 FA A2 CC 23 0A 25 0F 23 47 AA 73 A1 87 20
0000D340  61 1D 09 A9 6D A3 4A 28 07 12 08 1D D2 A2 90 28
0000D350  A2 27 D4 2A 51 21 68 2A 55 A3 A1 A1 1A 24 06 24
0000D360  CC A6 DA A2 69 AA 49 A3 14 A1 11 20 8E 22 8E AD
0000D370  A4 29 28 27 80 1B D6 AD 10 29 14 A9 12 A2 0F 25
0000D380  EF A6 0D 1C AF 1C C7 28 A8 29 AD A2 F3 20 EE 2B
0000D390  97 26 7D AB 83 16 59 92 34 A9 F2 25 04 A9 BB A0
0000D3A0  20 A4 11 29 52 A1 5D 2B 20 24 E6 AB 7F AC D7 AB
0000D3B0  E5 AB 7D 96 5F 17 0B 2D 40 A2 49 9D E1 9A 40 9D
0000D3C0  3D 29 7A 1E AE A6 89 A6 F1 24 4B 2B 53 A8 14 24
0000D3D0  42 A9 FD A8 05 23 61 8C 7D 25 4D 1D 65 26 3E A8
0000D3E0  6A A8 4B 25 D1 A5 8E A4 55 25 96 24 51 20 00 A1
0000D3F0  2D A7 A7 24 9D 2A 76 1C 3B 2E FF 2A 36 A1 72 2D
0000D400  CD A5 7A 28 0B A2 3F 2D E8 18 B7 AD BD 1E 8A 2E
0000D410  2D 25 D4 23 B8 2A 05 2E 3E A7 BF AA BC 2E 7B 9E
0000D420  7E A7 6F A7 F0 AC 88 AC 79 2C 03 2B C0 24 C5 29
0000D430  5E A6 1D AE A7 28 0C 10 5C 19 F6 AD 89 AB A5 9D
0000D440  79 24 CE 1F 21 A7 8A 26 35 0E F2 9A E6 16 4E 24
0000D450  B9 AA 45 AE 18 24 94 27 25 A4 95 1C F1 A7 5C 29
0000D460  65 A4 AA A5 51 0F 45 2C 35 19 73 A2 40 AA 1C AB
0000D470  25 1E 1A 9E 74 A8 CD A1 41 28 A6 A7 D6 AC 31 AA
0000D480  98 A0 01 29 1C 24 31 1F F4 A9 65 9F 99 AB 65 20
0000D490  41 9C 01 A8 AF 28 A6 A1 18 2B 01 AE 31 20 E5 AB
0000D4A0  25 28 63 A8 D4 29 4E AF D3 26 20 AC 72 9F FF 2E
0000D4B0  6F 29 2E AC D0 2B 8C 2C 58 30 A9 2F 0A 24 A3 2E
0000D4C0  61 A8 E1 A4 F0 A9 09 27 4A 21 8C B0 3D 1D 41 30
0000D4D0  BA 1F 75 22 95 AB FD 2B 5D 1C 1B AD 66 2F E8 A6
0000D4E0  52 1F F5 26 13 29 BD 18 69 9E C4 9C 94 22 4A 1C
0000D4F0  A3 A8 C9 29 E0 9C 3C 29 60 2B 17 31 D8 11 CE 1B
0000D500  EB 28 A6 1D C2 9E FE 23 1A A2 67 A3 9F 2D 10 1B
0000D510  1F 25 6D A5 12 21 8A 9D EC A3 4B A9 89 29 F6 96
0000D520  2B B1 99 20 5E 99 CD AC FC AB D7 21 1A A0 A6 22
0000D530  73 25 83 97 A7 A0 8D 25 95 A1 74 26 A1 A4 1E 1F
0000D540  A2 1C 67 28 6E 21 E5 A7 33 A1 44 95 5C 20 23 23
0000D550  54 20 F4 25 47 29 4B A3 23 A4 93 98 4F 9E FB A5
0000D560  4D 2C AE A1 C3 9F 3C 1E 5F 0B 52 1C D3 A5 90 24
0000D570  D5 AA 77 A8 9F 1D 75 27 4E 99 17 A4 4A 26 1D 1C
0000D580  9C 28 7E 2F D1 A0 96 26 DB A5 6F 2C 6C 28 9E A5
0000D590  67 26 46 25 54 25 D4 A0 A6 AA E6 9E 0A AB 3D 97
0000D5A0  03 93 1C A9 20 24 9A 9A 40 A3 A1 10 14 99 88 22
0000D5B0  1B A7 9E 96 2A 9C 4B 1E CB 9A 33 A5 C7 9E E8 1A
0000D5C0  A8 25 1D 1F 41 12 F7 0E 00 A6 AB 9C 11 26 DD 24
0000D5D0  21 1D 8B 98 50 1D C6 A6 8D A1 05 AA 71 20 EB 9F
0000D5E0  61 10 AE 29 BE 20 28 A8 03 9F 03 20 FE A5 0B 8C
0000D5F0  23 28 E2 85 55 9C AD 24 AD 19 24 20 4C A2 50 9D
0000D600  DD 14 D8 1F 9E A4 01 1E C0 9C 9B 9D 60 17 E9 9E
0000D610  C1 20 74 A1 9C 18 67 20 F6 A4 6F 22 B2 A8 18 9C
0000D620  1B 22 12 9E EB 9E FA 99 93 9F 2D A4 A5 A2 24 9D
0000D630  E4 9A 1B A2 68 91 3A 1F 54 27 28 A7 3C 1B FD A3
0000D640  53 1C 7C 25 16 18 0B 0A 76 9C A0 2B 01 8F F2 22
0000D650  00 9D B3 21 AE 14 7F 28 48 24 D1 9F 46 A8 36 A0
0000D660  03 25 D9 A1 10 25 CD 9A F9 A9 96 95 67 1B 32 A2
0000D670  66 A7 44 25 10 A1 AC 1D DD 90 D0 A1 2A A0 5E 1F
0000D680  6F 2B DE A4 6A 1A 0C 23 92 A4 3B 99 56 1C A7 A5
0000D690  F3 25 C4 24 68 8B BA A3 8A 9D 6A 1C 65 A1 C2 1C
0000D6A0  5E 9C CB A6 CC 21 8F A7 86 24 CC 1B F2 99 CA 13
0000D6B0  41 2A 25 97 D1 20 92 A0 1F 18 04 24 F3 94 1E 21
0000D6C0  22 1C 64 12 0C A1 64 A1 CB 20 29 A6 B6 95 42 9C
0000D6D0  52 97 FC 26 C3 14 1C 2B 22 99 15 1C 02 A4 1A 21
0000D6E0  36 A0 03 99 47 15 98 24 C7 26 30 A1 AF 9A 21 A3
0000D6F0  5B 20 72 15 D1 1C CD 99 02 A5 32 A6 7C 25 D0 A7
0000D700  42 99 5A 29 90 1C 3F 1A 83 20 A8 24 73 18 72 1A
0000D710  75 24 A9 A7 1B A9 DC 21 3C 18 04 27 B4 A7 8E 90
0000D720  E3 A3 BE A6 27 AD 87 AA D6 20 7F A0 00 22 25 2E
0000D730  4F A8 31 2D 93 26 0A 24 3C 28 17 AB 83 21 DC A2
0000D740  23 AC BC 25 DD 28 84 A8 D4 A3 0B 88 52 AB C6 2F
0000D750  BA 20 12 AA 46 20 3E AC C3 AB EB A9 62 A0 1E A9
0000D760  6D 22 C0 28 11 AB 10 B1 F3 2C 50 A9 37 AB C1 91
0000D770  B0 A8 D8 1D 30 9D 24 26 FB 9E 7F 9E DE A6 90 A8
0000D780  27 27 76 A4 A6 A8 8D 25 88 98 30 20 EA A2 CD 1F
0000D790  F9 9F D8 23 79 B1 F9 2B 95 2D 20 24 24 2E 57 AD
0000D7A0  57 27 88 18 FE 27 82 24 4C A8 F5 AE EA A8 B1 A0
0000D7B0  4D AB D6 A5 9F 2E CB 29 6F 2C F0 AE 35 A5 23 25
0000D7C0  7D 98 17 AC 3A 29 4F 1D C6 28 EE 2B 1C A4 69 9C
0000D7D0  56 2C 1C A1 37 A8 94 1C 2A AA 5C A8 EA 1D 5A 29
0000D7E0  24 AC E9 25 AA AE 10 2F 6B 1A 75 20 1B AC 0A 2D
0000D7F0  DB 20 59 A8 A8 A8 0F 26 1B 9A F4 2F 38 AC EC A8
0000D800  0A AE 07 2C 50 25 1D 2A 08 1B 4F 22 73 A8 31 B0
0000D810  32 21 82 2D FB A9 D2 27 8B A8 73 30 7D AC 8D A9
0000D820  4C 28 96 A0 65 22 D8 25 D8 B0 F3 22 47 2C 23 2C
0000D830  AE B4 8A A4 0B A8 37 B2 B3 28 BB 24 72 A9 AD 29
0000D840  F7 A5 36 A5 B0 AB D0 20 87 A9 F2 A6 02 A6 30 A9
0000D850  9B 9C 1C 2F 29 B0 2E 2F AC 30 4F 2D D2 AD 16 A2
0000D860  F3 9F 0E A5 AA 24 FE 28 30 A9 90 2A 5F A4 5A 2F
0000D870  21 A6 93 28 1D 29 81 A5 E6 AD 10 AE DE AA 3A 15
0000D880  35 A6 3A B1 F3 81 E0 25 AA 2D 0B 2B 5C A3 A9 AB
0000D890  A7 26 59 25 47 30 71 28 E1 A5 20 2C 55 AB DF 28
0000D8A0  B0 AE AB 2C F3 1F 5C AC 08 20 F1 24 4E A8 EA A0
0000D8B0  62 A9 C8 AA B8 A0 04 23 B1 22 82 23 78 A9 33 9D
0000D8C0  05 2E 63 A8 4B 25 F8 23 D5 1F 59 A8 2C 18 AB A5
0000D8D0  28 24 4D 9E B0 A0 A4 14 4D A8 41 1F 33 A0 26 28
0000D8E0  FD 9F 08 2A 17 A0 C8 28 FC A4 44 2D 6F A9 A2 A3
0000D8F0  F3 28 61 9F 07 9D 77 26 82 A7 68 9B 60 27 B8 A0
0000D900  F5 A2 2C A0 D6 A2 C8 97 34 2A 33 1D 15 A4 F4 20
0000D910  47 9F 33 29 14 23 83 8F 4A A5 49 99 1D A6 7E A5
0000D920  80 2A B5 21 13 24 46 25 81 21 D1 A5 B8 86 E5 22
0000D930  C4 27 F1 A4 AC 2B 62 AE 5C 25 4B 2D 18 9C F4 25
0000D940  38 A6 5D A1 3E A8 6A 2C 6E A0 54 AC F8 27 DA AF
0000D950  4E 20 FA A4 EF 20 22 25 C7 9B 7C A5 D8 2C 23 21
0000D960  41 24 90 2A AA AC 2E 2C 8F A9 8C 2C AB AB 97 99
0000D970  9B 2B 04 AE 21 A9 DD 29 0B 27 8B 27 23 2B 14 AC
0000D980  73 27 8D A3 CA A4 2B 9F 04 28 FE 27 AE 29 CB AA
0000D990  F8 9E 38 B0 09 22 40 24 63 24 19 2D 73 A5 3E AA
0000D9A0  8D A8 15 9B A4 26 9F 2C 5B AC 1E 28 8E 31 58 2C
0000D9B0  D2 A9 4B A0 25 2B A3 AB 66 23 74 AA D6 A4 CA A1
0000D9C0  8C 1E C4 1D 07 99 9D 1A 25 A3 8B AC A5 A8 78 25
0000D9D0  B4 23 1F 20 58 A3 30 26 17 25 15 B0 B4 A9 73 A5
0000D9E0  FA 88 D7 A4 31 20 D6 B0 1D 2C 0C 30 0E 2A 67 2E
0000D9F0  87 2D 72 2B 60 2F 74 28 B4 2B F9 31 F5 20 A8 29
0000DA00  78 2C 7E 28 40 2E 6F 2E 30 A9 30 B4 D4 25 87 AE
0000DA10  66 22 45 A9 3B AF CA 2E D2 A9 6B AB 5C 30 31 A3
0000DA20  EF AC 2C 9E 36 A4 E2 9D 11 2A 2D 28 7A A7 F4 A3
0000DA30  B3 1B 0E 1D E5 22 4A 2A EF 1D CE A9 74 A8 54 18
0000DA40  80 1E CE A0 F4 A0 40 1E 2F A4 49 24 D9 9A DE A7
0000DA50  37 20 2F AB 86 1F 0E 25 76 28 9F 9F E4 25 F0 A6
0000DA60  0A A0 78 23 10 1E 95 9D 23 9C D8 14 A0 A9 FA 26
0000DA70  14 28 0D A3 15 1A 6A 2C 55 24 44 18 9E 9D A6 22
0000DA80  32 1E 61 20 67 A0 49 28 62 A1 B2 24 7A 29 83 23
0000DA90  9A 2A AA AC DD AB 29 89 26 A9 2B A7 64 AE 24 A5
0000DAA0  8D 23 B0 23 78 A4 B7 2D 86 2A 43 AD 8F 9A 0A AF
0000DAB0  A8 A9 6A 25 E9 2B CF 2B 6A 2D 05 A7 83 17 52 A3
0000DAC0  58 A9 44 2B 89 A8 56 AA 1E 22 A2 AB BC 1A D2 2E
0000DAD0  47 2A E9 99 17 A2 25 27 F2 A5 00 A6 DC 2A 2E 23
0000DAE0  1A AB 1B A8 2A 2E C8 2E AF AE D7 A9 9A 2E 0C 18
0000DAF0  21 A7 B8 A7 C5 AD E0 29 52 AA BA 2A 53 29 68 16
0000DB00  86 AE 7E 9E 2F A9 B6 26 CF 2E CF 9B 3A A1 9D 2E
0000DB10  B1 2F 5B 92 FC 8E AE B0 B2 97 AF 2C AE 25 08 AE
0000DB20  D6 2C 6B 2C AF 9D 43 AC AE AC AC A3 74 B0 02 2C
0000DB30  44 B0 C3 99 E9 30 6A 28 B0 2A F4 2E 38 27 EB 2C
0000DB40  D1 2F EC 22 BB A1 DC AE 5E 1A E2 AD FB AD A4 AA
0000DB50  56 29 C5 AB 94 AD 80 33 EF B0 3B AD 0C A6 7F AC
0000DB60  F2 29 03 26 8F AC 11 2E 44 2F D4 B1 21 A6 17 2E
0000DB70  46 A7 72 27 B1 32 36 28 1A 31 FE AF 36 21 20 B0
0000DB80  55 AE 99 2D 92 B0 40 30 1C B1 B2 2D 33 30 8A 30
0000DB90  B8 30 92 27 B8 AD 11 28 E2 29 0A 2B 31 2E 79 A6
0000DBA0  FE AD 6B 28 E7 27 37 24 00 2C 23 27 C1 AB 71 A9
0000DBB0  DC 22 8E 2B E8 2F 71 26 E2 9E C7 24 8B A9 BD 19
0000DBC0  15 2E 09 AC AC A8 1E A6 63 AC FB 21 EC AC 72 A7
0000DBD0  78 1F E4 AD 05 25 61 31 8A 2B 82 A9 A4 29 1B 2C
0000DBE0  1A 2C 18 A5 89 A6 4A 1B 4C AC C8 27 81 30 74 09
0000DBF0  15 2A 36 AD 4A 28 FE 98 6B AF 3A AB 69 96 89 20
0000DC00  B0 A9 11 A4 6B AC D7 2B BD A1 44 2E 18 2B CB A4
0000DC10  75 1F 09 2B E0 A4 27 25 9E A9 F2 9E C2 A9 3B A9
0000DC20  A1 93 10 21 45 AE 27 1D BA A7 19 2F D4 A9 77 AD
0000DC30  54 A1 C7 2C 57 24 9C 0F 0A 26 2E 2D 15 9C D7 20
0000DC40  19 B0 B4 A6 1C A4 11 98 4B 16 92 AC 82 2B E8 AC
0000DC50  19 AD EF 9A 63 A3 61 2D 9C A6 C3 AD DD 2C C1 29
0000DC60  87 AD B6 25 7B 1B 24 A8 0A 98 E6 9D 06 1D 8C 2D
0000DC70  60 A0 D1 A7 52 1B 18 23 2F 25 51 23 54 A6 DC A2
0000DC80  A7 A9 F5 A1 23 94 5B 22 A6 9E AD A2 77 97 12 A1
0000DC90  48 1A DC A7 97 21 C1 1F C9 A8 A7 A6 BD A9 0C A1
0000DCA0  BA 1C 04 26 8F 22 82 9C DD 1F 14 A6 00 26 3E A5
0000DCB0  74 1E C7 1B 84 9E D0 9E 4D 1D 3D A5 1C 88 18 23
0000DCC0  05 99 78 9D 02 A2 FC 20 11 A2 40 A2 49 99 A0 9D
0000DCD0  49 A2 B3 2B 8F A9 B5 A8 E0 21 58 A1 6F 22 08 A7
0000DCE0  6E 18 C8 97 60 A2 28 A4 63 9A 82 96 3D 22 AB A1
0000DCF0  32 A7 05 21 F3 24 9B 96 F1 20 22 A7 7E 20 BF 22
0000DD00  3B 99 99 AA A1 97 6B 27 9B 20 EA 27 B7 A5 52 9C
0000DD10  99 A4 C8 A5 66 A6 81 A9 18 20 8A 90 70 9E 99 21
0000DD20  F3 12 AC 18 8A A0 25 0F C6 AB 3A 29 40 A8 07 2C
0000DD30  FD A4 86 9F 3E A5 50 28 64 28 DE 29 79 1E 0C 9D
0000DD40  77 27 9A A5 46 91 EA 28 75 A5 A5 26 62 24 F6 A1
0000DD50  72 23 AE A3 4C A5 25 A7 A2 A8 6C 28 96 9D 03 2A
0000DD60  C0 21 DD A4 D2 20 49 AA EE AC A1 A0 46 29 CC 25
0000DD70  F8 24 6D A0 38 26 86 2E DD 1C 70 28 82 9C 53 24
0000DD80  CA 25 87 1C D0 A3 46 2B 4B AB 65 A8 41 A6 2C 18
0000DD90  AB 9D 01 2A 23 27 36 25 77 2A C4 A8 F3 AE BE A4
0000DDA0  51 25 36 2A E0 98 05 AC 38 1D 7F 2C F9 A5 6F 24
0000DDB0  14 A3 96 9E F5 2B BC A4 28 2D 41 29 E7 98 B6 1F
0000DDC0  39 A1 BE A8 5B 9F 57 2A 45 A2 58 A5 80 9C 20 B1
0000DDD0  2D 23 20 1E CC A6 D1 27 08 8E 30 A9 7B A1 51 22
0000DDE0  C5 20 2D A2 CB 2C B3 11 1B 9E FD A0 59 22 41 A5
0000DDF0  48 2C CF A6 CB A3 34 A6 95 1F BF A4 27 2A 1C 1C
0000DE00  BF AA C5 A0 BF 28 B6 A0 AE A7 AF AA D6 16 29 31
0000DE10  23 25 10 A6 45 29 C3 A9 B0 26 F9 23 10 A6 FE 26
0000DE20  F2 28 77 25 04 25 4F A8 BC A4 79 A2 DB 9C AB 27
0000DE30  3F AD 96 A2 92 12 AD A2 74 B2 74 27 D9 A5 35 A8
0000DE40  5C A5 86 15 08 A8 2D 2A D4 26 2F 9A 6D A3 34 23
0000DE50  E7 1A 4E A5 6D 21 06 24 EE 2C 50 A7 0C 2E 01 24
0000DE60  64 AB 3C 22 F4 24 2D A8 D8 A1 4E 30 14 9C 8A 28
0000DE70  36 29 93 A5 8C AA 91 9A 86 AC 25 A2 FE A9 A3 27
0000DE80  B7 27 5A 29 2C A9 EC A8 52 29 14 2A BB A1 D3 2D
0000DE90  BC 1A 79 24 94 A7 E7 AE 10 24 27 A8 AB AA 6D 22
0000DEA0  50 28 A0 28 36 18 0F A3 11 A7 16 9B 79 9C D3 1D
0000DEB0  DA 24 FF A2 F5 A4 DE A9 C2 11 AB AD 7F 22 D2 A1
0000DEC0  92 2B 5D A2 A6 20 3D 9E D0 23 22 9D 29 24 AD A4
0000DED0  EF 22 03 A8 B7 A1 A6 A8 6B AB C2 2A 7D A7 5E 25
0000DEE0  42 A5 D4 1B AD 1C 17 2C 73 1F 39 20 23 A7 4C 22
0000DEF0  0A 1C 9F A2 90 28 FF 9D 4F 22 6D A8 19 1E EA 97
0000DF00  52 A3 D5 24 2E A3 41 23 88 24 60 A5 37 A5 89 9A
0000DF10  43 1A 4E 9F 5C A7 B6 21 A6 25 37 A1 3D A0 C5 A0
0000DF20  85 A0 B7 24 5A 99 37 A6 77 9D 61 A8 CD 25 1B A3
0000DF30  E0 1F 90 25 71 20 F4 A8 91 29 A8 2E 54 A2 AF 24
0000DF40  B7 AB C2 A8 AF A1 A4 26 70 A7 A7 AC C4 94 93 20
0000DF50  3F 26 3F A5 0D 97 ED A0 69 20 12 A9 5F 2D 9D A4
0000DF60  8F A1 5A 24 01 AD F3 16 86 81 61 25 67 A2 4E 2A
0000DF70  2A AC E6 19 0B 97 ED 23 87 27 F6 2D 7C A8 93 A8
0000DF80  3B AC 1E A4 F4 24 A7 25 7A A5 85 98 9E A3 E0 A7
0000DF90  1E 22 C9 A9 A3 19 75 9E 25 1F 35 AD 7E 98 F4 A3
0000DFA0  54 1E DE 25 17 1F 72 A4 2D 9F EF A5 E0 2A CB A3
0000DFB0  BB 23 4B 1B 16 A2 34 9B E8 9F 3F A3 AD B2 9C 22
0000DFC0  94 A4 D3 97 8F 2A 63 A1 5A A1 8E 9C 11 1F 2F A0
0000DFD0  DA 23 6B 29 E0 A8 A9 1F 32 28 49 A2 05 29 7B 98
0000DFE0  B3 2B 9D 1E D2 18 1A A5 53 A5 99 9A 27 15 61 29
0000DFF0  EA A5 AB A7 9D 24 4D A4 CC A5 40 AA 69 02 36 A2
0000E000  45 28 2A A3 BF 24 11 2A 43 28 87 9D D9 07 B8 AD
0000E010  7F A9 7B 1F 28 AA 3E 27 68 9F 09 9E B3 1E 2A 9E
0000E020  80 2C 28 2C 43 A2 2F A0 CE A2 73 A0 09 9A FD 9D
0000E030  02 1E 72 A0 28 20 0E A8 73 80 2F 20 FB 22 CB A1
0000E040  88 24 EF 87 DE 1D A7 A9 93 10 BA 20 60 1C D0 25
0000E050  0B A4 86 A4 04 21 B6 10 03 24 20 9F A8 25 A8 9A
0000E060  88 19 C6 A2 9F 9C B7 2A BA 98 C2 25 CC 9B D2 95
0000E070  4B A7 04 13 2A 9E EA A1 BD 1E 71 9D 73 A7 26 98
0000E080  20 A0 92 1A A0 A0 E3 99 B5 97 55 1F 38 8C 15 9B
0000E090  3E 21 49 A0 9E A4 59 A3 D5 18 0B 9B EE 26 7E 1A
0000E0A0  AC 1E B6 9C D9 A6 09 24 07 22 45 25 93 1D 6C 09
0000E0B0  99 16 0E A2 A4 9E 4C 20 E8 A8 D5 24 FF 96 25 0E
0000E0C0  55 1C 37 A3 D7 20 48 A0 5B 9B 30 9D 6C 99 E6 1B
0000E0D0  87 97 68 98 CC 19 75 A2 C2 1A 05 9B 58 25 D2 1D
0000E0E0  39 9D F8 20 E4 A1 66 A7 FA 20 71 23 77 9B C9 AE
0000E0F0  0B AC 87 2C B3 A5 D1 AB ED 29 81 23 93 AD 5E 1C
0000E100  2E A4 95 A8 06 2A 5E A4 BD A6 AB 29 9A 28 B1 2D
0000E110  52 A9 D7 AC 0A A7 E3 9F 0B AC C3 2E 16 2E 53 A4
0000E120  D3 A8 CD 17 91 27 CB A6 73 20 7D 2B B8 2E 67 23
0000E130  51 A7 0B 23 58 A2 5A A1 D8 A0 24 A9 D2 2B D7 AB
0000E140  F9 AC 82 26 A0 2D E1 A9 20 B0 4E AA C5 A6 75 25
0000E150  EB AA 01 B0 E5 20 50 2B 02 AF 1C 2B 0F AA B4 A6
0000E160  0F A9 27 2D 34 A4 96 A8 55 A6 DD 2D FD AC 34 30
0000E170  94 21 51 0E 32 B0 35 27 31 A2 96 A5 9F AD 00 2D
0000E180  45 2C 18 1F 75 28 2C 2E C8 A1 BB 9C 03 A7 CE AB
0000E190  5A AA FC 2E 8E A9 49 31 AF 21 D7 28 0B AD F3 AA
0000E1A0  EF 20 FD AA 92 98 5C 26 7E 97 08 29 6B 9E 24 97
0000E1B0  7E 23 CB A2 81 25 54 22 99 9E D9 A5 00 25 B1 0F
0000E1C0  08 25 1E 28 7B A4 38 11 E5 A7 26 A8 36 A0 94 2B
0000E1D0  68 20 FD 9E A5 23 98 1D E5 2A 80 9D D4 9B 9A 26
0000E1E0  03 26 C3 1A 7F 24 F0 1D BC 22 D0 20 99 22 91 9B
0000E1F0  C7 23 7E A1 0F 15 32 25 A4 24 73 20 68 2B 04 9E
0000E200  30 18 C1 A3 98 22 30 25 6D 28 88 20 A6 1C 28 1D
0000E210  70 26 34 A2 65 24 75 27 34 1B CD A4 7B A4 FF 9E
0000E220  15 A1 A8 9C 5A A0 02 28 07 1E 01 9F 28 29 3B 99
0000E230  AF 22 E5 25 3D 23 18 A2 71 21 45 27 6C 91 CB 19
0000E240  CC 9D 17 25 A8 23 9C A0 28 1A B4 A7 61 14 78 25
0000E250  F6 28 C1 1C A6 9E 24 26 95 20 F4 1D 18 26 20 1D
0000E260  88 A7 D9 A4 07 9C FD 22 94 25 D2 9D A2 A6 74 24
0000E270  61 A8 12 18 71 9D 2B 1E 36 98 02 21 B3 AA 18 26
0000E280  CF 9C A9 1C 5D 06 CA 26 65 24 85 96 CA 21 F9 27
0000E290  D6 99 37 24 75 12 D7 9C 09 AE 42 A1 48 14 33 9E
0000E2A0  0D 21 09 23 26 98 6C A2 83 94 20 A4 EE A5 1A A1
0000E2B0  74 A5 C6 0D 2B 22 D9 A5 F2 A2 AF 21 12 A3 01 21
0000E2C0  2E A4 D4 94 17 28 EF 20 09 A1 6E A4 56 19 E5 A0
0000E2D0  26 9D 14 1D 97 A0 73 26 A8 27 4C A3 04 16 28 A8
0000E2E0  E3 A0 71 27 A4 9C C2 A3 19 A5 3E 29 BD 1F CC 23
0000E2F0  63 25 3F 22 32 20 76 24 A0 A1 CC A4 E2 1E 8A A5
0000E300  2E 21 7D 9A 27 22 CD 26 2E A0 2D 29 0C 98 2C A0
0000E310  5A A6 F1 9F 35 A8 16 A5 6B 24 6A A6 DB 9F D9 A7
0000E320  ED A4 93 2B 0F 24 A7 1E 4E A5 84 22 A2 27 34 A8
0000E330  85 A8 0D 21 EF 1B 37 A6 7B 1E 4A 25 B5 0A 84 96
0000E340  DC 99 7A 95 C2 A5 27 24 E4 15 9A A4 9C 1E F1 24
0000E350  BD 22 79 A1 5B 26 52 9E FB A4 16 9D 71 A6 03 92
0000E360  C1 9B 6E 18 69 A4 01 A9 57 8D A5 1F A7 9C 3F 1C
0000E370  6F A7 60 9B 8C 24 A9 A4 7B 1A 2A 20 2B 24 AA 24
0000E380  53 24 5F 26 89 A4 32 1B 2D 26 1A A2 D1 9A 03 9E
0000E390  44 82 92 29 97 26 81 28 02 A0 F1 1A 95 A4 19 A1
0000E3A0  2D 26 5C A3 A7 22 31 11 FC 1D F0 A7 E0 98 B7 A6
0000E3B0  F1 9D 71 21 82 29 25 28 CD 9F 78 28 C1 23 83 A6
0000E3C0  F3 A4 96 92 40 A5 D3 1E 76 9F E4 A3 A6 24 D3 27
0000E3D0  03 24 64 A2 57 A5 3D 1E 81 18 27 A3 56 9E CE 9F
0000E3E0  B4 A0 0B A9 AE 28 C6 22 56 A5 71 1C 4A 1E E7 05
0000E3F0  C3 23 6F 21 06 99 21 A4 34 A2 B5 25 AE 24 37 18
0000E400  65 2B 45 18 E7 20 56 A7 44 25 05 24 E3 99 B8 A3
0000E410  0C A1 BF 19 36 9E 32 22 9A 27 57 11 4F 95 59 28
0000E420  3A 1E 10 1B 07 22 A0 26 F3 21 ED 1F 30 23 36 97
0000E430  28 98 96 9E 5E 8D 23 A4 97 1D 68 9A 33 9C 43 98
0000E440  92 A4 84 A2 96 19 28 1C 91 A9 7B 9A 83 20 E3 8D
0000E450  25 1E F0 1C CA A0 6D 97 23 21 C4 1E F9 20 3F 21
0000E460  28 9F 4F A4 D6 22 29 23 BA 20 DC 29 B4 93 04 21
0000E470  76 9D 85 9A EA 98 B3 A8 7C A4 FF A4 15 10 19 24
0000E480  2D 15 8B 1E E0 1B 10 A2 D4 22 BB 9C 9D A2 2D A3
0000E490  C8 21 0F A2 63 21 E6 A4 4D 1C 63 19 51 19 99 1F
0000E4A0  D1 20 30 A3 83 A4 10 A4 7F A3 2E 1D AE 15 2E A4
0000E4B0  C1 A5 6E 26 6B A2 7E A0 A2 17 BA A7 52 27 93 13
0000E4C0  EF A8 C4 9E 2D A4 3B 20 31 20 68 A2 90 1E 89 A7
0000E4D0  50 1F 1C 29 A7 A1 A6 12 56 98 58 1C 0F 1F B8 1B
0000E4E0  89 18 5A 1F 18 A4 7D A6 42 16 DC A1 67 24 D6 1E
0000E4F0  BF A4 70 A0 7A 22 18 A5 A2 23 E3 20 04 A4 64 27
0000E500  8D 25 57 21 8C A5 36 28 AF 22 D1 2A FE A7 82 9E
0000E510  ED A4 A3 25 82 A0 B2 25 7D 26 22 9C 3C A8 C2 A6
0000E520  FD A7 7A 24 54 A1 B8 9F 64 9D CA A3 6A A6 B8 A3
0000E530  BD 24 3C 21 AD 28 F9 25 4D 1F 9A A5 36 14 7E A9
0000E540  27 A5 FE 20 1D 24 56 24 51 9E EC 9F 48 22 11 0D
0000E550  E8 2A CD 22 57 A6 2C 15 E7 9B 50 22 58 20 F8 A3
0000E560  1B A3 CB 8E 6A 22 BB 1F 1E A1 2C 97 DA 96 40 21
0000E570  B2 9A 23 9D 5D 0A 68 14 AF 9C 82 99 CD A2 81 92
0000E580  59 1D 0B A1 52 16 6F 88 17 23 3F 1A 8B 21 1C 9C
0000E590  31 24 2A 8A 30 A6 A5 A1 98 9D 3D 22 6A A1 8C 14
0000E5A0  47 1E 18 24 52 1C 00 9C 22 9C E6 1D 73 1D D3 1C
0000E5B0  A1 28 48 9D 6A 1F E9 A0 F4 9F D8 A1 39 16 CD 9F
0000E5C0  A4 9E 34 95 20 A2 3D 14 08 18 1D A5 8B 2F 9A 9E
0000E5D0  A0 8B FB 24 2C A3 CF 26 81 1D F2 16 62 A8 66 A2
0000E5E0  49 A4 3F 0E 12 21 57 9E EF 23 2D 21 44 29 4B 1E
0000E5F0  5B 23 E5 9A 3A 1E 40 9D 8C 95 1E 90 CF 15 0B 1D
0000E600  EA A1 8C 99 76 1F 6F 24 C5 9D EC 22 C0 24 79 A8
0000E610  1D 26 85 A4 63 A5 4F 9D 99 19 41 A1 61 22 C6 A3
0000E620  A8 18 DB 24 45 9C 6C 1C 46 27 95 20 CF 88 D5 AB
0000E630  38 27 2D 2C 24 24 56 29 A1 29 F9 28 3F 9F A3 1C
0000E640  2E AC 22 22 D0 A4 23 1E 39 A4 E7 A4 24 25 D3 1F
0000E650  2C A3 FD 28 FE 9C 4E 22 3B 2A 76 26 DD A1 B4 1F
0000E660  9E 22 AB A9 0A A5 60 1C D9 29 5A 97 52 23 F3 99
0000E670  A5 2B FC 8E C7 24 08 15 10 9F 78 1C E0 8E 5F 26
0000E680  42 A2 85 24 BC 27 1D 21 A8 14 E2 1E A9 8C 24 A8
0000E690  DB 20 C7 1F 96 AD E4 22 01 A1 C9 21 8C 26 DB 1C
0000E6A0  91 A8 F7 1E 73 25 45 21 EB 14 B9 A3 5A 26 10 28
0000E6B0  6C 14 50 1E FE 1C C7 0D E5 A9 25 AD 61 25 E0 9C
0000E6C0  A9 21 D4 A2 10 2A 2C A9 36 23 49 28 14 20 34 A6
0000E6D0  9A 18 40 25 91 1D AA AE 49 A6 3F A3 F5 12 11 99
0000E6E0  7A 24 63 18 ED 24 25 AA C9 9D 53 24 72 A1 77 A6
0000E6F0  EC A7 F0 26 10 A7 7A 1F 6C 94 CB A7 AD AC 56 9B
0000E700  7B AA EA A4 E3 A5 9A A4 CE AA 4B 25 DA A2 E8 2C
0000E710  65 9C 3E AA 35 20 30 27 46 A8 26 A6 79 27 7D AB
0000E720  FE A5 B4 23 5F 20 92 A3 F2 25 6A 2E 6C A0 48 2D
0000E730  C3 2C 8C A5 A5 A3 85 26 F8 21 F4 A4 50 A6 0F 26
0000E740  CE 27 80 26 DA 9B EF 20 54 A2 2A A7 7B 22 70 25
0000E750  79 30 F4 2A 2B 26 91 28 9B B0 73 21 1F 24 0E A6
0000E760  EB A0 5D 29 41 9F A6 2B 9E A3 6F A6 6A 99 BB B0
0000E770  C9 1B F9 25 18 29 F0 28 36 23 C1 28 C5 A1 CC A8
0000E780  4E 20 71 28 94 25 EE 1C 87 A7 86 A8 98 A2 7C 2E
0000E790  47 2A 4C 28 F4 2C D8 2C 3A A4 91 AC 9A A7 D1 1C
0000E7A0  CC 24 77 A8 4D 99 74 1E 36 9E EB 9C 6D 94 02 07
0000E7B0  DD 21 45 A9 E6 9F AF A8 7C 20 9B A4 F5 1B 44 A0
0000E7C0  E8 A3 E8 A2 A0 1D 41 A3 91 20 8B 23 2C 9A 91 26
0000E7D0  D1 9C 27 A7 93 8F EA 1B 40 1F 6A 22 16 13 8F 1F
0000E7E0  21 97 BF A0 49 1B 5E 26 19 0D C5 24 9D 20 52 21
0000E7F0  72 9B 91 92 A9 99 B5 A1 E8 9E 03 21 43 22 BB A3
0000E800  8A 91 C2 10 4C 14 79 26 A1 8B 07 1A C7 1B 4D 24
0000E810  C7 21 59 28 77 27 3B A0 2B 23 4D A1 BD 22 A1 21
0000E820  19 A4 16 1C 42 1A 1F 9D 4B 18 16 A9 C9 9C 70 22
0000E830  DD 22 D5 21 26 26 C7 1D 1F 9F 95 26 43 21 60 A0
0000E840  C3 9A EE 22 3E 22 8E 1E E6 24 BC A4 66 9C 18 2B
0000E850  4D 9A 41 20 DE 9E 8C 24 7D 9C BC 97 25 26 91 1C
0000E860  DD 9C 7B 26 43 2A 6F 2A 2B 1E 62 18 5F A3 58 AA
0000E870  96 A3 73 AA 48 18 32 26 38 22 1E 2D 67 9C FC 99
0000E880  49 21 68 20 FB A2 ED 1E 46 A0 23 95 75 9C D7 A3
0000E890  85 A5 85 1F 05 1D CB 28 5B 9D 07 20 81 25 91 A1
0000E8A0  E0 9C AC 98 9B A2 BC A6 9C A4 7D 26 8C A3 A8 21
0000E8B0  B0 26 59 A5 3B 21 81 24 8E 18 4E A4 20 A5 68 90
0000E8C0  F7 A5 B7 A6 68 15 30 28 24 23 F1 98 FB 22 CE A5
0000E8D0  51 16 ED A8 B2 9D 1A 9C 1D A3 AA 2B 83 21 8B 94
0000E8E0  C2 2C C0 99 95 2B BE 1D 41 26 00 25 27 A4 39 27
0000E8F0  11 27 C5 A8 17 A6 EF 9C 27 A6 DC AB 0B AE 66 A7
0000E900  66 9E 16 AA 8C 28 AD 27 FE A0 23 2C B0 1C 52 A0
0000E910  75 22 98 2B 6A 2B 16 AC 82 A5 2B 9D AA 25 04 A4
0000E920  8D 24 90 2A 40 21 16 13 90 9C 8E A4 E5 9E 2D A1
0000E930  58 A2 CB A1 FE A3 27 97 97 9C 0C 10 4B 20 64 27
0000E940  7B 9D 5B 96 BF 1E 30 9E D4 A4 35 92 4F 9E C6 28
0000E950  8A 9F B8 1B 14 18 8F A1 0D 24 60 A7 7F 19 60 97
0000E960  13 9C 0B 22 8E 15 73 9D 60 9C 8D A2 D1 9E 61 A5
0000E970  59 A0 8D A2 3F A2 7E 23 7E 0C 26 24 DA 1D 61 99
0000E980  38 1C 41 1E 2F A3 AD 27 81 23 1F 25 78 22 6F A0
0000E990  16 9C 75 93 CE 9D D6 A7 FB 8D 6D 18 B7 A8 AE 9C
0000E9A0  D5 A0 96 13 94 A5 64 20 6C 1C 7C A4 7D 96 54 25
0000E9B0  48 1E AD 9C 6C 9E 01 19 96 25 CF 1D 0E 1B AC A4
0000E9C0  CE A1 81 25 21 95 28 86 E5 9A 2A 27 C3 1E D2 26
0000E9D0  8C 9D 1E A2 94 A4 D4 26 5C 22 F8 9D 47 A5 6C 9E
0000E9E0  BA 9C 32 1D 04 1C 4A 19 71 97 57 1F F5 93 AE 1C
0000E9F0  DE 0B 96 19 B9 9D 2C 9C 4C 1B E7 15 65 19 DC 1C
0000EA00  F7 9C 0B 17 C8 9F E0 1A DB 1A 78 14 77 1B AF 9C
0000EA10  37 1C 81 22 9A 98 1B 99 FE 1C CF 1F 42 9E 59 15
0000EA20  06 19 EB 93 33 98 E0 22 A5 97 0E 95 C3 1F 42 19
0000EA30  AE 9C E1 99 A4 A0 63 19 F5 18 E1 1B 48 97 A4 9C
0000EA40  03 1D 07 0E 45 1F CD 1F 88 9C DF 97 34 8D 7C 9C
0000EA50  45 20 3E 96 14 1E 7B 18 30 20 04 9B 86 1A 2A 89
0000EA60  8C 9C 22 1C D7 A0 C7 9D 4B 1D B9 1D BA 0A AC 1E
0000EA70  8D 9D BF 18 5C 9D 79 95 FE 98 9E 1E 8A 18 3E 1F
0000EA80  C7 21 12 91 DA A0 8F 10 2C 18 95 9C 25 17 1C A2
0000EA90  BE 9D B2 9A 0E 1D 2F A2 4F 9A 16 17 C3 20 CB 1D
0000EAA0  79 9F A1 1B 55 A0 CF 1C 88 23 F2 10 56 21 A0 A4
0000EAB0  4C 24 CB A0 70 8F A6 A9 44 A1 C0 A1 06 20 C4 9E
0000EAC0  77 AA E1 9F C2 1F 0D A2 B7 23 AD 0D 78 A5 33 18
0000EAD0  CC 21 6F 28 1A A1 C7 A8 F9 A0 73 29 D2 A2 07 22
0000EAE0  A7 1A 5A 8D E8 A2 CC 27 8E 99 75 22 8B A6 D5 A5
0000EAF0  00 A5 D8 1C C4 28 FA A3 9C 21 0C 98 21 A0 7D 14
0000EB00  20 21 72 19 17 23 10 24 5E 21 A9 A3 BA 9C 80 9E
0000EB10  E3 A0 C0 24 6F A4 58 23 A2 25 23 30 58 1E 1A A6
0000EB20  23 1F 27 95 AC 2B 95 96 9C 1B 28 23 2B A6 0C A3
0000EB30  FE 23 48 19 E6 24 D4 16 73 28 B3 20 3C 1E 3B 24
0000EB40  A0 9B E3 20 0B 24 47 A6 D2 28 48 AC 08 A7 4C 29
0000EB50  EC 26 C7 A8 F3 A6 06 9C 5C 9B 4F 28 AE 2B A5 A5
0000EB60  1D A3 1A A8 64 A6 94 A9 96 29 4F 22 3D 9C FC 20
0000EB70  C0 A8 17 24 E3 A0 FB 92 14 25 D0 2A 38 27 19 2A
0000EB80  DA 9C 33 A6 48 9F 7E A4 42 20 EC 22 F2 9B 9B 21
0000EB90  38 21 F7 A7 07 1C D0 27 D0 A8 E4 28 6A 18 C8 9D
0000EBA0  F6 A3 9B 8B B4 9F 12 20 DA 27 93 21 FA 9D D6 24
0000EBB0  87 99 6D A4 B6 9D 4A A7 6E 19 1F A7 71 A4 84 A7
0000EBC0  3B 20 BC 24 0C A9 FA 1F 91 9E 34 AC F9 A3 6A A3
0000EBD0  F2 22 22 23 32 24 73 A6 EA 1C F0 98 04 AB D5 A9
0000EBE0  E0 17 BC 08 96 29 71 A8 BC A9 B0 26 45 99 D2 29
0000EBF0  4D A8 E9 A9 20 29 B1 1F 2B A8 83 94 47 A8 DE 2A
0000EC00  B1 25 64 A7 96 A4 1C 25 A7 25 C8 A8 CE 1D 3E 20
0000EC10  F3 24 BB 25 6E 25 A2 2C 89 A6 CC 21 9E 2C 0A AA
0000EC20  C7 27 52 A4 66 9F F4 A1 A5 98 4C 18 26 22 FE 9B
0000EC30  CE 9C D4 A0 CB 98 9A 97 E6 9D 05 1B E1 26 60 9F
0000EC40  0E 22 E9 A4 64 26 93 22 3E A4 9D 0A 27 99 23 9A
0000EC50  5F 98 F6 1A B5 92 BE A2 A7 23 6B 1D 43 93 A7 28
0000EC60  B0 8B 31 14 E4 9F DB A3 52 1D A2 22 9D A0 20 18
0000EC70  2D 8D B4 1C AF 9E 31 A7 E2 9A D1 13 2E 14 F5 98
0000EC80  67 A1 BA A0 A0 1D 32 1A 1E 21 C9 9D CA A0 C0 1B
0000EC90  4F 11 29 A4 4C 17 A1 9D 90 23 32 92 15 20 BD A4
0000ECA0  37 1B 99 A0 7E A6 8F 1F 8A 21 45 26 8A 9C 3F 21
0000ECB0  4D 94 C0 9C 81 A4 7E A3 AF A5 4C A6 6D A1 C0 A4
0000ECC0  96 A2 34 1E 04 24 CF A7 CB 1B 82 22 90 13 A5 9C
0000ECD0  DE 9C 79 A0 3C 23 4D A8 65 17 84 1D 61 9C 0A 14
0000ECE0  32 1D 43 A2 25 AA F7 95 F5 A9 D1 9B 48 A5 A0 9D
0000ECF0  59 27 E5 29 C1 A6 01 2E 0F 29 32 29 EB A8 0F 16
0000ED00  DD A8 71 23 EB 24 24 2E 30 AC 90 21 DA 9D 1B A6
0000ED10  9F A8 4E AB 20 A7 2B 24 96 AB F0 1F B3 A8 3E AA
0000ED20  09 19 D9 20 91 9F 7C 1D B3 20 BF A8 60 AE 0F A9
0000ED30  67 2D 34 9D 0A 98 2E AC 71 A0 01 1D E9 A2 0E 97
0000ED40  7F A2 92 9D EC 2D 38 A7 FC 94 23 A7 C7 A8 B0 28
0000ED50  D2 28 A0 25 EB AC 53 24 F0 2B 6C 19 91 A7 61 A9
0000ED60  40 32 9C 23 19 2B 94 A4 7F A8 8D 32 6D A8 10 2A
0000ED70  82 30 AF 1E D4 2A 2D 2A 75 A4 A7 27 24 A9 43 29
0000ED80  97 98 58 AD 59 2C DA 26 1D 28 4A AB A6 23 34 27
0000ED90  3F 23 BD AD CE A7 45 2D 50 A6 5A 9D C3 2C 91 A0
0000EDA0  A0 A9 2B AE 00 1C C8 A6 4A 1C 68 11 28 9D 1B 26
0000EDB0  9B A1 0C 91 BC 0E A9 24 00 2B F4 1C E4 23 01 99
0000EDC0  44 20 24 20 26 25 BE 98 31 A6 26 27 89 2A BC A8
0000EDD0  E6 14 D4 25 91 9E 1C 9B 44 23 06 A0 FA A7 94 26
0000EDE0  38 18 48 A8 B2 23 F9 A5 2B 25 7A 21 D4 93 EA 0A
0000EDF0  3A 97 CC 9D 05 A3 3D 26 DC 9C 7B A7 D9 A2 F2 A0
0000EE00  18 A5 CA 1F E2 28 45 13 A3 10 04 A1 3B 1B 6A 28
0000EE10  EA 23 73 99 49 9F 82 1B 55 A3 B2 28 9B AA 5B A4
0000EE20  15 25 9D 31 D1 26 C1 A6 4C 9A 8E 27 8B A5 0E 28
0000EE30  C2 A6 BC 18 4C AA 1A A3 43 23 47 AA 70 9F 52 20
0000EE40  10 28 C9 A0 97 22 C2 A4 36 A5 1B 2A 3E A5 A0 94
0000EE50  3C A9 00 98 29 28 70 14 68 A8 79 AA 36 AC BB A8
0000EE60  7E 2B 28 A4 AA 23 7D 25 1E A9 72 95 50 1F 66 A4
0000EE70  BC A2 E4 26 72 A6 74 90 64 1C DD 93 81 9B 25 13
0000EE80  52 2A 2E 14 E8 21 90 24 0D 23 2F A4 69 26 C9 AA
0000EE90  9B 23 6D A7 13 18 5F 1D 1A 24 ED 19 31 1B AD A8
0000EEA0  D8 98 40 16 9C 9C D0 21 CE 22 C4 A7 BA A5 71 A8
0000EEB0  48 93 34 20 C2 21 46 A2 3E 9A 11 22 7B A2 C9 21
0000EEC0  42 21 AA 9C 73 A6 D6 25 F2 26 89 A4 DF A6 08 1C
0000EED0  D4 A8 60 A1 69 A0 2D 2D 8A 24 04 21 3F A7 85 9A
0000EEE0  86 1D B8 23 84 22 51 A7 48 25 4B 25 8C 9B 9E 2A
0000EEF0  D5 24 CC 1B 53 25 EA 25 90 12 B5 27 1B 22 EA AA
0000EF00  92 A7 F4 A0 1F A8 F4 28 36 A2 8C 1D 9D 22 A4 26
0000EF10  B4 28 CA 18 EB AA 44 1D 52 96 73 A9 47 28 C1 9D
0000EF20  42 AA 5E A3 88 9C 5B 25 77 1B 87 18 16 96 43 A6
0000EF30  9E 94 60 23 48 A7 37 24 DA 24 D2 9F 43 A9 97 24
0000EF40  31 1A A9 A2 77 A0 C8 23 86 9C 12 9E FA 27 3D 28
0000EF50  A4 21 D7 22 89 9D 0E 1A CE 24 64 A8 08 14 DD A6
0000EF60  56 1D F2 A6 BF 9B FC A6 95 9C CB A1 54 A8 4C AA
0000EF70  01 23 4C 8E A0 9D 52 A5 A3 A0 88 29 6B A6 83 A7
0000EF80  3C 21 62 A3 D0 15 60 10 2D 9A 05 A0 46 1F BB 9D
0000EF90  A2 A4 93 24 11 94 C5 26 44 26 66 26 6C A9 29 A4
0000EFA0  85 21 D3 28 1C 97 05 A9 1E 0D 44 AC 81 9D D0 29
0000EFB0  F0 28 2D A5 54 27 97 29 70 15 CD 22 65 24 C3 1F
0000EFC0  C4 1C 05 1D CA 1A 65 29 87 95 0D 14 4C 9F 74 28
0000EFD0  DE 28 E5 1B D5 18 CC 27 AE 9F 14 AB 91 20 C7 9B
0000EFE0  37 A7 89 A1 6A 28 AC A6 1E A6 21 21 05 A1 29 AB
0000EFF0  B2 A4 DE A6 96 A5 78 29 27 95 7C 21 6F 25 2F A7
0000F000  B0 2F 74 A8 B5 26 4C 21 6F 97 26 2A A5 27 C4 AD
0000F010  42 A4 E0 20 A9 A4 DD A9 98 A6 35 A9 11 A7 F6 25
0000F020  74 8F DF AC ED 19 0E A7 5A A8 EA 22 92 A3 8D 1D
0000F030  71 2D 7C A6 2B A6 91 95 10 A4 37 1E DE A0 A6 A5
0000F040  76 24 77 1D D7 A8 E8 A5 6C 1E 73 12 E3 A0 8F 9B
0000F050  29 A5 92 2C 1B 9F D7 A0 4C 22 65 12 BE A8 AF 95
0000F060  24 2B 71 A8 68 24 D2 A6 79 AE B6 24 6E A5 A2 A2
0000F070  03 23 21 A9 5D 24 38 9E F2 20 2A A5 95 18 56 25
0000F080  B0 A9 9D 26 51 A8 4A 28 45 94 BB 27 04 A9 80 AC
0000F090  85 9F 4F AC AC 2A 67 AA 85 1B FF 20 F7 A2 22 20
0000F0A0  AD 16 4B 13 96 22 F6 A6 4B A4 93 23 79 1D D9 12
0000F0B0  25 A3 30 25 DD 19 4E 1C AE 24 8F A9 A8 A0 C0 A3
0000F0C0  FA AF 3F A0 0F 29 DA 22 4D A7 41 A8 13 22 4E 27
0000F0D0  7A 28 8D A8 82 A9 80 25 3F A7 E3 A9 EA 26 20 A9
0000F0E0  A8 A6 19 9E 60 0C 01 A6 74 25 40 AC 37 A1 86 A5
0000F0F0  3D A9 BA 28 64 97 F4 99 8D 22 A9 22 47 A0 D5 26
0000F100  F6 28 E8 A2 59 17 33 9E 04 9E 24 A1 50 25 AA 24
0000F110  8B AC A0 A4 16 0E D5 2B 1E 28 B8 AB 24 1C F5 1C
0000F120  89 26 BB 20 57 A8 1E 93 F5 9E 27 34 75 A1 34 29
0000F130  3E 2C D3 2A 04 20 E1 29 0C A3 57 A1 4C 9E 50 22
0000F140  CF 28 7C 25 3C 1F A7 21 0F AD 99 2A A1 20 0E 2B
0000F150  19 28 2E A4 92 AC 2F 23 47 A4 76 A9 DC 1F 15 A1
0000F160  69 A6 40 2A 6A 22 01 20 4F 20 03 1E CC 9E 10 AC
0000F170  63 A4 0B A6 51 A4 28 98 F8 23 5A A5 5F A4 2A 25
0000F180  8F A9 92 A1 3E 20 8D 16 C5 9D E9 21 D9 1F 3F 2B
0000F190  94 19 09 9B 7A A0 8F 9D AD 27 3D 9A 42 28 1E A8
0000F1A0  5D A4 25 A1 B8 A1 15 A2 B2 A1 2D A1 8F 9F 98 A8
0000F1B0  2D 97 73 1C 64 18 18 1C A5 20 C1 22 32 9D 00 9A
0000F1C0  1E 24 3F A1 D7 21 37 A0 A7 A2 68 A1 A8 1F 04 1F
0000F1D0  06 A7 81 A1 07 A4 83 91 03 21 3D A1 72 A7 18 A7
0000F1E0  30 A8 02 9C 01 A5 5F 1D 0E A4 6A A6 C9 A7 D2 28
0000F1F0  9C 2B 19 25 E0 24 86 26 43 28 03 A4 99 23 DF 1F
0000F200  90 1A 82 2A 8C A2 32 1E E5 26 67 29 47 97 40 2A
0000F210  62 24 E7 A1 79 A8 5D 2B 02 98 91 A8 03 1D 5E A5
0000F220  93 1A 3D AC 5C A7 04 1C 14 9D 64 91 02 22 37 A0
0000F230  1A 26 03 1C EF 1B A2 1F BC 21 34 A4 9B A6 67 A5
0000F240  1E A7 69 A4 47 A0 66 A0 AD A5 1C 1C 88 A8 34 29
0000F250  27 1C B7 21 D7 1F 35 A1 D2 91 CA 8B 98 A5 4E A6
0000F260  5A A0 E2 9D A4 A8 6A 22 3D 9A D0 A3 88 23 AB A9
0000F270  DB A6 BD 94 3E A8 72 22 84 19 FE 9E 34 27 31 A4
0000F280  FA 1A B3 A5 3F 9C 66 22 9F 1D 57 20 23 25 9D 21
0000F290  95 A1 61 A5 E9 23 11 A9 DD 9B 3F 25 DC A3 6C A5
0000F2A0  F5 98 E7 9C 7E A9 70 1E 0C 27 B4 21 70 9E 22 25
0000F2B0  0A A3 36 18 A3 9C 11 A8 D4 1D F6 1E 1D 20 49 21
0000F2C0  7D A4 60 15 6A 9A AB A8 7E 22 71 0E 7A 24 F5 1A
0000F2D0  C2 A3 C2 24 45 99 8F 29 38 A4 69 20 89 24 A4 20
0000F2E0  AC 9E B5 A5 0D 2A 84 2E AB AC 6C 9D B6 A6 99 AD
0000F2F0  3E A6 43 2D 0A 9E 6F 24 70 27 0C 2C B5 A9 E7 26
0000F300  4D 2A 29 9E BB 1E 56 1F E0 98 58 A6 27 25 18 2F
0000F310  99 24 9D A7 F9 A5 A6 AA C7 A5 90 A8 D9 A7 74 A2
0000F320  B6 A0 05 A5 68 A6 9A 21 33 8D 86 2A FE 25 E9 9C
0000F330  B6 A7 B1 95 E4 A3 41 A0 19 A0 B6 20 3A A7 0B 1B
0000F340  C1 A9 99 23 D0 A2 C2 26 5D 29 E5 A9 4F 26 06 25
0000F350  F6 A8 F4 28 2C A6 24 2B 22 AF 2E 24 E0 2A 33 21
0000F360  EB 29 17 22 52 20 77 AD A3 28 DE AE 6E A6 35 25
0000F370  C6 A8 73 9D 0E 29 55 1B 18 A4 7C 2D 9E A1 7D AB
0000F380  AD 22 57 AA 50 25 3A 2D A6 9E 9B 1E 05 A2 83 B0
0000F390  41 29 AB 9F 73 23 81 9A 7D 26 AC A9 3D 29 74 81
0000F3A0  64 25 13 24 64 A6 37 AA 64 A7 8D A6 49 AC 79 2C
0000F3B0  EB 14 6A 25 BD 26 37 B0 D4 A5 62 26 9E 27 64 2F
0000F3C0  9C 2D 8C A3 06 AC A6 AC 62 AA D6 24 08 A9 F1 22
0000F3D0  26 AE A2 A8 2C AC 96 AC 61 2C 71 AD 68 1C F5 27
0000F3E0  6E A9 72 2A 88 24 CA 30 B9 99 A5 2E C7 23 CF AA
0000F3F0  73 30 49 2C 98 AE 3B AB 80 AE 15 A6 3A 26 E7 B0
0000F400  AA 26 68 24 0A 98 3A 27 0E A2 C9 A6 37 1C E8 2C
0000F410  69 A7 7C AD 45 A8 75 AB 7B 2A E7 2C B1 A7 A9 2D
0000F420  BD 28 AB 1F 6F AA 83 24 97 AA 95 30 BA 2D 81 22
0000F430  06 29 46 B1 8A 22 E7 AA 97 A0 7F 19 BB A6 7A A7
0000F440  C5 2A F9 A9 3E 1F E5 A4 06 28 6C AE 47 A0 37 AE
0000F450  2A 2A DA 27 CD 27 91 1A C3 A9 19 A4 04 29 9B 98
0000F460  E3 1D DA AB A7 1D 7F A3 42 1C 3A 1D FB 20 67 A6
0000F470  13 99 C0 23 90 95 BC A4 16 24 55 90 3D 98 97 1E
0000F480  14 A8 AF 9E 40 24 57 A5 ED A0 9C 20 75 21 4A 23
0000F490  0B A1 E9 19 C4 9C 15 22 46 24 61 23 29 9E 93 24
0000F4A0  CB 9C 7B 94 CD 1F BA A6 8F A4 D7 17 39 20 8F 9C
0000F4B0  DF A7 FF 96 6D 24 73 A5 DB 17 A6 9C 19 A4 6F 21
0000F4C0  43 9E 92 1D 15 9D 88 99 BF 1D C3 A1 74 15 8D 96
0000F4D0  3B 99 BD 20 C1 27 4C 24 CB 22 07 26 A3 19 44 A4
0000F4E0  01 1E 7F 1C 5A 22 98 A1 85 98 56 25 8B A2 59 24
0000F4F0  C2 9D 15 A0 73 22 C0 19 75 A4 D2 26 2D 9F 20 A1
0000F500  11 12 7B A6 6B 24 AB A2 C9 1D 50 1B B7 9E AC 1F
0000F510  C0 1C 0A 22 31 A0 75 A5 29 A0 14 25 61 21 B3 98
0000F520  F7 24 73 A5 B7 AA A7 29 7C A2 5D 1C 45 A8 C1 21
0000F530  CA 24 71 A4 7F 1C E3 20 EB 26 26 98 9C 08 C5 1A
0000F540  D7 29 38 20 67 8D 79 23 F0 27 00 98 C8 9E 06 AC
0000F550  D2 A3 1F 9A A2 A4 C3 23 1B 25 B6 1F 0A A9 28 24
0000F560  EC 20 A8 A8 F3 A6 33 24 6F 9A C3 26 C0 20 0D 21
0000F570  08 28 01 A2 3C A7 A1 1D 6E AB 8E 21 DB 1D B2 1A
0000F580  2E A5 DE 27 F1 22 BF 93 C1 1F BD 1B 09 9B 67 A1
0000F590  DE 1F E3 2A 1E A4 C7 A2 99 1F 02 1B AE 9D 62 98
0000F5A0  E6 29 FE 21 BD A4 97 A4 CC A0 90 9A 5F 24 20 20
0000F5B0  67 A3 76 A6 7A 0F E3 32 A1 A7 5B 2A D5 1A 40 21
0000F5C0  CD A0 CC AC 2C 29 94 A4 BE 2C FB A6 1D 26 BA AC
0000F5D0  C2 99 21 25 E7 A1 4D AA 04 A8 4F A5 01 9D A7 1C
0000F5E0  11 28 02 2A DB 28 DD A7 D3 2C 08 A3 A2 24 C2 20
0000F5F0  7C A9 23 2A 08 1D 40 2A 61 2B 8F 2B 91 AD 2B A5
0000F600  94 AE 22 94 C0 19 77 23 85 AD 2E 24 61 27 1D AC
0000F610  63 A5 A5 B0 FC A4 BD 2D B2 23 8F 2D D5 A6 BD A1
0000F620  06 A6 09 A9 9B 14 A3 A9 28 AC F2 1E F3 29 41 AC
0000F630  41 22 1F 21 53 9F 36 1C 3C AD 40 AC 7F A6 8A A9
0000F640  12 A4 44 A6 3E AC 88 AB 4F A1 30 23 C5 29 7C 28
0000F650  B9 A2 4A A7 40 2C 35 29 E4 28 77 29 92 A0 17 A6
0000F660  0F 2C FC 9C 1E 28 C3 A5 59 19 81 A9 51 A8 A6 26
0000F670  DF A9 D5 A6 CD 24 EC 2A 38 AE CE 29 9B A8 3B 2A
0000F680  D3 19 32 B1 DC AC 30 29 99 27 61 26 FF A0 5D 29
0000F690  09 16 31 9E 0E A2 DA A8 9E AA 4D A7 29 11 21 27
0000F6A0  37 A6 D5 2C 58 AA 80 28 65 20 6D 1D 6B 22 EE A6
0000F6B0  CE A1 9D A2 B3 A1 80 28 AA 25 3C 24 24 91 26 25
0000F6C0  71 20 2A A5 6E 24 EC 25 69 AB 14 9F 73 20 9A 25
0000F6D0  5D 20 AC 26 4B 9A D4 21 49 AB 45 26 9C 21 85 A3
0000F6E0  08 A3 13 21 AA A3 01 A4 E3 A8 01 98 EF A3 0E 21
0000F6F0  15 22 5F 20 21 A3 88 9E 62 A5 42 A4 16 15 6D A6
0000F700  D2 1C 23 98 E5 A4 EC 9B 25 9D D6 A6 53 25 09 9D
0000F710  89 20 C0 A7 11 26 6E 9E 2A 23 42 20 07 26 C8 A2
0000F720  49 2E 31 24 20 29 A5 A5 49 20 EB 98 59 24 FB 25
0000F730  50 9D 91 1C 1F 21 9D 1D EC 21 A8 AF 69 A8 A5 21
0000F740  3C 1C F5 A5 20 AA FC 23 F5 23 09 A8 AC 21 70 AC
0000F750  3E A4 C4 98 C0 A4 88 27 E6 A5 90 A4 D5 A5 C3 A5
0000F760  64 21 74 9D FA 93 A9 9B 6C 19 F5 1C 16 8D 01 99
0000F770  7F A0 51 22 A2 A0 CC 1E 19 1C F4 94 0B A0 21 1E
0000F780  AA 9F 29 14 23 99 C8 1B 3C 9F 3C 95 BD A2 28 1C
0000F790  A5 94 31 A1 4A 8C 2A 21 24 15 B9 0C 4F 12 B9 11
0000F7A0  95 98 91 9F C7 9D D4 99 B6 9B 49 97 63 1F 86 90
0000F7B0  E2 9A 32 9F 1F 9C A5 9B A2 9D 1E 24 47 16 EF 92
0000F7C0  25 9C 0D 9A 52 13 60 95 4F 9D 31 20 79 90 23 1C
0000F7D0  F9 9D CF 9C 4F 9E 25 12 2B 9C AD 1F C0 0A 67 1D
0000F7E0  03 8F 28 1E 59 9C 25 19 49 9F 64 9A 29 9C 79 A0
0000F7F0  9E 99 12 1D A9 17 8E 1F 2D 8D 41 90 87 9E 6A 18
0000F800  4C 20 47 0A 88 A3 21 9C D5 22 95 A0 C1 9A 51 9B
0000F810  15 99 F9 11 1F 1C 2B 99 C8 99 9D 84 EE 1A 3F 1D
0000F820  73 99 4D 9C 70 20 31 A9 D4 A9 CD A0 0E 20 99 AB
0000F830  E4 A5 A7 29 8C A5 04 99 EA 25 64 A1 89 14 4F A2
0000F840  72 A0 03 9C 21 19 EB 1A B6 8F 32 9D AD 8B A9 28
0000F850  4D 26 33 26 9B 24 0E 9C 75 22 F6 98 4D 22 36 A1
0000F860  E8 A1 79 9F 10 9B 15 A7 25 26 CD 28 26 A4 ED A7
0000F870  47 9E 37 8D F7 22 A5 A6 19 A5 68 27 A3 A2 53 28
0000F880  6F 25 24 1D 37 8D D8 22 F1 13 0F A0 05 9D D4 24
0000F890  7D 9A 35 29 52 A5 25 2B 2C 21 49 9F 2B A0 64 A4
0000F8A0  0D 1F 32 22 B8 A8 1E A6 CD 20 0E A4 E5 9D C6 23
0000F8B0  EE 1E 12 A4 FB 24 78 27 F0 29 5F A8 1B 25 7A B0
0000F8C0  38 A4 70 1F AA A8 50 28 6E A0 D3 99 2C A8 55 26
0000F8D0  5B 2A 93 9C 3E AC 72 2B 67 A1 5E AA 30 9B 4B A1
0000F8E0  4D AC D6 A8 85 A8 BA 9F B9 26 87 27 16 AB 78 A5
0000F8F0  E0 A3 F7 25 A2 2B 30 A6 46 28 1E 22 48 29 78 A3
0000F900  91 2E 60 15 79 1D 73 94 31 23 8E 2A 8D A8 E6 A6
0000F910  55 A2 1E A8 B6 20 47 25 6A A0 9F 21 40 A7 5D 24
0000F920  AC 9F 1F 26 01 22 EF 28 D6 92 84 24 8B 2B 2D 27
0000F930  41 AA 74 A4 B4 A9 39 AA 8B 21 A8 27 30 AA 75 A5
0000F940  6D A5 04 A2 0E 24 42 18 02 AC A7 A3 E7 A0 64 1A
0000F950  E0 24 68 9C 77 24 B1 9C 3F 20 B5 A9 8A A1 19 25
0000F960  0E 22 26 A5 6D 15 EC AA 50 20 B0 25 48 12 A6 21
0000F970  E2 21 EB 1E 46 A1 34 AA 9B 24 BB 2B 9C A4 E7 A8
0000F980  4C 2E 0E 20 A4 20 DB 9A 1C 28 2B AC 77 25 70 A9
0000F990  38 A3 A4 25 DB A9 59 1B D5 A7 03 A8 91 2C 60 29
0000F9A0  5D AC 69 28 C7 9B 24 21 9F A1 47 9C 1A A3 DF 9C
0000F9B0  9A 9B C9 24 CA 18 09 20 09 24 14 A6 7D 9B 34 A4
0000F9C0  05 24 DC 17 D4 A1 99 16 84 A0 14 1B 9A 98 86 A1
0000F9D0  28 1C B3 9E A7 9E 96 A7 7C 1D C0 98 B5 21 66 A0
0000F9E0  98 A3 E9 8C C4 A5 90 A8 6E 27 05 A8 BC A1 CA 9F
0000F9F0  98 27 34 9C BB 18 7D 27 F8 A2 42 20 EF 9A 6C 9E
0000FA00  44 92 24 9E F1 A8 E9 A5 4D 23 F8 A1 92 11 99 18
0000FA10  30 9C 05 A3 80 A5 6F 1C 16 25 ED 1F 3E A8 2A 21
0000FA20  70 99 FE 1D 1D 9D AC 24 CF 1A 7B A5 04 A6 0A 20
0000FA30  4B A7 EF A0 B6 20 B9 27 95 9A 36 21 8D 9C 6D A2
0000FA40  9D 26 FE A9 01 1F 79 1D 32 A0 B4 29 35 A2 8C A0
0000FA50  FD A3 61 99 7B A6 EB 1C 03 A2 17 A8 E4 AA AA 20
0000FA60  95 20 F5 9F 86 22 25 99 C0 A5 C7 19 9D 1C 5F A5
0000FA70  24 15 7E 1C 8E 93 6D 22 A3 1A 0E 92 26 AB 4F 21
0000FA80  1D 28 41 18 06 A8 18 21 04 A0 1D 1D F3 22 97 A1
0000FA90  13 20 54 94 C1 A2 07 1D 6F 1D C4 A2 3A 9E 2D 9A
0000FAA0  D0 23 47 1D 56 1E 12 98 26 A0 D1 21 3C A5 31 A2
0000FAB0  15 2A 4F 9A FF 22 BD 1B 1F A6 14 1A 24 24 E6 1D
0000FAC0  BB 9C 63 99 08 A0 A2 A3 F7 1E 9C A2 5B 8E F8 A5
0000FAD0  65 1A 39 23 2B A1 BA 21 B7 A6 77 1C 0F 25 B3 A1
0000FAE0  06 99 42 9C 85 24 1C 27 43 1C 20 29 DC A1 3E A2
0000FAF0  90 20 B7 9E 91 25 96 A1 B9 A6 4D 9B E6 A2 92 20
0000FB00  B1 9B 9B 28 1C 2E 02 22 AA A1 4A A1 EE A0 00 A4
0000FB10  D5 23 5A 9E 2E 20 44 28 8A 1C 3C 25 A4 1D DE 20
0000FB20  4F A0 C1 A2 E9 A3 E5 A7 A0 A5 03 A1 F7 10 B2 9F
0000FB30  CF A4 2F A0 A7 9C 41 9D BA 24 4B 98 D9 A5 D0 24
0000FB40  07 24 1C 12 F0 A0 19 21 A0 A1 8A 96 7A 20 94 27
0000FB50  CE 92 B5 16 85 A2 DA A7 2D A2 5F A0 47 A5 18 A0
0000FB60  FB A2 4A 9F B5 9C 7A 29 41 20 B4 9B CC A9 EA 9E
0000FB70  DA A6 27 A3 C6 1F 03 A2 3D A8 85 20 3B 1C 50 1C
0000FB80  1D 9E DE 21 6C 9D 33 20 98 21 87 9C 3E A4 9E 21
0000FB90  26 9A A0 26 69 98 DC 2A 69 26 88 A2 F8 28 2A A1
0000FBA0  76 23 BE 0A B9 AB AE 21 B5 14 03 24 D9 98 4E 24
0000FBB0  E4 A0 CD 18 51 A9 5B 25 01 23 14 29 E7 A6 F4 18
0000FBC0  95 A2 7D 21 AF A5 C3 A8 ED 13 EF A9 B6 1D B5 AC
0000FBD0  B3 28 5A A2 49 A6 DE 2C 81 A0 B6 A1 A9 2C 35 9E
0000FBE0  61 AD 9E A8 A9 A1 CC 19 0E A0 5B 9C E2 1A 2A A4
0000FBF0  C8 A0 FC A2 FE A4 FA 9E 36 96 E9 A5 8A 8A 91 27
0000FC00  2A A5 28 22 3B A4 5D 24 EC 1F 7B 00 82 A3 37 29
0000FC10  AA 22 45 A6 4D 0F AF A1 EB 1E 06 22 6C 25 B2 A6
0000FC20  4E 17 9E 9E C1 98 5A 99 9A 1F A8 1D 16 A8 3D 22
0000FC30  40 9D 9E 15 5D A1 B3 23 D9 21 74 94 BA 1E E3 A2
0000FC40  E7 1E 57 23 48 A4 CD 20 78 A3 70 A6 F8 20 69 0A
0000FC50  DC A0 FD A8 9E 1D E4 23 7D A1 35 18 F6 9C CE A1
0000FC60  EE 25 5F 1D 1B 9F C6 A1 74 1A E1 A5 FA 9F C9 A6
0000FC70  B8 1B 13 A3 AD 28 F4 23 BF 24 D9 19 87 21 4E A2
0000FC80  49 1D DA 21 A4 A4 4C A0 9B 1E 96 25 B2 9B 6A 28
0000FC90  8B 90 BD 26 1D A0 58 21 CB 8C B3 A3 95 A4 A3 02
0000FCA0  06 9C 86 A8 A3 20 51 20 77 A4 C1 9E B6 1D 14 9F
0000FCB0  82 A1 75 24 BE 98 AA 8E 0D 25 53 25 F1 A0 F6 13
0000FCC0  FC A4 9E 9C 9B 99 76 1E F2 A2 10 1F 18 23 D0 24
0000FCD0  53 20 4D 9D 17 9C 76 26 94 A1 A6 2C 6A A0 53 A4
0000FCE0  7D A3 3F 26 24 A6 EE A1 D8 26 4C 1D 6F A1 B3 20
0000FCF0  EE A8 B1 15 6D 16 D5 21 52 17 08 A6 27 A4 95 0E
0000FD00  72 21 14 1A BA 21 C4 17 4B 9E 11 A2 20 A4 38 1D
0000FD10  7D 91 2B 22 63 25 FE 1E 03 19 51 9D 59 A0 34 A9
0000FD20  E1 A3 99 1C 42 24 53 A1 05 17 DE A6 04 A8 0E 9F
0000FD30  F1 A4 FF 26 DC 1D A4 24 1E 25 43 21 17 9A 37 94
0000FD40  2D A5 2D A4 5D 9D D6 25 20 A1 B6 31 CA 1F CB 26
0000FD50  65 11 16 A6 3B AB 23 1E 24 A6 37 A1 B0 9C 25 95
0000FD60  90 A6 04 1B 57 A0 FE A5 C7 25 15 9F 77 15 62 A4
0000FD70  48 9D A9 A5 A0 1C E1 20 6F 17 38 A2 6A 20 A1 A1
0000FD80  42 26 70 9E 91 95 00 25 53 1E F6 A1 A5 22 04 AA
0000FD90  5A A0 5C A4 2E A5 57 18 DC 24 0C A1 4C 21 74 27
0000FDA0  01 23 63 9E 8E 18 7A 20 94 94 FC 1D 77 A8 BF A2
0000FDB0  47 26 9D A1 AC 18 07 27 A8 9C 79 A0 D6 1C 60 9E
0000FDC0  E4 96 27 21 6A 20 6C A8 B1 25 DE 23 B4 9F 1F 94
0000FDD0  E1 0E 04 A2 79 24 9C A0 14 94 3D 99 DC A8 D0 20
0000FDE0  C1 1F EC 9B 50 24 29 9C BD A4 31 26 C5 17 30 1B
0000FDF0  52 9F AA 17 67 27 82 A8 14 27 5C 18 94 95 65 99
0000FE00  00 A7 F2 20 33 A8 84 A3 CD 19 12 A7 05 A5 FD AA
0000FE10  3B A3 37 A0 61 A9 C3 26 E3 9A D4 A0 D4 A7 B1 06
0000FE20  B4 21 72 99 BA A4 98 A2 30 95 DC 95 6D 94 25 27
0000FE30  C4 A0 15 19 51 A2 19 25 2A 22 C3 22 E1 A1 CE 18
0000FE40  80 A8 A2 18 DF A0 89 1C 5E 20 B7 20 2A 1E CD 1D
0000FE50  34 20 EC A5 98 1D 10 21 1F 90 62 9E 3D A2 0F 9E
0000FE60  65 1A 53 9C 1C 1D 00 A4 6C 0F 8B 9E 0F 22 E4 9F
0000FE70  8F 9E 78 9F 27 18 2B A1 63 17 AE 18 17 A4 7E 1E
0000FE80  38 9B 22 A0 1A A1 5D 1A 86 A3 51 97 9B 98 22 9F
0000FE90  D7 A1 84 1F AC 09 03 23 CF 1F 18 26 05 21 66 1A
0000FEA0  71 9D 46 1C 3B 21 40 A4 7F 99 96 A3 34 21 7D 1B
0000FEB0  09 26 8A 23 EB 25 07 22 AF A7 10 17 28 A4 35 23
0000FEC0  7A 22 EE A4 BD 1E F9 24 CA 98 19 9D 02 1E 04 A4
0000FED0  08 20 2D 1E 0D 22 EA 1D D7 A2 05 9C 59 24 7F 9D
0000FEE0  16 A1 36 29 22 A9 62 25 3A 20 24 9C DA 1E 34 A3
0000FEF0  E4 24 33 9D 57 97 B0 22 1A 23 33 25 30 AB B1 1E
0000FF00  7A 2B 7F A1 37 1D 5E A6 67 11 C1 92 49 1A B4 A8
0000FF10  97 24 7A A8 34 93 B0 9C 6E A1 09 96 29 25 50 20
0000FF20  0F A3 3F 9B A7 90 FC 24 94 1B 84 25 19 A5 1D 1E
0000FF30  3F 1E A5 9D F1 21 E6 20 D8 A0 AC A1 0B 24 A2 1C
0000FF40  CC A2 F1 1D 95 28 4F A3 D2 27 00 A2 67 26 E3 99
0000FF50  86 A2 23 21 61 A9 88 9D DF AC AE A9 21 A4 F8 A0
0000FF60  DE A3 35 26 D4 A7 CD 9F 7F 9D 1F 97 CE 1D 92 A9
0000FF70  81 24 CD 1F 71 A7 2E A8 65 95 45 1A A9 1C 8A A4
0000FF80  14 21 F1 A4 D2 A1 D5 26 1F A0 D9 A1 0F A1 EB A6
0000FF90  AB AB 0F 28 35 AA 7E 19 08 8D C4 A0 0D 99 66 25
0000FFA0  4F 27 E1 81 AD A4 53 20 2D 1E 6B 9F 52 1C EB 24
0000FFB0  2C 24 30 25 C7 95 6C 26 A6 16 B4 24 B7 19 3F 21
0000FFC0  51 02 3B A1 56 1E 43 9D 4E 14 64 1B 4C A6 6C 27
0000FFD0  B8 1A 0B A4 D5 A4 7E 24 93 A5 91 24 22 A8 F9 13
0000FFE0  25 1A 91 1E D3 A2 35 16 6B 94 98 9A 70 A5 ED A6
0000FFF0  52 9E BF 9E BF 96 73 23 2D 9E 53 A1 71 A8 E6 19
00010000  78 1A 94 A3 34 21 E1 9F C7 98 92 22 B9 9B 33 1E
00010010  BA 1D EF 21 6D A7 E6 A4 50 A0 35 21 2D 23 D7 1C
00010020  01 93 CF 21 8C 27 55 A0 9E 1A 2C 21 A8 A0 72 9D
00010030  D0 90 94 98 43 1D 64 A6 42 26 08 9D 31 15 7B 22
00010040  39 A1 89 96 7E A7 18 1C 3D 20 A6 91 F3 21 72 A4
00010050  7F 1A 6D 23 72 A8 43 1E AB A1 04 0D 1A 24 2F A0
00010060  B7 9B 44 A8 5B 2C AC 2D 53 AC 1A 92 2C 24 4A AE
00010070  5C 28 D1 30 B0 AB 92 29 4E 98 22 26 07 A7 9C 22
00010080  FF B0 14 A9 47 A4 AE 23 CF 2C 76 A1 2C 28 41 2B
00010090  5B 2C 1D A9 1E A3 3B A6 E5 AA 81 2C 7B 28 58 AA
000100A0  92 9C 31 27 A8 19 C6 28 DF A7 96 25 8F 18 A3 2C
000100B0  1F AD D1 26 26 25 66 23 F3 A4 14 27 38 9D B0 25
000100C0  57 2B C5 A4 BA 21 EF 25 EC 28 FF 21 F3 A6 06 24
000100D0  89 A1 25 A4 63 9F 75 20 0D 9C 07 24 AE 2B C8 A0
000100E0  F6 27 9A 21 29 A9 3B 23 72 2C E0 28 68 12 39 2C
000100F0  BE 24 48 22 9C 2F 98 28 D2 28 06 A4 35 27 AA AA
00010100  F3 A7 07 16 7A 8C A2 28 AE A9 3C 2F A7 23 1D 97
00010110  06 2E AE 2C 7C AF 59 25 A8 9A D9 1F F2 2B 71 A5
00010120  31 AE AC 27 4E A8 70 1A 84 A4 C2 96 5F 21 79 99
00010130  FA 1A 9B 2A 79 11 34 13 B0 1C E7 A1 B7 16 7A A2
00010140  35 28 BF 1D 1E 19 49 9E D9 22 A1 1E B1 A2 11 23
00010150  1C A5 AB 20 7C 96 D3 1C 64 86 7F A0 B7 23 1B 24
00010160  59 9F C1 1C 38 A2 57 A0 1F 28 16 21 16 1C 5C 20
00010170  EF 9C 72 9A F8 94 45 A0 2B 9D AC 9B DD A1 76 1B
00010180  0A 9F 18 A0 6D 17 19 1A 74 9F 5F 9C 6A 18 2A 1D
00010190  C6 9F 9C A5 41 A9 9C 20 F7 92 E5 25 3B 18 00 08
000101A0  42 1F E9 19 F4 8F 56 90 05 A5 63 23 E0 17 12 26
000101B0  56 A0 38 A6 35 1E 9F 16 6B 20 62 A2 32 15 ED 12
000101C0  CE 84 12 20 26 9C 68 A4 80 9A F7 1F 4D 22 8A 02
000101D0  50 07 A8 26 46 A3 72 A8 2D A3 43 A3 9E 94 6C 22
000101E0  96 1C F5 A5 1E 28 16 A5 E4 A7 5D A0 B6 22 38 A4
000101F0  BC AD B5 21 A0 15 D7 98 9D 25 D6 26 1B A5 6E 25
00010200  73 9C 4E 80 CA 24 25 24 1B 22 51 A4 2C 1E 12 2A
00010210  38 23 77 A0 38 1D 50 27 06 A1 1D 9C 9F 26 34 A5
00010220  1D 20 35 23 6A 99 92 A8 C3 A3 35 A0 56 8D 89 A7
00010230  86 28 54 1D 4D A0 2A A7 01 1B 1A 17 BC A2 BD 9D
00010240  FF 20 3D A0 2E A4 F4 20 6D A5 DA 8B A7 9E 0B A0
00010250  1F A2 A5 25 27 19 51 28 CB 92 9E A8 61 A4 9F A5
00010260  69 08 77 1A 0A A8 67 A1 29 0C 08 1F DD A7 DD 22
00010270  E9 A6 D6 1F 70 2B 10 9D 9B 22 A1 A6 D8 1A 38 AB
00010280  B7 A4 09 A4 82 1D 0B 26 09 A9 1E 22 6E 22 F1 28
00010290  09 25 9A 22 F4 AC 5B 29 10 27 66 A7 0F B0 5F A6
000102A0  92 24 D8 AB 79 97 DD 1F CF 9E CE 98 78 9B 39 20
000102B0  9A 9C 48 9A 4A 97 F3 1F BF 18 1D 21 F3 13 5D 18
000102C0  D5 23 F8 1D 9D 1E 52 9F 1D 9D 8E 9D EE 1C 7F 22
000102D0  BA 1E 52 92 4E 19 83 9A 5D 96 A7 A1 94 99 18 22
000102E0  26 93 D2 1A C8 9B 30 A2 35 9E 22 21 41 A2 C8 1E
000102F0  38 08 CA 82 1E A1 23 94 D7 14 B9 9E 3B 15 E9 15
00010300  52 A2 19 1A 63 21 3C 17 59 1E F5 9D DB 0B 7C 1A
00010310  70 9A 32 A0 1C 8B 32 95 7A 20 8D 92 4C 9E 10 18
00010320  03 1C 23 A5 FF A1 55 9E 41 12 65 27 01 8D 02 0D
00010330  3C 1D 47 1A 7A A4 2E 19 15 22 6F 1C 64 90 0C 1C
00010340  3A 11 FF 20 06 9C AA 9C 06 9A 14 9F 7E 9F 49 1C
00010350  5B 9E 55 A2 D8 96 CE 20 A4 1C DC 9D F3 15 7B 99
00010360  1E 20 DA 95 86 A0 7B AE B9 84 BB 24 DA 90 C0 A7
00010370  67 A0 DD 26 95 A0 FB 9C 41 26 87 A9 0C 9D 31 A1
00010380  D8 AB 6D 02 44 85 26 18 DE 21 10 A1 6D 24 4A A3
00010390  E5 23 93 25 45 23 14 28 02 09 21 28 04 2C ED A4
000103A0  75 89 D6 98 30 24 BD A9 1F 10 AF AA C1 21 9D AB
000103B0  D1 A2 B5 22 57 1E 11 21 8E A4 83 28 26 21 C1 26
000103C0  07 26 A2 A6 24 24 AE 14 F1 24 33 96 34 9D A0 20
000103D0  F3 A8 4A 25 72 28 2F 1E 51 1B 58 20 79 A9 E6 A8
000103E0  42 AA 8B 25 5D A2 7F A0 C6 18 01 A8 41 9E FE 29
000103F0  7F A5 E1 26 2F 28 19 1C 4E 81 70 A0 61 0F 7C 1D
00010400  56 27 1C 28 30 A5 9B 26 7C A3 8E 26 8C 0E AE A2
00010410  BC 28 9F 9D 45 AE 74 25 CD A0 51 A5 AD A9 15 90
00010420  C6 A5 5A AC F0 A2 CC 22 86 A0 EB 18 83 1C AB 9E
00010430  95 24 A1 9F 29 92 2F A8 E1 A2 ED 9C 85 9D 93 87
00010440  3B 9F 3F 23 64 9D 78 98 2C 28 1E 14 5F A8 87 24
00010450  42 20 C9 18 78 99 4A 1E 23 24 87 24 62 A3 DB 1B
00010460  FD 9C 58 26 C5 A5 B9 25 B3 9D B3 21 E9 A3 62 24
00010470  D6 A5 47 9D 2E 1D 0C 18 E2 20 9C A3 F6 21 C3 9E
00010480  42 21 29 A0 FD 20 96 24 0A 23 CD 20 8D 21 4B 9C
00010490  34 18 B7 A3 43 1C 70 1C 59 A1 01 9F BB 9C 15 9E
000104A0  0E 9D 79 20 D5 11 41 14 17 20 50 A3 F8 92 EF A1
000104B0  64 22 0A 1E F3 2A 1A A3 44 1F F7 26 02 27 E4 26
000104C0  9D A1 88 1D E0 A2 CA 14 DF 20 FF A5 1F 9A 22 1E
000104D0  20 25 19 26 83 26 18 A5 7D A0 4D 1B F2 2A 15 9F
000104E0  74 8B 62 A5 42 21 26 2A A9 1E 40 9E 4B A4 0A 2D
000104F0  DA A1 C1 29 05 22 8F 21 16 24 B5 2C A8 A7 1F 27
00010500  20 AC 9D 94 51 21 CF 26 6B A8 04 22 34 19 E3 24
00010510  19 8F 66 A3 14 22 48 94 FE 11 BD 2F C7 99 08 A5
00010520  C4 28 0D A5 5E A2 46 9F 0F 25 E5 23 A5 29 A6 25
00010530  01 AE 77 1B A8 20 A3 26 6B A6 15 A9 F1 24 CE 9A
00010540  7D A6 59 95 28 26 6A A9 76 A4 88 28 68 A4 1B A3
00010550  57 1D 08 2E 40 A4 90 AC 00 AB 11 A8 D5 2B 68 A4
00010560  21 B0 28 18 87 29 FF 1E 11 A7 A2 AC 86 A8 D1 87
00010570  3E A9 0E 22 F8 1D DA 21 88 28 6D AC D4 A8 EF 20
00010580  ED A9 11 2B 9D A8 10 2A 4D 27 7E 2D 75 A2 21 29
00010590  05 A7 98 AC 20 A8 77 A2 A5 A7 6C 21 A6 AA 41 98
000105A0  27 1F 69 28 67 A2 A3 A4 D0 A2 C2 92 38 9D C4 21
000105B0  39 A3 26 1A 13 95 C0 22 FA 1D 51 29 99 A9 7D 26
000105C0  F1 99 B1 98 86 A0 B2 28 C4 A0 E7 20 05 A1 BE 24
000105D0  AB 25 F1 A5 2B A4 E2 A4 35 A8 CF 20 3B A7 48 20
000105E0  E8 1D 3D 22 42 9E D4 27 DC 93 7C A6 CF A7 1B 16
000105F0  B6 A6 23 9D BF 12 E0 8E 44 1F B7 1D 16 A6 E4 1B
00010600  12 A2 28 A0 34 29 C9 A4 82 A2 91 9C 8E A5 15 25
00010610  A6 1E CF 1F 61 A1 15 8C 8D A1 67 9C 82 A0 1D A8
00010620  F7 99 D4 15 19 28 4F A8 9D A7 45 99 3F 8C 93 15
00010630  BD 25 6B 20 CD 27 4C 1F 40 24 EA 99 9D 21 24 28
00010640  A3 A6 6E A6 FA A7 49 19 9C A1 3E A4 1B 9D 8A 27
00010650  D6 9D 7F 20 B5 A4 02 28 FB 1D 82 9E FF A7 48 A1
00010660  70 0B B3 17 A6 DC FD FF 04 00 00 00 C0 00 00 00
00010670  00 00 00 00 00 00 00 00 00 00 00 00 00 00 00 00
00010680  00 00 00 00 00 00 00 00 00 00 00 00 00 00 00 00
00010690  00 00 00 00 00 00 00 00 00 00 00 00 00 00 00 00
000106A0  00 00 00 00 00 00 00 00 00 00 00 00 00 00 00 00
000106B0  00 00 00 00 00 00 00 00 00 00 00 00 00 00 00 00
000106C0  00 00 00 00 00 00 00 00 00 00 00 00 00 00 00 00
000106D0  00 00 00 00 00 00 00 00 00 00 00 00 00 00 00 00
000106E0  00 00 00 00 00 00 00 00 00 00 00 00 00 00 00 00
000106F0  00 00 00 00 00 00 00 00 00 00 00 00 00 00 00 00
00010700  00 00 00 00 00 00 00 00 00 00 00 00 00 00 00 00
00010710  00 00 00 00 00 00 00 00 00 00 00 00 00 00 00 00
00010720  00 00 00 00 00 00 00 00 00 00 00 00 00 00 00 00
00010730  72 DD FD FF 04 00 00 00 C0 06 00 00 27 40 E6 39
00010740  9B B9 47 BF CA 3E B5 24 63 AC 40 AE 58 2E E2 B2
00010750  6C 32 57 B3 0F 38 57 30 4F B6 B9 38 02 B8 CF A8
00010760  BA 36 6D B8 6C BA 6C 3C A9 36 2B 3E 0D 3C C9 3A
00010770  A2 C0 57 B0 F9 B8 B4 44 12 29 8E C0 4F BD 82 2E
00010780  6A B9 DC B2 7B B6 5E 3F B5 BA 83 40 58 B5 EF 20
00010790  3F B9 87 C3 DA AE 89 3D DF C1 30 44 93 3F 3E 41
000107A0  D1 35 47 B1 BE 3E 26 B1 12 3D C9 37 EE 38 FA 36
000107B0  0B C0 D4 B3 C5 35 85 BD 59 BB 62 31 BE 38 96 B1
000107C0  7E B6 57 B3 C1 40 34 3F BE 40 16 B6 61 30 41 B4
000107D0  37 C0 29 39 FB B3 E4 BF CA B8 9D 3E FD 38 2F 3F
000107E0  76 24 7D 38 CC 2C 08 B7 9B 38 E2 BC 3F 3B 6F C2
000107F0  D9 C3 80 C2 42 B9 56 41 A5 40 2A 41 73 40 4D 34
00010800  C3 BD 82 C1 D7 3E 37 36 BA 3D 31 B9 06 35 CF A9
00010810  61 3E 11 BC 50 3E D8 B5 8C 39 F1 3F 8A 34 57 35
00010820  BB 38 DA B0 7A 3B F1 29 EF 32 FC B6 67 39 E4 41
00010830  EB B8 4E B4 62 40 4E 3B 15 34 6C 33 9C 32 77 AD
00010840  9B BF FC 3D 48 BA D6 39 18 34 69 38 CF 37 32 36
00010850  71 B6 A6 C1 83 36 1B 38 89 C1 6A 3F 2E BA F0 3F
00010860  09 3F AD BF 81 3B 20 38 BA 3E 3B B5 22 3B C6 39
00010870  61 BF EB 29 70 3B 81 35 26 BC 26 33 EB BC E6 3D
00010880  D0 B1 D2 37 7E 43 66 3C 78 3D 96 35 34 3C 3B B2
00010890  16 34 70 31 27 3B 7F BB D4 38 26 41 34 3D 62 3F
000108A0  75 33 FA 3B CB 35 61 3E F4 3C 42 B2 F5 B7 25 34
000108B0  1B C4 65 B9 A9 BC 93 BE 90 3C 32 3B 85 3C F0 39
000108C0  CF BB 52 AE 08 40 FF 34 D1 36 10 2D 7A 39 7A 33
000108D0  71 B4 78 B6 7E 39 29 B1 11 40 31 32 C3 BA DD A4
000108E0  62 B9 27 39 75 BD 09 BA E8 C0 89 BF 0B 34 41 3C
000108F0  A8 BD CA BC 0C 42 2C 44 B2 B2 6E 41 52 C4 EC BC
00010900  12 BE ED 3E 18 B9 D2 AA 26 3B 5A BE 2B 1F 61 3A
00010910  00 B2 0F C0 39 37 2C 3A 46 C0 5B C0 43 BB 9F 3D
00010920  18 2D 10 BB 1F 3D 38 B8 BF 3B 02 BD D4 31 9D 3B
00010930  84 BC 29 2A B7 BB D2 BF 81 B5 7E 35 4C C1 AC 41
00010940  2E BA 6C 3C 22 42 C8 3C 8E 2C 01 B5 6B BC 9F 35
00010950  9B 3C 13 B9 82 A7 C4 C1 FC 37 FC 3C A1 3F 11 37
00010960  D4 33 A6 39 36 BA 4B B8 31 3B B7 BD A8 BF 39 3B
00010970  5D BC 58 AF 28 B9 26 3C 47 30 BD 3B DA 35 86 3D
00010980  D2 BC 4C BD 3A 3B 8E 24 E4 BC 4B B9 BD 30 BB BF
00010990  83 41 BC 36 88 3B 24 34 13 BA CC B3 D5 30 76 B6
000109A0  A4 3E 42 BD 64 BF 61 3A 9D 39 54 3C 84 40 D6 B7
000109B0  8C B4 D2 2A DE B2 5B 26 5B B3 1B BE 1E BE 8D 3C
000109C0  D6 B4 FE 30 6A B4 20 3F 49 B9 F7 3D 62 C2 FD 38
000109D0  79 B8 56 3E BF 33 EC 34 29 3B D6 41 44 42 94 40
000109E0  FC 3C 36 BE 9E 3C 45 40 31 3D 65 37 CF 39 9F 3C
000109F0  5B BF 36 B8 61 32 8A BB 16 B8 7E 33 03 C0 89 2C
00010A00  AB 3C 0A 2D 51 41 AB 3C 23 3B 90 B2 DB BC DD 34
00010A10  E0 BD 29 39 B6 30 E0 B7 FC 3D 08 39 0F 32 C2 3C
00010A20  D9 3C 2F 33 B6 30 E8 3A 15 BE 28 B8 91 3C 78 BF
00010A30  A2 C1 AE 3E 20 40 EB 34 DE 26 84 40 D7 33 05 B8
00010A40  52 B9 91 C2 0B 40 10 3D 95 40 9A C0 F0 43 23 BD
00010A50  4A 43 B0 BE 28 44 B8 BC 72 3B 78 BE DD 43 C5 C1
00010A60  01 3A 78 C0 6F 3B C9 B5 33 38 3D B4 4F 41 25 41
00010A70  5D 41 0E BE 59 40 13 2F 15 45 5B C2 E8 AB EE 3B
00010A80  93 B2 D6 A0 9A BB 75 BB 2E 3D 87 40 A4 33 FE BF
00010A90  46 42 4F 3C CF 41 43 B4 42 41 16 3B 89 BD F9 3B
00010AA0  88 44 A7 C1 81 C4 DE 43 FD C0 19 C0 F4 B0 1B 39
00010AB0  82 B6 46 C3 5D 3C 95 44 37 BE 37 C4 6C 30 10 3D
00010AC0  35 43 AA BD AC 41 0D C0 30 35 85 3D 5C BB 58 C2
00010AD0  FE 36 D3 3C 07 3B 17 3E 81 BE 92 3F EF C1 C0 3E
00010AE0  C6 2C 25 C0 F4 3E F5 3C 2A 40 C3 B1 B5 3D 4B 3C
00010AF0  1C C1 4D 42 5A BA 21 C3 5C 3F B2 BB F8 39 71 3D
00010B00  83 BC F9 32 D1 40 8D 38 13 39 F7 AD D3 35 A6 38
00010B10  75 1D A2 B8 93 3C 8A 22 50 3E 21 37 B1 24 A8 37
00010B20  E1 34 69 33 93 BD C5 B9 19 BF BB BD 60 B7 34 3D
00010B30  D0 39 DC B7 9D 2D AC 3D 5E AE AE 32 BB C1 28 AF
00010B40  D1 BF 94 3E 73 B5 7E B1 19 3A 11 B5 FA 39 07 3A
00010B50  CE 35 51 BB 05 3C 7F AC C0 3C C9 C1 18 B9 04 3A
00010B60  0C 3A E7 BD 9B 38 F6 3B 1D 39 18 B9 85 39 14 3C
00010B70  BB BD 3F 37 E3 B9 0B 3B 09 AD C5 9D A2 C1 69 37
00010B80  FC BA EA 31 BD 40 AC 38 75 38 33 36 EC 2E 62 AE
00010B90  9B 29 93 2C 61 34 BB 37 A9 B9 2E 3C A3 3C 63 3D
00010BA0  92 3C 4F 39 6D 2C D7 BB 3C 3C 11 BE BF BA 48 2F
00010BB0  07 3B 0B 3E CE BA CE 12 0E 24 35 2D B6 B5 BD 37
00010BC0  85 BC 3C 25 EC 3D 8D 31 74 BC 5D A9 F8 2D 8A BD
00010BD0  7F 3A 91 B1 C1 B5 80 41 70 30 FF C2 76 37 A0 B3
00010BE0  AB 3F C2 BA 4C BB FA 2E 8B 30 91 36 FD 3C 24 BE
00010BF0  A4 35 92 36 C1 32 97 41 EB AE 37 C0 DB BC 9F 3B
00010C00  3D B0 EC 3A DE 40 D3 40 B6 B8 27 35 95 C0 B3 36
00010C10  27 B9 A1 36 1E BA 6A BB 46 3E 25 3A E3 40 65 3F
00010C20  0D BE BA BA 8D 40 71 40 B2 3B 56 BC E6 37 37 33
00010C30  BD BD E5 B8 63 B3 F7 37 7A AD 67 2E 0D B9 8B 2F
00010C40  F7 B8 EC 34 DC 41 5F 3C 25 B9 81 B3 67 BF EF AB
00010C50  83 BC E2 34 D4 BF 40 B9 62 40 85 B0 3B 38 D1 B4
00010C60  7A 3D CF B8 29 BE 79 35 2E C0 3E AF 55 3B 84 B9
00010C70  BC 3B 95 3D 98 35 1D 44 16 BF 60 B3 9E 22 AD 3C
00010C80  08 B6 5C 41 4F 40 FA 37 E5 AD D1 AF A3 2C E1 BC
00010C90  D6 35 B9 2E 11 3E BF 3C CC 3A 6F C3 45 B1 F9 AC
00010CA0  05 3C 1F 40 04 BB 1F BC 0B AA C5 39 96 B9 B7 AC
00010CB0  81 3C 33 B1 DE B7 35 AF A5 29 E3 B8 5D B1 C5 3D
00010CC0  6F 34 66 3E CF 3D 40 3D 2B 34 5A 3B FA B7 AA 9E
00010CD0  59 39 5E 3E CC 2B C5 C0 F0 3F 93 BB 06 3D 6C 3D
00010CE0  E5 BA FC BE 91 29 CE 3D 1D 35 81 B7 57 3A B2 37
00010CF0  3A B6 37 B8 82 BA 2B 40 DA A9 78 34 D3 93 70 38
00010D00  D0 BB 76 35 D7 37 2D 29 1B B5 D5 3D AA BC 26 B9
00010D10  24 B2 66 3C 1A B9 EA BC CD 3B 47 B4 E1 9B 03 40
00010D20  4E 3C F2 B5 20 38 78 BA 3B B0 23 B9 8E 38 1E 35
00010D30  7E B1 5B 42 28 40 E7 41 BD C0 B1 34 0F 36 7B 3A
00010D40  59 30 0B 41 49 3C A8 27 EF B1 AD 31 52 A9 D0 33
00010D50  F9 BA 7E B0 EE BE 31 38 55 40 1E 40 35 B7 1A 31
00010D60  6D 29 F8 3E BD A7 6E 31 D7 BD 06 33 81 B8 0C 2D
00010D70  9F 28 41 2F 09 B7 87 41 63 A8 B7 BD D6 B8 0E 38
00010D80  89 B8 67 3D 48 3D E9 AD DB 39 8D BA D8 AD 69 28
00010D90  12 B0 41 35 49 39 BE BA CA 37 83 3C 7E 35 DE 3B
00010DA0  10 C0 7B BA 1C 39 5A BE BC AB 8A B4 7B 35 A6 38
00010DB0  CE B8 84 A4 48 BC 8C 38 9F B1 81 34 2F BB E6 B4
00010DC0  38 C4 F7 B4 60 30 97 39 36 1C 04 3B B8 B6 4D B6
00010DD0  39 B1 A1 3D D8 B0 F8 B8 2F 3B D9 2E 72 3B 1E 30
00010DE0  23 3F AC 2D 5C 2D 66 C2 85 2D 01 BE AD A0 DC B4
00010DF0  5F 38 41 3D 04 B4 C1 AF 50 BA 38 34 3E E4 FD FF
00010E00  04 00 00 00 C0 00 00 00 DE B6 DB B5 4E 34 24 AF
00010E10  01 B6 D3 2A B1 27 2A 38 53 3A 18 AB D3 B0 7D 34
00010E20  B2 B3 0C C0 D4 B2 E1 B6 B6 B7 B8 BC BE B5 8F B4
00010E30  A2 C3 E5 B9 FE B5 B1 30 4D B9 6C 32 91 34 DB 35
00010E40  AB 35 5A BE 89 B5 77 C4 44 BB F1 34 D6 AF 8C B8
00010E50  FB 34 FE BB 08 B6 80 B1 47 C3 F6 B5 60 BD 27 B6
00010E60  0F BC 09 C1 DE B2 37 B6 A3 2C 57 35 03 2C E1 38
00010E70  18 BA 35 C1 A4 3E 29 B9 C4 37 0A B5 B0 BB BB 36
00010E80  F0 38 05 BC DA 3D 42 B4 A5 AA 1E BA DB B5 C9 AF
00010E90  EF BC 5B 29 B8 2A 64 3F 16 32 53 34 19 BE 2A 32
00010EA0  51 C1 E0 2C 55 BE 9B 2F B5 B2 77 30 D4 BC 94 37
00010EB0  BB 25 64 A8 18 33 D8 34 1E 33 93 AD 18 C0 56 BA
00010EC0  AF B4 BE C3 A4 B4 E1 B0 0A E5 FD FF 04 00 00 00
00010ED0  00 48 00 00 84 AD 65 AC 21 2A B1 21 5C A9 1B AD
00010EE0  51 A0 04 92 4F 2A 32 A4 E5 9F 88 AA 77 AE AD A8
00010EF0  B7 B0 0F 28 37 25 C4 AA 35 A6 EF 9B EE 21 23 A3
00010F00  D5 28 66 29 68 28 36 2F 93 21 C8 A5 5C A7 1F 99
00010F10  D0 A8 D7 A5 4F 2E 37 2E C8 A4 C6 A8 02 28 50 AC
00010F20  73 29 07 21 45 A8 12 19 6D 22 44 A9 6A AB 7B AB
00010F30  F3 29 C3 21 10 29 84 9F F7 AB BA 28 AC AB 6C A8
00010F40  62 17 86 9B 2C 27 71 2A B6 2C D8 AC 73 AB 6F 9F
00010F50  D2 29 D2 A8 D3 A1 69 25 93 AC DE A7 C6 1C 4B 9E
00010F60  D4 2A 35 29 01 A8 96 9C 5F 9D B3 26 41 1B 36 AA
00010F70  4A 1F 14 2D ED 29 90 A6 C9 A1 F3 AF B1 A3 5B 2C
00010F80  3C B1 A5 AA 70 AE D2 AC BB A2 B4 30 C2 1E 48 A3
00010F90  FD A6 89 2C 7B A0 7C 30 6A 26 15 9F 29 A5 F0 A7
00010FA0  95 26 15 99 E2 A8 44 A8 55 24 0E 9B F2 A7 9F AA
00010FB0  D9 29 75 1E 6E A0 8D A8 41 A2 0F 15 78 A0 88 29
00010FC0  82 1B D0 A5 0E 1F 96 21 6B 2A 9A 9C AB 25 EE 24
00010FD0  8F A3 6A 27 6A 27 8D 2B 1F 24 B7 AC BA 25 83 2B
00010FE0  56 A6 01 24 3C 20 64 23 25 1C 63 A4 48 A5 A4 29
00010FF0  16 AD DC A4 55 AA 4A 22 6E 23 7C A8 99 A5 81 1C
00011000  25 9F 48 A5 10 A4 B8 24 23 2B F1 90 76 9F 71 27
00011010  44 2B 2F 9D 75 28 22 9E 24 A5 B0 A5 77 1F EB 28
00011020  BD 19 B3 9F 54 1A 4B 28 07 A6 74 A8 1C A0 B9 2C
00011030  A1 9C 4C 1C 15 A9 77 A9 28 23 97 28 7E A4 C1 AE
00011040  1D 24 50 25 9A A6 80 2B E1 A0 89 AC 5D AC 33 2C
00011050  89 A2 60 20 DA 1C 7B 29 B2 2C B9 A0 38 A4 5B 29
00011060  64 27 A2 1A B0 1F EA 1D A3 9C 4D 2D 4F A0 27 1D
00011070  06 A8 B3 21 EB 25 90 A6 B0 24 51 9E 70 9F 05 A1
00011080  4B 1C 09 28 79 9B 23 1A FD A0 98 9D B5 25 45 A1
00011090  1D A4 66 09 6F 27 15 A4 75 20 08 A5 B8 25 91 A9
000110A0  BF 1B D9 A5 A8 9C 59 A3 47 1F 0F 25 2B A5 0C 24
000110B0  B3 22 98 9D C5 2A 25 9A 1E A4 27 A5 31 A6 14 A6
000110C0  26 23 77 28 27 9E 58 99 ED 24 EC 9B BB A8 A1 9C
000110D0  96 1B EA A1 70 A0 6B 24 6A 24 77 29 49 27 12 1F
000110E0  46 A3 C3 23 8E 2A C2 9F 70 27 42 28 F9 9F 58 22
000110F0  4D 23 EA AA 01 95 72 9F 37 A6 36 A2 99 18 6B 20
00011100  74 A9 0E 9C 14 AB 05 AD 0A A8 9A 26 9F 29 6B A8
00011110  77 A2 75 A0 0B 2E 37 1F 0A 25 96 B2 DB A8 E8 9F
00011120  60 29 96 2F AD 2B D5 AC 63 27 8F 2F BC 2F 89 28
00011130  20 2A 9E 29 31 9E 95 A3 D0 AB DA A5 E4 2C A5 27
00011140  BF AD B0 AE 93 25 25 2C E2 AC 1E AE F1 AA 58 B1
00011150  48 16 83 9E 10 26 1F A9 69 A0 8C A6 18 A9 45 A1
00011160  4E AC 4A AD 63 A7 E7 A8 5C 27 ED AA 14 2E 90 9E
00011170  C2 2F BE A0 41 2B 92 AB 5C 24 16 A6 EB 29 15 28
00011180  5F 29 A9 2B 03 A9 72 A7 5A 16 71 A8 F4 30 31 2C
00011190  3E 97 31 AC 93 29 6A A5 D0 2B 50 29 AF A5 92 1C
000111A0  09 B0 BC 20 8E 2D 3C A3 08 2C 23 27 0E A1 0B 19
000111B0  41 2C E9 B1 FC 28 97 28 6E A4 94 9F E7 A7 0D 29
000111C0  E2 2B B6 2A 9F 9B E0 B2 F8 A1 3D 27 7F 29 7D 1D
000111D0  31 28 DF AA 70 1A D8 AB F2 22 24 20 74 23 99 9B
000111E0  C0 A5 55 A7 FF 25 8C 9D 9F A7 2F 20 60 A4 CF A0
000111F0  5A A8 31 20 48 20 CB 93 5B A0 44 A2 C2 A5 C2 22
00011200  C4 24 4F 29 79 A8 86 29 7D AB F1 A4 20 AA C0 23
00011210  C9 90 A3 A0 9A 24 E8 A4 7D A8 5F 27 DB 1D DF A2
00011220  7B 23 AC A6 C7 A6 CE 29 94 9B D0 A5 BB A3 17 A7
00011230  91 2C 77 A7 C1 2D 4F A4 03 24 B6 A7 53 20 9F A4
00011240  CE 26 07 2D 25 24 14 2C C4 A5 A9 2A D5 22 A9 A8
00011250  AF 1D AE A0 B8 A5 64 9E F6 26 08 22 D2 1E 1B 2B
00011260  DE 2D AC 26 32 A1 74 A4 DA 22 78 2A 7E A0 51 A3
00011270  AB 25 05 A5 70 27 9A A8 9F A8 9F 99 9D A4 D8 2C
00011280  88 AD D2 9E 5E A5 3D A1 F8 AA 5E 20 89 A7 2B A1
00011290  28 28 66 2C E0 21 C9 2A 76 AB 11 A7 B9 A1 6C AC
000112A0  A5 A9 50 9F B9 A7 06 2A 46 23 6A 93 1D 28 98 9C
000112B0  AA 29 B3 A1 EA 20 2C A0 CF 24 57 1D 3C 88 04 A4
000112C0  51 A4 E4 A3 BD 26 F1 A5 A6 26 00 25 5B 20 D4 16
000112D0  EF 21 2B 9B DE 9C 06 A5 8F 9F 0F A4 E7 21 5F 21
000112E0  55 20 D6 A1 C3 A7 15 9F 77 17 9A A4 D3 A8 5C A9
000112F0  68 A6 89 27 08 1D D7 27 71 23 3F 2B 3C A8 D3 24
00011300  85 1E 3A 1E 67 AB FB A4 07 A8 B1 1D 4C 25 53 0C
00011310  75 29 71 24 9B 28 80 A6 D3 29 18 24 98 A5 CC 17
00011320  CB 1E E7 24 D8 99 C6 9C C3 A4 90 A8 77 28 E0 A4
00011330  C3 24 8E 9D 7B A0 E0 A5 04 A2 E5 28 40 1D 82 A8
00011340  C5 A2 CA 24 E8 28 3F AC C4 27 65 AA B1 2B 31 1E
00011350  CB 28 69 98 E0 20 05 2A 30 24 23 25 AD A4 21 A1
00011360  4C AC 38 A6 A3 12 21 26 E7 23 90 2B 51 24 17 A7
00011370  2B 9C 93 26 E1 95 F5 25 20 A4 35 93 59 28 7F A7
00011380  38 A5 A3 97 74 9F C8 20 21 26 DD A8 01 9E A7 31
00011390  9F A9 E1 A5 2B A1 57 28 79 A9 DE A3 E0 95 BA 26
000113A0  55 A3 06 2F 6B AC 5D 95 7D 2A 57 21 16 22 52 23
000113B0  19 AD 0E 93 61 26 4D 1E E7 A2 7B A7 AD 25 06 29
000113C0  49 A8 92 AA F2 A8 A0 28 6D A7 A4 28 A4 24 05 25
000113D0  5E AC 9F AC 67 2C F1 A4 FC A9 B8 A7 40 A8 69 21
000113E0  DF 20 EA A0 8F 92 67 AB DC A5 AC A8 55 28 FB 24
000113F0  E4 28 35 AC CD A2 07 AA 3B 29 65 2D 56 27 99 AD
00011400  69 2C B3 A1 0C 29 92 2F DE 9E 1B 25 E3 27 D2 22
00011410  55 28 0B AA 54 22 6D 26 B9 A2 90 A1 A4 A0 71 A0
00011420  60 23 1E B2 0E AD 8C 22 4E 28 A8 A0 13 22 70 9C
00011430  9F 29 96 24 29 A6 C7 9F C1 25 A2 9D C1 1D 3E A1
00011440  34 AA A5 A7 05 AA 43 A1 3B 22 8B A6 5D 2A 11 A9
00011450  0C 94 87 20 B9 A5 52 28 8B A0 50 24 A4 24 A7 A1
00011460  16 A4 EA 1C 01 27 51 A0 E1 A5 34 A3 19 99 CD 1E
00011470  79 A5 FA A7 F8 AA 1A A6 09 22 27 27 CC 29 37 27
00011480  69 A5 5F 27 85 9C 1B 27 EB A7 37 A4 B0 24 43 1E
00011490  E0 1D 58 A1 0F 2A 4D 29 66 9E 9D 1F 56 23 64 26
000114A0  10 A0 6F 0E 9D 98 01 A0 3B 1E D8 1E 33 27 6F 1D
000114B0  B2 25 EA A7 8F 2C D1 99 66 21 6F AC D5 19 C3 A9
000114C0  41 1E 03 9B 4B 27 39 23 50 24 13 B0 E6 24 7E 27
000114D0  10 28 33 2A 36 A8 71 2E 8B A5 D8 A0 87 A9 BE 1F
000114E0  B8 28 27 2D 79 B5 1C 29 25 27 95 27 56 2E 8C 93
000114F0  A6 A9 76 AB CF 23 27 2B 0A AA 5F 20 BE 25 DB 26
00011500  AB AC 36 AD 2F A6 4E AC C4 30 DC B0 72 B1 BF AC
00011510  E9 A4 E1 AB 70 23 63 28 EA A4 28 28 A3 2D 71 29
00011520  9B A5 AB 2E 1C A8 CD AB 1F A3 7F 23 0C A3 8E 24
00011530  B2 A9 57 2A 7E 2A EE A9 44 A2 B6 2B C4 2E 89 19
00011540  4B 2F 27 28 05 23 16 AF 74 A2 92 AA B6 9D 67 25
00011550  25 A4 43 A6 2B 2B AB A4 04 26 EB 27 5B A8 F4 22
00011560  C3 B0 75 28 F6 2B A8 2F 50 AC 17 AD CC 23 06 A7
00011570  7D A3 98 21 25 AA 96 9E 59 A5 30 2A 51 2B AC AF
00011580  82 27 D7 27 4F 28 7B 2B 1C 9B 7C AF B5 2B F3 28
00011590  7F 26 18 29 13 91 98 A1 2A A2 2D 9C 4F 1C 71 AC
000115A0  C3 A4 8E 22 E8 22 F8 2D 54 9C F0 A8 EE A2 8A 1C
000115B0  5B A4 95 15 3A 17 90 A0 CC 22 5A 1D 20 A0 34 A3
000115C0  8C 99 D4 25 D9 A5 45 A3 2D 15 93 20 8C 9C 86 A1
000115D0  49 A1 B1 9A 26 A5 F7 A9 F1 9A 2B A1 D8 15 03 A8
000115E0  FB 9A 0C A3 A0 1F 09 19 DF A3 4D 22 77 21 21 25
000115F0  F6 2A BA 96 52 1E 26 AA 43 AA E3 A1 EE 91 83 25
00011600  08 23 7B 25 B2 9C A8 1F 28 98 DA A4 28 A3 CC A1
00011610  AB A8 54 A7 99 A5 E4 28 B5 A9 87 A1 99 A0 10 1C
00011620  A2 21 18 A1 57 28 12 9C 89 A0 4D 1F 4E 22 DC 22
00011630  16 9E 92 AA BD 24 17 1F 4E 24 D1 AB 06 20 61 A5
00011640  47 9E E9 99 CB 9C 78 AB 34 1F 0D 9D 54 1E B2 91
00011650  9D 28 69 A9 FF 29 19 AD 12 A6 E5 21 4A 2B F2 26
00011660  21 25 72 2D 2B 25 BB AC E8 A7 EB 26 03 AC 97 24
00011670  49 A9 B4 28 CF A8 39 A5 E3 1E FF 28 3A 24 5C 2B
00011680  8A 24 67 AD 08 AD 27 AD 20 26 10 2C FD 24 55 2A
00011690  56 AB 0B A4 3E 25 1B A5 14 A8 F8 AA C1 30 20 AB
000116A0  4A AD 94 AA 91 A6 80 A7 4E 2D 63 A5 61 88 B0 1F
000116B0  76 30 C9 A8 55 A7 38 A5 ED 95 79 AB EB A9 E2 AB
000116C0  B8 9C 81 AC 8A 25 49 31 06 2D 56 A8 DA 26 A5 2A
000116D0  A6 1F CF AC 5A 18 D2 A2 95 24 64 28 4B AA D9 AB
000116E0  98 AD A0 23 2B 29 2A A9 40 A6 34 AB 26 28 07 24
000116F0  AA B0 0F A9 86 A3 90 9F E1 26 EF A5 F8 23 60 26
00011700  43 2E 9A 1B A3 2D A1 AB A8 2C 75 26 FE 2D 06 28
00011710  92 9E D5 AE 17 A4 E9 23 FF 26 F3 A1 47 9D 41 8E
00011720  59 99 95 22 73 23 72 1E C3 21 74 95 82 9F AB 96
00011730  CB A0 32 1A 30 A4 61 A0 EB 22 67 9D CD 20 1D 9E
00011740  B5 22 72 A1 8F A0 2A A6 71 1A 4D 24 A9 22 8E 1C
00011750  50 A7 C2 A4 F2 9C 4E 23 76 23 7E 26 EF 95 43 A1
00011760  A5 22 86 A0 53 24 1C 16 64 11 AB A0 EE 25 DA 1D
00011770  D0 A8 40 9D CE 28 4E 25 40 9C A9 22 BD 26 E4 9F
00011780  5C 1B DB 94 B9 AB DE 21 D3 A0 5B A3 FE 26 0F 9E
00011790  C1 1D ED 24 1C A0 7D A3 EE 9C 89 9F CB 26 03 1B
000117A0  AF 29 88 20 B9 94 07 A4 93 1A 64 20 F6 91 05 A3
000117B0  04 A3 F8 9E FB A5 40 A3 7F A2 20 24 07 20 98 22
000117C0  23 A3 4A A4 1F A7 BB 9C 10 22 23 1B 53 14 1F 9A
000117D0  85 23 EA 25 E2 25 8F 9C 49 20 CB 98 9F A4 72 1E
000117E0  B4 20 E7 25 89 1B BA 15 C4 9B 3C 23 CA 27 F4 A0
000117F0  AF A9 A5 9D 4A 20 34 9D C3 A0 11 11 6B A4 AE 1A
00011800  00 1E 5C 9F 77 00 51 25 4A 95 F0 9A CC A0 A1 1D
00011810  4B 9D AB 96 71 1D E6 A0 AE 97 1F 1F AF 20 88 AB
00011820  41 A1 B6 A4 9E 25 F8 21 47 25 1E 15 8E 27 83 21
00011830  3D 1E F6 9F 4F 2A 7A A4 25 A0 6B 1A 72 22 49 97
00011840  49 1E 00 23 DD 1E 01 18 0F 1E 62 20 1E A5 20 90
00011850  82 29 75 A1 C4 A5 64 21 14 A8 0A 24 6A 24 26 A5
00011860  18 25 90 A1 9D 22 57 1C 82 20 B2 26 DA 1D 3D A5
00011870  62 A1 DA A1 8E 20 D1 9B D3 A4 3F 1D 8C A0 C9 29
00011880  8F A8 BE 1E 43 A5 AF AB 22 A4 2F 27 F9 9F 9D 9C
00011890  C3 10 7B 1E 53 23 0A AD E1 AC D6 23 55 26 4D A8
000118A0  A8 A8 95 29 0E 2C 4C 28 98 24 BC 2B 34 29 BC 29
000118B0  84 29 2D A2 28 24 20 A5 03 16 DE 28 36 25 9C A4
000118C0  E8 A6 35 A4 48 96 83 21 63 25 07 97 72 A5 41 AA
000118D0  5B AB 24 2D 4C 21 05 A5 67 A4 93 A2 60 A4 58 A9
000118E0  B3 20 0D A1 65 9E 44 AB 1A 20 54 96 BD 9D 0C 2A
000118F0  14 AB 95 A1 EA 9F 4D 23 EC A8 C2 A8 70 24 B1 97
00011900  03 A8 2E 19 00 A3 5C AB 50 2A E3 25 C0 9A 87 A8
00011910  32 A8 62 AD 35 24 9D 20 5A A4 8E AC 67 A4 03 22
00011920  20 A9 03 26 45 2B 80 25 6E A7 61 A5 1C 2A 44 24
00011930  A0 2A D8 2A 08 A6 2C 2C B8 28 78 A1 28 26 C7 AE
00011940  3F 25 FA 98 E5 2B E6 A6 9A 24 07 1F 08 A3 7A 23
00011950  9A AF CD 9F C8 1E DF A6 0A 20 05 19 51 9E 51 9C
00011960  3B A1 69 A3 E7 94 6B 9B A2 1C 84 22 00 22 AA A1
00011970  86 A8 D9 1A F4 1E F5 21 09 9C 36 9F FE 1F 35 A1
00011980  57 A4 BD 9F 97 9A F7 9C 63 9C 9C A7 CB 1F E9 A4
00011990  A6 99 15 A3 1F 24 16 A2 92 A0 0B 29 7B 16 11 26
000119A0  FB 9F 4A A6 36 27 48 A2 E5 21 33 1E FF 9C 76 1E
000119B0  7A 28 19 A2 4C 2A 80 A7 84 16 66 25 F3 1F B2 20
000119C0  71 21 41 27 2E 22 07 21 06 A1 4B A2 44 A1 5D A7
000119D0  33 24 90 9F 00 A7 D6 1C 28 26 83 24 1B 24 40 24
000119E0  27 27 52 9F 71 1C 78 A5 77 99 0C 24 0C 9B 40 A4
000119F0  E5 21 41 A7 1A 16 1A A1 35 99 6A A5 A9 A2 EF 29
00011A00  05 A4 32 A3 8C A8 EC AD B6 94 CD 26 0F 27 AF A3
00011A10  A7 25 6D A0 0E 29 3A 2C 7D AC F6 24 CF 9D EB 12
00011A20  E1 AA 40 AB BF AA BA 27 59 2B 18 2A E5 2A 16 A2
00011A30  2D A5 07 B2 DA 9A 81 25 D0 A7 49 20 9F 1E AA 1C
00011A40  7D 90 A1 29 6C A5 80 A9 BF 29 DC 26 41 28 59 AD
00011A50  91 AA 6A AE 84 29 1F A7 3B A7 05 29 16 8F AF 26
00011A60  06 A3 01 28 FB 9E 61 AC 9E 24 7F A9 D4 AB D5 1D
00011A70  7E A6 14 A4 79 A2 16 2C AF A9 DD A5 98 A9 63 24
00011A80  CD 2B 03 A9 2F 2B EB A6 32 26 0A A4 60 A8 EA 22
00011A90  B8 29 D5 26 51 24 3A A8 5D A8 79 1D 53 A4 E6 13
00011AA0  62 A8 90 97 46 27 4F 2E 83 9D 5B 23 42 24 A6 28
00011AB0  43 16 48 A6 02 A4 57 22 6A 27 2D 28 FF 1D C8 A6
00011AC0  11 2B CC 1C E0 94 12 2B A6 1F 31 26 FF 20 B1 25
00011AD0  0B 27 09 AA AB 28 CF 29 1D AA 8A A6 F2 A0 1C 25
00011AE0  F9 9C CA 29 70 A4 D9 28 13 12 A3 A6 5D A6 AB A8
00011AF0  6E 21 34 A3 6C A0 AE A1 8F 98 21 22 FA 9E 56 19
00011B00  C0 A8 71 94 59 A7 71 97 57 AA 3E A3 9E 29 D1 A2
00011B10  F0 9E 34 25 04 A5 4C 9D 1F 28 16 25 E3 21 84 A2
00011B20  F0 2B BC A4 7E 24 A0 9A B7 26 94 A8 33 2C 0D 28
00011B30  0F AB BB A5 77 29 1C 99 6C A4 21 A5 93 21 81 29
00011B40  86 A4 35 A6 EC 2C 16 23 06 27 6B A6 28 21 A8 27
00011B50  71 2C C7 A5 99 A4 86 23 20 A8 EC 1F 6E 9F EA AB
00011B60  EF 21 28 81 04 9C 5A A7 3B A5 BD 26 7E 24 58 A0
00011B70  1D A2 FD A7 5E A3 0A A5 F3 28 2E A6 05 25 85 26
00011B80  EB 25 6C 24 30 A4 E2 27 C7 25 23 A1 10 29 6B 28
00011B90  45 15 CF A0 1E 23 B5 29 92 9B C3 28 91 A7 BC 1C
00011BA0  C3 25 29 A8 99 A2 13 AA AF A0 11 A2 00 1D EE 24
00011BB0  24 A9 91 AB 11 28 38 2C B9 A6 A0 20 3C 15 7B A0
00011BC0  8A AC B3 9C F2 A9 69 23 99 29 E5 23 76 1D 47 27
00011BD0  5E 26 0A 21 34 1D EA A4 67 27 14 27 5A A0 04 25
00011BE0  96 9F EB 25 11 A7 7B 1B 98 A5 02 A9 2C 21 48 24
00011BF0  B5 10 BF 9D 60 A0 28 AF EE 1D 4B A0 85 A0 C6 28
00011C00  E4 A7 9C 9C E3 A8 A0 24 BF 9B AB 28 45 9C 4A 25
00011C10  EB 9B 62 2A 54 98 9A A5 D5 2A 02 2C 7B AC F7 A0
00011C20  1E 25 51 28 83 A7 0B A6 C7 A2 D9 2A 99 20 62 9C
00011C30  53 9F 54 A9 7A 25 96 A5 04 A4 14 99 20 A5 8C 9A
00011C40  7A 2A 86 24 60 27 B7 2F 52 25 2E 21 0A 85 2B 26
00011C50  08 2C 9E 24 83 24 EC A5 09 10 03 1C 95 A3 A5 27
00011C60  B5 A1 A8 A5 99 20 85 A5 EF 1F 53 AC 37 A0 D8 A4
00011C70  1B AC C0 9E 59 1F 4C A4 D3 2D C8 98 A0 9F 35 A8
00011C80  59 19 A6 22 A4 26 47 98 0E 26 53 28 7F A4 51 23
00011C90  64 24 4B 9C 24 24 7D A4 7E A6 6B 26 09 1E 96 26
00011CA0  1B 28 32 23 9E 21 34 20 DB 1C F4 25 73 1D 5E A4
00011CB0  6C 28 13 9C BC 21 99 21 59 2A 95 27 43 AD D4 20
00011CC0  A8 97 92 24 DE A4 15 98 1D 28 8D 9C 52 1B 67 9B
00011CD0  1D 25 C7 A0 65 91 02 A5 76 25 21 9A 53 9F 48 A8
00011CE0  47 24 4F 1D F8 9F 90 A8 DA 95 8B 9B 7A 22 79 A2
00011CF0  37 9D 2E A6 70 A5 E9 A4 8E A5 FD 24 5A A4 37 23
00011D00  1E A8 3E 24 50 A5 AE 22 1E 1C EF 2C 2A 24 5E 22
00011D10  5E 20 09 2A C2 23 87 A2 A4 A4 95 9D A6 A0 8F A2
00011D20  3A 1D C8 A5 07 A1 E5 99 77 24 37 A4 68 AD CF 93
00011D30  CB 29 71 22 10 AC B3 95 40 9D 42 2F AA 25 B0 A8
00011D40  F0 A4 05 27 4E 2C F6 94 69 A5 A6 A5 4F A8 35 20
00011D50  06 A8 9E A6 D5 98 A1 1F DC 8F E5 26 D7 20 47 28
00011D60  75 26 14 21 CD 26 72 A1 B8 10 02 20 5C A0 9A 1D
00011D70  4D AA 15 9B 69 A4 B4 21 7B 29 E7 2C FB 28 1C A5
00011D80  2E AB 00 2B 8D AF 8F AC 2B 96 FA 25 C3 A6 35 24
00011D90  FC 23 27 9E AA 24 F9 AC 1B 21 8A 1C 90 9D 8B 25
00011DA0  80 20 D0 A4 AB A1 B6 20 87 A4 29 A1 5D 1D 5E A1
00011DB0  51 A8 E1 2B 9B 2C 4B 24 61 1D 52 A5 1F 1D 57 2A
00011DC0  95 29 B0 9C 66 A9 D9 2B 2E A5 0E 2A 0E 28 4E 27
00011DD0  1E A9 73 2D E9 1F B4 9C EB 9E 36 91 31 18 A9 1B
00011DE0  D7 9B 10 19 EB 14 57 A0 C8 19 B5 8E 36 99 3A 1C
00011DF0  23 9B 02 1A A3 8C 65 20 EA 9D 13 1C 3E 99 B1 9F
00011E00  D6 98 95 98 99 1F 3C A0 AF 00 9D 18 09 1B 77 95
00011E10  31 9F 00 13 2E 20 D0 A0 6B 9A DB 8F F0 99 ED 94
00011E20  EE 20 C4 90 20 18 4E 14 60 17 C4 0B B5 1D 80 20
00011E30  0A 20 01 19 D1 1C 01 1C 1B 0D 3F 18 83 1D C5 9C
00011E40  A4 9C 11 15 60 90 83 9E 76 95 7F 21 86 98 B7 12
00011E50  EA 9E 85 19 D4 9C D6 15 AB 1A 8C 93 0F 91 E4 99
00011E60  23 10 8A 13 25 18 13 16 7B A0 67 1D 4F 12 CD 15
00011E70  3D 0C 5F 1F 24 1C 5A 20 86 11 CA 9F 67 16 5A 1C
00011E80  D9 90 27 94 38 0E 46 98 B3 0B 23 1F 3A 15 40 18
00011E90  92 99 EF 95 66 21 DF A6 54 A1 46 A1 EF A1 01 9A
00011EA0  1D 9E 25 25 A6 A3 60 9D E9 1D A9 2D CB 18 44 A3
00011EB0  47 2B 24 1B 63 98 D5 9F F4 A2 61 22 5C 94 94 2D
00011EC0  0E A8 62 A8 55 A9 72 23 85 A4 07 AE 95 24 62 A8
00011ED0  89 19 BE 21 A8 22 87 A9 57 92 CD 26 55 1C 49 20
00011EE0  F3 A9 33 99 4D 28 D0 A4 C5 A6 99 A4 A2 1E E6 A9
00011EF0  3F 2A 0A AA 1E 27 06 A4 9C 20 CB A3 7E A6 77 2A
00011F00  45 2A 24 21 F5 95 B5 93 64 A3 2B A4 C8 27 09 AC
00011F10  5F 10 D6 A7 28 A6 31 1D FE 1A 37 A3 83 19 B0 A3
00011F20  40 26 D9 9A EF 98 E4 29 3C 21 11 A0 2D 20 07 9D
00011F30  5F 28 41 A8 38 18 A4 A6 AE 19 AE A7 DA 18 16 A9
00011F40  86 A8 52 27 C1 9D 48 AC A3 1C 65 1A A5 1F 5E 26
00011F50  6D 2B 92 A8 D7 25 3F A8 99 A2 82 99 A7 9C E2 A7
00011F60  83 0E 23 28 CE 26 0B 24 97 9B 3D AB 4D A9 5F 26
00011F70  38 18 1A 22 F0 AD FA 9E 6D 29 78 26 30 A1 39 26
00011F80  FA A2 30 A1 D2 2A D4 26 47 A7 10 2A 1F 27 47 AC
00011F90  27 A9 82 15 B1 28 FA 9F 34 28 BF A9 FB 23 C9 2C
00011FA0  35 26 FA 23 21 2A 4E 26 4E 2E 72 24 2A A7 DE 29
00011FB0  7E AC 4B A8 15 AD CF 1D 2E 9C 6C 2E 0E 29 BB 2A
00011FC0  74 AE D2 A8 D8 AA 6C AD 33 A5 53 A4 3C 2D 53 18
00011FD0  52 A2 5F 2E 8F 1F 76 A9 22 20 FD A8 34 A2 AB 24
00011FE0  67 AD C3 A8 AD 17 43 29 A9 A8 3E 2A 56 28 5D A5
00011FF0  14 AE 1E 26 0E 2A 09 2D B3 A4 0A A8 FF 1A 27 9D
00012000  F5 A6 34 23 E7 2C 29 31 04 2A 1E AC E1 AC 67 2A
00012010  0D AA 5C A5 B0 22 F1 29 37 9E 79 8F 97 A3 11 A2
00012020  03 1D 60 A2 2B A5 5D A3 CE 96 E5 A7 D9 A6 4B 95
00012030  78 1C D8 91 47 1C 3B A5 C0 9F 06 9A 30 9B 36 A1
00012040  AD A2 08 AF C3 A6 B7 20 90 28 19 A0 36 99 F6 23
00012050  68 20 FE 99 D5 A3 09 25 25 A1 34 9E 72 23 AE 1D
00012060  9B A1 10 24 6D 18 91 1E 76 1C D9 17 F6 A5 49 9C
00012070  91 26 0D A2 2F A2 DD 22 2B 1E EE 1F 88 9D 1A 22
00012080  9F A3 CD A1 FC 9E 11 23 12 25 0D 1D FC 25 87 20
00012090  23 21 B6 23 15 27 4C A3 33 1D 9B 20 C6 1C 1E 1A
000120A0  52 27 C1 1E 9F 9E 72 23 56 19 73 A2 B1 18 58 99
000120B0  C2 9C 17 2A F2 1B A7 A4 51 12 19 9F EB 9C B9 9A
000120C0  ED A5 92 23 3E A1 0E 8E 3B A0 ED 12 99 A2 42 20
000120D0  33 A9 9A 27 80 1D 7A 14 53 8A DC 88 1A 13 86 21
000120E0  BF 9F 69 1F 4E 1D 02 9C FB 16 E1 94 BE 9E 0B 96
000120F0  AF 93 DA 12 BF 9E 7D 21 E2 90 29 97 A6 8F 9D 8D
00012100  2F 18 C9 99 66 A0 61 97 4C 9B F4 93 B2 10 8F 18
00012110  5F 96 1F 19 78 1C DF 97 7E 9A 51 15 C7 98 65 1B
00012120  9B 1B 92 9C 12 19 6A 99 BC 8C 98 97 17 22 70 19
00012130  45 01 D0 13 DB 1F 58 96 D6 18 F3 95 AB 1F 98 18
00012140  99 9C CB 14 BD 1F 8D 1C 48 95 E4 9C 51 92 11 9A
00012150  EB 1C 8D 9D 76 9B 8C 18 D0 12 69 1B ED 18 C5 A1
00012160  0F 1D 8B 1A 09 9C 06 97 D7 9A B6 08 E1 1D 0E 12
00012170  A3 96 14 9F 64 18 9C 9C 36 9C 68 A1 95 18 43 0F
00012180  3A 16 BD 91 9D 14 4F 1C E1 12 FD 1D D5 16 02 1B
00012190  04 1C 95 17 E9 A0 AB 98 DF 9D AE 16 88 A1 E4 A4
000121A0  3E A0 81 15 DC 20 E8 95 40 25 42 A5 E3 A8 1F 20
000121B0  59 25 BD 22 9D 9F 69 A2 3A 24 D7 0E 15 9E 7A 9A
000121C0  78 20 6A 27 10 15 AA 9F 09 20 35 1E 56 1C 8D 21
000121D0  8F A3 56 99 F3 18 4D 25 C7 A2 1E 24 F8 25 ED A3
000121E0  3D A4 B8 19 58 A1 BB 90 D4 23 19 A2 D3 21 59 A0
000121F0  33 20 E4 A0 31 19 49 A3 CF 21 FD 9B 50 28 5F 23
00012200  24 A1 89 25 3B A8 D4 25 47 15 A9 A7 E0 9C 65 29
00012210  4E 0A 8D 9E F4 22 E9 A6 2B A2 E1 24 B7 9F 65 1D
00012220  1D 28 39 22 6C A4 87 1A 35 11 B7 27 83 1E 0B 9F
00012230  CA 1F 8B 9F E2 1F C3 A0 83 8D 21 A7 62 9E F8 97
00012240  20 A0 F7 A1 C9 25 89 28 14 1D 2E A0 D7 A0 B9 1A
00012250  87 A7 D3 1E B3 9A 27 26 88 9B 94 21 1A 94 E2 A4
00012260  27 A5 28 9F 6E A4 18 91 13 A4 B6 8E 46 23 D4 19
00012270  45 29 5F 1D 2D 9D 7F 23 93 1F CD 20 A9 9F 49 24
00012280  31 23 5D A0 DF A8 94 20 24 2E 59 A3 82 1E 8D 29
00012290  42 A1 00 1E EA A0 56 24 4D 1F 35 A2 B3 21 9C 20
000122A0  6F A8 0F 16 8D 9A 28 9F 29 A1 FA 1E 5B 1C 7D A4
000122B0  99 99 2B A5 CA 24 69 9C DB A3 B7 A4 11 A2 AF 21
000122C0  75 15 7D 98 38 1D 50 A8 3D 9F 14 98 57 18 CB 25
000122D0  F3 A5 EA 98 A4 9F 33 21 CF A2 9D A8 CE 9F 5A A0
000122E0  43 A9 4F A0 F7 18 19 23 41 99 A6 9E A0 96 A2 25
000122F0  CA A4 D3 28 94 A2 4C A2 BF 22 FD 20 81 1F 28 AA
00012300  85 23 CB 1E 0B 26 27 A8 71 28 D1 1C 66 A4 B0 A6
00012310  23 A7 0E A7 92 1C CB 20 8B 13 F0 9E 69 1F 1D 1F
00012320  05 23 4E 28 B0 AA 20 AC 86 24 7B 2A F2 A4 B2 99
00012330  F8 27 93 1C 5F 21 8D 26 2F 9C 2B 1C B4 A2 69 9E
00012340  02 A4 75 A2 59 23 6F 16 10 17 9A 2E EF 0A 48 A3
00012350  45 21 39 23 22 A8 3E 9C 43 A3 46 9F 29 21 C6 03
00012360  26 14 01 A1 17 1D BD A0 8F 24 C2 25 B8 A8 7F 9C
00012370  21 23 19 1E 62 AD E9 A3 D4 14 57 99 5A 27 85 1C
00012380  4B 0C 85 1E 43 21 92 1D 03 A4 96 A9 36 AA BB A8
00012390  FD 27 14 1D 63 16 6B A6 48 26 1A 95 AB 1C 42 20
000123A0  D1 26 34 A5 AD 19 20 24 C4 95 E6 27 5A 1B 89 1B
000123B0  F5 1E 70 A8 07 A9 64 A5 E0 94 C7 2B 80 1B F5 28
000123C0  59 A3 A3 27 E0 85 65 25 A1 14 61 A3 69 22 AA A6
000123D0  C9 21 42 A1 AE 24 64 A0 84 9E FD 9C 62 A3 2E AA
000123E0  16 9B C7 A5 1F A6 95 A8 DA 21 F3 AB 14 1D F7 10
000123F0  5B A9 66 A2 6B 26 C7 24 C3 A5 3F A1 8E 99 FB A1
00012400  2C A8 24 28 A2 21 FE A3 73 22 DF 1A 8B A7 6F 28
00012410  30 A7 BE 21 7A A4 69 A7 CE A4 5C 29 70 1F 76 A6
00012420  92 A0 3F 15 39 28 64 20 1C 92 CC 21 68 20 3F 0D
00012430  AC 1B 2F A0 F1 25 B2 A8 C8 21 22 24 85 A3 31 22
00012440  D3 25 4E 2D 34 A3 52 29 89 29 13 1A 80 AA F2 27
00012450  9D 2C 6D A9 3D 93 D6 A7 FD A4 19 2B 5A 20 A0 94
00012460  84 2D 1E 9D 34 2C 45 9D 23 24 C9 2A 40 21 0A A8
00012470  D1 28 5B AA BF 23 2D AA CC A3 3D A2 5E A2 44 2D
00012480  DE AA 83 28 91 A8 C6 2B 51 15 05 A4 E2 A6 E8 1F
00012490  9E A6 1E AA 9F 25 97 AC 18 27 7D 98 59 A1 AE 2A
000124A0  63 A5 AA 2B 65 27 0E A8 9E 20 5B 27 1E A9 8C 20
000124B0  A3 AB 14 20 9E 20 6F 25 4C A0 BD 1E 18 A6 C4 A0
000124C0  4E A5 96 A6 EB 19 7B A7 1F 16 96 9B B0 98 69 2C
000124D0  AE 20 F5 1C 0D 25 3D A1 12 9D 44 2C 1C 20 6F 21
000124E0  90 A4 A3 A8 3F 29 AA 95 3B 24 54 98 58 29 45 1F
000124F0  BF 28 1E A0 4A 2B 25 A1 18 A0 28 98 9A 25 61 A1
00012500  7E 9C 87 20 91 29 BC 28 D1 A6 31 A8 DE 26 98 28
00012510  9D 28 52 A4 A7 A6 A0 25 2D 25 27 2C 85 28 83 AD
00012520  DF 2C B5 A0 1E A5 7B A3 2E A5 B8 24 89 8C 79 21
00012530  63 A2 49 AA AF 25 EB A8 6F A6 02 AC A1 1A 72 2A
00012540  2E A6 84 24 91 A6 05 A6 D9 25 97 26 23 2B 9B 22
00012550  AF 29 49 28 95 9E 75 2C 0E AA EC A7 3B A7 0F 2B
00012560  AC A4 6E A2 61 AD 91 A9 D7 2A CB AF 67 23 CF 28
00012570  8F 2E 66 25 7F 9E DB 9D 2F 1C 73 A0 93 29 20 AB
00012580  FF A8 EF 2B 43 26 0C AD 66 1C 12 29 D6 A1 1D 9C
00012590  E4 AF 9A AA EB 25 32 2C DF A8 EA 8F 02 29 BD A4
000125A0  EE 20 F4 2A 01 1D 8E 24 26 1C A3 1F 29 25 A3 2A
000125B0  29 AC 33 2B EE AB 0A A8 AC A9 38 25 85 A8 B2 28
000125C0  07 A9 8D 29 73 B0 4F A2 11 A5 E6 2A 12 A4 E7 99
000125D0  3C 2B A6 9F 42 29 00 1D 27 AE D8 22 0D A8 F8 24
000125E0  6D A3 3B A6 BC A1 38 24 06 A5 81 AD 2C 28 9E AA
000125F0  E1 A5 B2 2D 7F 2B 8B AB 6F A8 C2 2E 5E 9F 14 29
00012600  09 23 E1 28 1B 9C 8F AC 83 18 20 2C D4 29 A7 28
00012610  F6 98 7E 2D C5 29 5A A9 C2 23 DF A3 1D A8 5B 9D
00012620  92 9E 58 AB C6 25 68 A2 36 24 89 24 5B AC 6F 22
00012630  5C A6 36 1C 23 1F 6E A9 30 20 FC 21 C7 A2 44 2C
00012640  B0 20 8E 30 F2 A4 C4 86 10 A8 43 29 6F 25 84 2F
00012650  CE 22 A2 B1 BF 9F 5C 28 23 18 BC 1E 26 2B 1D 24
00012660  11 AC 0B A6 64 2B 9D AA 98 20 DF AC BE 9F 1E A9
00012670  45 9F CE 99 1B A4 EB AA 06 20 1E 26 83 2C 86 25
00012680  1F AA 14 AD 57 28 B5 A3 2B A5 E4 29 B6 2A 4F 28
00012690  BC A2 59 A9 9C 22 FD A5 C5 28 FC 9F 99 A9 C8 A6
000126A0  82 9D 53 24 E8 28 7D A8 F2 A6 79 A0 0F 24 3A 24
000126B0  6A A5 15 A7 87 26 1B A9 1E A2 8D A6 6C 21 10 AA
000126C0  25 2C 64 14 00 28 AD 2E 7C 2C 93 A4 0A A8 C5 A3
000126D0  75 A4 A1 AD 5F 25 9F 29 79 28 34 28 98 25 51 A0
000126E0  70 29 DD 26 C4 AA 87 AB 9D 28 3C 25 DB 20 B1 24
000126F0  E1 98 B2 23 3C 1D 34 AA FE 98 C7 95 66 17 48 2C
00012700  61 9F 96 29 17 A6 95 A9 A0 2A 20 2D FC 25 4A 28
00012710  AC 1D FA 1E 12 A7 2A 12 72 A0 5B 24 02 22 99 A8
00012720  21 1E 15 A9 8E 2D BC A7 F0 24 76 A8 BC A2 3D 2B
00012730  AE 9E DF 1C C5 A0 1B 21 59 A5 8B 21 3B 25 36 A5
00012740  29 A7 47 AB DA A5 37 A4 3A A4 7E A1 E9 A5 0F 29
00012750  01 24 59 9C 10 AA B1 22 0E A8 DA 23 B2 24 F8 8D
00012760  AB A5 70 27 7C A5 4B A4 4B 25 41 AB 2C A2 6E 2C
00012770  44 AA 9B 90 6C 28 51 2A 99 A5 C5 2D 58 23 75 9F
00012780  88 2A 10 14 89 20 17 2B 21 29 2C A7 8C 9A 8D A7
00012790  6F AB 21 AB E9 23 0B 29 57 23 2A A8 FB 9E C9 22
000127A0  73 AC 4E AE 57 AD 7C 27 5C 22 3F 2C E3 20 EB 96
000127B0  1A AF 07 25 A7 25 EB A6 4A 25 97 9C 51 A9 D4 A2
000127C0  D4 A5 BB 24 B3 A5 E6 A8 79 27 FC 2C F1 93 06 26
000127D0  58 27 50 A5 96 97 7E 34 37 A6 12 8C 95 15 43 29
000127E0  AB A7 AB A8 5C 27 E7 A4 4F 24 3F A9 63 AC C4 A8
000127F0  CE 9D AD A7 71 28 8F 2E 61 27 5A 95 43 A1 AD 20
00012800  32 A4 EA 9D 76 16 46 2F F0 A3 41 28 ED 2B 48 9B
00012810  5B A3 E7 A8 83 A3 C5 A7 EE 29 20 A0 73 2A 7C A4
00012820  79 2C A8 1D 72 A5 09 A7 44 18 A8 AE 7B 26 A2 1C
00012830  46 20 0A AB 41 AA 18 A9 DA 28 98 2E 27 1E 17 9B
00012840  C3 A2 EF 9A B6 A8 81 2F FE 28 85 18 59 25 11 A8
00012850  86 1C 24 A4 F1 26 B5 AA BA 1E 17 A8 8A A9 AE A4
00012860  88 22 C6 2A 17 AE AB 21 38 27 61 AF CB A7 4A A4
00012870  99 30 7C 12 1F 28 86 2B D4 26 02 24 37 25 46 A2
00012880  C9 29 7A A7 08 A3 1C AC A6 20 AF AC BC A5 28 22
00012890  3E 22 45 25 45 26 36 2B 01 2C F3 9E 68 20 9C 2B
000128A0  8C 2B 80 1D D9 26 6D 28 8D 27 5A A6 A6 AD 46 A4
000128B0  73 2C AB 9C 67 AC 92 A8 09 AA D7 28 DA 29 3F 26
000128C0  66 23 EF 1E D9 22 D5 25 A2 A9 CC AC AB A8 AC 28
000128D0  70 2C DE 1F 2B 27 A0 A6 9E AE 4C A0 08 9F 38 A7
000128E0  AD 2B F9 9E A0 A5 B1 A9 60 A1 42 2B BA 18 06 25
000128F0  C4 20 41 A8 0C A9 6C A6 55 A5 FF 29 AC 1B 0B 22
00012900  C8 A9 24 25 50 A4 D5 A5 A0 A0 2E AF 37 2D 85 AB
00012910  EC 21 79 9D BA 9F 96 1E 3C 21 20 A8 47 9F CF 9F
00012920  D1 26 DD A5 A7 25 6F A4 BB 1C E8 24 4D 16 B2 A6
00012930  D0 AC 15 25 27 97 DD A5 32 1C DF 99 0B 28 D5 A9
00012940  FE 9D 79 27 99 29 56 A0 D8 24 4D 2F A1 23 0B 26
00012950  A8 9F 4C 2B 26 22 03 11 2E 8E 5E A8 65 21 A4 A1
00012960  F4 20 6D A3 81 A1 18 AB E9 26 3F 2C 5B A4 B0 20
00012970  58 A8 3A 9C 86 23 1B AB 1E 1E 2F 28 ED AA 0B A3
00012980  B6 AF 6B AB A4 A7 A9 23 2F 2F AE A7 81 A2 67 2C
00012990  23 2B FA AA 97 A3 C6 26 E9 29 C1 9A CB 26 E4 A8
000129A0  1B 2C 41 A2 58 2B 5C AA 41 29 02 23 C2 21 23 A3
000129B0  22 1C 60 27 72 A9 1B A7 76 23 58 23 69 1E 28 2C
000129C0  80 1C FB A9 08 09 F2 20 C3 26 7D 2B BC A4 8D A4
000129D0  C5 A7 CB A4 2B 25 AC 29 4F 2E 3F AC 37 A8 6A 28
000129E0  3D 2C 58 97 20 28 BB 27 65 20 74 97 09 96 86 9C
000129F0  B7 A4 74 27 0E 25 3E AA EB A5 01 2A D6 24 AB A2
00012A00  DF A1 EF AD E4 A8 A8 25 4F 2C E3 26 98 AB A3 A2
00012A10  6E AA 0E AC B1 A2 BD 1E 23 AC A3 A1 B5 2B 48 27
00012A20  E8 9E B9 2C 2D 28 A0 20 DD 20 DB 26 E1 27 04 A9
00012A30  E6 AB B9 A6 7B 2B 69 24 9D 9D 01 A2 C5 29 31 17
00012A40  D4 23 69 9C D2 26 01 26 BB A5 39 96 FF A1 90 2A
00012A50  59 A5 08 AC 62 2C 27 23 4C AA 1E A2 F1 AB 7C 22
00012A60  D7 25 0C 29 83 A9 D5 A7 3E A7 FD 26 30 27 EB A6
00012A70  B7 25 E4 97 34 2B 0C AA C0 A8 9D 23 2A 2C 7E 24
00012A80  ED 25 38 1A 38 AC CF 25 34 A7 49 AC 7C 28 23 2A
00012A90  66 28 63 29 77 24 EB AB EC 93 0B 9F B9 A8 37 22
00012AA0  E7 A8 D1 25 C5 9E 48 23 20 9F E0 A7 04 A4 9D 0D
00012AB0  E6 2C 01 29 D6 25 54 2A 51 17 A5 27 5D A3 E4 2D
00012AC0  9F 1B 8F 23 0E 20 65 A4 B5 AB 81 28 44 28 FD A9
00012AD0  E7 21 E9 A1 36 A6 BC A9 06 A0 C9 24 07 98 66 2C
00012AE0  B5 90 D2 A5 FC 9C AD 21 30 23 3A A8 E9 03 4D 1D
00012AF0  AD 2E 8E 25 A0 21 5B A9 66 A9 1C 25 36 A5 D2 28
00012B00  70 2C 72 A8 43 2D 83 A2 5F 2E 09 20 E6 A8 85 A6
00012B10  DA 2B E9 A5 C9 9A 78 1D 0B A3 DE 25 07 A4 17 25
00012B20  8D 28 9D 2A 3F A9 8D 24 DE 17 D1 25 7D 9C 81 28
00012B30  F4 28 DE 28 F1 17 38 A9 F0 9A 5A AA 6D A4 11 29
00012B40  E8 A7 40 24 2F 29 6A AC C4 9E 72 A6 20 A5 0E A5
00012B50  6C 8A 2E 26 8B 22 E4 A6 7D 23 0E A4 2C A4 B0 A8
00012B60  5E 24 1D 28 52 28 5A A2 3A A7 D8 9C D2 1C 66 A4
00012B70  F5 A6 A0 A6 29 A0 36 25 B2 1F 9C 9E 42 26 76 A8
00012B80  92 28 85 93 46 21 83 28 CE 1E DC A6 8B A8 4D A0
00012B90  1B 18 72 A1 A7 2A E3 94 A7 A8 80 AB 75 1E 91 A5
00012BA0  2F AC 12 A0 53 21 45 25 CE 21 9A A7 58 A1 1F A3
00012BB0  20 25 70 A2 D5 20 44 A5 6A 1E 39 A3 1C A1 10 25
00012BC0  1B 9F 3F 22 26 20 C6 27 37 29 61 9D 11 A5 6D A4
00012BD0  48 28 BD A4 AC A4 93 24 54 28 07 27 48 28 5B A2
00012BE0  DB 29 F0 25 39 2A AD A5 BE 1E E4 28 0C 22 A7 A8
00012BF0  3A 9B 71 AC 77 25 66 A5 62 A2 DC AC 68 9A C2 27
00012C00  5A 1B E7 A1 6E A6 77 AB 48 A5 B9 2A D6 25 B8 A3
00012C10  42 A0 FA A2 B9 28 FC AD 88 2A 19 20 D7 A5 C0 20
00012C20  A1 23 6B 21 A4 1E EF 2C CD A7 6B 28 DC AD 72 AD
00012C30  2E 26 C1 9F 1D 20 5A A7 9E 1F CB A7 FC 15 32 29
00012C40  FA 29 34 22 34 17 FA 27 D2 26 99 28 9A AA 01 A8
00012C50  0D 2C 97 22 6D 2B 27 25 49 A4 83 AC 1E 9F E0 1F
00012C60  26 23 A3 31 99 A1 68 17 AC 29 23 1E 18 AC B2 1D
00012C70  56 29 63 A6 9F AA F2 28 16 A2 CB 9D B8 A4 F8 A4
00012C80  1A AC D8 AA 55 29 C4 28 B8 A7 D0 A4 8F 9F 80 28
00012C90  81 26 80 A8 F9 23 CB A4 9E A4 B0 94 29 A5 2C 22
00012CA0  1B AA 58 27 32 28 8E A1 12 A8 C2 28 35 A6 B3 26
00012CB0  DD A9 B6 AB A2 25 97 2D 91 A9 DE A4 49 AA CD 2B
00012CC0  85 A6 D5 A2 B4 A3 CE 29 C9 A2 DD 25 62 20 A1 A8
00012CD0  A6 AC 4A 26 30 A0 1E AA 09 A6 E0 20 F1 26 68 0D
00012CE0  71 98 1D AB 48 A9 98 A6 42 9F D1 24 86 1C 5C 28
00012CF0  D4 2C 59 A5 3B A7 4B 91 40 26 C0 25 B0 A4 4B 2B
00012D00  0F 23 29 28 30 25 1F A8 4A AD 5A 23 F5 29 13 2C
00012D10  7B 1A 1D A8 F8 9D 96 A3 FC 26 E3 A6 F5 29 B7 A1
00012D20  3F 2C 71 A1 A4 2E 9F A7 FE A5 A3 A6 29 28 6D A7
00012D30  DE 2F 84 21 B0 28 95 24 0B A2 09 A0 91 26 AB 28
00012D40  31 AC D4 25 75 A1 54 28 88 1C 1F 96 DE A6 46 18
00012D50  E6 AA A7 A7 93 A8 C0 A2 D5 A0 FC 1C D9 AA A6 A8
00012D60  BA 20 10 9F 14 2B BE 28 43 AB 9F 23 3A 22 43 A1
00012D70  AC 0E 31 21 85 9D 17 2C CB 25 2F AC 0A 29 23 AC
00012D80  A1 29 60 A0 A2 A3 AB AB D7 29 E0 AC 88 A4 E1 22
00012D90  37 A7 B1 AB D2 19 A6 A0 F8 A7 E9 1D 54 90 C0 28
00012DA0  27 24 0B 9E F7 24 B6 21 02 97 62 24 0F 29 9F 94
00012DB0  FB A5 72 1E 8A 98 DE A2 31 1E 7F 27 D5 A6 26 A7
00012DC0  60 A7 03 99 93 28 BE 1E AA 90 0D 26 0D 20 0F A9
00012DD0  AD 16 F5 A1 15 9E 81 0F 59 20 CC 25 75 A2 70 A6
00012DE0  15 21 86 29 72 A0 04 A7 88 26 AC 20 D4 21 BF 24
00012DF0  4D A8 33 A2 36 9A 38 21 E5 20 1C 9C 78 A3 B5 A3
00012E00  03 A2 3B 9C CA A5 D6 A6 30 A2 F6 27 E6 90 CB 22
00012E10  9F 1C 14 27 EF 25 0B 25 83 24 70 28 B0 20 B2 15
00012E20  56 AA 54 28 56 18 EA 9E EE A4 FB 21 C0 24 51 20
00012E30  C4 24 69 A4 C8 1C 1F 24 64 A1 BA 9F 3E 23 A5 A4
00012E40  CB A2 3D 23 84 24 70 29 26 A2 40 9D 05 28 0B 96
00012E50  7A 9F B4 28 19 27 D6 2A 0D 1E 98 12 C2 A3 0F 29
00012E60  9D A8 EB A9 98 AB AB A6 3C 9F D8 24 03 A6 E6 A7
00012E70  8D A9 5A A1 AF 1F 97 A5 3A A4 3F 23 08 28 43 A8
00012E80  0D A6 63 25 62 A5 1B 29 59 A3 BB 2A D1 19 B2 28
00012E90  0D A1 FB 26 48 25 46 A8 5E A5 31 A9 43 A4 2C 27
00012EA0  54 24 C5 24 81 A2 C4 9E 8A 2A AC A3 3D 27 B8 25
00012EB0  C8 A4 47 A5 EF 24 90 A4 DA AA 00 A1 68 1E D8 AA
00012EC0  01 A8 A1 25 7C A3 D3 2B 8F 2E DC 2C 0A A0 86 AC
00012ED0  84 29 41 9A 52 26 2C 99 94 18 35 AE 4C A2 F0 9C
00012EE0  92 2A 9B A4 23 A8 EE 2B 28 A8 A2 9B CC 26 30 9D
00012EF0  B6 A5 48 23 F5 26 83 A3 96 03 B8 1B 54 28 2A AD
00012F00  15 94 A0 A6 5D 26 41 A8 5F A1 06 A8 BC A4 7D 23
00012F10  D6 2C 1B A5 7C 28 64 20 13 A6 26 A8 CA 20 D6 98
00012F20  8E 24 73 A5 90 A7 EC A4 B2 1D E1 AE 54 29 ED 28
00012F30  55 24 C5 A1 1D A7 23 26 6F A3 DE 2C 58 A4 97 1E
00012F40  F1 AA 10 AC E2 23 FB 20 32 A8 E8 2D F2 90 0E 23
00012F50  6A 25 40 A0 9E 24 2F 21 DB 20 F5 29 D6 2D 49 9E
00012F60  28 A7 C0 A1 6C A4 A7 A4 B1 28 8E A7 40 A8 25 A3
00012F70  41 9A CD 24 C2 A9 88 A9 B5 A7 41 29 FD AD 19 25
00012F80  6D 20 98 A4 28 2C 90 A0 6F AD 29 A4 B7 A8 83 A2
00012F90  07 28 6D 27 69 29 82 28 BF AB 6F A9 B5 AB 0C A9
00012FA0  2B AC 82 A9 A5 25 69 1D 4C A1 E7 AD 69 22 28 21
00012FB0  77 9C A6 2B 94 23 2E 24 66 25 98 28 14 25 B3 24
00012FC0  05 22 40 29 0C A4 42 9F BB 23 A7 9C 0F 27 B9 28
00012FD0  2C A8 29 AC B5 21 58 21 EC 17 DB 25 19 23 8D 24
00012FE0  10 A4 55 2A 0A A9 47 24 B9 A2 70 2A 16 A1 92 AA
00012FF0  27 29 B5 28 6D 25 7E A9 A7 24 44 22 D0 28 A1 28
00013000  A7 26 B3 26 DE AB FE 25 63 14 AD 22 0D 29 CC 2D
00013010  85 27 01 2C AA A3 CE 2C 35 23 43 99 E0 AA 70 83
00013020  76 A7 51 2A 5E 9F C5 9F CA A3 09 22 23 B1 ED A8
00013030  70 2C EE A0 A1 AB 2F 0A F2 26 3D 2A 55 25 50 A8
00013040  E9 24 2D 26 7B AC FB 2D B6 9C 8E 27 A9 2A 0B 28
00013050  53 A6 4E 18 16 21 73 AD 97 28 8B 2B 27 24 89 29
00013060  C9 23 C2 14 DF A9 00 2F 81 20 30 2A A0 24 CE 9D
00013070  AF 2A B0 2B A0 1F 6B 29 F3 26 72 24 83 9F 3E AE
00013080  FA 2A 72 AD 56 29 6F AB DB 97 D1 A9 4A 2B D4 23
00013090  17 AE EB 26 77 21 F1 A8 C0 A5 30 28 00 22 4E A9
000130A0  BE 96 19 29 DA 24 94 AA 37 20 1E 2A 0F 1C 5B A1
000130B0  B0 A5 0E 24 18 20 CB A8 AB 24 38 1C 32 15 3B 24
000130C0  29 25 8C 24 69 A2 72 20 8F A4 0C 9C EE 0E 07 2B
000130D0  F3 A2 8C 1C 18 17 2C 21 D2 96 6E 1C 24 A5 7D 1D
000130E0  C4 1A 1F 17 82 A6 25 9E D3 A2 48 25 2D 1B 4E A6
000130F0  5D 9D C7 14 F4 A5 32 1E DA 24 63 A3 BD 9D 97 9E
00013100  1F A5 E2 A8 D1 9F C8 1D BD 24 B0 20 E2 29 31 23
00013110  45 AA 11 A9 B2 20 44 27 F5 A4 1B A9 A8 A2 8E 27
00013120  F1 A8 32 25 0B 23 26 A4 2C A8 15 28 DF 9E 51 25
00013130  A9 26 3C 9F D9 29 6E 2A A0 25 11 A9 6C 1C 57 AD
00013140  06 28 2D 1D 7F 24 6E 28 A7 25 24 94 A4 A5 0B 1B
00013150  CD 9C E8 A4 0C 1C C5 A7 F4 A8 5E A4 33 A1 88 2C
00013160  3D 1E C4 90 C1 A5 BB 28 85 A8 65 A5 59 A8 83 24
00013170  26 AD 98 9E D8 A8 50 27 55 08 56 22 26 A5 4F 9C
00013180  F4 98 BD A9 68 24 56 27 C7 22 18 2B 79 A3 58 A4
00013190  7F 28 55 AB 8B 2A B7 1A 51 A3 A8 AB 84 26 78 2D
000131A0  ED A3 02 A5 0F AA B9 27 71 A8 19 1D 06 28 2A 25
000131B0  C7 B1 B4 24 7C 24 21 99 C2 AC 0B 21 11 95 DC A9
000131C0  04 28 B8 9E DA 2B B2 A8 5C A9 35 2D 7A AA 9E 23
000131D0  DE 26 B9 2D 85 2C F1 29 5D 1F 8B 9C 0B 1F FA 25
000131E0  4D A7 32 26 72 AB 5E 95 A6 A5 DD A7 64 26 C9 20
000131F0  0F A1 9E 2D D1 2A E9 A8 51 A8 5C 26 89 26 30 20
00013200  EC A1 67 2C 3B 28 FD AA 79 24 BC 2D 4D 2C 1D AC
00013210  01 23 0E 9D 37 29 E0 A8 5C 29 EB 22 85 A4 CC A3
00013220  20 99 C9 28 B8 A2 11 2C 4E A2 53 29 36 A2 5E A4
00013230  C4 23 31 19 95 99 15 A2 2B A1 02 21 38 28 00 30
00013240  20 A0 69 20 F6 A9 DF 9A 70 A7 D3 AA 7B 9F 3B 1F
00013250  D0 1C B8 A6 DE 25 57 AA 04 A4 11 26 BD 25 1F AC
00013260  01 A5 4E A8 45 21 89 1D C8 17 26 2B 6B 1A E5 27
00013270  50 29 E3 27 E9 2A 09 AA B9 A5 04 24 43 A7 5A 1E
00013280  A0 2E EB 1E 2D 2A CF 1C BB 28 56 A8 DC 92 33 A1
00013290  A9 22 A6 A9 67 1C 8C 24 71 24 29 2B 02 9E BA 96
000132A0  E7 A7 F2 98 55 2C EE 29 16 24 D7 1F 75 24 53 24
000132B0  51 28 89 A9 A3 A5 E5 A8 3A 27 CF 13 15 20 80 29
000132C0  A5 28 54 20 70 AC 62 AC F5 A6 27 2A 4B 29 F7 A8
000132D0  D6 AC 71 2A 89 9D E7 1B F4 9A CF A2 5D 9C 37 1E
000132E0  AB A2 6C 23 2B A1 AD 97 E9 A4 C3 90 3A A4 0D 23
000132F0  AA A8 85 9F 46 9C 87 1F 80 9D 33 16 2E 1D AD 9C
00013300  1F 23 37 A5 34 A5 3D 21 65 1C E9 96 46 98 5B 26
00013310  0E A1 55 A2 F2 90 6E 01 E9 A0 74 9C 33 1C B7 17
00013320  A8 9E 3A 19 27 14 6C 18 2A 20 5A 1C 5F 9B 98 9F
00013330  4A 21 32 A1 F0 99 0B A4 44 9D 51 1E C6 24 97 9D
00013340  A5 9B CB 9C 59 21 96 9E D2 A0 C5 24 E1 19 74 1D
00013350  79 A1 3E 99 03 1D 1E 9C 3F 23 26 9F 0C 9F 03 91
00013360  A4 A3 03 21 C9 A1 6C A0 86 98 87 1B 6C 24 6A 82
00013370  40 A4 35 25 59 91 C9 10 10 9E 1C 1F C0 06 8A A2
00013380  F3 9C 48 91 34 27 96 A1 27 22 0D 22 4E A1 4E A1
00013390  EF A0 23 A1 E1 23 DA AD 01 A0 02 A8 AD 13 D8 A6
000133A0  33 21 3A 21 B7 2A 87 A8 DF 94 45 24 EB A4 99 28
000133B0  3A AB 78 99 8B A5 2E A8 49 24 21 A3 11 25 B2 2A
000133C0  40 80 A5 2B CF A9 31 25 83 AE 36 25 94 1D 57 AC
000133D0  7F 26 7E 1D 74 1C D6 A4 D7 15 D9 A9 51 2C CF AC
000133E0  0E A0 18 A8 4A 1A 27 A5 C9 25 CB 2C 7F A6 E9 A6
000133F0  A7 2C D9 A5 89 1E 5B A4 A9 A1 5D 9F 4A A6 DF 1F
00013400  65 A6 A0 A1 AE 23 C7 2B 02 25 BF A8 0E A5 CF A1
00013410  A0 2A 54 A4 F0 A4 42 21 E3 27 B4 21 1B 9E C9 27
00013420  DE 26 3A 26 23 28 88 A3 2E 25 99 22 13 27 50 A4
00013430  61 AC 28 A9 04 26 B1 AC A1 2B 30 24 83 29 A5 9C
00013440  0D 96 2B A7 29 9F 24 AB D8 21 50 2B 52 1B 83 A6
00013450  2B AC 53 27 CD 98 1E 1B D5 0F 18 9D CD 96 19 20
00013460  92 99 B5 19 40 25 30 21 7A 11 0B 9A AD A0 05 1E
00013470  06 19 D3 A0 9C 1A 00 A2 67 96 AC 1F CE 95 4E 9A
00013480  47 95 17 9F 5A A1 87 18 D3 18 D3 9C FC 9C 43 97
00013490  11 11 96 20 6A 1B A4 09 0C 1D 86 14 2B 9F 60 1C
000134A0  88 9C 05 20 A9 A4 65 A2 17 14 07 15 BB 24 69 9A
000134B0  47 1D EA 96 A4 95 DC 20 62 9F 5A 94 BB 24 B5 99
000134C0  20 1D F7 90 56 18 BC A5 B2 9C 8A 1D CE 21 D1 24
000134D0  62 9C D4 1A F5 1E 17 9A 72 1E 10 95 36 A1 59 18
000134E0  DD A4 00 96 10 A0 E6 93 11 14 7F 91 A7 1B 52 8F
000134F0  1E 20 F5 1C 66 12 89 20 0D 1E B5 A0 84 1D B0 A0
00013500  AC 1C 63 1D 5D 16 6B 25 11 16 6E A0 3E 1E 0D 21
00013510  E7 0C 16 1D B9 20 77 25 EB 26 B9 20 4C A1 2A A4
00013520  3A 24 88 A2 84 93 C5 A4 10 A1 F2 23 21 A3 2B 1D
00013530  15 9D A5 A6 A3 29 09 18 D8 11 E9 A1 96 A5 88 18
00013540  1C 9A C2 20 89 A6 04 1C 8B 23 B4 98 32 25 D0 13
00013550  3B A0 B6 9F 62 A2 30 A1 08 8E E2 95 65 20 7A AA
00013560  AA 9A EB 25 02 28 5B 21 30 22 9F 9D 48 A8 0F 0F
00013570  83 A7 B0 19 F6 2A 36 18 3B 1E 3F AC D2 A6 1F 1B
00013580  02 23 95 20 85 A2 4C 22 9F 2A 5E AA 4B AB 1A 25
00013590  7C 28 14 A2 A0 9A E3 9D 58 A2 7F 24 4D 1C 18 26
000135A0  15 25 DD 17 E8 18 E8 26 8D 92 80 24 93 20 A7 24
000135B0  2B 23 37 A8 54 A1 6A A8 52 22 C8 9F 07 24 98 22
000135C0  C6 21 2E A0 57 22 C6 A6 49 A1 83 A2 CF A4 71 A4
000135D0  E5 94 24 93 3B 15 1E 20 4E 1C A6 87 7D 9F A2 95
000135E0  33 9E E2 99 D6 9F 0F 22 4F 16 38 20 9F 1D BA 02
000135F0  85 97 11 14 79 98 20 0E 6A 02 B1 9D 25 20 DF 9C
00013600  D8 1E 7B 0D F5 A0 4F 17 56 1D D2 98 A5 9E 8C 98
00013610  8A 9C 29 1B D2 20 B6 8F F5 01 25 18 75 96 EB A1
00013620  15 1B CF 1B 80 15 E2 1C 98 9C AC 1D 3E 15 AC 12
00013630  FC A0 7C 10 F3 24 71 A3 AF A1 60 93 4B A8 50 9B
00013640  FB A0 8F 96 6C 19 25 20 7A 09 47 22 07 9A A6 9C
00013650  1C 1B 89 A1 F9 17 E6 20 FC 94 11 99 C6 1E 23 14
00013660  1B 21 37 9C D0 1D 47 9F 35 9E 93 1D 6A 24 2F 99
00013670  2D 18 DD 1D 33 24 63 9A 31 97 4E A0 AC 19 2C A1
00013680  C4 19 80 9D 22 A4 81 9D 25 9A BE 9C C2 21 62 89
00013690  00 22 58 92 48 21 C3 AE 10 B1 F2 29 12 2F FA A5
000136A0  0B 05 20 9D F7 29 73 AE 68 28 AB 28 21 22 41 2C
000136B0  A1 2B 94 1B BB 20 A5 9E B1 A5 2C 2A 47 20 1E 29
000136C0  90 A8 F8 A0 71 11 28 9C 4C A8 E4 A2 22 26 6F 30
000136D0  22 AA 78 27 03 23 FF AC 11 9C A3 27 B3 2B A6 9C
000136E0  DE 2E C0 2C 0B 25 96 17 77 22 EA A5 FD 25 22 22
000136F0  C2 2F 64 A8 02 AE 77 2C 8B 28 A5 A8 DE 24 4E A9
00013700  92 AA 7B 1F 30 28 26 A5 55 A5 55 9F 2F A9 E7 AA
00013710  7D AE 7A AA 6B 2A 1E A4 58 A6 AE A6 DE AA 03 20
00013720  1A B0 D4 24 AD 2E C8 A2 82 AD B8 A7 00 2D FD A2
00013730  12 A7 F1 28 9C 22 4F 2D 91 2B 23 AD B1 28 22 AE
00013740  18 AA CE A8 43 2D C7 2A 2F 21 87 AD A4 24 4B 2B
00013750  74 AD CA A7 02 99 BB AD D3 24 23 A8 30 20 FA 9F
00013760  A3 1D B5 28 E2 A3 07 A4 14 15 4D 2A 3F A7 D2 25
00013770  E6 A7 5A A5 79 29 D1 A6 02 A8 15 A3 A5 1C 1E 30
00013780  4B A5 0D 2D AB AC 23 25 03 A2 64 A8 B9 25 0D A7
00013790  CE 29 8E 26 24 27 35 A7 2A A8 A7 AC AD 28 E0 AD
000137A0  0A A2 DC A5 A2 27 96 A7 10 29 E7 2C D9 A7 BA 94
000137B0  93 29 46 A5 56 A6 41 2B 35 AB 35 A3 68 A5 50 29
000137C0  F6 18 4F AC 9E 2D A9 24 66 AC B5 AA 3E A8 92 25
000137D0  77 2C D9 A8 83 AB 9E 2C C4 99 0E 2A FD 14 A3 25
000137E0  4A 2C AE 28 1B 26 12 24 DA 2A 8F A4 C1 24 83 A4
000137F0  CB AA 7D AD 54 2E C6 AC E6 A2 7B A0 2C 24 9C 2B
00013800  80 AB 36 AB 5B A5 48 21 FE 13 FC 27 48 29 19 AC
00013810  98 AC BD 26 6E 1E D3 AA 3D 20 C5 98 92 1B B2 A7
00013820  4F A1 C6 9E 88 26 CF A6 82 24 9D A5 C2 A0 CE 1D
00013830  0E AC 80 A5 85 9D 42 A5 1F 1C 96 95 97 1F 38 9F
00013840  15 A5 2D A6 61 1D 73 A1 60 21 F6 21 F4 A4 3D 27
00013850  9A A0 1C A7 9A 25 46 A4 50 18 90 27 5E 17 1D 24
00013860  DB 28 13 98 1A 1B 0D A6 C7 9D D8 1D 5E 27 26 20
00013870  B5 A5 0F A5 6F 26 10 25 9F 21 33 0A 4E A3 19 A8
00013880  06 A9 F1 2D C1 90 B2 22 70 20 21 A6 00 2A 9F 9D
00013890  4A 25 60 22 07 A0 F1 1E F0 A8 08 22 8D 16 3B 99
000138A0  DA 1F AC 87 9C 0F A8 22 30 20 3A 23 53 27 7A 23
000138B0  29 AC 01 A8 1F 9E 54 1E B9 24 E9 21 DC 10 5B A2
000138C0  4A A8 C0 98 A3 A2 22 23 B2 20 94 98 45 80 67 26
000138D0  C6 2B 18 25 B9 20 2A AC AE 24 0D 9E 4D 18 6C AB
000138E0  F8 A4 AD 24 8A 80 CA 9D A1 98 AB AB 0F A6 5C 9F
000138F0  5B 20 09 1E B6 1A 3D 21 5D 16 17 95 82 9D DA A0
00013900  2B 21 51 20 B1 9C A2 A0 70 A0 27 9C B7 19 A5 12
00013910  F8 9A F6 A6 B1 1A 6A 22 6C A2 BB 97 9B 20 4C 1F
00013920  FF 9A 53 A0 51 22 E2 9D 1A 1F 11 A1 80 A5 A4 95
00013930  91 1E 2F 1D A8 A5 48 9F EA 26 5B 9F C5 20 5B 97
00013940  98 94 39 98 34 AA 24 22 4B 28 16 AE 08 A1 A6 9A
00013950  E9 21 08 1A 6F 9E 74 A2 59 A9 95 A8 0B 1E 8B 9A
00013960  55 26 42 21 BA 20 3D 20 45 1B D6 29 25 20 49 1D
00013970  7C 9D 33 98 3C A0 B2 A4 2F 94 E5 A8 85 1C 9E 1E
00013980  0E A1 EA 9B 45 A4 03 A1 38 23 D4 25 E2 25 A1 1C
00013990  06 28 DF A5 1A 23 89 1C 9F 22 AA A5 E7 A8 5C A6
000139A0  D8 22 98 25 A1 95 6A 21 53 A0 5F 2B 10 28 28 24
000139B0  B0 97 6F 90 06 A7 7E 21 C0 95 A0 9E 06 29 6B 1E
000139C0  7F 22 BF 29 71 A9 25 21 4A A4 BD 25 DF 25 4A 30
000139D0  32 A9 51 A1 E3 2A F0 A5 6D A6 6E 2B A8 24 1B AB
000139E0  EC 23 BE 1D B2 21 3B 25 66 20 7F 9F 39 A9 85 A9
000139F0  34 12 F1 A1 A0 2A 0A A9 41 23 85 AA 2E 1E 8A A4
00013A00  34 24 1D 2D 58 A9 87 2D D1 2A EC A3 9A AA 89 A6
00013A10  C9 26 38 AA 1C 2B A0 AA EE 25 C4 26 37 A8 6C 1B
00013A20  E9 2C B9 27 1B 21 F8 24 DE 13 C3 29 90 26 BD A7
00013A30  20 21 0C AF 0D 9C E3 A5 95 97 14 A4 F6 22 09 2C
00013A40  83 A9 5A A1 0D AA 64 A3 00 A3 02 A1 45 9C 15 A8
00013A50  E6 AA 4B A3 D2 99 6B 9D 51 1F AE 98 A9 9E 9F A1
00013A60  CB 9E 19 1B 12 25 50 20 CC 9F 50 1F 1A 1D 94 A5
00013A70  E9 0D 00 0A A9 14 3F 98 27 12 66 1C 1E 22 04 A4
00013A80  9C 96 DD 19 8B 21 BE 20 75 A2 13 15 CE 9A 39 A3
00013A90  E5 A0 C0 99 70 22 A0 A1 67 9F 1F A4 2A A4 9A 22
00013AA0  19 A4 76 A6 AA 01 55 A1 96 21 BA A1 4D 20 4D 12
00013AB0  74 A5 50 9C 03 28 D1 9E 2D 26 54 20 AB A3 76 20
00013AC0  98 24 E0 22 63 20 6B A2 BB 25 55 1D 39 24 53 9A
00013AD0  45 25 2F A7 F5 20 35 16 A1 A1 17 23 84 0B 53 18
00013AE0  2B A5 8B 93 DB 21 8B A5 2A A6 2B 27 95 1E 31 25
00013AF0  60 21 43 A2 C7 A5 64 9E 53 A3 7A A4 EF A4 C0 1C
00013B00  BC 2C 8A A5 97 27 18 A7 06 A3 8B 25 2B A4 5B 24
00013B10  DC 29 A8 9D 86 9D F9 28 CB 26 D0 20 F4 21 6E A1
00013B20  99 29 C8 9B 65 24 A8 25 52 29 35 AD 28 25 4A A7
00013B30  47 2C B4 22 EC 94 56 2C 03 29 29 29 27 A6 B9 A5
00013B40  6A 9B AE 28 81 95 CC AB 7D A2 D1 A9 93 29 36 A8
00013B50  0A 2A 7A 25 01 9C 64 2A E5 A5 13 28 4C 20 D5 2C
00013B60  60 2B 89 A4 7F A9 07 AD 50 1E 28 A4 A3 A9 CD 16
00013B70  E9 A8 4F 25 69 AE 1D A8 E6 A4 50 22 3A 27 03 25
00013B80  57 A5 31 18 10 AC FE 29 A8 9E 4C 32 78 26 C2 26
00013B90  AB 28 D9 9A 00 2B 98 29 DB A4 BB 19 2A 28 AC 2C
00013BA0  99 A4 6B 27 93 A4 ED A6 8D 9C D2 23 85 23 78 1E
00013BB0  F8 2B 68 AB 34 21 4F A3 CB 1E 41 A5 B3 28 EE A9
00013BC0  19 26 CC 21 AD A7 1D AA BC 29 BC B1 B1 2B 89 28
00013BD0  16 27 30 A6 01 9D 0F 1A 1A A7 21 93 0F 1F BC A4
00013BE0  90 14 7E A1 50 21 E1 2A A4 23 0B 9E 55 22 75 A3
00013BF0  21 2C D7 9C 41 A1 60 A4 6C 21 A5 20 0E A4 9D A4
00013C00  F9 A4 AF A0 53 23 FE A3 66 1A 6B 1F 40 A0 09 A4
00013C10  07 15 CB 20 C7 9D 55 A2 15 96 8B 0C BA 1B D6 A1
00013C20  33 A0 F2 23 39 A3 DA 98 00 1A D5 A4 DA 29 BA 94
00013C30  16 A9 0B 23 5E 22 2F 24 27 A7 E3 A6 09 A8 77 10
00013C40  6C A3 1C A7 10 A2 C5 24 88 A4 4D 28 C8 B0 1A A0
00013C50  06 20 C9 17 7A 9C 1F 2A 21 A0 53 A4 9B 9F F4 A8
00013C60  00 A2 C2 A2 BB A4 F3 94 C7 98 C9 A6 DD 22 D5 A5
00013C70  80 9D 0B 9C DA A2 91 8D D2 26 6F 27 7C 1D 08 AA
00013C80  27 27 90 9A AA 20 42 9A 64 24 11 A1 89 2B E8 25
00013C90  3D 2A 97 A1 D8 20 F3 27 29 24 33 23 B1 A1 E6 28
00013CA0  08 0B 56 1F D5 A1 4F 23 56 18 00 1F EF 96 23 23
00013CB0  20 1F 59 18 17 9A C5 94 3A 97 10 14 12 25 3E 28
00013CC0  4D 17 F3 1B E5 A0 EC 24 A9 25 6F 2C 02 16 84 A3
00013CD0  D4 A8 19 25 A1 1D 42 A4 66 21 B9 A2 7C 29 DF A0
00013CE0  F1 18 FE 96 EE 26 81 A0 B8 A6 82 9E 39 9D 59 21
00013CF0  86 28 86 10 EC A0 00 A8 C2 A5 13 A8 53 21 30 A1
00013D00  43 A6 99 1C D4 21 62 96 8D 1C C8 28 EE A2 5B A6
00013D10  48 20 7D 1F C1 9D EC A5 24 1C AA A6 B4 A1 66 15
00013D20  26 28 1E 25 13 A6 63 20 8B A2 79 A5 19 9F F1 24
00013D30  E9 A2 19 A0 7B 20 1C A5 7D A8 6C 9E 4E 9D 7A A2
00013D40  A4 A5 13 A4 6E A5 CC A6 50 15 5C A7 44 1F 07 1B
00013D50  86 22 6B 21 A8 99 69 2B 26 25 70 18 71 22 73 9C
00013D60  DE 1A 95 A5 FC AC C0 2E 3D 24 CB 9E 7D 9B 74 9A
00013D70  9E AA C0 A6 B5 A8 F4 28 10 1C 2D A8 A2 20 4B A3
00013D80  4A 13 74 24 F0 A3 F0 9A B6 9F 7E AE 95 24 BF 2D
00013D90  2E 27 98 A6 0C 9E 31 2C 23 9C D1 2A 12 2B 56 1D
00013DA0  43 A4 76 9D 1D 2A 5A 94 CF 25 89 92 DE 24 86 A8
00013DB0  3B 27 2B A2 94 23 DD A9 89 29 9A 9B 34 2B 13 A8
00013DC0  6C A5 B8 27 E7 A4 20 2A 85 27 B6 2E E1 28 DF 12
00013DD0  9F 2C E1 A2 73 1F C4 AB 24 18 1B 2A 64 24 F4 AB
00013DE0  6B 2C 8C 17 3A A3 2A 16 E6 20 F8 B1 A8 21 D8 A5
00013DF0  30 A4 A1 A9 70 A9 C2 AB 2E 2A 73 2D 9B 21 95 9A
00013E00  07 99 DE AA B3 29 1E AC 89 19 D1 B1 BE A8 F0 A3
00013E10  99 28 08 A8 E9 26 56 2C B0 A0 E4 25 57 A5 B8 2B
00013E20  36 A4 16 A5 5F 25 E5 24 B2 27 09 A9 6B A4 67 20
00013E30  0A 22 A0 26 89 AC 40 28 72 A2 E7 A4 A2 9F AC A4
00013E40  02 A9 5D AA 11 A6 3E 9E B7 2A 45 25 BA 27 B4 28
00013E50  0D A5 A9 AD D8 24 96 25 0B A5 1A 2C 84 22 9B 28
00013E60  38 9E EE 9D 3B A4 15 A2 9D 1E DF AC 2F 23 B0 A6
00013E70  7F AD CD A6 59 2B B7 2D BE 2F A8 2A A6 A1 04 A1
00013E80  FF A2 44 99 8A AE C4 AD 2D 28 75 2C 68 A6 55 30
00013E90  21 15 6F A1 E1 2B 10 AA F2 AC C8 A1 C5 16 35 A7
00013EA0  0F 2A 2A 99 04 24 A8 2C 2E A2 71 A6 D0 28 4E A2
00013EB0  FD A7 80 2B F4 2C CD A8 85 25 00 A7 61 28 47 A6
00013EC0  04 2E CF 26 1C 29 4D 2E 0D 29 EE 27 AC 2A CB 2C
00013ED0  75 9F 6A 2C C2 9D EC A3 86 24 9F 1C 4D 26 0A A7
00013EE0  C1 27 A3 A6 BC A2 52 28 FF 20 6A A5 36 22 2E A7
00013EF0  F2 27 B2 14 00 A6 9E 99 32 9F E8 19 9D A4 BA 25
00013F00  35 1E D7 9E 2F A3 B7 90 6F 20 2D 29 A5 A2 38 9D
00013F10  81 A1 45 A5 1D A4 5E 23 B1 1E CA 22 6B 1D 3B 28
00013F20  73 93 B4 9F 0E 9E 56 A7 68 1E 2A A3 46 A1 8B 16
00013F30  C4 9D 7D 21 3E 18 BC 27 85 23 3C 28 E1 1E D2 98
00013F40  F8 24 5F 11 4F A8 94 20 F6 A8 FF 2B DB 2A 69 9A
00013F50  9C A6 DE 16 96 2F 0E 9D CF 0C 3F 26 45 1C 5A 20
00013F60  81 A7 A8 95 1E 99 AC 28 C4 92 82 A1 45 24 9B 9F
00013F70  A2 24 1E A2 EC A4 A2 25 3C 1C 84 A1 91 26 95 9D
00013F80  DD 18 B5 A9 6F A2 3F A7 A5 20 48 25 48 A0 10 98
00013F90  8F 20 F0 A4 58 9D 29 A7 CE 1D E9 9C A8 2A B1 9A
00013FA0  0D A1 29 21 65 18 E8 27 1A 29 0D 0E AA 2B 71 22
00013FB0  ED 21 50 1B F2 25 DD A6 CB 21 42 28 15 2C FD 21
00013FC0  03 A2 01 A8 E1 25 40 15 B8 28 D1 A8 BA 13 15 2C
00013FD0  20 A8 25 A6 72 A4 D1 A6 FA 27 CC 22 BD A4 C7 2D
00013FE0  D8 1D 84 25 3B AA D1 25 2B 9C 28 28 DC 26 E3 1B
00013FF0  77 AA 9E 2C 09 98 12 A9 02 A4 BA 2B CD 1C 5A A4
00014000  27 A8 26 A8 D0 15 C8 9F 71 AA 97 A7 08 2C B2 24
00014010  06 A7 E3 A5 26 31 72 AC 29 A9 B7 AC E1 AB 8C A3
00014020  1F AC CE 22 F7 1C 10 A6 7E A5 E9 A6 CD 1A 97 A1
00014030  BA 21 75 A7 B0 29 79 A2 A4 2A 65 A1 68 1D 78 AE
00014040  40 30 D2 A1 62 2A 29 23 15 25 75 AB 59 9E 53 2B
00014050  E0 9D 82 A5 7B 24 77 A4 BF A8 B9 24 1B 26 AD AC
00014060  20 A9 11 20 AD 9F 0C 9E 6B 05 7F 16 15 2F 23 23
00014070  F4 9E 1C 24 3D 20 ED 21 48 27 D8 25 1D A8 F6 9B
00014080  1B AB 6F AB E2 24 9B 26 98 28 4D A2 EF 28 EC A3
00014090  3B A6 AF A0 5C A4 23 28 CD 22 8A 29 4B A5 83 9C
000140A0  BA 24 7E 29 2B 23 D5 1E 2C 2A E8 A5 7F A0 1B A4
000140B0  CF AB 5B 23 DD 26 1F 2B FF 24 48 28 CE 1D 66 A5
000140C0  01 A8 BD A7 52 AB 4C A9 1A 2B 87 29 24 92 B9 95
000140D0  CC AC 84 2A 33 26 03 9E E9 AE A8 23 44 23 0E 2C
000140E0  5C AD 03 24 CE 1F 17 28 5B A9 92 27 87 25 48 23
000140F0  5B 29 5B A0 74 1D 03 2D F4 25 0D A8 79 22 EF A4
00014100  3D 2A F3 A7 93 2B C0 28 B4 24 C8 A4 57 A2 35 2A
00014110  72 A2 66 28 18 A0 14 23 67 8D 37 A2 1B A0 BD AA
00014120  05 20 48 A7 0A A5 C3 A7 5B 27 38 99 8D 25 19 9C
00014130  4B A8 63 1F 1C A2 01 20 C6 20 CE 1C 1C 24 1E 9A
00014140  2E 1C D5 27 DA 21 3F A3 81 24 E8 25 0F 1C 67 26
00014150  70 A2 AA 9B 2C A2 34 A1 1F 94 A0 26 15 1F C5 A6
00014160  0C 1D 50 25 38 A7 CF 24 43 24 8D A5 81 A4 DF 9D
00014170  FE A9 54 A0 D9 29 E3 A9 96 A6 D6 A5 97 A8 FE A7
00014180  87 21 92 2A 4D 1C AB 23 57 A4 FF AB CF A8 72 A7
00014190  5B 20 06 9A 5F 1F AA 9F 3B A9 71 28 C4 9F C2 A1
000141A0  43 28 9B A1 B8 25 91 A8 23 21 28 29 6B 1D 68 A5
000141B0  A5 9A DE A1 0C A0 6F 1B 13 21 8A 9A 08 24 7A 18
000141C0  D9 A9 50 26 6B AA 8A A1 EF 9E 4C 21 0A 1D 38 AA
000141D0  43 9F 17 A8 D2 96 FC 2E 7F 2B 2D A4 71 A2 B3 1D
000141E0  FF A3 2F 2B 6C 23 7E 2D 0F 2B 59 A5 C5 25 A7 A1
000141F0  32 24 42 29 B5 A6 D1 28 01 29 5F A1 35 A6 62 22
00014200  FE 25 A8 A5 9E A8 8F A1 94 8C F7 AA E6 AB 3E 27
00014210  B8 A8 76 0F 3C 9C C2 22 97 20 83 29 9F 25 A0 A2
00014220  97 A6 3A 23 6D 1C 89 2A D7 20 96 28 3D 9F 25 29
00014230  0F 10 62 A3 B2 AC 64 AC 41 29 82 1E B1 2A C1 9F
00014240  C1 AC EE 0D 68 26 8F 29 C8 29 E8 AC 51 A2 58 14
00014250  21 2A E5 A9 1A 2C F9 A1 F2 20 5F A9 37 AD 00 27
00014260  CA 2B DE 29 DA 25 82 22 15 A9 09 99 B5 28 75 A4
00014270  67 27 61 A2 5F AB C4 AC 9D 1E 44 A8 9C 27 2E 2B
00014280  C5 A4 DC 19 58 2A 8C 28 6B 98 97 AF 33 29 17 A0
00014290  48 2E 07 2D 4D 12 A2 A3 1F 1B 89 A2 40 9E 84 20
000142A0  F6 9E 6A A4 2C 23 6E 9F 75 1E 62 21 ED A4 22 9F
000142B0  61 A7 30 1F 07 23 95 21 98 9A 06 93 C4 16 B5 9E
000142C0  D2 9A F3 A4 6A 21 69 A2 0D 9F BB 1C F8 25 9D 91
000142D0  2B 21 6F 99 60 26 4E 9D 43 A3 E4 25 26 18 9A A3
000142E0  8D 25 3E A3 67 22 96 19 FA 1D 56 22 2F 20 A3 1D
000142F0  06 24 2C 14 1E 24 84 A4 80 21 4C 1C 7C 26 23 21
00014300  25 9F 77 22 6B 22 17 28 FE 1C 9A A0 2D 1C 67 A5
00014310  F0 25 90 1A 1A 9F 75 22 8E 24 75 20 6B 1F CA 2F
00014320  27 24 FE 9D 7E 9C DD A1 54 A0 D3 19 15 96 4B 9E
00014330  5A 9D CF A4 08 22 74 A2 4A 23 D0 A4 8D A0 1D 24
00014340  5A AB AE A1 A9 A9 57 A9 CE 9B DE 24 F0 25 26 A1
00014350  E7 22 87 1F 68 A3 BC 2B 7D 2A 1A 19 8C 22 42 20
00014360  1E A3 66 AA EA A9 29 A2 46 26 12 26 27 9F 85 25
00014370  2A 23 06 28 EA A0 C5 93 1B 27 DF 26 71 92 61 A1
00014380  0D 28 3A A9 6A A8 E3 A9 EA 25 C5 26 B9 23 66 28
00014390  B4 18 A9 A1 5B A6 44 26 61 99 41 2A FA A1 8E 27
000143A0  7B A9 D3 25 57 29 8C 9C 44 22 0C 26 70 A4 22 26
000143B0  A0 96 E7 91 DB AC 96 2A EA 2A 14 1F 2C 2B 61 A5
000143C0  06 A2 4D 26 88 AC 05 1F F8 99 DA 1C 26 A4 84 9F
000143D0  3B A3 86 25 44 22 19 A6 CC AB 20 A4 0D 26 D2 A4
000143E0  00 23 E4 A6 CF AB 6E A4 9B A2 B4 A2 06 29 E4 A5
000143F0  60 1A D2 25 0A 28 74 AB 50 27 07 23 00 28 68 28
00014400  A8 A4 1A A5 2E A4 0A A8 38 26 C0 AE 85 2A 09 21
00014410  58 28 6D 1E BF 17 B2 19 06 A5 26 AB 47 28 F9 A8
00014420  E7 9E E8 9F A3 A6 84 2F 30 27 73 29 92 20 2A A8
00014430  A4 28 09 8E AA 24 36 9F E1 20 FA 29 75 AC 92 2A
00014440  65 27 51 AC 84 A1 E0 A2 77 AC ED A6 8B 24 9D 2B
00014450  24 A2 F6 A8 3A A3 C6 2B 7E 2A 7D A7 AE 2B 2A 30
00014460  33 21 48 A0 82 A8 E0 AB 69 13 31 AD 4F 19 5E A7
00014470  07 A8 BB 9F 0E AF 2B AA 89 9C 13 A2 3D 22 FE A1
00014480  D2 1E BF AC 69 23 49 2E 37 AA 29 26 6E 22 94 AC
00014490  10 A7 79 AC 22 20 38 2A BA A9 3D 2B 68 1D 5F 26
000144A0  3F 2A 4E 2A 02 A6 B6 14 E5 9F AB A9 C9 9A 58 A5
000144B0  B7 24 44 2C 00 AB B5 A9 91 2C 29 9A FB 2A 06 28
000144C0  E7 28 E9 AD 47 27 84 AA 47 1F E6 AD 1B 2D 9E 24
000144D0  7B A9 CA A8 37 20 85 9D 4E 9D DC 18 1A 9D 2B A2
000144E0  37 1B 67 98 2E 9D 12 A2 66 1B ED 9B B4 20 5D A0
000144F0  20 24 9D 95 DF A1 64 17 CA 17 BA 1E D3 20 7D 99
00014500  D4 26 28 95 DF 20 80 1B 83 24 75 A4 A6 1E 46 29
00014510  1E A2 26 9C D0 A0 1C 1D 72 1F 91 20 6C 9C 02 A4
00014520  16 97 3F 1D 75 A1 73 9D 8B 18 79 98 F9 9B 0C 94
00014530  7F A6 69 9C 03 9E E4 A0 DA 21 01 27 0F 8D F7 17
00014540  3B A3 4F 18 20 A7 12 A4 44 A8 D1 A7 21 9A 89 25
00014550  16 9B 17 1D 11 1E D5 1A 1C A8 01 9D B0 9D 97 1E
00014560  76 9D 6F 19 90 B0 14 9A 25 1C 0F 25 A4 07 52 9B
00014570  2D 98 70 19 F3 24 BA 0D 43 A0 31 94 D3 02 B5 A5
00014580  C4 24 03 07 4A 9D 24 26 CB 98 1B 9E 37 A0 3E 9C
00014590  33 A6 DE 9E CD 1E D8 2C E6 26 1F 1E 03 9F 6C A4
000145A0  2B 21 95 28 44 A2 27 29 07 20 93 9D 3D 2B 16 A2
000145B0  CB 2B 3E 25 93 03 A0 A0 8E 1C 27 9A 09 27 19 9E
000145C0  45 15 C7 A8 9D A4 2D 24 1D 28 13 AA 39 A9 44 A5
000145D0  76 A3 09 24 97 A4 92 2A 2B A2 65 24 9F 1E A3 27
000145E0  A2 1E B0 29 EB 93 2E 80 01 A7 F9 21 07 21 24 9C
000145F0  94 AE 5C 1E 94 1D DF 25 BD A5 EB 0F EA 23 AB A4
00014600  00 1E 04 A8 41 18 15 AA FC 9C F4 29 6C 24 50 28
00014610  78 A6 BB 98 01 27 9A A4 61 A8 0D AA 4E A8 C8 15
00014620  C1 AD ED A0 07 1E D9 2A 90 A7 87 A8 68 20 16 1C
00014630  7B 16 BE 2A F9 24 84 22 03 20 8B 27 63 25 75 AA
00014640  3B 2D A8 27 6D 20 3D 1D 5F 05 EA A8 D0 22 B5 27
00014650  7B 9E 40 24 26 A0 39 A6 47 2B C0 27 0A A9 8E 95
00014660  E0 29 C3 A4 9F 25 90 A1 BB 9C 5D A5 68 AC 57 A4
00014670  27 B0 52 24 77 A6 16 AD 1C A2 5F A4 58 A4 A8 A8
00014680  DE 23 72 A0 F0 A5 FB A3 BC 28 D5 26 19 23 6F 2B
00014690  D3 A3 33 28 E5 A4 49 A4 B5 A1 51 28 29 A2 32 2C
000146A0  8B A4 A4 A6 03 25 1F A7 CC A2 BE A6 23 2B 38 A1
000146B0  6F A6 EC 9D 61 28 A4 22 2F 2E 1D A3 72 25 1F A4
000146C0  95 99 85 25 A0 86 A8 28 20 A3 5E 2C 1D 2D D9 A6
000146D0  A7 23 FD A8 3B AA 68 95 B3 26 F6 A0 1F 2A 70 9E
000146E0  5B 2A 10 26 F8 A4 58 A6 53 28 EA A7 87 1B 4B 1E
000146F0  D2 A6 15 A3 56 29 8C A7 BC AA 5C 2C 3B A6 1B 29
00014700  DF 99 B5 21 D3 25 74 2B F9 15 86 2B AB 26 77 28
00014710  7D 2E 46 A0 68 98 5E A7 90 A4 0B A5 1E A4 50 21
00014720  82 13 B5 29 05 27 0F 9E 98 28 95 90 08 1E D5 21
00014730  C3 2C 92 A4 55 A1 20 1D F1 25 D1 1B B0 26 27 9B
00014740  5D 19 05 A4 AD A9 6F A2 7F 9E D4 A4 DD 25 28 8A
00014750  1D 95 2F A2 0A 26 7E 1E F6 20 71 16 14 93 EE 25
00014760  A7 27 42 15 78 26 37 23 95 27 9F A6 50 9D 51 A1
00014770  2C A4 65 23 2B 24 0B A0 6D 24 33 9E 11 2C 32 98
00014780  4A 95 CA 1A 0D 2C 32 2B A2 25 70 A6 30 9F 72 0E
00014790  D6 28 FC A7 BA 16 73 9F E1 A1 7B 28 80 99 82 A1
000147A0  B0 24 3C 9C 96 9C D8 A6 77 18 A4 AC 9C 1E 45 9D
000147B0  58 9F B0 AB BB 24 AE 16 8B 26 66 AB D6 14 7C 29
000147C0  21 9F 91 25 06 A1 EA A3 C4 23 AE A7 83 28 E2 A2
000147D0  E0 24 28 2B D7 15 CA 9E FB 9F 17 23 2C 07 9B 22
000147E0  37 9A D3 21 74 23 B1 20 37 9D 5E 21 B1 9B CD 95
000147F0  BF 9D 9D 1E 93 A0 EB A1 70 98 76 99 E8 A0 17 11
00014800  17 1E 01 17 12 17 35 16 85 96 43 1A 42 1E E7 9C
00014810  9D 9F 5B 9F E1 98 58 9D A0 1E 50 18 B4 21 E9 A3
00014820  2C 20 84 9B 59 21 59 9A 54 16 B9 18 40 11 4B 1C
00014830  49 24 8F 9B 82 A0 E0 22 F2 89 44 1E 1B 25 79 1D
00014840  59 9E 1C A0 66 9F 82 A2 30 24 D3 1D 24 20 8A 9C
00014850  97 1F A5 23 7D A0 8E 18 A7 21 C6 9F C6 12 9E 9B
00014860  93 A4 97 22 CC 19 96 9D 79 A3 10 23 53 12 DD 20
00014870  7A A0 DB 21 54 24 B8 1E A8 9A 68 A6 6E 04 DE 19
00014880  71 0E 66 99 03 1A 60 22 84 20 93 1E 1F 9C 40 1C
00014890  9E 23 8E 9C 9A 24 66 2B A1 1C 02 1E 6D A6 6A A3
000148A0  37 23 8B A2 35 A8 D2 A5 6D 19 91 A5 E2 21 32 21
000148B0  A9 9C 66 20 B5 1C F9 22 F9 20 49 1E 42 9D C8 A2
000148C0  A6 23 4B 28 03 2A C5 A0 DB 25 01 0D 46 28 ED 26
000148D0  19 A5 7E A2 BD 1D B0 19 69 8F 2E 16 6D 28 4E A9
000148E0  01 28 AB 22 EC A6 35 1C 28 82 29 25 B2 A8 9B 21
000148F0  BC AA E9 A0 88 19 44 A8 F8 21 0A 24 9F A0 15 9D
00014900  A0 21 95 26 DE 18 B8 24 D4 24 BD A9 94 A9 31 2D
00014910  C2 2C 40 25 73 21 AA 1D CE AB 95 2B 8F 21 E1 27
00014920  BE 2A 95 A4 C0 22 4E 26 0F 26 A6 21 0B 22 F9 1F
00014930  A8 26 7A A5 FF A3 5A A5 2A 95 4D A4 97 99 6A 2B
00014940  10 AD FE A1 CF AB B7 A7 F4 99 6E A9 F2 A8 AF 23
00014950  27 AB E1 A6 35 A5 FC AB 57 1F 42 16 E1 25 54 A1
00014960  0C A8 41 2A B7 28 AA 9D F7 28 8B 2B B2 A0 5D A4
00014970  65 A0 04 A7 52 1F 22 A8 B6 22 C7 25 5E 20 DA A5
00014980  26 AB 92 A8 2C 2B 08 A9 85 A4 FF 27 C3 9B A6 23
00014990  B4 A0 62 28 55 A0 E9 A8 90 A8 85 28 78 A8 51 26
000149A0  1E 25 82 A3 85 22 0C A9 87 A0 E4 28 D8 2C 4E A7
000149B0  E0 22 33 90 39 24 DE 24 5C 0A 68 A5 44 2A CA 24
000149C0  5A A5 08 AB 45 A7 5B 25 10 A8 21 29 A1 2C 75 28
000149D0  1F A9 16 A8 D0 A8 D9 21 13 2B 3A 24 D1 1A B1 A5
000149E0  59 98 1B 2C F2 21 30 A3 26 A4 5C 24 63 26 2C 2B
000149F0  51 2A CF A1 68 99 DA 11 8A 1F 5A 28 D2 1C A7 A5
00014A00  EF 2E 29 A4 44 1C 8A 26 1D 26 10 21 1F A5 50 22
00014A10  8F A7 C4 22 DB 1C 6F 29 70 19 E7 9C 23 0C AE 24
00014A20  4E A4 D1 9F 04 9E B8 A1 9B 23 52 A3 AA 15 9F 9A
00014A30  C3 A4 58 22 3C 21 FF 11 52 19 13 20 03 19 57 9F
00014A40  55 A4 DA 17 2B 26 31 A3 3F 24 9A 27 42 20 40 1F
00014A50  E8 21 A5 90 D7 16 DF A5 05 9F A8 19 20 22 45 A4
00014A60  FF 1C D6 15 9A 1E 64 A2 36 1D 5E 20 AB A4 45 1E
00014A70  0A A6 ED 24 D0 26 92 94 E6 85 AD 1A 6E A5 B5 25
00014A80  7B 18 A8 22 CA 20 F6 9D AE 1A 12 21 F6 A6 00 18
00014A90  8A 24 19 9A 58 88 9F 22 2F 27 2F 1F 89 1D E2 A2
00014AA0  D5 1A 67 17 C7 9E 1D A6 DB 16 A8 A2 20 22 EE 10
00014AB0  D8 24 CC A4 06 22 9A A4 09 A3 B9 A1 17 94 86 97
00014AC0  65 97 FC 9C 21 A8 39 A7 46 A0 17 96 26 22 5F A3
00014AD0  02 9E 27 A6 26 1D 71 A8 5B A5 86 24 84 A4 AD A7
00014AE0  66 26 EB 1C 98 24 B3 23 94 1B 5E A4 D3 20 1D 9A
00014AF0  C0 A4 2A 20 3D A4 F0 A1 84 23 A3 A7 BF A6 F6 1C
00014B00  BF A4 79 1B A0 9C F2 0C 2F 10 7C 88 49 20 24 20
00014B10  24 9C 85 A9 AB 26 0D 9E C3 24 97 A7 4E 26 55 24
00014B20  61 A0 CB 00 43 0E 93 9F 68 28 99 18 7F 21 55 17
00014B30  21 A9 9F A0 F2 9E AA 29 F6 25 05 24 2A A4 8F 9F
00014B40  07 9A 22 A7 9C 22 7C AB 8D 1D 85 9C A7 21 F2 11
00014B50  E2 A3 95 25 4B A5 D1 24 99 90 96 9F 3F 26 3D 99
00014B60  55 A8 EC 26 13 A8 2D A7 03 99 1F 27 EC 16 7F 25
00014B70  C4 A9 9D 20 A7 2C 93 1D 41 18 F7 1D 70 A7 DB 97
00014B80  1D 27 83 9C 93 25 FA 25 6E 1A D7 24 2A A1 0F 14
00014B90  4B A4 D5 A4 53 98 76 1D 53 23 8F 9F D3 A4 96 24
00014BA0  9F 1C 37 9D 28 15 86 25 7A 94 7A 20 CE 9C 3F A5
00014BB0  73 9A 68 A0 74 25 49 1C 63 1E FC 9C C5 1C E0 06
00014BC0  88 1E 03 27 3E 1C A7 18 22 A9 3A A1 D6 9F 90 26
00014BD0  7A 1D 71 24 64 29 72 9F 24 A4 99 27 EE 24 41 A4
00014BE0  E6 A4 A2 A6 80 25 BD A3 48 1D E5 A1 2C 23 1E A2
00014BF0  8E 28 15 9C 2F 26 E5 A4 C1 1A A7 A4 FA 26 36 24
00014C00  A8 21 A3 96 B1 9F 72 2A AE 1F 07 20 1A A7 D2 27
00014C10  99 26 59 A2 D4 21 AF A8 5A 26 07 24 DD A3 BC A5
00014C20  3C 22 C9 1C DC 21 F9 17 B1 9D 4B 20 E7 94 A8 A8
00014C30  29 20 AE AA 64 A3 B7 A9 30 25 2B 96 ED A4 C3 29
00014C40  44 AA 29 A6 04 AC CA AA D2 90 E6 A5 23 29 A9 09
00014C50  4E AB 12 27 FB 9D 0C 1E AD 9A 7A 9B BF 1B 7B 1E
00014C60  B0 9B 3D 15 82 9F F1 17 96 23 6B 9F 29 1C 2B 1A
00014C70  AA 9B 60 94 1A 9E 9F 22 28 8B 40 9F 05 0D 9C A5
00014C80  BF A2 5E 24 75 1D C2 9F 54 17 CC 1B 78 16 45 23
00014C90  18 21 51 1B 67 93 0D 9B F7 9F 0B A0 E7 9E 8D 94
00014CA0  F5 A5 4F 23 F0 17 0C 90 73 A2 7E A4 64 A0 1B 95
00014CB0  22 A9 88 9C CD A4 0E 1D F9 1C 69 14 32 9E 4B A8
00014CC0  A5 A1 F7 9C 7D 20 43 22 5D 24 5D A5 25 26 BD 99
00014CD0  71 A1 1C A6 50 20 3A 21 99 1D D3 9C C5 9C 63 A0
00014CE0  6F A5 E8 22 7D A4 8C 9F B0 1E 9F A7 60 1C 89 1E
00014CF0  02 21 90 9C 55 A2 6D 24 FC A8 55 22 B8 15 B8 A2
00014D00  BE 1F 01 20 D8 27 5C A1 7C 24 0B 11 29 A2 37 1C
00014D10  10 A4 37 95 11 A5 8C 1C 9E 24 E5 A1 B2 99 43 A6
00014D20  84 9F 59 A6 5F 1F 60 28 8A 23 79 A6 18 A2 21 20
00014D30  A0 A6 15 A6 22 20 BE 1E CC 9F 67 19 26 15 F9 A2
00014D40  15 24 85 A5 AC 17 26 A3 D4 1C A6 1D 7E 1F 42 97
00014D50  90 A0 15 A5 F0 24 79 23 B6 9A 25 A0 51 20 00 24
00014D60  DA A0 8E A5 78 21 EE 15 11 21 FC A5 9F 28 26 21
00014D70  AB 1F BE 1D 31 27 AF 9C 4D 1C 7C 1C 0F 21 37 15
00014D80  0B 9E 4C A0 CD 1C F1 28 DC 23 4D A5 4B 25 2C 9E
00014D90  25 27 47 A7 67 A5 B5 21 83 A6 6E 9C CA 1C 66 21
00014DA0  39 21 02 9A C3 26 0D A9 E3 1E 20 9F F4 1D 8E 24
00014DB0  04 18 5B A8 F2 26 42 A4 6F 15 FC 29 FA 99 62 28
00014DC0  5E 23 9F A5 01 9D D0 A8 59 1E 42 22 80 27 75 98
00014DD0  66 24 BE 94 73 22 8E 27 AD 9E 61 09 83 24 12 1E
00014DE0  26 10 CE A2 27 21 AB 2B 3D 1D 0A 9E 09 28 59 AA
00014DF0  ED 2C 74 28 F5 A0 49 A5 7B 21 E7 24 CC 23 8B 2B
00014E00  B9 A1 EF A7 1C 91 E4 9F 5C 13 8B A7 D2 9E 30 A2
00014E10  37 A8 3F 2C 5F A0 35 28 BC 1F B4 28 79 21 27 A9
00014E20  30 A9 F3 1C 4E A6 0C A4 83 A8 D6 27 7E A1 00 1E
00014E30  A4 A9 F9 95 0F 9D 1A A1 CC A9 4B 23 05 A5 58 97
00014E40  03 23 3B 29 2C 24 E2 A0 67 22 D1 A1 65 AA 28 29
00014E50  79 A0 32 A7 1F 26 43 28 AF A9 4B 20 4A 25 2D 27
00014E60  3D AC 01 29 3C 20 BB 2C B1 A8 37 A6 F5 1D 78 27
00014E70  45 A1 52 22 1B 9C E9 25 0F 27 33 A2 57 2A 94 A5
00014E80  34 94 ED 26 9F AD 1E AB 85 A2 AE A9 80 A2 CE 26
00014E90  89 AC 65 0C BF 95 E5 8F BF 19 EE 19 76 A1 9E 20
00014EA0  D4 1A C3 20 53 24 C3 29 25 1F E0 1C 51 9E 99 A5
00014EB0  32 2E C4 8F FA 22 0C 98 47 1C FD 1C EF 22 45 18
00014EC0  0B 23 75 A2 FE A0 71 0C 57 1B 3A A4 D3 A1 B8 A0
00014ED0  07 96 FA 93 48 26 05 27 52 96 2B 14 4D 91 4F 28
00014EE0  1C 1C 45 20 3D 24 EA 17 A6 24 7F 1D 70 9C 2A 9E
00014EF0  70 1F 0B 19 A5 A9 42 96 9D 23 07 20 8A 24 22 1B
00014F00  6A 9E 2B 20 00 A1 98 A2 2A A6 F6 A9 41 A3 50 9A
00014F10  CC 22 53 99 3F 27 8E A4 6A A6 A4 26 AB 23 01 25
00014F20  CB 18 59 21 05 A2 46 1E 61 A3 E6 24 5D 1E DE 22
00014F30  84 97 24 9D 87 18 92 1D 15 19 1F A1 3B 16 99 21
00014F40  E6 9E 41 9C 3F 15 73 26 14 A0 86 A7 C4 25 F1 A3
00014F50  88 9C D1 20 24 0C EA 22 ED 8C 5B 92 3F 20 80 A1
00014F60  5D 19 AF 22 DF 1C 7B 9C 25 A0 FF 25 31 9D 02 24
00014F70  E4 25 B2 A2 0A 25 FA 18 C4 1E 1F 21 6B 90 63 15
00014F80  E6 8B 9B 9F A1 9C AE 19 68 9D 17 21 20 18 DA 29
00014F90  A3 9E B0 21 EE A0 1D A3 C7 A0 E0 26 32 92 5F 24
00014FA0  09 A7 48 A5 DD 1E 8A 98 4C 1B 45 A3 A3 1A 31 24
00014FB0  25 9D 9D 9C 82 1C D6 9B DE A0 90 1C B0 0F B5 23
00014FC0  27 1F 73 A3 EC 22 26 9A 55 28 16 22 7E A3 A2 26
00014FD0  98 A5 68 A8 3B 20 DC 14 EE 24 0B A3 CA 99 19 21
00014FE0  9C A3 CC 20 54 9D D6 1D 6C 9D 8C 27 4A 99 57 28
00014FF0  8D 24 97 9B 59 25 C2 22 B8 21 3D 93 77 9C B5 9A
00015000  30 20 0E A1 C4 24 13 25 4A 9E 1D 96 2D A6 25 14
00015010  FA 9A 12 A5 6C 9B 0C 20 7B 24 DB 1B D6 9B 5A 20
00015020  A4 9E 4C A0 F3 A0 57 28 BB 16 3E A6 03 9E 59 A0
00015030  AE A0 64 A0 65 A0 A9 22 FE 1C 9B 10 4F A4 19 9E
00015040  BC 20 FF A0 D7 1E 67 05 D7 25 F1 9E 71 21 43 1C
00015050  3B 20 4F A8 56 98 FA 25 26 93 4B 25 AB 1F 2F 1D
00015060  C6 1D 95 A5 CD 21 34 A3 AD 21 0A A0 50 1B 7F 21
00015070  24 23 5A 8B 3E 83 22 14 44 19 18 20 7D 22 FA 9F
00015080  18 24 3A 23 01 A2 99 98 77 20 56 24 EA 23 4E A6
00015090  02 28 AA 26 EA A1 A6 26 34 11 9D 23 D5 25 39 A0
000150A0  EB 24 0F 27 D6 9A FD 9E A9 9C C8 99 73 13 D9 A3
000150B0  FE 1F E3 9D B4 1D 0F 9B 7A 98 E8 A4 A6 20 15 27
000150C0  93 9C B6 29 02 A4 80 A9 55 20 25 AB EB 25 1C A2
000150D0  E3 9E EC 21 86 A0 A3 24 9D 23 2C A4 C1 A2 F5 15
000150E0  DA 01 CC A6 94 A3 8C 22 CF A0 7B A1 8D 9F 0A 9F
000150F0  A4 1B 4A 9A 86 1F A8 A1 CC A0 34 8A 91 0C D7 A0
00015100  BC 98 84 A0 B8 9C 48 18 12 28 EB A3 DE 9B BF 22
00015110  1E 24 FF A5 14 9F 0B 23 03 A0 C6 27 78 24 D5 25
00015120  78 98 2B 9E F7 21 2C 23 24 22 67 A4 69 1D 38 12
00015130  87 9A 61 9B 09 24 4A A4 C5 24 FC 20 38 93 25 22
00015140  B0 24 2E 27 B7 A7 0B 28 9E 1D 26 23 06 A0 65 14
00015150  54 26 B7 A0 A5 21 64 A5 DA A0 20 1C 54 9B DA 25
00015160  CA 28 25 21 66 A8 DA 9D 4C A2 EF A1 25 1A CB 9F
00015170  77 24 F1 1E 54 0D C4 A4 55 A0 8D 91 7F 96 2B 28
00015180  50 A6 9E A0 01 1A AF A4 D7 A3 82 A3 85 9D 62 14
00015190  25 18 77 23 41 8B 55 93 0B A0 1B 1E 30 96 63 A4
000151A0  24 9E B8 16 FD 95 D3 A5 3F 94 67 1C 39 18 2F 9E
000151B0  E7 A6 42 A5 B4 16 DB 9C 26 A0 1B 9D A6 9D 07 23
000151C0  37 24 34 99 B3 19 18 10 95 9B 65 96 45 25 3D 21
000151D0  97 A3 7E A4 22 A2 B8 95 97 16 B3 9A A1 0B 06 1E
000151E0  40 A5 8A 96 2D 1E 65 94 01 9E BE A1 A5 91 2B 1E
000151F0  C1 18 29 11 7B 2A C1 23 BF 9A D2 91 11 10 9D 9D
00015200  00 9D E8 07 CD 23 83 99 1F 28 08 96 ED 1D 35 A0
00015210  D3 9D A7 21 52 9D D8 88 19 9E B1 11 FB 1E 71 14
00015220  6F 26 D0 86 83 0D 79 A7 04 1E 35 23 61 14 6A 1C
00015230  90 18 F7 9C 69 98 E1 A3 FB 23 45 90 CA 98 3B 27
00015240  80 20 D2 1C 64 20 F2 27 04 20 20 9C 80 A7 A9 99
00015250  3D 98 2B 9F FF 1E 95 11 30 A8 E3 24 04 9C D4 23
00015260  0B 1B B2 28 D3 21 A9 20 09 25 75 28 28 19 9C 19
00015270  AE A1 D3 23 03 1E FF 9C B4 20 2E 10 1E A4 38 1F
00015280  64 1D 61 AA 07 21 09 AB 26 20 21 28 48 A0 61 25
00015290  4D 9F 40 1C 3E 20 77 9D 71 A4 FB 1F F8 1F 63 22
000152A0  83 24 77 21 5E 28 9C A0 62 26 63 A4 F5 1E 25 99
000152B0  EC A6 5D 23 F4 A1 C5 1C 49 1E 8B 21 7E 89 9F 9F
000152C0  4C 9F B3 A8 8E 94 DC 21 5C 94 41 A2 6D 1D F7 1B
000152D0  92 1B 4F A9 0E A4 DA 1A 9F 21 64 9C E2 A6 E3 A4
000152E0  B5 A8 CD 28 1B 28 8B A8 7B 25 0C A9 EA 1C 56 24
000152F0  A4 9F C4 23 A1 98 12 23 37 A2 2E 9A 8B 9D 3A 28
00015300  D9 2B FB 19 61 27 C2 21 DE 26 DC 24 8E 22 A7 A5
00015310  67 21 8D A8 74 1B 7A 20 79 A0 14 21 93 11 7D A0
00015320  91 21 37 A0 4A 95 A3 A2 28 9C 37 A0 95 21 00 26
00015330  8B A6 F0 92 80 9D C2 1F 5A 9B 99 A3 26 97 5C 23
00015340  09 18 5B 9C E8 12 82 20 48 21 5C 24 87 91 88 A4
00015350  B9 83 9E 18 15 1D 3C A1 DC 20 1F 20 4E 27 B0 17
00015360  12 22 8E 1F 23 9D 92 20 57 94 88 17 00 1A 3F 22
00015370  D7 24 11 18 C8 20 23 2A 41 18 8F 22 63 A5 AC 9D
00015380  6D 25 0E A0 F8 AA 1B A4 E8 26 B5 A0 C3 A6 43 A5
00015390  F1 99 25 28 9D 98 24 A6 33 84 B6 A9 30 21 6D 23
000153A0  57 26 27 A2 28 A6 C3 1B D1 9B 04 20 04 98 E6 23
000153B0  28 1A C7 2B 7D 20 C4 A2 A2 88 08 A2 D2 9B 82 20
000153C0  72 A3 5F A2 59 28 B5 25 20 9A 43 9C 67 A9 59 23
000153D0  0F 21 A9 1C 91 20 B7 0F 63 A4 42 92 9B 9C 9D A0
000153E0  A8 1D F7 17 B5 A2 49 A3 53 22 73 99 B5 92 46 21
000153F0  26 A7 B6 1E 2A 9D F4 10 E1 20 E5 03 06 20 5C A5
00015400  37 A1 26 24 58 23 3F A0 65 11 38 20 0B 1D A4 22
00015410  6E 9C F8 A1 63 21 94 9A DA A3 D1 28 DF 21 31 A9
00015420  29 1E 00 A2 BA A4 7E 20 98 24 02 20 C0 A4 0E 91
00015430  58 95 EF 9E 24 29 94 A7 CF 99 4C 25 1F 9E 90 9D
00015440  A6 20 E8 23 0F 9C 16 1D BD 18 38 A0 7A A9 60 1A
00015450  73 94 07 9D E4 A4 3E 1D 77 A6 75 21 46 1C 10 22
00015460  AC 27 04 A4 6F 26 31 A5 32 94 A1 1F 67 9C 29 A7
00015470  A1 23 70 A0 F4 1D 51 9C 53 21 BC 19 B4 98 3E 29
00015480  2D A9 DF 1B E2 A9 62 98 A4 A1 9C A0 E4 A2 49 A4
00015490  A5 A6 F9 A1 FF A4 0C A3 DA A8 7E A6 FC 21 83 09
000154A0  90 24 D4 25 A4 A0 6B A3 F9 23 13 2B 02 9E 8E A1
000154B0  3E A5 FA A2 33 A5 A9 A9 2A 99 46 1E 94 1F 31 A2
000154C0  BF 22 EE 28 0D 26 C0 A7 E7 A8 93 23 6F 28 7F A8
000154D0  EF A4 AF A7 0C 9A C3 96 A1 09 0C A2 4B A0 1B A1
000154E0  01 28 9D 98 B9 22 4B 18 49 1C 49 A3 9E 25 F1 27
000154F0  18 A5 DB 9E A8 9F 6E 9F 81 24 A3 26 3C 29 25 20
00015500  00 A0 E7 9F 58 A8 7E 24 75 A4 F3 A5 AA 2B A3 98
00015510  15 AA BA A5 73 95 16 A7 E3 27 27 25 34 9F 59 1F
00015520  C9 AB 0C 2D 40 1F 24 A9 78 9F E3 A7 05 A2 6B 1F
00015530  95 16 DF 99 D5 A4 08 25 17 27 DC A2 E7 A1 3C A5
00015540  1F 25 1A 9E F1 28 5B 22 73 27 56 A7 0F 20 4F A1
00015550  B1 1D AE 1C DC 23 2B 1B AB A6 6B 25 15 A4 D8 27
00015560  84 21 35 A6 09 A3 9C 25 DA 24 3A 9C 37 24 13 A4
00015570  1A 25 52 1A 8A 9A 3A A4 A3 A2 24 1A 1E 22 55 1B
00015580  76 22 40 A5 F5 9F 15 A0 4D A1 39 9E 62 25 F7 1C
00015590  7B A1 98 1A FE 20 00 24 E2 A2 E0 23 86 25 61 A8
000155A0  B9 22 D2 9C 60 A8 A4 90 0C 1E EB 11 C3 21 73 A4
000155B0  1A 9E 87 A1 C1 A7 3C 19 B0 23 76 20 DF A0 CD 21
000155C0  DE 20 79 A1 DB 1F BD 19 8F 1E E9 28 63 A1 D6 A2
000155D0  FB 9D A2 A0 6B 1C 98 10 3C A1 58 22 15 A2 A6 07
000155E0  6C 9A A8 9D 92 91 66 28 85 18 58 A5 E3 9C 16 A6
000155F0  17 20 A1 24 2F 25 E5 96 76 24 37 9B B5 9D 25 9E
00015600  E7 A3 F7 9A 31 A4 71 A3 D3 A0 60 8E 7D 9C CC A1
00015610  71 AA 1A 20 FB A1 9F 23 A2 A2 BD A5 2B A5 40 27
00015620  6F 20 AC 24 22 A3 32 29 87 22 02 26 8C A0 4E 98
00015630  8D 2C 34 1E 15 A0 C5 12 DF A2 47 8C D3 20 BA A0
00015640  7E 22 69 A4 2F A0 23 9C 54 29 C4 28 26 27 67 24
00015650  EA 20 28 A1 34 19 F6 20 87 17 49 25 27 15 BD 28
00015660  9C A0 20 A0 2F 92 DA 9B 3E 9B 77 A6 5D 99 40 A4
00015670  53 9F 0E 1D 1A AC 6C 1C 4F 2B 4F 8D 88 A0 22 25
00015680  97 16 B2 A3 FE 1B 3B 1D 9D A6 76 21 07 22 2C 20
00015690  49 23 C4 26 0E 22 6E A7 26 29 06 23 CD A3 09 1E
000156A0  18 26 CE 24 9C 91 D8 A1 88 91 E6 15 8F 1F 8E 22
000156B0  49 06 C0 9F C8 A5 81 A5 60 1E 24 A4 04 9A EA A3
000156C0  9B 9C A5 23 AB 23 63 24 B3 24 01 A4 B4 27 CD 1E
000156D0  F5 8C AA AB 16 2D FE FF 04 00 00 00 C0 00 00 00
000156E0  00 00 00 00 00 00 00 00 00 00 00 00 00 00 00 00
000156F0  00 00 00 00 00 00 00 00 00 00 00 00 00 00 00 00
00015700  00 00 00 00 00 00 00 00 00 00 00 00 00 00 00 00
00015710  00 00 00 00 00 00 00 00 00 00 00 00 00 00 00 00
00015720  00 00 00 00 00 00 00 00 00 00 00 00 00 00 00 00
00015730  00 00 00 00 00 00 00 00 00 00 00 00 00 00 00 00
00015740  00 00 00 00 00 00 00 00 00 00 00 00 00 00 00 00
00015750  00 00 00 00 00 00 00 00 00 00 00 00 00 00 00 00
00015760  00 00 00 00 00 00 00 00 00 00 00 00 00 00 00 00
00015770  00 00 00 00 00 00 00 00 00 00 00 00 00 00 00 00
00015780  00 00 00 00 00 00 00 00 00 00 00 00 00 00 00 00
00015790  00 00 00 00 00 00 00 00 00 00 00 00 00 00 00 00
000157A0  E2 2D FE FF 04 00 00 00 C0 06 00 00 4F B5 DD 26
000157B0  0C BF 09 B2 1B BD 06 3B B0 B3 F7 B2 03 B2 36 B9
000157C0  C0 3F 9F 3A 31 B5 B9 3B 2F BD E0 3E D2 BC 7E 39
000157D0  0F C0 C9 2A 6D BA 9D BD A4 3F AF C0 03 BD 4C C4
000157E0  AA 31 B1 41 6E 39 34 BA BA BA 5C 34 4E 35 A9 37
000157F0  E5 B4 61 BE 31 BC 97 B6 E8 35 29 3A 02 BE B0 3B
00015800  C5 BF 59 34 E4 3A 44 3F 4B B2 2C 41 12 3F EF 36
00015810  D9 3D 86 41 E8 38 B1 BC 4C 3D 6F 3D 38 39 32 BC
00015820  0F 40 93 40 43 1F B8 A8 53 B9 13 22 61 3A 47 34
00015830  F1 B0 F0 C0 AE 3E 38 B4 3D 41 7A BA 66 98 14 B9
00015840  51 BF 62 3C D5 B5 0C 3C 7B 35 03 41 54 BF C2 38
00015850  98 31 B6 BC 60 C2 9D C3 0D BE 1A BC 17 42 25 B4
00015860  B6 43 D1 3E 39 C4 0B BD D8 36 4C BA 9A 42 07 BB
00015870  94 BD 92 34 FC B4 CB 39 A0 3B 59 28 2D AB 89 BD
00015880  BD 41 FA 25 F9 C1 03 30 59 BB C1 37 0B C0 56 B8
00015890  17 C0 FD B5 CA 2B DA B3 AC 3C 09 B5 B4 3E CB C0
000158A0  41 BC 18 41 1E 41 00 B9 AF B9 4A 9D 7E 3E 2F B7
000158B0  75 BD 5B BE 0D BE F3 B9 EA 3F 25 37 0B 35 01 41
000158C0  CA BE C7 B0 F6 35 C3 3E 86 38 EB 3A DB 3E DE 3A
000158D0  33 3E BD 3F 6D AE FD B5 5C 30 EA 39 48 C0 D9 C0
000158E0  4D 3E F9 3C 11 35 4F AE 13 38 40 AE 70 B7 C7 BF
000158F0  71 AF 6B BD E9 32 CC 36 53 3A CE BC 69 AA 98 B3
00015900  34 BE 90 3E 14 C0 2F A7 5A 3B 0A 43 8C C1 D2 3C
00015910  DD 40 8A C0 88 C0 16 BC C7 BC B7 B9 11 3C 6C 33
00015920  84 41 51 40 96 BC B8 36 F7 3C CC 3A 34 BF 62 B8
00015930  80 BE 99 BE 07 B5 AA 3B C3 B5 3F 0C 56 B4 2A 37
00015940  48 BB 88 38 40 B6 DA A9 A2 AC 76 BD 09 BF F7 3C
00015950  09 39 A3 3C 00 33 7A B1 65 3C 9B B7 79 3D CD BB
00015960  C8 B8 C5 3C 8C 42 14 BA BA 15 CF BD 18 B9 7F BA
00015970  B3 24 2D BD 58 BD C4 B1 E0 3D B0 38 97 3B AF 41
00015980  42 B6 18 3E F4 B8 B5 38 2C B6 71 B4 94 39 CC 3F
00015990  B5 38 B5 42 BC 36 ED 34 6B BD 99 35 FD BC 03 C3
000159A0  1A 38 81 AA 10 B5 7F AD 63 B9 D1 3D 9A 37 2C BA
000159B0  88 39 94 B9 B1 B2 97 AB 70 BF 00 41 45 B4 7F 38
000159C0  DD B3 E7 3F 85 C0 66 39 A8 40 4A 40 4D B2 0E 3F
000159D0  06 40 5D C0 38 C1 D2 34 59 B8 E9 B0 52 BE F3 3B
000159E0  E9 40 3B 3C 12 B5 56 B7 12 37 83 3C 03 40 7E BC
000159F0  C2 BF 62 B5 85 BF 08 A9 5E C0 E1 B7 CE 38 B1 BC
00015A00  E9 41 95 3A 94 38 6C 3B CA C1 41 37 2C BB 93 3F
00015A10  12 C0 C3 BD 1E 32 14 BB A4 40 01 BA D3 33 7B C1
00015A20  CD B6 30 3F 44 B2 A3 39 23 2E 90 39 A5 3E EF A4
00015A30  88 B8 D0 34 23 BF 99 BC D2 B4 20 BC 9B BD A2 39
00015A40  23 C0 1D 40 A5 3E BF 33 7D 36 C3 3C E6 40 41 3C
00015A50  37 BA D0 B9 59 B0 3E B9 0A 3B 05 9D E1 2A 3A 3D
00015A60  3E 3E CA 40 E3 A8 5D BC 47 BD 20 3C 83 BC ED 3C
00015A70  74 3C 8B BF 53 B7 91 B3 88 3D 4B BE 2F 30 06 B7
00015A80  36 C1 93 36 81 3E 96 3C 6D B3 A1 3D 61 A8 EC 36
00015A90  44 B7 14 3F 63 BD 62 C2 A2 3A F5 C1 58 40 FD 40
00015AA0  8E 2C A1 41 28 C1 9D B0 C7 38 B4 BD 2E 45 82 BD
00015AB0  45 BA 1F 41 57 BE C5 3D 6D 40 6E 40 D6 3A E5 BF
00015AC0  36 41 EB 36 4C C0 78 BA E3 35 29 41 22 B9 95 B8
00015AD0  2C C5 D6 C3 55 3E B4 BF 2C 3D E2 42 D2 3C 51 BB
00015AE0  4F C3 B9 BF 12 BB 59 BF A2 38 20 3E 0D 41 52 BF
00015AF0  EC C2 8C B9 BA C2 91 BC 43 42 0B C1 EE BB 10 41
00015B00  0C BE 73 B0 CF 3E 61 31 A6 3F 27 2E 15 3F 39 24
00015B10  EA 38 6D 40 02 3D EF 2F 1E 37 7D C2 AE 3C EB 38
00015B20  61 2B EA BC A4 41 74 38 06 C1 68 33 7D BF 94 2C
00015B30  B5 40 C5 BA 7B 3F EC C4 0D 3B 73 BD F0 44 43 B9
00015B40  11 BE 30 42 09 B9 6E BD D9 B8 07 2E 12 C2 66 3D
00015B50  4E 41 AB C1 21 B9 BB 3D F8 39 07 C2 CA 33 14 BC
00015B60  82 BD 05 39 5F 3E 45 3D A2 3E 92 43 39 C1 B4 BD
00015B70  43 AD 29 C0 EB BD A3 32 69 27 AC 2E E6 B2 8E B8
00015B80  CB BD F4 3D FA 3C BC 36 20 A9 6D BC 6F B7 03 B3
00015B90  9F BE 7A BB 8F 32 8D B8 51 3B 97 3A 50 B7 B8 B2
00015BA0  1D B7 2C 30 F6 40 8A C0 28 3E 40 BB E4 BB 6F BB
00015BB0  CF BF 21 BC 8A C0 FE B0 08 40 DC B8 7D 3D 72 40
00015BC0  F0 AC E0 B8 73 B0 6A B0 8B 3B 2B BD 87 38 F2 40
00015BD0  AA 35 76 3F 47 B3 90 3C BC BE 21 32 20 3A 81 BC
00015BE0  E7 2E 78 B7 41 3A DA B7 26 AE E7 36 08 B5 76 B5
00015BF0  7D 3B 1F 3C D0 3C 52 33 2F BF 3A 3F 6A B4 AF 30
00015C00  3C BD FC 33 42 BC 9C 34 D0 38 E1 B9 28 B7 07 43
00015C10  76 3D 13 BF 3A C0 3E 3B C5 39 8A B8 3C C0 6E BC
00015C20  DF 34 CD B4 C8 38 7B AE 12 39 44 40 A5 B8 6A 36
00015C30  E9 BF 17 B7 C7 BD 21 B2 75 BF 1C 36 3C 3C 06 B8
00015C40  A7 B9 02 38 E8 36 C3 3C 59 B4 00 AC AF 3C 17 3E
00015C50  0F B4 80 B5 05 3D 9E B9 88 3E 87 BA AF 2F C6 C0
00015C60  09 27 12 3F A7 B6 4A 37 70 36 28 37 87 3B 29 B6
00015C70  7E 33 71 38 64 C0 05 BB B9 3E F7 3B E7 30 4A BC
00015C80  64 B8 A8 3E B9 B6 40 BB 4E B0 A0 40 1E 33 D6 32
00015C90  0D B9 1A BD CC 37 28 B5 16 B0 0B B4 E0 B9 C3 3A
00015CA0  5C 9F B4 3C C7 31 11 C0 82 BC 04 3A 8A BD 98 2D
00015CB0  1F 35 49 BC 3B C0 ED B1 C0 BD B7 BA B5 B2 F7 38
00015CC0  9C BF 7D 27 11 46 65 43 F0 3F D9 35 63 3F BF 41
00015CD0  AE B9 38 A7 44 B8 5F C4 6D 40 7F BE BC 3F B3 43
00015CE0  5A B8 92 32 84 C0 11 C1 8E BF 7B BC 2B 35 F3 B2
00015CF0  33 3E A8 B5 89 BF 19 34 1B BE 0D 37 2D 39 B2 B0
00015D00  8A B6 21 3D 33 3F 29 3B 40 3B 90 34 85 3F 81 3B
00015D10  EE BB 34 BC 87 2E FD BB 61 3D 18 3B 8F 39 73 BD
00015D20  01 BC 9C B4 5D 39 F2 BC E9 3D E2 33 D5 3B CB B0
00015D30  50 BB 73 B6 24 C3 1F BA 41 39 FA 29 9D 39 0F 27
00015D40  9E B9 67 37 61 30 1C BC 17 36 7C 3D FD 3E 5B B4
00015D50  A8 BC D5 B8 D8 BA 14 22 0E AE 9D 34 C5 32 64 AD
00015D60  AB B8 A6 36 C6 B1 C6 C0 A0 C0 76 A2 78 BE 48 3F
00015D70  6B 3C B8 2E C8 36 0C B6 7E BC 92 B4 8F B8 E6 30
00015D80  AB C2 13 30 52 40 06 43 7C 3D BA BA 05 3B 2D 44
00015D90  FA B7 09 B6 40 B8 C7 B8 78 3F 09 BF 35 38 B7 3E
00015DA0  3A BA 34 BC D7 B9 E1 BC 87 BF BC 39 EC B8 BC AF
00015DB0  94 BE 5A BB AE BF 09 B6 9D 34 0B B1 42 AD 9C B4
00015DC0  CB B3 14 39 F5 39 31 3D 5E 2F 4E B2 7C 25 D2 BA
00015DD0  0F B3 84 BC B3 BD 26 AC 48 3B 6D AF 10 B5 EA B5
00015DE0  C7 25 12 B3 04 39 FE C0 33 2D 35 B1 F9 BE B8 0F
00015DF0  CD 32 4D BB C5 B6 9B 34 DE 36 D4 3B 2C B8 57 38
00015E00  4B BC 17 34 11 35 73 A9 D0 3D FF 37 9C 34 31 3C
00015E10  63 3D 64 3C DB B3 23 BF 70 BF 14 3A 6D 38 E0 B1
00015E20  11 37 24 30 E9 AF BE BD 41 BB 71 3A 86 3B 4E 39
00015E30  B0 35 BD B1 04 B3 CF B7 7C C2 0B B8 CB B7 6A B7
00015E40  A7 BD 45 38 28 3B 1C 3B 27 3A E4 A6 76 32 BD 44
00015E50  54 2C E7 BC 5B B6 7C 34 CE 3D 5D 3D 5F BB EA BF
00015E60  27 B4 05 B6 C5 31 61 3B 57 BC CC 36 AE 34 FE FF
00015E70  04 00 00 00 C0 00 00 00 E4 C0 AF B6 F4 BA 25 BD
00015E80  37 3C 9F AC FB B8 46 3A AD 3A A4 38 A3 39 0C 36
00015E90  C7 B6 62 C1 1A A8 18 B4 E9 36 2A BA FD 39 7B B8
00015EA0  6F B4 26 B6 4B B3 20 2B 00 38 1D BC 3A B4 37 B3
00015EB0  0F B7 A3 B7 1F BD 1B 38 5E BA E0 39 62 B6 59 B2
00015EC0  62 B2 C5 B4 85 C2 6E B6 9A B8 CF 35 22 2D 28 BF
00015ED0  83 BC 88 B2 3A 38 62 A9 74 AE 58 AF 20 B6 18 2C
00015EE0  00 BC F1 B1 39 BC 52 35 73 B7 FE 2F E9 27 05 35
00015EF0  70 B5 9B 33 C2 B0 E1 31 6E 31 34 B2 F6 B9 90 B5
00015F00  C9 AC A9 35 50 1E 32 B4 67 B2 A4 B4 C8 3E 5E 35
00015F10  29 C0 BE 33 2E 35 A1 B4 B6 B7 38 B8 1F B8 61 28
00015F20  AD B5 60 B0 D4 22 0D 2D C8 A9 DE 2C 3B BC F4 B4
00015F30  EF 2E 36 BA 8C 35 43 B1 7A 35 FE FF 04 00 00 00
00015F40  00 48 00 00 06 24 1D 22 C4 A9 63 21 33 A8 86 29
00015F50  EA A4 7E 22 4A 29 9C 26 FE A0 94 AD 4F 29 73 9D
00015F60  50 98 AF AB 81 A5 01 22 55 A7 BA A3 82 AA 81 A1
00015F70  0F 28 A2 A8 AE A4 E4 28 20 24 41 A3 AC A8 06 27
00015F80  1F A4 1B 1E 89 AD 11 29 19 22 51 A7 2D 1A 4B 29
00015F90  DC A2 F4 25 11 28 CD 2B 10 A8 5F 28 07 2A 72 19
00015FA0  3F 21 57 A6 64 A3 F7 A4 50 9F 8A 96 88 2A 14 2A
00015FB0  D7 AA 5C 27 AA 21 F1 28 19 29 E8 27 43 25 11 22
00015FC0  E0 25 F1 1C D0 A6 5D 1F 12 1A FA 20 2B AC 29 22
00015FD0  E5 AA 1A 24 3E 1A 8E A6 08 2C BF 9F 52 21 6B A9
00015FE0  D2 2A 55 28 9E 17 F1 A3 F5 29 E5 AA A9 AD 3F A2
00015FF0  4E 29 35 9E BF 2B 87 2C AD AB E4 AC 78 22 E4 A8
00016000  EC 0C 83 AC 5A A6 71 1F 44 A2 1D AC 7B 29 02 27
00016010  F5 A1 9B 10 BE A9 C9 2D 2B 24 41 A8 8B 1C EE 23
00016020  3B 27 33 26 A4 1F BB AC 9C 9E 61 A0 82 22 67 AA
00016030  E8 AB 01 29 9A 24 5E 2D 0F 28 A5 A6 91 A6 57 28
00016040  CA 25 10 A3 CF 98 5A 28 35 20 86 9E DF 1D E2 A6
00016050  51 A8 12 AB 2A A5 8B A2 0A 14 E7 AD 32 24 AD 21
00016060  B1 AB 7D A4 37 A9 76 A9 27 AD 99 9E 23 2A 17 24
00016070  6F 2B EB 24 DD 9B D2 1F 30 8D B8 A5 AD 1D F8 24
00016080  1A A1 A6 1A 2F A4 7B 9F 1F A6 AD B0 43 2D F4 2A
00016090  51 28 82 AD 8C AA A3 A8 3C 17 88 AB 72 10 47 AC
000160A0  16 20 84 28 5C A9 E8 2F 10 9F 25 AE F8 A4 75 AC
000160B0  BF 9A 3D A3 01 B0 C3 2A 9D 17 38 27 AB A8 D2 A9
000160C0  16 A5 4C A8 D0 1E 53 A2 33 26 DC 13 64 95 FB AA
000160D0  7D 1E BA A6 2D 9D 68 29 A9 21 11 A7 BA A9 1E 28
000160E0  18 A3 DA 1F 98 12 D9 22 14 28 B2 A8 DE A6 DF AA
000160F0  91 27 75 A5 38 24 62 2C E9 22 8E 23 4A A9 E4 2D
00016100  45 20 B9 A4 E4 A9 B5 2A 9C 2A EA A2 89 AA 55 A6
00016110  FE A7 A6 A5 27 1E 77 A1 AF A4 5D 98 22 27 CB A2
00016120  27 28 B0 A0 D2 24 AB A5 9E 1E 76 28 22 2A FF 24
00016130  6C 2D B2 A5 B5 24 5C 26 68 29 73 2B 95 A6 6F AC
00016140  B7 18 17 00 37 1D 7A 98 43 25 42 AB 2B A9 32 26
00016150  88 2C F1 A8 31 AC 93 A5 9D 18 57 A8 99 25 31 A8
00016160  4C 28 87 A8 8C 27 66 AC 64 9F E4 2C AF A3 8B A8
00016170  1F 24 02 A7 71 23 DF 2C E5 22 55 AB 0C 2A DC A1
00016180  B6 26 95 A9 0E 2A 85 A1 20 AB 3A AF 2E 10 DD 27
00016190  59 A9 2A A7 F8 A2 AE A5 4A 23 82 A4 67 A7 28 A6
000161A0  5A 1F B1 25 AD 26 C1 2A BC 21 89 2A 22 2D 8A AA
000161B0  5F 99 A5 21 7A 29 00 2B 83 25 48 20 12 22 D0 A8
000161C0  56 1E F2 25 D4 A8 2C 9E EC 20 CB 16 A1 2B 19 A2
000161D0  9B 28 53 2C CE 28 16 AC 9F 90 7A 24 B4 20 E5 AD
000161E0  D0 A0 17 A7 CD A7 E2 9E 4C AB B7 2C 62 A9 2B 20
000161F0  82 19 68 A9 FB AF 71 A4 CB 24 60 B0 D5 A4 C9 22
00016200  EE A8 93 A2 50 A8 90 2A 7F A9 87 2C C0 A7 77 AA
00016210  BA 18 00 28 1F 24 9C 1A 86 A8 CB A6 CE 2F B4 1C
00016220  77 19 1E 92 96 A8 CE A8 42 A4 2D 29 F7 A2 BE A7
00016230  7F 2E 85 22 97 25 91 2D 61 AA F7 23 65 2D 91 26
00016240  67 8D A4 AC 39 A1 0F A7 4C A8 E0 A5 42 2E 2E 24
00016250  69 9F 49 A3 16 9E D6 23 42 98 7A 24 DF 22 45 28
00016260  53 9B 43 9B E2 9F 6B 1E 82 A1 50 94 ED 96 1D 27
00016270  DE 1F 7D 29 99 9F 76 A7 85 28 21 23 2F A8 7F A3
00016280  AD 25 0E A6 35 15 1C A1 2B 9F F7 17 32 22 74 9E
00016290  3E A5 EE A7 25 21 98 9C 9D A5 01 1E 40 26 8E 1A
000162A0  29 AB 51 16 6A A0 24 A0 48 26 15 A6 3F A6 1E 21
000162B0  57 9D 85 1E B4 A7 A6 23 6C A0 92 A9 6B A5 97 A6
000162C0  2D 26 48 12 7D 9A 46 11 90 15 20 A5 97 1C 8E A6
000162D0  43 A0 2A A8 0A 22 40 29 B3 28 66 9C E3 A2 E1 A3
000162E0  65 1C E2 28 B5 22 03 A1 2A A4 CB A8 0E 22 14 9F
000162F0  A7 A6 A9 A6 9B A9 A0 99 14 25 EE 22 86 1C 49 20
00016300  F5 A4 74 2A 04 A0 CF 27 73 A1 C6 91 DB 9C D3 2C
00016310  6B A7 CC 1D 44 27 9D 26 BE 1C 8B A2 31 26 9F 28
00016320  B3 29 16 A0 75 A0 3D A0 4E A0 16 A0 26 25 F6 1F
00016330  7C 1F B2 28 F0 1F 56 26 56 9F 7E 26 CF AA 62 98
00016340  2C 28 13 28 58 A9 67 10 3C 15 36 A5 7C 1F 4A 24
00016350  A4 A6 C6 A7 AD A4 55 92 51 20 82 A4 3E A4 18 A8
00016360  45 1F DD A3 1A A2 8C 20 AE A2 CC 24 E1 A3 43 24
00016370  2E A4 80 21 27 AA 2B 1F CA A1 E5 2B 8C 21 25 23
00016380  CC A0 4C 24 31 0E 1E 2E D2 A5 F2 AA 11 1C C6 24
00016390  E0 1E 57 A3 64 26 98 26 37 1F 9D A0 E0 14 86 2A
000163A0  A8 2D 44 AA 77 2B D5 AC F6 28 FB AC 05 28 39 A8
000163B0  6A 2D AA A7 3B 2B BA 2F 61 1E 12 2C FD 96 D3 A2
000163C0  D9 A5 0D 9E CB 9D C2 A4 4E A4 D2 A1 82 A1 A2 A5
000163D0  13 A5 92 A0 35 19 7E A0 3A A1 30 A3 10 1B 52 A2
000163E0  4D 21 B5 21 69 9B A2 1D A6 A3 20 1E 65 9E 92 22
000163F0  34 25 56 A1 37 A0 9D 25 35 A5 4C A4 DA A2 71 1B
00016400  6F 9C 9C 99 A5 9E 34 A2 91 0C E9 22 4D 21 E1 A2
00016410  88 98 B5 A4 4B 20 19 20 A3 A4 CF A0 0B A5 24 23
00016420  B7 A7 6D 19 57 18 3C A4 E7 A1 23 A0 19 1C 63 9D
00016430  C3 25 17 1E D9 1C 40 24 F0 18 0C 2A 69 A1 56 24
00016440  72 94 C1 1C B1 86 F7 9C FE 26 CA 28 D6 A1 6A 98
00016450  9D 1E 5C 9E 4B A6 A3 28 9A 23 54 95 82 A1 5C 9F
00016460  78 A7 7F A6 30 A4 B9 23 4A A2 7C 26 09 19 AA 22
00016470  85 A3 AE A0 BA 25 3A 27 FD A7 E2 A0 3B 26 72 A6
00016480  FF 24 C6 A1 BE A1 0C 2B CF 28 44 16 8C A7 B1 13
00016490  70 9F 01 25 D3 AD 09 2C 83 96 54 25 F3 1B BD 98
000164A0  A3 2A CB A1 4E A5 87 98 47 27 86 A1 5E 97 F4 A5
000164B0  35 25 CC 20 58 22 63 A8 D3 28 A6 A5 21 22 1C 25
000164C0  FC A3 54 1B 8E A2 33 2A 3E 94 46 20 3D 96 15 27
000164D0  6A A1 D3 A0 71 A0 6C 22 E3 9F 9D 91 55 25 84 18
000164E0  4E A9 FC 9C 76 26 AA 9D 97 A4 78 A3 65 98 46 21
000164F0  7E A7 89 27 68 A9 6C A4 4F 24 46 A3 FB A1 D4 1F
00016500  5C 23 40 27 F5 22 C9 A9 C0 AB BE A4 FC A6 F5 21
00016510  9D 2B 34 18 AE 1E BB 24 15 20 5A 99 E0 28 4D 24
00016520  BA 18 8B 21 AB A4 3B 98 3B A1 18 A9 9F A0 D3 A0
00016530  95 26 5D A4 F7 27 86 A8 1B AA 1F A7 19 A2 F3 A0
00016540  50 A4 F2 14 28 1B 48 29 BF A5 6B A5 63 28 19 24
00016550  44 A1 2B 96 B3 A9 00 25 88 9B A4 AC 61 24 5F 19
00016560  16 2A 10 9D 70 98 67 9F 02 2C 39 A4 D2 A7 EF A7
00016570  D1 24 5D 28 F7 26 99 29 6D A2 CD A4 89 1D 65 29
00016580  AE A3 88 A8 5A AB A6 2A 8C 1E 7B AC 8C 2B 45 A7
00016590  BA A8 70 A8 59 24 79 AA 86 A2 16 12 F8 29 55 21
000165A0  0D A7 41 1B D1 AC 37 A3 C5 A6 8C 23 1C A0 2E 1B
000165B0  8D 21 E8 29 14 1E 6E A4 6B 21 3E 24 5A 24 64 26
000165C0  93 A8 4B 27 40 A6 8D 05 30 9C 04 AA B4 27 40 A3
000165D0  AB 97 4C A8 FE AD 98 9D F2 1D B4 AE 9A A0 6B A6
000165E0  CE 24 5F 26 74 A2 2A 2B 81 AA 18 AC 20 A8 CA A8
000165F0  F8 1B B4 A5 10 9E 67 A9 A7 A9 94 2D 7A 28 79 A8
00016600  A6 AB 9B 20 A7 1D 46 A5 84 99 48 99 A1 A0 B2 9F
00016610  6D 9C 2D A2 A8 25 F0 A8 65 A1 0A 27 DA 9D 90 A0
00016620  64 8E 96 92 16 25 34 23 07 24 C0 9B 73 20 1C 16
00016630  6D A2 54 21 48 1B FB 9E EA 24 26 20 7C 28 40 22
00016640  D2 A2 3D A4 D5 9B 98 8F D2 20 9D 24 B1 1F A6 A1
00016650  25 A3 0D A4 09 23 E2 A0 70 1C E3 A0 06 1B 79 24
00016660  34 A3 96 9D 30 9D 99 9E A6 12 3E 9E 10 23 D5 0B
00016670  3D 10 09 19 DF 9C 2C A5 DC 1D EB AA 74 9E 98 21
00016680  43 99 72 1E A2 A0 8C 96 E3 A0 B8 9A E3 95 70 A0
00016690  19 26 13 22 2E A4 E8 1A EA 9E 5A 24 CE 1E 0F A1
000166A0  5A A2 B9 22 B1 9F 85 9A 23 1A 44 A5 46 A0 76 27
000166B0  BC 27 57 24 6C A7 9B 22 B0 A7 35 12 5A A1 85 8F
000166C0  C1 15 D9 A5 99 97 58 25 B7 2C A4 9F 65 2D C4 A6
000166D0  98 AB FE 2B 06 23 8B A7 BF A4 67 AC 71 27 25 2C
000166E0  94 21 24 2A 76 26 C1 2D 36 27 FD 28 C1 2D AB AB
000166F0  30 28 D5 A7 58 20 29 22 AD 2A 6E AA 73 A8 58 2E
00016700  1D 24 F1 A8 E6 AC 8F 9C D4 28 59 20 AA 2C 4F A4
00016710  40 A7 76 A4 6F 29 64 26 12 A9 EB A9 FF 2A 97 AD
00016720  68 A3 18 A8 07 24 C0 22 90 AF 15 29 1A 27 04 28
00016730  86 A9 0A 2C CC 25 AF A7 F2 2B 86 94 63 A8 EC A5
00016740  7D 2D E4 2B CB AC 89 16 D0 AD FB AC 33 27 7C 2B
00016750  A5 A9 45 2B 97 AE 35 2E 92 AD 9A A0 32 30 4C A6
00016760  B5 2E 3D AA 10 20 15 9F C6 2A EA A8 36 AC DF 9D
00016770  5F 2E 70 29 53 26 E4 2C E7 A5 BD 2D EF 9E 9E AB
00016780  9B A2 4D 28 ED 23 4B 9D 17 9D 4E 1B AC A1 10 22
00016790  4B A0 67 9F 7B A2 E0 1D D9 16 E4 2F 3D 16 87 20
000167A0  5A A2 CD 1D 64 17 1D A4 D1 20 E5 1A D0 10 2C 1D
000167B0  0A A1 23 20 76 9C DD A5 EC 22 4F 24 A6 A7 42 20
000167C0  0C 9D 9F 9C 8B 20 61 A6 69 96 87 26 4B 25 07 23
000167D0  7F A0 0A A4 09 24 A7 99 75 94 CF 1E 82 25 33 A3
000167E0  AE A4 13 97 48 A8 C0 A3 83 1E D4 A0 13 A8 D7 20
000167F0  AD 9C 18 1C F2 24 73 1F EF 12 E7 A2 01 21 EF A1
00016800  F1 24 1C 23 D6 9E F6 A0 A4 08 B4 A4 B9 19 81 8F
00016810  06 A5 DC 24 18 AA 55 24 A5 24 82 19 24 93 93 23
00016820  2A 25 43 A9 16 18 9E A6 09 26 A6 21 02 A0 16 99
00016830  AB 20 73 A4 40 92 0A 2A 4F 1F EA 25 CA 9C E1 24
00016840  06 0F 69 25 87 93 1D 08 F1 98 76 9A 11 9E 77 A1
00016850  03 20 C5 A5 8B 9B 65 99 E7 9E 7C 16 DE 24 CC 17
00016860  EC 23 1E A1 5B A2 7B A1 E0 10 05 20 96 15 1E 9C
00016870  F4 20 57 9F 7D 96 42 A5 25 24 F4 99 AB A1 E9 94
00016880  FE 1C 70 24 64 A4 99 A0 E7 20 09 A0 18 9D 98 22
00016890  99 A0 DF 22 1D 9A 95 1A BC 18 9D 21 98 0C 40 9C
000168A0  0F 9B F5 1F 8D 9D 60 A1 6A 23 E9 8D 61 20 ED 90
000168B0  1D 0C 44 20 5C A0 7C 21 67 19 BF 27 9A 9B 75 20
000168C0  80 25 1E 19 18 15 1E A3 2C A6 40 23 33 8B DA 22
000168D0  12 27 03 16 CB 1F 35 9C D1 20 0A 99 E3 28 2C 24
000168E0  E4 19 C9 9B 2E A2 DD 0F AB 9A 59 23 11 20 00 A0
000168F0  23 26 E1 14 5C 27 AA 20 C7 A8 4D A5 1F 23 15 9F
00016900  0C 98 FD 99 2E A5 A3 2C 9F A9 B4 22 8B 26 57 AF
00016910  01 29 59 AC 0C AB 12 22 AC 9F A2 26 F2 A8 D2 A9
00016920  56 AD 6A A3 50 0A 64 AA 55 A9 C7 A4 50 21 E4 AF
00016930  78 29 8C A8 1E 16 3A 2D C2 1A BA AB 7C A9 60 2E
00016940  93 A6 8D 2A 78 AC 0C 22 D8 9F 08 AB 36 AD B4 2A
00016950  BF A4 08 28 D4 15 10 A8 32 A1 01 A3 84 28 67 2B
00016960  D0 2A 20 9E 6D A3 21 A7 95 9A 3B A3 AC 28 44 A2
00016970  71 28 36 A5 5C A7 AC 28 0C 2B 2E 2F 8A 2E 50 A8
00016980  1B 95 7A 25 EF A0 4A 26 36 2B 78 2C 45 A8 6D A3
00016990  FB 2D F7 AB BA 9B 15 AC 83 2C B5 AC DD A4 2D A6
000169A0  90 A2 6A A6 65 27 A7 AC 0F 25 E9 2E 2A 24 5B 2A
000169B0  8D 20 3A 28 51 92 82 9C 0F A1 A9 A1 5D 28 5E A6
000169C0  CE A9 6E AC FC 9F EE A4 5E A2 DA 1F C3 21 1F 1E
000169D0  41 9E AF A3 66 27 27 1C 87 9C D5 A4 9C 27 23 A3
000169E0  41 24 66 A3 49 9C 7B 25 05 9F 0B 9C 65 1E 5A 24
000169F0  DA 11 3F 1A 14 A4 0E 28 7B 96 17 20 54 A2 E5 1F
00016A00  CF 20 76 A5 7E 99 0D 19 16 9E C8 26 D2 19 F8 96
00016A10  A2 A2 11 A8 5E 23 4E A4 36 20 22 A3 BB 22 29 9F
00016A20  9D 9F B1 1B 71 9E D9 A7 77 91 D5 A0 7D A3 D3 22
00016A30  21 98 71 9D B8 A2 85 A4 30 98 D9 25 4B 98 22 A4
00016A40  FD 1F 71 1F E8 A2 E0 23 A6 A3 84 13 56 19 1D A8
00016A50  41 1A 4D 1E AC A4 B6 1F 3C 1D 68 28 7F 9A ED 20
00016A60  B7 13 96 A3 61 A2 C4 AA AB 9F FE 98 B0 8C 91 21
00016A70  C9 24 20 9C AE A8 14 23 78 21 53 1B 89 99 48 9E
00016A80  E2 23 26 20 E9 26 6A 21 B5 2A BB A4 8C 24 9C AA
00016A90  15 1B EE 29 33 AD FD 2C 1C A3 09 2A 43 A8 BF 1C
00016AA0  86 A0 AC 2E 76 A8 20 26 51 1A B0 2B 20 1B E5 21
00016AB0  A8 28 E9 A8 E4 20 15 2B 44 2A 85 13 1B AC 43 2E
00016AC0  31 A0 F3 1C 3F 9D B5 27 1C 2A AE A6 6C AB DD A0
00016AD0  30 18 53 AB 11 21 B9 28 3A A2 75 A8 E1 24 53 1B
00016AE0  7D A5 CE A5 84 A2 C0 AB BE A5 B8 28 55 2C C1 0C
00016AF0  2B 90 1B 28 FB 1F 97 A2 51 1C 1A 2E C9 9D 64 25
00016B00  7E 1C 86 0C 4B 24 6F 21 81 24 C6 2C 30 1F A8 AC
00016B10  54 A0 68 AA BD 27 71 AC 5C 10 64 A5 40 9F CF A5
00016B20  A4 A4 ED A1 98 A6 B0 23 CD 21 51 A5 FF AC A9 A8
00016B30  FC 9F C5 20 D7 22 C6 A9 81 25 B9 AD 52 29 D4 94
00016B40  F4 9F 52 2C 97 24 16 24 B3 A8 A0 20 32 29 43 15
00016B50  9D 20 B4 A6 E4 23 A1 1C 79 98 45 A8 0A 9E 1F 9E
00016B60  8C A9 B2 19 DE A3 42 A3 77 26 91 26 19 1F 74 A8
00016B70  C4 20 43 A7 A7 2A F4 A0 83 2A 4B A5 AF A3 3E A5
00016B80  1E A4 EC 1E 90 20 DD A9 68 24 04 29 F5 1E 51 22
00016B90  FF 19 17 9D 04 A5 D4 A3 9A 9A 5C A4 07 25 3F A6
00016BA0  31 20 BF 12 2F 94 C6 24 99 0D 36 A1 87 26 0D A4
00016BB0  ED AB 52 A2 D4 A1 7E A4 61 10 13 26 D0 A0 89 23
00016BC0  2F 29 20 25 A9 21 AC 1F 2C 28 73 28 8F 27 E1 2E
00016BD0  89 26 FC 24 B3 9F A3 29 DF A3 35 9E AF A6 55 9E
00016BE0  BE 9C 50 A6 1A AC FF 9D C4 A7 C5 AA 08 A0 78 1C
00016BF0  AD A6 10 24 30 21 EC AC 6D A8 E7 27 29 2B 49 A0
00016C00  4B A4 F8 26 14 AC 33 99 21 28 DB A4 0F 18 A8 A9
00016C10  7F A2 1C AA 8D A0 73 A9 B8 24 9C A8 57 1E 3A 9F
00016C20  82 AB 2F A1 33 24 1E 2E DF A5 61 27 46 9F 59 29
00016C30  B8 A5 A0 A8 02 A8 2B A4 30 28 0F A5 6F 9C FC A6
00016C40  20 25 6A 29 9E A5 3E A8 CF 9D F4 24 09 28 26 1C
00016C50  A7 1C 7D 29 60 26 4C A3 F0 A0 72 A4 42 1E F6 A5
00016C60  B5 A4 D5 A0 7B 14 12 9E D4 29 02 08 0A AC E4 A1
00016C70  80 15 BF 28 4A 2C 49 A4 1D 25 E0 1B B0 A8 1C 29
00016C80  88 2B 01 24 A5 25 92 98 41 2E D8 A7 F2 24 10 21
00016C90  3E 2E 17 23 1F 18 5F A8 36 A5 3B A0 D8 25 3D 26
00016CA0  93 A9 AF 2B 4A A6 5C 2E 0D A1 1D AD 1E 28 1D 28
00016CB0  AA 26 16 24 12 AC 6E 27 85 A4 72 A9 90 24 10 A2
00016CC0  E6 10 A2 A5 A2 90 AD AC E7 24 9D A8 02 92 4D 24
00016CD0  90 27 47 A4 27 27 44 1B A1 95 FA A6 F5 91 0F 22
00016CE0  A1 A1 15 24 74 96 16 26 77 AC 49 9C D5 21 99 A3
00016CF0  CC 29 CC 1F 0C 9D 42 28 07 28 1A A8 F5 A3 C6 24
00016D00  39 1D C7 A1 6B 24 40 2A 4D 17 DF A0 E3 26 E1 A7
00016D10  32 A7 AD A8 B7 25 19 21 07 19 A1 1C DB A8 FE A7
00016D20  26 AA B4 A9 EA A1 3B A9 8E A0 8F 24 49 A3 E5 27
00016D30  44 25 94 9F 13 1A F7 9F 8E 1C E1 28 CB A9 F9 22
00016D40  29 26 D1 28 FD 1B B9 22 1F 25 8F 99 8F A8 AC A2
00016D50  73 8C BD 28 89 1D 92 28 B9 25 A8 27 15 A4 4A A1
00016D60  27 A4 F0 A8 32 A9 75 23 DC A8 97 29 0F A7 AB A4
00016D70  98 9D 3A 25 71 1C 5F 95 46 A5 10 25 99 26 98 1D
00016D80  5A 9D 3D 21 5A A7 28 A6 AD A8 B2 AA 98 28 EA 9A
00016D90  17 96 EB A4 7E 27 93 29 8E 9E 60 A8 4B 22 40 9F
00016DA0  E3 26 4E 29 F3 A4 76 A6 68 24 A3 25 08 1A 4B 1E
00016DB0  98 22 DA AB A5 AA 95 2B F3 27 2C 2B CB A6 03 AB
00016DC0  62 2C 2F A4 FF AB 8E 2C CE A5 1D 27 21 20 FA 2B
00016DD0  91 24 E2 2A 42 25 85 2A 7D A5 29 23 D1 23 26 18
00016DE0  46 9B 1E 28 98 1D 7F A9 39 A7 6D 2B E6 22 7C 29
00016DF0  C6 24 74 A5 A7 1D AF A5 1F A5 01 A3 D4 A5 72 24
00016E00  5E A4 16 2C C5 2B 03 2D AA 2D 73 2C 2E A3 97 A5
00016E10  40 AF 4D A6 A3 21 58 9C 0F A9 B8 21 C6 AA D6 9F
00016E20  F9 A5 AB A7 5A AA A9 1C AE 22 A5 9B EA 9E A0 AB
00016E30  44 1B 07 AB 39 28 4D AD 12 30 87 2D 5A 28 55 26
00016E40  7E 29 86 A3 EB A7 BA AB 1F AC 8B A3 25 1E 2C A5
00016E50  74 19 8B A8 59 26 81 A7 9F A0 51 21 38 AC 06 A7
00016E60  5B AB B9 A4 82 A5 EA 28 CD 21 2A A7 09 2D BF 1E
00016E70  1A A4 9B 28 14 24 44 A8 0B 24 B4 A9 BA A4 19 1D
00016E80  00 AA A6 A6 51 24 27 2A FC A3 95 27 7D 21 D4 1C
00016E90  30 23 9A 26 62 27 3C 9C F5 27 DF A4 32 9E 7A 28
00016EA0  37 A1 F3 A0 E1 A3 E5 29 0A A6 BF A0 8E 28 51 AB
00016EB0  A6 22 9C 21 0D A6 65 26 9E 25 65 AD 56 A9 45 24
00016EC0  36 25 BC 2A 7E A5 79 2C C7 25 76 AC C5 23 AE A6
00016ED0  DB 2B C9 A4 54 B0 2D 27 93 A8 F0 A7 2A 1D 4E A9
00016EE0  C7 2A AA 28 8D 1F FB A9 69 A3 15 2D 6E AC B8 92
00016EF0  50 2C ED A5 45 2B 85 99 5A A5 91 AA A4 20 68 2C
00016F00  AE A2 FD A9 07 1A 51 27 65 9A 38 20 C8 A2 12 1B
00016F10  D0 23 B1 1F 79 25 7F 9F 06 9D 11 1E 1C 22 05 A1
00016F20  DC 23 4C A3 CE 90 DB 23 DC A4 59 29 E5 20 85 2C
00016F30  15 24 30 18 1E 1A 2A 21 8D 9B 19 21 41 24 FF A1
00016F40  6B A1 AF 1D 61 1D D7 23 CC A4 64 11 9D 19 07 1B
00016F50  BE A4 11 A2 83 A1 67 A0 C7 1C BF A4 C1 A1 BF A8
00016F60  0C 24 1D 22 E9 A3 66 17 AD 28 99 1C 9C 1B 07 A5
00016F70  D2 22 60 9B 38 9E BA A4 5F A1 B4 24 BE 21 63 25
00016F80  F4 A2 96 1A A2 1B FA 23 1E AA A4 25 67 1D C7 A2
00016F90  81 A4 78 A0 63 A6 47 A5 43 26 76 9F 1E 24 37 25
00016FA0  B7 1F 04 25 AF A0 D4 A5 34 20 18 A3 34 A4 2A 99
00016FB0  EF 27 E5 1D 09 1D 99 A8 E4 A2 6E 9D D0 22 F1 9E
00016FC0  6D 9C 32 1D 84 20 CA AB C0 A5 D1 A0 BF 23 46 22
00016FD0  71 A1 5B 25 8A A3 86 2A 32 14 B2 A1 85 23 2D 24
00016FE0  CC A1 2A 27 AD 1D 0C A2 69 2A 03 A1 62 A0 FF 28
00016FF0  EB A8 80 24 48 21 50 97 DD A3 E8 9B 66 1A 51 A4
00017000  B4 21 4A AD D2 A4 5A A9 11 A8 30 24 26 22 14 A1
00017010  46 A3 1D A6 38 20 14 98 2F 23 89 21 B4 20 4D 24
00017020  EE A0 EE 19 D1 21 E0 A5 55 A5 A6 26 07 27 96 22
00017030  A4 20 B4 25 D1 A4 6C 94 D5 A2 CB A2 B9 A0 A8 1B
00017040  E7 1D 34 21 C9 21 C3 13 15 28 75 21 E3 A5 4B 1D
00017050  DF A6 61 AB 72 29 0B 28 AE 20 ED 2A C7 AB A7 A7
00017060  19 28 DA A5 25 2B 44 29 C9 A9 43 2A 15 14 56 9C
00017070  F4 1F DE AB 4A 23 BF A8 E7 24 C4 24 84 26 7C 2C
00017080  A1 A8 B4 20 A7 A1 90 22 0C 1F 4F 24 28 27 82 99
00017090  1E A5 86 A3 4E A0 7D 25 AD 1C D3 23 4A 25 F6 14
000170A0  5F A1 8C A3 4E 24 30 22 65 24 88 17 BF 22 C9 26
000170B0  5D A6 A0 1F 0E 96 A0 A9 78 20 9E A3 9F A6 1C 17
000170C0  9D 22 FB 25 7C 10 3B A7 31 1D 69 15 EF 1D 13 9F
000170D0  2C A6 47 1F E8 A1 A1 A2 4A 1D 7A A4 55 29 A5 11
000170E0  97 1C AE 1C 0D 9C 2A A6 5A 1F 6A 15 2C 1C DB 99
000170F0  01 95 C0 14 49 A7 A4 A2 FD 00 46 21 89 1E 30 28
00017100  25 A5 62 21 30 29 09 14 67 23 A8 A5 C1 A4 84 29
00017110  48 9F EF A6 30 25 7E 22 62 1C 28 24 CD 21 B8 9A
00017120  D8 1B 9A 9A 87 24 F8 27 A4 A0 55 24 6C 20 6F A6
00017130  C0 14 B0 9D CE A3 9E 28 33 A6 0F 2C DD 1F 0A 24
00017140  A9 A2 87 A3 E5 1C 26 A9 30 A6 67 14 24 16 8D 2A
00017150  0E 22 86 27 2D 27 31 A5 64 19 78 A4 06 A3 66 29
00017160  72 9C 75 A1 CA A8 59 A0 23 1F 78 1B 2C A6 90 23
00017170  8A 23 17 22 23 AB 0E 2A 7C 27 72 23 2B A9 1B 9A
00017180  DB A1 8C 24 4B 1C 3B 2A 91 12 31 29 F9 9A 6D 23
00017190  5D 18 AC 24 23 A0 3F A2 86 A8 01 9A FA 28 3A AA
000171A0  4F A4 57 A1 78 15 05 A7 4D 1C AD 1F 91 94 45 27
000171B0  E5 1E 72 A5 FE A4 FA 28 3E 22 AC A9 F9 1A 80 21
000171C0  CD 29 9A 28 03 26 DB 22 7D A9 52 29 CF A5 0B A4
000171D0  FA A9 94 29 44 24 D8 93 64 21 08 29 59 A7 50 A2
000171E0  1D 18 DB A9 09 A8 C6 A0 E8 9F 61 28 25 A0 29 15
000171F0  48 AA CB A6 D5 24 50 14 D6 A2 DE 20 0E 28 51 29
00017200  72 A6 02 95 A9 A6 88 A6 7D 24 17 1E BA 1F 42 AD
00017210  A5 A8 37 28 D4 22 B1 28 69 1A D8 AB E5 21 3A 24
00017220  0B A9 FC 23 59 29 21 2C AE 21 22 AA A2 2B D2 2B
00017230  1C A0 8C AC 54 AB 04 B1 07 A5 33 9B 0B 1E 11 2D
00017240  59 1C A4 25 D8 A8 48 A8 27 29 A8 AC 9E A8 93 2A
00017250  46 1A 27 A6 A3 A1 18 9A C2 9F D9 26 25 AE 22 A9
00017260  9B 26 E8 A0 57 A1 90 9B 3A AC B5 2B F6 2A 67 24
00017270  61 AD 3F 2A 45 A5 2A AA 0C 27 F7 A5 06 23 52 20
00017280  52 2A 4E 2C 18 AE 36 21 68 20 4F 2D BF A0 9B 2B
00017290  11 22 17 21 B5 28 39 2C 34 B0 2B A6 39 2C 66 21
000172A0  80 2C E8 1A 2C 2B E0 A0 95 32 06 A0 71 2B D5 A2
000172B0  4A 23 F1 A8 B4 2A 45 AE B4 A5 DD 22 7E 29 60 1F
000172C0  FF AB 42 2D A7 A8 CA 2C BC AA 78 A4 6B 27 B8 A4
000172D0  4F 24 C6 24 EA AB 39 28 C7 20 AD A3 1C 2C EB 2A
000172E0  92 2E 80 2D A1 28 82 1F 4F 24 46 23 2D A5 08 A9
000172F0  CF 29 99 9E 64 28 A4 A1 66 2D F7 9D AD 20 24 2D
00017300  86 1C 4C AA 14 A8 FA 28 88 A9 09 2A 59 A4 FE A5
00017310  F6 A5 16 B0 91 27 8E A7 7B A4 A2 23 3F 2B 71 26
00017320  18 AF 8A A3 56 27 0B A9 BB AD AC 9C 37 87 59 AA
00017330  9A 96 E1 29 AF 23 40 A8 D3 29 61 B0 3B 1C 11 2A
00017340  0E A8 E0 23 51 A4 CE A7 C3 9A 7F B2 42 A4 A5 A5
00017350  8F 2B 67 AD 56 AC 24 20 6D A9 58 A8 22 2D 7B A7
00017360  63 18 EE 9D D4 AD C8 27 10 23 3C A9 3A 11 52 AC
00017370  D1 2E 79 27 BF A8 84 A5 99 99 10 A8 C5 27 17 AB
00017380  3C 26 EF AA A7 9D 34 AA 63 1E C6 A2 7A A3 1F 20
00017390  5F A7 82 21 85 A8 9D A8 62 A0 FF 28 E0 9A 9C 9D
000173A0  BB 2D DD 1A 2D 1D A2 23 17 1C CA 26 01 1D B3 8D
000173B0  FE 93 82 21 01 9E 82 AA 41 25 04 30 1C A9 ED 95
000173C0  CD 20 64 20 13 25 67 28 2D 24 19 21 1E A5 B9 A0
000173D0  B0 A5 25 A8 D6 16 D3 A0 B1 24 53 96 26 AA 89 28
000173E0  66 A2 3C A4 0E 25 CF A5 48 27 3C AA 55 28 63 28
000173F0  A6 17 43 1D 83 A8 2B 9C A6 98 F7 AA ED A5 BB A3
00017400  90 25 96 26 48 8E 43 A8 5C 9F F7 A5 7E 11 9D 1F
00017410  DD AB E8 28 3F A4 CD 23 69 20 3E 22 9C 18 C5 21
00017420  FB 29 0F 29 AB 2D CC AD 80 24 48 8C FB 9E C0 1C
00017430  AB 20 10 A6 90 1F 1D 2E C6 1A 17 A0 D6 A2 63 24
00017440  A7 99 FF 26 28 A5 16 A4 4B AC EA A2 65 A5 87 23
00017450  37 A9 E9 2B C8 22 56 A7 54 1D CD A0 70 25 0E A5
00017460  8B 96 54 18 8A 26 5A 24 0D 2A AC A9 7E A8 DC 27
00017470  00 26 D6 22 3C 1E 3D AA F2 24 0E 26 CD 25 EC 29
00017480  FE 25 B5 A9 15 24 11 A8 32 26 5F 0D CB 26 7D 2A
00017490  51 1E B3 A5 DA 27 D2 26 D5 A0 71 28 8B 26 52 1E
000174A0  30 A1 0D 9E 93 A9 BD 27 65 A8 ED A6 A1 90 EE A4
000174B0  84 AA 80 23 BA 25 8B AA 20 28 BA A4 DF 91 A3 AB
000174C0  0D A9 4D A9 47 A4 8A 20 79 A2 A5 A8 41 9C 11 A9
000174D0  B7 9C AD 9E 5C A6 47 29 D6 A4 71 9C CA 28 47 A3
000174E0  29 2C A6 23 6D AA 48 28 34 2A 3C AB 7F A8 A9 A4
000174F0  E1 1F B6 24 B4 AB DE A5 F3 8E 29 2C AD AE 93 2A
00017500  5C 2A 5E 2D CD 1D F5 18 C3 A5 26 A0 BB A1 F3 1C
00017510  0B 1B C1 9E 9D 24 26 A1 3B A3 91 A5 91 99 9C 1E
00017520  FB 9E B6 A1 37 99 88 1C C9 A1 26 9E 12 A1 B0 19
00017530  AB 20 33 9D 40 22 11 21 4E 9E 33 20 D8 95 99 24
00017540  A1 91 C8 21 D6 A3 BD 24 DB 23 92 18 48 11 21 9C
00017550  83 9C 08 A4 84 24 B1 9C AC A0 45 A4 6A 94 E2 9E
00017560  15 0A 08 1A CA 9D 42 21 B0 22 0D 26 8B 15 1C 21
00017570  40 9C 55 9A D2 9F AC A1 A0 1B 6A 23 36 9D 19 20
00017580  D9 9D 50 1D E6 9C BD 21 A1 A6 6A 20 FE 94 84 A0
00017590  29 A2 E5 21 07 A4 09 18 F8 21 15 1E F3 22 30 1B
000175A0  69 07 C6 A0 51 92 69 A4 4C 20 C8 A0 03 9B 4F 1A
000175B0  4C 24 21 99 35 A4 70 A1 80 1C 1F A5 A5 06 E2 A2
000175C0  28 20 8C 92 37 28 29 25 38 A8 FB 20 E2 A8 49 A8
000175D0  76 9F 04 A7 21 29 9D AB AE A4 C5 A4 30 A6 77 AA
000175E0  27 29 F1 A5 BD 25 7C A6 47 9E E1 A8 64 A4 84 A0
000175F0  3F 28 77 1E 4F 2C 37 A5 BC 26 17 A1 F1 1D EA A0
00017600  B8 A5 A9 25 F3 9C DF 20 19 22 FA A8 83 A6 CD A4
00017610  01 A8 4A 25 D4 A5 9F 25 29 25 79 1F 89 27 1A 28
00017620  10 2A 67 A6 F5 AA 6F 25 95 A9 25 9D 04 A4 8A 1A
00017630  83 21 A9 2B F7 A4 0C 0F 12 22 BC 29 FA 9F 28 29
00017640  85 27 78 1D C6 1C 30 1C 94 2C D7 A6 14 24 1E AC
00017650  5B AC EC A6 F9 A7 9F 9D 7A 9C 74 A8 9E 20 7A A7
00017660  79 20 47 2B AB A8 57 2B 5D 20 7B A8 A0 A0 B4 AA
00017670  8E 25 28 A6 67 20 62 94 12 28 57 29 93 27 20 2C
00017680  F6 28 F5 28 26 1C 63 AB 07 25 6C AB 46 22 05 21
00017690  FB 22 67 29 4B 29 5B A7 94 25 DB 28 36 AB CF A3
000176A0  8D 2C 51 27 11 2A B3 2A 63 9A 01 28 C8 A5 ED 1B
000176B0  1B 26 9D 24 4E 2B 84 AB 53 22 08 1F 71 2A 5A A2
000176C0  2A 21 14 AD F2 2C 0E 21 9A 21 EB 28 9C A8 1C AC
000176D0  47 1F 14 2D C9 AB 95 0F B2 A5 8A 28 35 26 E2 A1
000176E0  5C A7 FC 21 40 9F 16 A0 9C AA 95 2D 3B 98 40 22
000176F0  7B 2E C3 23 A2 1A A9 2D CD 22 D9 26 61 A7 4F A3
00017700  F4 AD 43 AD 1B 9F 0E 24 47 A6 AA 2C 34 02 D0 A8
00017710  18 AC A6 2C 36 AD 5D 1F AD A7 2D AD 0E AC 25 10
00017720  98 A5 57 AE E4 AC 0E 30 82 A2 6C 24 B3 A1 D5 A7
00017730  68 B0 51 A7 CC 32 61 AC 0D A6 03 2C 33 2B 4B 29
00017740  9F AB 52 A6 13 26 94 A2 0D 30 89 14 EC 28 8C 2C
00017750  E7 A7 84 AC FB A8 76 2A 5A 1F 37 1C 7D 18 45 2C
00017760  6A 30 D3 28 65 0E 92 1F B0 2C 23 2D 5B AA 4D 22
00017770  4B 28 B7 12 D8 9E 19 2D B9 A0 51 A0 0F A2 41 A3
00017780  FA 2C 9B A7 93 30 31 AA 50 A8 29 29 9C A0 72 A2
00017790  5F A5 96 27 01 A1 02 A7 04 A4 95 1C 31 1F DA 23
000177A0  B5 A2 73 A8 E2 A8 7B 28 20 24 0F A3 F1 22 A4 2E
000177B0  10 2C 96 29 4B A4 AA 2B FE 9A 0E AD 14 25 7C 2F
000177C0  7E A6 62 9C 21 AA 0F A5 79 A9 9F 2B 18 30 CD 1D
000177D0  0D 9E 0F 20 FF 2C 84 29 81 2A 1A AE 43 9E 38 AD
000177E0  85 28 9A 22 C0 2B D3 30 B7 1E B2 B0 D6 AD D6 A9
000177F0  0A 28 5B AA AE AB 14 B2 27 AC 6E 2C 25 25 6A 1F
00017800  42 AC 20 2C 2C 25 BE AB EF 28 E0 96 B8 9B 56 2A
00017810  8B A5 A4 A4 82 2A 39 8A 62 1A 0D A4 2E 19 37 28
00017820  73 26 07 98 74 20 60 A7 1C 22 7B 2C 14 28 4E AC
00017830  40 A8 13 29 BD A2 FB 9B 79 23 58 28 AA AE 53 2A
00017840  9A 24 55 28 F8 24 28 B0 83 24 A3 29 7A 2A C0 20
00017850  1B 1C 95 A3 FA 24 5F 9B 0D 21 B9 AA 65 AC 98 A6
00017860  72 A7 01 A1 B2 A7 36 A5 7F 28 D9 AB 5B 1C 64 28
00017870  58 20 09 2A 1E 25 0D AA CC 23 05 1C 4D 23 AB 25
00017880  78 26 B1 A4 6F A1 6B 29 15 26 90 AA 64 22 29 A9
00017890  ED A2 7F 2C D1 1C 96 AC 27 28 EC 27 A1 29 35 9E
000178A0  BA 29 DB AB 81 AD D4 A7 24 2A 40 A8 35 9A 08 AA
000178B0  22 2B 2B 27 AE 23 19 2C 65 9B A5 2E 2B AD B4 9F
000178C0  A8 9E 5C A5 66 22 7F A2 EA AC DA A5 52 22 60 28
000178D0  A7 A1 69 A2 97 2A 19 20 7F 17 02 2E A1 A9 59 9E
000178E0  E0 2C 81 2D 77 24 9B A8 4E 09 B9 26 A6 2B 36 24
000178F0  62 24 50 A9 EC 24 7E A6 0A A1 B1 A6 25 2C 6C 9E
00017900  93 2C A2 A4 16 A2 CD AE 2B B3 55 2C 7E 9D 6F 27
00017910  3C 1B 1F 9F 14 1C AF A7 B2 A0 74 A9 34 AE 1D 2C
00017920  6A A7 64 AC 4B A4 14 1A 87 A4 A9 A6 06 2C 61 2A
00017930  81 25 77 A5 CB 22 31 A6 0D 1F FD 99 F0 26 80 26
00017940  C6 A0 79 22 07 A3 60 A3 6B AD E9 AD 09 29 3F 29
00017950  74 25 D4 A5 71 2D BD 1B FE 2B C0 14 D8 25 0A AD
00017960  98 2F C9 2A 91 26 EA A7 5F A8 3F AD 1A AC 43 AA
00017970  3C 28 54 28 5C 9D CF AF B4 AB 90 AB C8 25 42 A9
00017980  52 29 7C AB 14 A0 F6 A8 C9 9E AE 23 31 A1 96 A2
00017990  AC A4 C6 A8 26 29 E3 A4 18 1C 22 AB 84 08 68 2C
000179A0  E4 AF 05 A7 05 A7 53 A3 70 1E 16 A7 1B 25 D7 26
000179B0  12 9A 84 25 5F 92 40 24 22 26 2A 24 19 20 36 A8
000179C0  86 A4 E4 22 03 A5 15 A3 E2 27 46 21 5C 22 8C 22
000179D0  09 9B C0 A6 16 A4 C8 29 A0 A5 3A 22 3D A6 60 21
000179E0  4C A8 22 A6 D2 A0 93 AC C1 A8 5C 1F 77 A6 34 A6
000179F0  0F A5 3D 22 16 A1 5C 22 7B 21 E1 28 7F A9 2C A5
00017A00  88 26 6B 2D 81 21 6D 28 7E 26 02 29 19 A1 61 2C
00017A10  77 A8 40 1C 1F 28 41 9E 33 23 AE 2B BF A6 D0 24
00017A20  FC 9F 92 A9 56 25 65 A4 62 99 CB 28 9B 25 FF 95
00017A30  FF AA 7E A5 53 25 56 2A 5C 2B 09 A8 63 25 48 A3
00017A40  4E 26 12 2B 73 95 90 2F FB 98 D4 A5 16 AA 6A A7
00017A50  78 A1 70 AB 52 AC 37 AA 4F A3 6F 29 A1 1E 39 29
00017A60  A6 A0 5D A4 9F 98 9D 87 25 28 0E 20 53 A4 C3 29
00017A70  D5 24 19 24 62 A3 F7 9A 92 24 D7 28 55 23 1F A7
00017A80  55 9A 55 19 80 19 0C 2A D4 A2 E5 AA 7C A4 D4 24
00017A90  90 A2 D3 A8 72 A8 A2 2B 00 9E 9D A4 02 29 1E A3
00017AA0  2C AA 6E 28 AE A9 FA A4 45 23 B0 28 5D 29 0E AC
00017AB0  34 24 2A 2C 68 A3 FE A5 D7 1E 5C 2D 9A 27 F7 29
00017AC0  59 A9 28 23 F4 24 95 A6 D1 29 76 A8 02 9A 61 99
00017AD0  2E 2F E2 98 86 24 6B A3 84 1E AE A7 FD 27 DB 29
00017AE0  C8 2C 43 1D 31 A4 65 2A FA A1 CD A5 77 20 16 29
00017AF0  A9 2E 4F A8 14 2C B9 A0 27 AB FE AC 4D A1 C1 26
00017B00  62 A4 52 24 F2 A4 77 A7 90 29 DD 9D 24 A7 D2 AC
00017B10  F4 AB C9 25 65 28 2E 27 4C 20 C4 A9 EB 2C 03 9D
00017B20  FC AA F7 A5 7E 21 9D AB D5 96 D4 A4 53 2A B3 A6
00017B30  F1 A6 9F A7 CC 9F FF 2A 08 29 7F 2B C1 9C A3 22
00017B40  A5 AB D6 24 40 1A F3 20 46 26 13 2A 7F A8 1F B2
00017B50  F9 A2 9C AD CE A1 C1 25 DC 24 FF A7 5E 27 92 AA
00017B60  75 24 0C 13 BE 23 49 A6 36 A4 C5 A9 64 28 DB 1C
00017B70  63 24 AA 1F 36 A9 1E 24 70 8D 23 2E DF 28 95 16
00017B80  A3 86 77 29 84 28 AE A9 76 A8 D5 B0 AF 28 04 A4
00017B90  C2 28 4B AA FA 25 3F A4 C8 A6 F8 2B A3 1E DF 9F
00017BA0  4B 22 BC 28 AA 21 D7 20 06 1E 8A AC 35 23 2C 21
00017BB0  18 2A 45 A3 01 B0 36 2F 43 2A CA 26 B7 2C 17 1E
00017BC0  99 A7 44 27 84 A3 A4 25 1A 9B F3 8D A9 22 8F 9D
00017BD0  EE 19 35 A3 8B 29 A7 A6 05 18 D1 AB AC A3 D6 9A
00017BE0  70 A0 4B 1E 8C 20 05 A4 9D 1E 24 0A 10 A3 05 A9
00017BF0  22 A0 C6 9E 16 1D 2B 26 6E 1A DC A9 71 12 E8 A6
00017C00  D3 1F 23 A4 88 98 41 23 A0 22 3F A5 22 24 8D 20
00017C10  52 AA 75 A0 35 20 F4 A2 13 86 76 23 C4 28 25 A4
00017C20  5C A3 17 1F 68 22 58 0F 8D 21 0D 22 EB 22 33 23
00017C30  F0 26 13 A3 3F A0 91 16 F4 28 B4 2A 2D AC 6D 9D
00017C40  B3 1C E2 A2 53 9D 3B 1C 8A A0 00 26 6C A9 66 26
00017C50  F5 20 BD 98 A7 A6 EE A1 30 20 37 24 73 29 16 1F
00017C60  40 20 B4 A2 C8 20 12 A4 38 28 33 A5 54 9F D4 9F
00017C70  CA A1 8F 28 88 9F 25 A3 52 9C A4 A4 EA 29 43 A2
00017C80  BD 98 1D 18 0A A8 E4 2A A4 AD 1A 27 40 AD B1 A6
00017C90  1E 2A 29 A4 EA A5 26 A5 82 1A 88 A8 7D 8D 09 AC
00017CA0  00 AE EB 20 0A A9 FA 22 83 2A 57 A9 A4 A4 29 2A
00017CB0  FA 93 DC 23 BA 99 C3 A6 5F A7 39 27 D7 2C FB 9E
00017CC0  65 A7 81 A9 A9 27 8E A8 44 A4 3C 25 FB 24 3E 9A
00017CD0  C0 9C 1B B1 85 26 6F A3 34 9A 6F 2C 4F 2C 6C 29
00017CE0  CC A9 76 A4 88 A9 B0 27 C3 9D 48 29 1E A1 2E AA
00017CF0  6C A9 52 A7 BF 27 64 22 32 27 99 2A B5 A5 5C A4
00017D00  AC A9 0D A6 74 1D 3A A9 0B A2 D6 9E E7 AD 22 21
00017D10  FE 2A CF 9A E1 B1 5A A5 00 A8 CB A5 DD 29 96 AA
00017D20  9E 28 F4 AA A7 AB 21 AE 16 90 AA 28 B3 A4 60 28
00017D30  6B 30 13 1A D8 AD 01 AF 01 1A C2 A5 E0 A1 61 26
00017D40  07 2F 72 A7 E2 1E F0 A9 20 A2 28 A7 6B 27 F8 30
00017D50  9D A4 9B 2B 62 AE AC A8 B5 19 68 28 84 A4 A1 9F
00017D60  33 32 AA 26 6B 96 33 2C 2E 9D 55 A5 48 AB 4A AF
00017D70  86 A5 DD AF 21 25 E3 31 A5 23 64 2A 97 AC D1 2C
00017D80  F9 A2 57 AE C1 98 86 2D 6C AA 2A A7 C1 27 A6 23
00017D90  8C 99 92 23 48 A6 B1 A5 67 A2 40 2C E6 1E 01 2F
00017DA0  EA A2 7D A0 DA A8 17 20 4B 29 72 A8 50 AF A2 A0
00017DB0  F1 27 DC 1C 84 AC 21 B0 9A A1 7D 1E BE AC 0D 9E
00017DC0  78 AA 96 AD FF 24 49 A9 18 A4 FE 2B 1D A3 B9 24
00017DD0  81 AF 64 AE F9 24 DD A5 D6 A6 E2 AC 26 A1 DD A8
00017DE0  0F A6 08 AF 3A 24 64 2E 5C A1 0C 9F 5E 1D B5 2D
00017DF0  47 26 3E A3 8B 30 44 28 71 A0 7C 2D 79 A3 77 AB
00017E00  EC A9 E0 AF 3C A8 A0 24 CA 21 61 23 08 21 43 A7
00017E10  80 1F 20 1F 15 27 BB 20 82 18 48 A9 C6 24 97 A8
00017E20  87 AB A6 99 FC A8 C0 1D 1D 21 2D 1F 7B 9C 04 22
00017E30  21 26 52 A7 DF 9E F2 1B 71 A4 6D 22 7E AB 08 A2
00017E40  22 A1 7B 95 17 A4 7B 2B 23 9D BC A7 48 25 DE 1B
00017E50  90 98 47 A6 F3 A0 36 AE F5 9D 35 25 48 A9 E1 24
00017E60  F4 A4 BC 9D FD A2 10 1A BF 9F 25 21 02 AB 13 A0
00017E70  AD 26 CD 28 26 20 4F 21 71 A0 37 24 21 A4 1C A6
00017E80  3B 24 B2 A0 5B 24 B6 24 D8 A2 31 1C 53 9C B4 A5
00017E90  64 20 92 28 B8 A5 F4 A2 1F A2 0D 99 12 A8 0D 27
00017EA0  F4 A7 FD 99 A9 A9 DE 2A E2 A9 E7 1D 93 9D CE 29
00017EB0  F3 AA CF A2 2B 24 2B AE 31 24 2C AA 9A 25 BC 27
00017EC0  32 9E C8 1D 5C 9E 8C AC EB A4 D6 A4 A2 20 D8 AA
00017ED0  D5 26 BD AB 30 2B D6 24 CB A2 3D AB 54 AB 70 17
00017EE0  80 9F 90 A4 6C A4 60 29 5C A4 BC 1C 56 20 04 A7
00017EF0  11 28 7C AA C1 22 90 21 61 A5 89 A0 78 1F B5 A6
00017F00  6E A0 B6 A6 33 9F C4 2A EF 24 71 AA C9 1E 47 9C
00017F10  FF 1C 67 25 7E 25 38 A2 1B A8 20 21 74 A9 80 28
00017F20  7B 8C 63 A1 47 A2 37 29 9A 21 FF 29 7E A6 66 27
00017F30  CB A9 CF 1A C2 22 8E 29 5F A2 E9 28 F8 A4 18 25
00017F40  4A A6 B3 26 0F A0 43 26 93 2D 9A 23 35 AB 40 A2
00017F50  19 A6 81 A1 57 A8 49 24 7C A4 FF 1D DD A1 85 A9
00017F60  FA A9 E9 A8 EE A4 96 24 EF AB A5 2C AE 08 83 AC
00017F70  3B A9 CC 26 8C 25 19 A4 85 9C 00 A3 E0 28 53 97
00017F80  E3 22 8C A0 59 24 AB AA B9 28 0A 24 D4 98 F6 AD
00017F90  F9 1E 7A AB 29 B0 DE 2A 51 9B D6 10 3A 24 25 A5
00017FA0  F0 A1 9D A7 67 21 08 AB 5C 20 AD A5 4F 2F 4E 25
00017FB0  69 29 31 A0 11 29 3F AE 18 94 FA AC E6 9E 26 A0
00017FC0  60 9F F9 29 9F 21 9E A7 48 16 19 AA 7E 27 8A A3
00017FD0  85 A2 12 94 86 26 84 28 01 1D D7 2C B3 2A B0 AB
00017FE0  AF 9C 65 1F 12 A7 18 AD 15 A0 7E 29 B3 A2 2E 1F
00017FF0  84 9E 37 A8 1E A4 97 A8 E9 1F 06 A3 84 AB F9 26
00018000  F5 28 16 8D 2C 28 EB 2C 6F A9 5B 2C BD 18 31 A6
00018010  00 29 01 A5 AE A8 0A AA FD A8 D6 80 4E A0 F0 24
00018020  55 9E 93 28 C1 9B 52 24 88 28 23 2C FE A4 75 1A
00018030  58 29 0C A4 9B AA 28 30 73 AB 40 A5 5E A4 4B 2A
00018040  F5 28 07 A7 CC 9D 90 A8 13 23 63 23 95 9E AB 22
00018050  E5 A0 97 98 33 AA 9D AA 39 A1 D7 A7 66 1E BB 9C
00018060  C3 A6 7C A9 16 25 2F 1C 9C 1E 5E A4 05 9E A5 20
00018070  57 26 18 2C 1D A1 2C 30 28 28 CE A8 2D 2C 3A 9C
00018080  58 9A A5 25 02 A6 FC 26 92 A9 A7 22 28 20 61 A6
00018090  16 A7 85 A0 2B A2 B1 21 3C 22 C3 A4 98 A3 22 A6
000180A0  09 A3 08 9B 9A A6 21 AA 78 11 10 26 FD A5 BC 1E
000180B0  47 22 0E 26 15 AC BD 1E 38 9A 3B 25 B7 28 6E 1E
000180C0  4C A7 41 21 B3 9A 32 AE AE A0 6E A2 96 2B 2F A9
000180D0  65 AA 55 A5 1F 9D 2F A8 81 26 65 27 20 A6 DD 23
000180E0  18 A7 16 96 A8 29 3D 2B EF A5 8D 28 1D 26 B6 9D
000180F0  08 24 6E 9C 34 AD A1 AA AA AB C5 2C 6B 2B 6F 25
00018100  FA A4 69 2A 0E A6 12 98 01 24 7E 28 FD 2E 35 2D
00018110  F6 A8 42 AA 99 2B 45 A4 6B 97 31 19 8B 22 A1 2A
00018120  63 2E 29 AA 7A 9D 9C 29 DA 1F 24 25 1F 25 71 AE
00018130  FC A4 6B 27 88 2B 26 2D 6D 29 EB A7 5F AC 70 1D
00018140  36 2B 71 A0 7A 26 7F 29 BA A6 BF A9 04 27 96 A0
00018150  80 A8 8B 2A F8 13 06 1B ED A5 82 24 9F A5 E0 A5
00018160  02 24 7B A8 59 9D 2A 2A 26 2A 29 AD 8B 25 89 9D
00018170  02 AB 49 A8 90 A9 71 21 BC 23 9E AD 09 26 CB A9
00018180  E9 2E 4D A9 C9 22 30 A5 62 14 DA 2A C2 9B 9F 9C
00018190  DE 1E 5F 23 1A AE 7A 19 26 97 04 A6 C6 28 71 2B
000181A0  9D 27 2A 28 21 24 A5 B1 85 2C 30 A2 3B AB C0 9D
000181B0  2E 28 25 29 CC 2C F8 2C 4A AA 2D 23 35 A7 F5 AC
000181C0  5E 25 E2 AD 68 96 D8 A5 3D 26 67 A3 82 28 3B 28
000181D0  0D 99 53 A6 C3 28 55 A0 7B A1 85 9D 10 20 D0 21
000181E0  49 24 47 25 63 25 B4 27 D6 95 75 26 0F 26 92 1B
000181F0  A8 A0 B2 20 DE 9E 3D 1E 16 26 89 A4 B8 A2 CE 9E
00018200  15 95 4D 9F 75 95 6C 22 4A A4 14 A2 30 1F D7 A6
00018210  AC 1D CA 1A 92 13 AA 21 1E A4 2D AB 83 A5 24 91
00018220  BA A8 72 17 06 24 32 1F D2 A7 19 A4 0F 25 0A 1A
00018230  1B A7 15 1D 3A 24 B7 A6 0C 1E 77 24 2F 9F 6B 90
00018240  89 18 59 9D FF A6 97 21 25 25 0D 1C BE 21 79 A7
00018250  FB 9F 5D 1E FF 14 1C 1E 59 9A 58 1C 22 1C 72 A4
00018260  A6 1B 32 25 60 29 34 A5 09 A3 23 A5 FB 1D B3 9C
00018270  9F A8 01 93 A0 A3 06 A3 C2 1D 47 A0 FC A5 65 A3
00018280  20 23 E6 23 F8 20 05 28 4E A8 B5 A4 E4 A7 D8 23
00018290  81 17 E8 9E 25 27 32 29 EC 15 7A A4 19 90 B9 18
000182A0  BC 96 3B A1 00 A0 DC A4 13 14 F9 28 C2 98 8B A8
000182B0  61 25 3A A3 05 22 3C 2C 1C 29 0A A0 96 A5 DE 20
000182C0  4B A5 82 A2 8A 21 60 2B AD A5 57 26 18 A6 35 A7
000182D0  F2 9B C5 AA 46 29 82 28 30 9F 25 A2 10 21 8A AA
000182E0  25 A6 62 9D 97 A5 84 A7 AD A5 91 20 35 1C 29 A7
000182F0  54 A7 D5 20 1F 1F 44 A4 1F A5 4F 2A 6A A6 6F 29
00018300  37 A1 84 24 2D 23 F4 A5 3B A8 42 AD 5A 27 D5 26
00018310  33 A4 1B A3 79 A5 96 24 ED A4 4F 1D 97 A2 3E 9F
00018320  F0 2B C9 28 49 28 CD A9 2D 9D B3 A4 C0 A0 CD 29
00018330  FF 2C 0C 25 52 AA 0A 2C 64 A0 55 1B B0 24 2B 25
00018340  14 24 D3 9C 28 9F F9 9E AF A6 62 97 79 21 C5 25
00018350  F3 1E 4E 24 D8 9C D6 88 D3 99 39 A0 84 1A 96 A2
00018360  6D 1E 67 1C 38 9C FC A2 A0 20 E0 A0 4B 1B 5D 20
00018370  63 96 14 26 BF 9E C8 8F BB 21 86 A3 4A 1D C6 97
00018380  5F A1 F9 17 F0 8D 4A A3 9A A0 5D 20 41 23 C1 24
00018390  DF 9D DA 9C 7A 91 9A 10 E0 1A 76 93 FB 23 34 9D
000183A0  FA 0A 99 15 BA 22 8D A0 B9 A0 92 9C 59 A4 76 23
000183B0  85 9D B9 95 DD 20 0C A0 67 20 9B 22 17 8E 79 9C
000183C0  C2 A2 9A 20 80 1B B5 1E 74 A3 90 1C A6 A5 80 A0
000183D0  83 9D F7 16 56 A4 3B 9C B2 13 2F 1D F6 1E 15 9A
000183E0  D7 9E 85 A4 2E A3 88 9C D8 A0 DB 22 3B 1B B7 1C
000183F0  05 9E E1 A1 EA A6 D2 A7 E5 9C A0 28 BD 97 CD 18
00018400  2D 19 AB 16 09 A4 C3 1D 42 1C 6D 19 77 9D 6B A4
00018410  D7 21 85 9D F0 A0 9C 21 FC 83 94 A6 E4 99 5E 24
00018420  A8 AB 6E 21 45 A2 D7 A7 57 A0 3E A6 8D 28 14 1D
00018430  97 A1 F3 94 B2 21 8B A1 C2 1E ED A8 E6 25 63 9E
00018440  82 9C 6D 24 58 A4 0F 16 1E 20 C2 A3 08 9C 8A 21
00018450  5E A0 08 AD 8E 9F CF 20 FB A4 01 20 60 A0 F1 A7
00018460  F3 A0 AB 19 8A A3 83 AA 72 A3 2C A8 DF 9B A1 A0
00018470  B0 27 BA 24 9E A9 44 23 40 88 F6 19 09 23 64 9C
00018480  0B 24 CB 21 44 05 B8 96 00 AA 6D A2 CB 12 70 26
00018490  0E 22 56 A6 BD A0 6A A2 AE 1B FE 17 17 A6 84 9E
000184A0  B6 19 B9 A0 E9 15 D7 1E 66 9E 95 91 5B 1E 81 A8
000184B0  67 9A 1D 9D 88 1B 6A 2D 97 20 46 A6 21 A0 EF A3
000184C0  F4 A1 16 28 4C 9F 07 93 7B 9E 87 1D 58 9A 41 15
000184D0  0B 1C 70 18 E8 22 C6 13 BC 81 3F A4 FB 9F 59 91
000184E0  C2 24 8E 92 64 9E 12 9E F7 A0 1A 97 FE 14 85 9E
000184F0  67 1D 5E A0 3E 1F A2 1B 8E 95 30 16 2D A1 83 9C
00018500  C5 12 AF 21 9B 0E D8 1C 4B A0 65 98 52 1E A4 12
00018510  49 15 90 23 6E 9A B7 A1 B9 8C 56 97 10 20 21 A5
00018520  BC A4 0F 1A 53 20 1B 9D 35 A0 01 22 38 1D 46 9B
00018530  55 1E 23 A5 02 A1 6E 1D 3C 1D 12 96 CC 10 3F 13
00018540  BA 8E D5 A0 B3 21 3A 1E F3 24 E6 1F 9E A1 26 0E
00018550  BC 99 74 86 C5 16 B1 8A F7 A0 E1 20 11 23 07 20
00018560  67 A3 DB A2 CF 9E 5E A2 31 20 81 1D 6A 1C 4D 1C
00018570  88 99 9C 18 89 26 38 14 A8 A0 C2 9D C3 1B F6 1D
00018580  68 98 BE A2 2E 28 D0 A8 EE 24 3D 99 20 27 4B 2D
00018590  7F 98 CC 2C 47 29 AC 27 FD 21 C5 9E 70 2A D4 25
000185A0  82 21 F6 22 BB A9 9B 25 A1 A7 AD 23 29 26 89 26
000185B0  6D 21 B5 AB 61 91 18 A5 7B 24 01 A0 3D AA 97 1F
000185C0  B3 1D B2 26 9A A4 39 25 63 19 1F 20 73 A9 E6 A0
000185D0  5C A5 35 A0 2E 27 4C AB 83 A6 12 A8 3A 24 6F A1
000185E0  DC A3 1F A5 84 2B 77 27 6E 99 A3 29 CB AB 5F 8A
000185F0  78 A5 88 AA 53 9C 81 22 36 9C 85 2A BF 2D D6 A8
00018600  72 A4 1C 16 84 20 1A 88 5A AA A8 A1 11 A4 23 A6
00018610  D4 9F 5A 25 7D 28 0E 22 7E 25 14 1A 0D 9C 95 29
00018620  02 2A 39 25 CC AD 12 A4 60 2C 25 AE 30 A3 73 A4
00018630  DF AC 71 1A FD 99 DB A3 D6 A5 DB A8 E2 28 D8 18
00018640  D3 A8 6A 23 8F A1 5D 22 5C A9 C5 A3 E3 A0 81 A4
00018650  0B 21 86 A9 19 A2 5F 23 B2 A0 ED A8 98 20 03 9C
00018660  CF 16 19 A6 25 1C 4D 1B 96 25 73 A7 D8 A0 D7 24
00018670  B2 1C CE 14 DC 9F 8E A8 47 25 21 26 8E A3 09 1D
00018680  46 1D 82 20 72 23 38 19 E6 A7 11 20 CA 9E A3 2C
00018690  08 A6 40 1C 0C 1B 72 1F 90 9F 15 A6 D2 24 6E 9D
000186A0  9C 1A 98 21 5F 96 24 A8 68 A0 E1 19 CE 99 FF A2
000186B0  C7 A4 19 26 E3 9C 0B 20 95 91 14 29 6C 1E C8 99
000186C0  74 26 74 25 66 24 79 27 AE 20 65 AA F9 A0 66 A6
000186D0  4D 9F E1 A0 3A 9B C4 21 FB 1D 05 24 0F 25 E7 A4
000186E0  E9 24 E8 9F 42 A6 88 24 DC A8 F3 25 42 A0 F2 A5
000186F0  28 26 AB A0 12 A9 5F 24 2A A9 B2 AC D6 26 47 21
00018700  9E A0 D5 A5 AA 2C 29 2B FC A9 CE 91 1D A6 4B 26
00018710  89 28 F0 AB 6B 2C D0 29 AC 18 AF AB 11 A8 13 A1
00018720  F3 A4 26 AE D8 25 F9 1A 28 22 D1 A7 E8 24 7A 2A
00018730  1E 28 80 A9 3B 2E B9 A2 88 29 CA 2D 9B AE 53 A4
00018740  C1 20 37 A7 C2 A9 A4 2C 30 1D B8 A2 24 1D 62 A8
00018750  61 A0 42 AC 70 1A 77 AA 44 A8 E5 28 F3 28 89 1B
00018760  72 A6 8C 1C 0E 2B 59 AE 27 9E 17 2C 15 A1 FD 2A
00018770  66 A6 EF AB 95 22 F4 A9 81 25 22 2D 6E A9 64 24
00018780  D8 1F 09 24 D4 AA D8 2C AE A4 85 28 B6 28 B9 AC
00018790  CC A5 6E 2A 67 AD F3 29 7D AB 95 29 89 25 53 AB
000187A0  12 2B 2E AF 86 AD 15 AC 08 AD 51 A3 F2 AB 3C 28
000187B0  19 2D 26 23 25 AE DB A8 88 A8 D6 20 49 24 37 A1
000187C0  0E 20 C0 23 CA 9A 57 28 FC A2 38 9E 14 A6 AD 1D
000187D0  59 25 72 19 79 1C C3 1C 9F 99 04 A8 CE 22 55 8B
000187E0  72 AC 6F A7 D9 1C B5 A4 A4 A2 77 24 3A 16 B4 88
000187F0  96 1B 01 1F B7 9F 6C 29 32 20 84 A2 B9 A7 1F A7
00018800  0C A5 24 23 36 A4 A9 2A 4D 9E ED 9E 4E 9A AC A0
00018810  37 9C 1B A8 8E A3 42 24 CD 9F ED A5 B6 26 64 A4
00018820  B9 A3 66 99 AF A5 D6 A6 D8 A3 CF 22 A9 A6 5C A8
00018830  FA A5 B7 16 E3 A3 F9 21 5A 9F 64 24 B5 A0 AA 29
00018840  A1 25 2A 27 AB 21 54 A8 21 28 44 A9 FE A2 DC 22
00018850  4A A7 66 24 5D A7 96 21 8D 24 17 22 A3 8E 9B 24
00018860  D0 A4 8B 9D 04 20 1A A8 70 26 87 A6 3F 1E B9 28
00018870  76 9E E0 A4 4C A8 38 24 BC A5 F3 A1 03 1E 7A A0
00018880  04 25 08 27 DC 9D 54 A6 8E 9F 74 A0 36 A0 DC 27
00018890  BA A0 64 A4 CC 27 8F A9 2F 1B FC 9D F1 1D 63 A3
000188A0  11 A0 0F 89 93 1D D9 25 22 29 44 9C 3F A1 B6 25
000188B0  4A 23 23 20 A3 9C 1C 1D 80 1B 94 9E 62 23 6B A8
000188C0  3F 28 13 AA DA A4 18 22 79 25 89 1C 4C A5 6D A4
000188D0  F5 21 DC 2B E7 A9 55 26 F3 A6 1B 25 12 15 D9 24
000188E0  E8 9E B8 A3 7E 25 48 24 2E 90 C3 21 47 A8 BC 1E
000188F0  04 29 42 B0 46 23 5F 2A F7 04 6B A6 91 9E 6A 24
00018900  05 29 18 27 14 A5 10 A5 4E 24 4C 27 57 19 22 24
00018910  12 16 95 28 65 9D 3C A5 34 26 E3 A7 90 28 DF 8F
00018920  6C A6 90 A9 F3 A8 9C A4 C6 95 10 29 DD A3 0B A7
00018930  8A AC 54 AA 14 2D 17 A6 C9 A8 DB AD 77 24 C2 A6
00018940  4C A4 4E AB 13 A1 CE A1 60 22 C0 9D 22 9E 8F 99
00018950  2D 96 8E 0F 4E 23 D2 A8 68 A0 F8 8D C5 9D EC 1D
00018960  FA 17 7A 9E A4 15 05 21 1C A0 68 A1 B9 A2 52 8E
00018970  E9 21 41 24 19 9C 57 22 42 9D AA 23 7E 21 ED 8A
00018980  9C 9D FC 20 0C A6 7F A3 BD 15 A0 1C 1C A2 2E 1E
00018990  07 18 E4 0B 8F 9C 96 20 1A 1E 19 14 3A 1D 06 1D
000189A0  42 95 C4 1D CA 24 26 98 1D 97 90 23 44 22 56 26
000189B0  73 9F D2 11 3D 26 68 21 52 9C 11 1B BE 1D B5 19
000189C0  5A 1E D8 1C EF A2 6A 20 A6 A1 43 27 47 8E AE A0
000189D0  A5 9D 4D 20 23 28 70 8A 0B 24 33 24 9B 1B 2D 9E
000189E0  1D 21 1C 24 22 15 1D 95 7A 24 9D A7 1A A0 D1 1A
000189F0  68 1C 10 1F 7B 23 CB A3 F4 9C C0 A3 F9 95 1A 98
00018A00  07 24 B9 08 8D 23 0D 1A AA A4 0B 98 3F 1C 0B 27
00018A10  7C 86 FE 28 18 23 1C 1D EF 9A A0 A6 CE 09 09 9A
00018A20  A3 A3 C1 A0 F3 A0 C3 A1 5D A0 8B 20 5D 9F 2E A7
00018A30  23 A5 30 A5 6C 24 EA 99 6F 22 CF 22 FF A7 08 A8
00018A40  38 1C 0F 22 EE 1E CB 94 50 9C C4 A1 71 0E 53 A5
00018A50  05 A0 FD 1C 7B 24 41 14 F2 A1 E8 1F 3C A9 16 A3
00018A60  9A 22 65 A3 B1 19 FB 1C 0F A6 45 29 9F 25 20 24
00018A70  E4 21 7A 22 6A 21 50 A5 05 0F CD A6 95 9E 83 A5
00018A80  81 A5 53 A5 E2 18 75 24 95 10 64 23 61 A0 A5 26
00018A90  D5 A8 0A A6 2A A6 0A A4 E4 A4 7A A1 2A 9D 85 0F
00018AA0  96 28 EF 9E E1 1C 83 A7 18 22 A7 A5 35 12 D6 A4
00018AB0  81 A0 1D A1 E5 27 A1 2A 7D 25 C1 A2 B6 27 18 A0
00018AC0  55 25 ED 1F 59 1B 92 A8 8B 9A C5 A5 E8 22 37 23
00018AD0  35 A8 B9 20 0F 2B 9E A5 59 A4 79 A8 68 14 CE 2C
00018AE0  5D A3 48 9C C4 8C 13 24 C7 21 B8 1D F2 A7 0F 20
00018AF0  83 A7 F1 20 63 A1 33 2D F5 1E 2A 16 F7 AC F5 9D
00018B00  E0 9E 71 AA 43 9E 81 2B 13 27 96 27 86 18 10 27
00018B10  17 A5 12 9A D1 1B B5 24 39 A7 A8 A5 30 A4 86 22
00018B20  05 A4 8A 9A A4 26 36 2B B2 A1 81 A1 D1 12 8A 22
00018B30  BF A5 AE 20 5B 2B 19 1C 39 26 77 A0 4A A1 5B A9
00018B40  D1 2E 31 24 3E 95 D4 28 91 23 45 A3 90 A4 96 AA
00018B50  B7 A9 EC 1A 5C 2E 43 26 4F 28 89 2B D8 A8 17 A9
00018B60  F4 A8 C7 1B B7 29 75 AE 29 AC A1 27 4F A4 48 A5
00018B70  C0 AD CA A1 37 AD 3F 1F 49 1C A0 A8 36 20 35 26
00018B80  50 A2 0D 1C FC A4 AD A8 45 28 42 18 35 2B 84 22
00018B90  5B A4 15 A4 84 26 BD 23 6F 8E 58 A9 A6 91 7A 24
00018BA0  C1 A5 CA 8D 03 A8 38 24 50 A0 E6 28 C6 27 4C 24
00018BB0  C2 20 9E 91 57 A4 AF 22 26 9F 97 A4 0E AB 0D 15
00018BC0  38 28 3E 28 71 29 46 29 AD 1C 7B A0 C1 A7 B3 A6
00018BD0  57 18 17 A8 70 9D 90 25 12 17 5C A9 C6 A7 E4 A6
00018BE0  CD A4 7F A6 09 24 19 A7 41 A7 7F 25 C6 9F 79 27
00018BF0  0D A1 22 A4 9E 27 EE 92 7D 1E 05 89 AD 21 88 A6
00018C00  CC 29 B8 25 AA A1 6D 2E 02 20 17 AC 09 21 2B A5
00018C10  F3 A6 80 25 79 24 2E 24 28 28 90 A9 57 A8 E3 25
00018C20  2A 8C E9 AC 3C A8 07 AC 54 96 39 2A 13 9D 6B 21
00018C30  4C A8 BD 27 97 A8 B6 22 CD 29 55 2E 3B 23 03 22
00018C40  B1 9B 21 A6 D7 21 D0 22 AE A1 D4 A0 73 A1 72 A5
00018C50  F3 20 A5 A6 21 A4 1D AA 76 A3 C7 9F C8 9E CA A5
00018C60  9F 25 3B A2 6D 20 D8 25 39 A4 0B A0 74 28 80 A5
00018C70  E9 25 28 A0 03 9F 39 22 BF 22 A8 A2 45 27 CE 16
00018C80  41 A3 2F 27 3B A5 59 AD 5B 21 46 27 AC 25 3B 9E
00018C90  2C 20 8B 1D FE 23 47 9E 70 20 B8 26 3C 99 67 23
00018CA0  C9 A5 70 88 66 0C 0A A8 9E A2 95 27 1D 27 A4 23
00018CB0  21 19 A4 A6 E4 20 5F A7 0D 20 7C 2E 6D 2E 19 22
00018CC0  BC A7 39 1D E7 21 22 AA CB 28 80 9D 3E A4 F9 16
00018CD0  6D 28 ED 93 97 9C 21 1B 4D A3 44 1F 17 1C F5 24
00018CE0  0A 19 A3 A8 D4 9C 60 27 1B 18 D7 21 96 10 04 2A
00018CF0  9C 29 D1 9F 06 20 33 20 F8 A8 90 2E 26 1D 07 A5
00018D00  6F A2 C7 20 A1 20 BB 19 11 9E 57 9C 11 A0 54 A4
00018D10  FA 22 9C 22 B8 1F CB A1 7B 9B 02 AA 98 9D D5 1D
00018D20  30 92 23 A0 CD A1 86 98 E1 9E 84 A4 F2 A5 A3 A5
00018D30  58 1D 05 9C 72 A4 B2 25 05 19 4D 21 E9 A5 A7 88
00018D40  13 A4 31 9F 7D A0 D2 26 6E A4 B9 A2 D3 A7 43 1B
00018D50  B5 A1 80 23 E8 98 2C A4 B7 9E 6B 8C 04 15 C6 9A
00018D60  B1 25 B3 19 A0 20 50 28 89 22 F0 94 6B A3 72 1C
00018D70  27 A1 51 A1 96 23 E8 22 73 10 6E A4 94 9B BF A8
00018D80  C3 1B 81 12 FB 10 CC 9C D6 28 49 20 89 91 1A 89
00018D90  4B 19 E6 1C 22 99 09 96 7A A1 E9 20 F4 24 84 9D
00018DA0  37 9E DA 21 11 A4 88 A7 29 0E AC 26 31 9D FF A1
00018DB0  03 A7 A6 25 1A 1A E9 A8 D1 A3 97 93 B8 1E F7 1D
00018DC0  C1 A3 6B A1 DC 92 A2 22 26 A1 38 8C 8B 1C 3F A9
00018DD0  67 A2 2A A8 2F A9 0B 17 5B 97 FE 15 AA 9A 2D A6
00018DE0  03 A0 31 25 8D 9F 99 9E 33 18 5C A1 66 A0 48 26
00018DF0  8E 1E 57 16 41 25 C6 1E 07 A1 F4 A7 5E 26 74 25
00018E00  22 27 07 1C 0E 28 FE A8 E1 22 76 A6 B4 16 9A A0
00018E10  58 A2 AE 9B F6 1C 26 A3 FC 9E D5 21 C9 20 C4 9D
00018E20  35 A4 9C 9D 50 8B 00 25 98 24 F1 8D 61 04 30 A7
00018E30  25 24 56 22 32 2B D6 A2 BC 18 8D 2A 3C 29 AE 22
00018E40  BD AC D9 9C D5 26 A4 A4 2A 2A C1 27 5E A8 FF A5
00018E50  F1 2A 45 22 C0 9C 53 92 E4 1E 7E 12 E8 A2 16 1C
00018E60  41 A6 1D 22 38 24 98 97 52 95 26 26 46 08 28 25
00018E70  76 A2 45 21 05 26 0C 2B 8A A5 FE 1A 9A 26 7C A1
00018E80  E8 A7 C0 A5 F5 99 D8 20 4E A2 33 1C D5 9B EA 26
00018E90  75 19 5D 28 F7 24 91 A7 2D 91 AC A9 22 A5 F0 19
00018EA0  97 1B F7 A1 52 A0 15 23 00 A5 E9 A4 13 A5 73 21
00018EB0  13 25 85 A8 88 24 4F 25 A9 86 BF 21 3C A2 73 A2
00018EC0  C1 A1 8C 14 A2 9E E2 23 39 1E A1 A0 4B A6 E3 9A
00018ED0  59 1D 60 25 32 25 9B 22 57 A2 B4 27 10 0D A6 A6
00018EE0  0D 11 6A A0 95 9D 68 27 02 A8 96 26 63 A3 72 24
00018EF0  4E 9D 00 9C AC 0D A1 22 38 9C CA A2 4B 23 23 9E
00018F00  4C A4 1E A8 38 22 AC 1F B3 A3 2C A1 D4 A5 F0 1C
00018F10  D3 A8 78 90 A8 19 4F 25 41 AA A8 21 C1 A3 A8 A6
00018F20  8A 27 05 29 EA A8 EC 9E FF 20 86 A8 1D 9F 64 23
00018F30  81 1D C2 14 D5 1F D5 96 22 9F 45 A7 DB 24 26 26
00018F40  C4 99 DA 20 66 23 E6 9F A3 99 24 24 54 A5 25 22
00018F50  88 26 1F A5 A4 2A A1 A5 40 9A 55 25 D2 20 B1 9F
00018F60  CC 22 1F A5 6B 20 BE 19 C8 A4 BF 23 D8 16 20 20
00018F70  47 A1 4E 16 D9 25 6C 27 45 A8 75 A4 42 24 B0 1F
00018F80  0E 25 E0 A4 33 23 41 22 29 16 1A 22 FE A7 2B A6
00018F90  07 9F CF 90 17 1C 26 A3 DF 9D DA A9 EA A0 32 12
00018FA0  2E 20 CC 17 38 24 99 21 81 9D 03 A2 81 24 A6 27
00018FB0  52 27 3D A5 EE 20 6E 1F 8F A0 5D A5 95 21 A0 A4
00018FC0  FB 20 6A 9C 8C 20 6E 2B 30 9D B1 1A DC 24 AB 1B
00018FD0  CD 28 BB 25 6A 23 2D 25 75 A8 E5 28 94 A1 2D 25
00018FE0  B7 A0 10 27 8C A5 D8 A9 5D 0D 7C 22 3A 20 4B 16
00018FF0  3F A2 B3 24 54 A0 C7 26 28 A9 43 9D F2 1E 21 24
00019000  7E A0 70 25 95 27 78 A8 87 A0 FF 22 66 18 2B A1
00019010  BF 1B 6C 9C BD 23 66 AA 3A A2 9D 26 34 A4 65 83
00019020  91 22 DF A4 2F A0 BE 25 D0 1C 57 1A DB AA DC 27
00019030  A1 27 69 A2 26 1D 9B A2 24 A3 2E 1E 07 23 65 1A
00019040  5B A7 82 25 7B A7 FF A7 31 18 15 27 41 21 6B A4
00019050  78 9C 04 22 6C A0 1A 9A F5 A0 A2 A5 69 28 E7 A3
00019060  3E 9D AB A4 D5 A5 8D 29 CC 1E 15 1F D4 1A B4 A1
00019070  75 A4 88 A7 C4 1E F1 22 0B 19 2F AB 5F 25 66 94
00019080  B9 1C 80 A5 5E 0B 73 27 4E 23 43 97 42 A4 DD 9F
00019090  48 1D 29 A4 E1 24 CC 27 CD A9 0A A3 28 24 E1 A2
000190A0  7F 1C 1F 28 F5 19 7E 9F A8 28 7D A1 E7 1C A7 25
000190B0  97 A6 E1 1C B9 2B 0B AB 6A A5 07 25 2B 25 35 27
000190C0  52 A7 A9 99 75 A4 EA 2C 80 29 AA 9E 4D 29 6F 26
000190D0  C3 AC 59 A7 E3 24 57 28 B4 A2 87 AA EF 25 DA 1B
000190E0  B6 1C BF A1 3F 26 C4 29 32 25 36 9E 14 24 EF 29
000190F0  22 94 0D 29 B7 20 5D 2C 03 22 18 A6 18 AB 61 24
00019100  A5 29 0A 28 55 1F 36 26 4F 2B 58 A6 E3 9F 9F 29
00019110  72 18 6D 20 BF A2 90 22 9D 18 BE A0 7E 90 55 AD
00019120  09 A9 B6 A3 16 A4 EA A9 36 A1 2E A5 5F A3 70 24
00019130  50 99 CE 24 D3 97 24 21 02 A1 08 A8 18 28 6F 21
00019140  4B 29 20 29 F2 A2 35 28 FF 2A 7C A4 9F 29 E1 25
00019150  52 A7 1B 9B 23 2B 61 A1 20 93 2D 24 D0 28 3B 2A
00019160  83 2C EE AB 3D 23 04 AA 58 28 07 A9 B3 24 17 AE
00019170  C7 27 43 A1 13 29 17 2E 06 24 8E AA AD A5 61 A9
00019180  0B 17 A4 A2 98 A0 AA A5 34 A5 33 9D 41 98 C9 25
00019190  35 23 3C 9D 73 1E A2 9B A2 17 97 A8 B7 24 AD A6
000191A0  36 9D 6A 19 02 23 7F 0C A5 24 87 A4 5C 97 5D 1F
000191B0  07 A1 B9 9C 3D A3 B3 19 E6 9E 46 26 05 26 0B A4
000191C0  6A 21 64 A2 3F 28 24 A7 25 1C 6D 1E 0A 0D 83 9C
000191D0  1C 9E AD 9E E4 25 8D A4 32 20 F2 16 F9 94 CD 21
000191E0  5A A4 E7 9C 41 9C B5 1C 56 26 FC 1B 51 28 0F 26
000191F0  22 A4 0B 9F 6C 20 8B 9A A8 1C F7 AA 91 21 C5 99
00019200  7C A8 58 28 6B A4 46 09 36 A6 22 AB 94 1B C2 A8
00019210  7E 15 46 21 5E A0 F6 24 00 9F 98 25 89 A4 C7 1F
00019220  31 9F A8 A3 70 A1 53 29 14 9F E3 1F 34 1C 0F 9D
00019230  7E 1D 05 A0 71 A9 A1 AA 12 1D EF A3 F3 24 53 27
00019240  6A A5 A9 A1 EE 1C 62 A6 0D AC A1 9D 36 A3 90 9E
00019250  5E A6 26 A8 E9 A2 68 28 D6 22 2F A4 FB 24 70 29
00019260  E8 9E D7 A9 38 22 08 24 D5 23 AD 9A 73 A4 2E 27
00019270  4A 1D 4C A1 BD 0C 73 A5 28 2A C8 A5 44 24 C4 1C
00019280  68 A5 21 23 81 2D 32 A7 43 22 6B 2B 5B 2C 85 AC
00019290  AA 25 27 2C F3 A3 31 20 9C 22 87 26 42 AA E3 A8
000192A0  B2 A3 DF 24 2F A9 DA 29 7E 26 82 20 43 AB CA AA
000192B0  5C 9C AC 2A 46 27 63 9C AC 17 8A 29 63 A0 C7 AA
000192C0  4B 99 CE 25 E5 27 7C 26 FC 28 C3 27 B2 AE 23 2A
000192D0  0B A3 36 A7 FB AC 22 A5 6D A4 8F 25 2A 19 E0 25
000192E0  77 29 95 AC 13 AA 80 A1 1A 28 74 99 5A 9D 88 A3
000192F0  16 2E 40 A4 F0 28 B3 2D 54 AC 79 A9 A7 2A 3C 28
00019300  DB 25 5E 22 C7 96 EE 1C 06 1A B3 19 72 A5 9C 24
00019310  CC 9E 30 A2 37 25 BD A1 DC 97 0B 99 43 1F A7 24
00019320  86 18 79 9C 32 9D D5 1B 73 A5 87 1E DE 1F 75 24
00019330  D3 8E 36 1B FC A1 58 28 8D 23 8F 25 1B 24 25 21
00019340  A4 20 EE 9A F5 9C 69 20 82 9C C0 22 A6 20 12 A0
00019350  99 A0 85 9D 25 9D 89 91 C3 1D AD A2 37 A1 4F 22
00019360  A5 A1 05 A0 04 95 91 98 3E 1C 36 A4 88 9F A6 9D
00019370  C0 A4 91 92 20 A2 E3 22 77 9E 31 15 45 93 8B 9D
00019380  95 9B E3 21 52 A2 F7 24 19 A4 45 15 FA 9F CC A0
00019390  8C 1E 34 26 5E A4 D1 1E 27 1D D8 97 33 28 F9 A0
000193A0  92 20 73 98 A8 97 52 A5 98 A3 2B A4 10 A3 88 94
000193B0  FD 24 9E 0D 45 A4 94 A3 AA A0 2E 9D BC 18 1A A1
000193C0  17 1D 31 9D 56 A1 10 24 6A A2 17 A8 04 2A 16 23
000193D0  1D 9F 8C 1D E8 9A 07 9F 9B 9E 62 23 66 21 27 2C
000193E0  BA A8 53 A0 E4 A4 03 23 0B 17 01 1A B6 A4 67 26
000193F0  7F 22 F3 A5 E4 8C 6C 2C 73 95 F2 24 52 A6 C8 A1
00019400  8A 18 00 A6 D6 A4 EE 92 AC 1A F5 07 19 27 43 23
00019410  60 15 51 9D 16 9E 05 A0 B1 A7 BA 22 6E 9E B0 8E
00019420  33 A4 52 A6 E0 1D A8 20 E9 A6 72 A8 8A 8C 3F A9
00019430  10 29 21 1E 1A 9E 31 A2 C3 9D 51 1D 5F A6 D8 A2
00019440  C3 26 C8 26 D0 1E AB 21 9F 90 30 9D 83 9A 39 A9
00019450  F7 24 F0 93 3C 1A AE A6 6C 28 6E 29 39 A8 75 9F
00019460  8E 9D 98 A5 05 A8 A9 AB 87 A8 F1 24 FB A6 51 9C
00019470  4D 16 38 A6 1E A2 5E 9A 60 95 2A A9 DD 28 7D 20
00019480  16 9E C4 A9 76 A5 B1 2A 94 2B 1C 29 3B A2 51 25
00019490  D6 28 DA 25 A5 AB 66 24 6B 21 EA 1B 02 2C 8A 28
000194A0  0F 25 D5 AB F4 21 FA A7 2C 29 7D 28 A7 A3 E9 25
000194B0  CB A2 6B 28 30 21 26 A9 0F 26 BD 21 0D 28 1A A9
000194C0  53 24 9C 24 5C 29 3B A5 9F A1 9B A7 F9 A6 7D A5
000194D0  0A A2 92 AD 22 22 B5 24 0C A2 E0 20 81 9A 4A 97
000194E0  6C A6 F9 A6 7C 1D 23 AB 0C A6 AA A9 85 27 2E 28
000194F0  48 29 06 99 BC A2 29 A7 9C 9C 1B 9E 08 29 10 9E
00019500  F8 A4 71 8A 1A 28 DD 1E C7 AB 22 A6 99 A8 A0 2D
00019510  63 A6 2C 98 6E AE F8 A8 A5 99 E2 9E 78 2B B3 A1
00019520  AC 2F F2 A9 94 25 27 10 34 29 08 26 00 A9 B4 AA
00019530  35 A8 82 21 1B AC 50 2E 87 80 32 20 BA 28 AC 25
00019540  3F 2B EF 2A 14 9B CB A0 13 A9 E2 A1 A3 0D 64 9E
00019550  F7 A5 61 26 14 A4 5E A4 FA 1B B6 A8 C2 21 CD 98
00019560  97 A5 4E 1E 60 1E 14 A5 4D A2 B2 A4 69 9B 88 9A
00019570  31 9A 51 A5 17 A3 5C 9B 62 09 C7 A3 74 99 5F 28
00019580  86 A1 4A 23 89 99 B0 18 C3 A2 D4 21 C1 A4 04 1F
00019590  15 19 2D 1F BE 1D 75 22 A1 93 D1 96 4D 29 65 05
000195A0  52 28 59 1B E5 99 FA 12 E2 A6 44 9A D2 14 FA A5
000195B0  CE 24 51 A7 E9 97 27 24 5F 15 90 18 7D 9C 43 03
000195C0  8D 21 4E 19 09 21 FB 15 97 23 D8 99 6A A6 22 A7
000195D0  CC A3 DB A0 57 9D 89 1D 30 1F AB 24 70 9F E6 0F
000195E0  D6 96 6E 91 23 26 63 A3 8E 20 DE 28 FE 21 1D 22
000195F0  3F 28 5E A1 C2 9E AC 29 1A 9C 53 26 B0 29 A5 1F
00019600  CD 8F DD A5 B3 A5 16 2A F1 20 2A 21 F9 1C A2 9F
00019610  10 0F 6F 9E EC A7 94 1E 32 A0 1A 22 E8 A5 17 15
00019620  C3 1D 60 A6 A8 99 EF 24 F4 15 05 8C E6 A0 9C 99
00019630  83 91 03 25 01 22 A5 9F 27 25 09 A5 A2 A3 9E 22
00019640  D1 1B A2 23 9A 29 A2 25 25 9E 6D A9 5B A7 06 A0
00019650  38 87 0A 22 15 A6 67 20 75 9E EB 19 82 1E B7 9D
00019660  D1 A3 E5 A0 17 A4 FF 1C E3 A1 9C A4 35 22 A1 A5
00019670  47 21 FC 28 89 A6 80 A4 EE 22 C0 1C 21 25 9E 26
00019680  5B 1A 94 9D 58 A1 56 A2 9C A3 F6 22 12 21 C2 A5
00019690  BB 26 12 24 ED A4 83 9F 9D A1 4F 90 3E 21 74 9E
000196A0  BD 21 98 A5 0C 20 D4 A4 AF 17 09 25 20 96 B3 A8
000196B0  34 12 14 20 60 27 8D 22 9A A8 2B A6 1E 22 31 9E
000196C0  61 A8 FE 9C 19 20 C3 A3 56 24 3A A8 72 26 15 A0
000196D0  D9 A4 23 24 B8 9C 20 2A CC 21 BF 1E 51 28 68 A4
000196E0  86 28 59 24 89 21 B8 11 48 28 21 25 4E A1 AE 9A
000196F0  A4 A7 65 1C E2 A2 9F 9F A1 27 CB A4 44 A2 16 2A
00019700  B2 A0 F7 1C 01 1B 45 26 A5 28 35 29 25 2C 92 1F
00019710  6E 9F AB A4 A4 9B C1 95 97 A1 06 96 54 21 F8 28
00019720  3D A6 6B A5 25 94 67 26 52 A3 3A AB A9 A7 01 2A
00019730  97 A8 8D 25 53 22 72 A8 9F 2A 92 28 1F 25 10 17
00019740  0D 23 DB A5 B5 A5 D6 A1 A0 A4 5B A4 4A 1D 50 18
00019750  09 2A 58 23 6C 17 8A 22 2A 26 20 20 B4 2C BA 27
00019760  A5 A0 91 A3 4B 22 D6 28 A5 A5 DE 24 17 23 48 A3
00019770  69 A0 07 1B 95 1E CB AB 7B 1B 92 20 5B A7 5A AA
00019780  79 A6 EF 24 CE 1E 0B 24 1B A8 D6 A0 B1 25 BF 28
00019790  37 A1 3A A3 A0 A0 1C 2A 02 11 78 28 BA 11 5B A2
000197A0  5E 2C 87 22 2A 21 FB 20 E6 26 F4 9E 06 20 48 28
000197B0  C1 A0 A9 2B 7E 1C 08 A7 60 22 68 27 28 23 8E 23
000197C0  3E A4 07 A4 21 92 3E 29 99 A2 97 27 F4 1F 29 A6
000197D0  72 A2 1E A3 A6 A1 7C A6 81 21 9D 24 53 A2 02 2A
000197E0  6B A9 7A 9A B0 A0 82 94 ED A1 E8 A4 DC 22 6A A3
000197F0  C3 22 38 A0 BD A2 B9 A7 19 21 D3 AD A3 A8 5F 99
00019800  93 9D BD A2 BC 1F 67 AA 40 A7 D8 AD EA 26 3C 1E
00019810  19 9A 1A A7 4A A6 06 1D C9 1B 1A 27 39 22 D5 A5
00019820  04 29 97 29 09 29 12 A2 4E 26 FD AB AF 99 DF A3
00019830  B1 23 5A 23 CA AB DB AA 58 A0 2F A9 C8 AA 26 A8
00019840  94 A7 1D A0 68 A1 69 1F 96 A1 C0 24 0F AB 01 AF
00019850  44 23 F2 AA 77 A4 3D AA 17 A3 5D 24 C8 A5 07 AC
00019860  49 A8 B5 2A CB 26 5E A7 20 A9 48 9E 55 A5 51 A0
00019870  70 29 44 A0 26 A8 7A 2A 6C 27 E8 AD AF A4 F1 29
00019880  36 A4 8F 2A 5A A9 CF A7 FB A0 86 0C E7 0F 13 21
00019890  CD 90 8F 1D 3D 1F 49 A9 C7 21 77 A1 FB 2C 76 25
000198A0  4A AB FE 22 53 1E A5 A0 BC 29 C6 21 AA A5 32 AD
000198B0  B7 9C 87 25 80 29 AC A7 F1 28 79 29 43 1F 1C 1F
000198C0  D3 26 27 27 8A A3 FA A3 28 28 DC 2E 52 AC C2 A8
000198D0  11 2D BD A0 1E 25 69 AD 58 29 CE A5 07 28 F4 25
000198E0  84 AD 32 A8 DC 29 5B 25 AD 2A 3D 28 F8 A2 DA 2C
000198F0  37 AB C1 2A 48 2C D5 2A 95 AA C2 26 C8 1C 4C A7
00019900  EC 16 9C AD 50 20 F6 1F BF 28 54 A8 FA 12 A5 96
00019910  5C A4 F3 83 A1 AB ED 26 CA 1E 62 9A 1D 9A CD 22
00019920  FF 23 1E 11 7E A0 63 A8 D8 29 76 29 14 29 A8 9E
00019930  D6 20 DD 9C B9 24 3D A3 29 26 E7 28 29 A6 21 98
00019940  32 A4 A6 9C 05 28 AD 09 66 24 44 1E 81 A0 81 28
00019950  25 20 69 A4 5B 27 29 28 8A A4 1A 8F BD 18 FE 17
00019960  6F 1B D0 A5 C2 20 AB 20 DD 15 68 A9 77 95 FE A5
00019970  C4 1D 7B 26 0F 28 ED A7 6C A0 C4 A7 A9 25 6E A3
00019980  DE 22 CB 29 4C 28 01 A6 19 A9 65 AA 0D A1 EC AA
00019990  43 A5 09 A8 FF 28 D0 24 75 28 56 2A 41 A1 47 2A
000199A0  92 26 65 98 B2 29 4C 96 88 A9 1E 9D 3B 92 24 25
000199B0  D6 A8 F6 1D D8 A9 1D 2D 3C 27 91 26 03 27 63 29
000199C0  2C A8 A9 A3 13 A8 F9 A8 DE 29 4C A8 4A 21 3B A4
000199D0  54 24 68 A0 5F 2A 1C A7 D3 1F 8A 29 13 26 02 23
000199E0  48 A8 3D 97 97 9D 72 A1 0A A7 4F 2A B2 13 32 24
000199F0  20 23 99 2C C1 9F 29 2D 69 20 00 25 BC A8 A6 A1
00019A00  AE 28 FE 25 1E A4 C4 2B 80 9F AE 28 CC 2B D7 A7
00019A10  A3 A4 4A AC 01 A7 A9 24 F0 9B AF A5 39 1C 83 A5
00019A20  15 AD F4 9C 7F 22 82 AE E7 8A 3A AC F2 26 46 95
00019A30  8E 26 8F 26 BC A9 59 A8 F2 1A 2B 2D 18 28 DA 14
00019A40  EA 9A EB 24 66 28 9F A0 F1 2A 15 1C 3C A4 4C 95
00019A50  90 29 1E 29 6C 2A 18 A0 DD 2C 27 29 23 A4 22 29
00019A60  31 29 02 AC 5B 1D 52 26 60 A7 A1 26 A1 1C 07 28
00019A70  17 AC 50 29 9E 28 D1 A0 28 27 03 AA 34 20 00 1E
00019A80  EE AB 1B 2A 06 9E 90 A3 52 98 9A 1F 21 A2 0A 1E
00019A90  1A 22 32 20 27 24 3F 22 3F A0 72 1D 68 93 3F 95
00019AA0  14 A5 57 A6 BF 93 18 1A 6D 1C 3B 9E EC 14 A7 A2
00019AB0  D5 1C 9C 1A 46 9A 19 1F E6 8D 0E A1 B8 24 51 07
00019AC0  BE 15 C7 9C 41 94 28 1B 8D A2 B5 A1 BE 20 67 A2
00019AD0  BE A5 7D 9A 22 1B 2B 23 40 9B 04 A4 1D 91 C6 9C
00019AE0  1B A1 3D 17 44 22 72 A0 52 1D 0F 22 C8 23 26 20
00019AF0  04 9E 3B 22 53 A5 03 A6 AA 99 87 1E B1 1B 26 9C
00019B00  BD 9D C0 21 3D 9F BE 25 6B A3 64 24 60 23 E5 A3
00019B10  B5 23 24 A5 82 25 FC 17 63 9E 5C 21 09 1D 51 9E
00019B20  A0 15 40 28 43 A9 8C 22 E1 A3 6F 27 37 25 3B 20
00019B30  FD A3 6F 19 78 AA 13 A6 AB 99 AE 8A 36 21 C8 26
00019B40  2B 23 36 1E 93 A4 7E 96 8A A1 6E 23 4A A2 6B 9C
00019B50  73 21 1D A7 53 A5 24 14 E1 9E 0E 9D B3 A4 C9 1E
00019B60  D5 A4 64 A0 0E A3 0F A4 F2 A0 8E A5 BD 99 43 A3
00019B70  B8 9E DF A4 D1 94 AB A1 FA A1 D2 22 65 A1 07 15
00019B80  64 1F 35 1C AB 9A 23 A0 85 1B FE 98 88 A4 27 A5
00019B90  1A 1A 2B 18 62 8F B5 1E 3A 9A 20 21 F1 98 AF 20
00019BA0  D4 1B B7 98 FF 19 64 9C C5 98 58 21 45 24 E6 9D
00019BB0  0C A5 80 1F 99 A2 02 1A A3 11 D3 20 62 90 9B A5
00019BC0  16 28 BD 11 9C 9E 66 9B 29 18 19 24 7B 8E 27 A6
00019BD0  A8 1F D3 20 C5 A1 A3 A5 BE 1C FB 9D 36 9F A2 22
00019BE0  D1 9C 4D 1D EC 21 45 A7 67 19 92 9C BB 21 03 25
00019BF0  C4 A2 CC 9D E5 15 7D 9E B7 1F DD A1 E5 24 7F 21
00019C00  EC 26 5D A8 C6 14 04 24 FE 11 62 21 E5 9C C9 29
00019C10  C5 20 27 26 DC A4 2E A1 47 9F A8 1A 61 A8 22 20
00019C20  F9 A9 45 A4 1E 9F 7D 99 8E 21 9A 25 CA 9E 14 1B
00019C30  19 9E 4F A6 4E 9C B7 26 31 22 41 1D 81 A2 00 24
00019C40  1F 24 0F 24 38 A0 8B 21 3E 20 03 9C 08 28 26 1E
00019C50  34 24 50 A2 8A 27 48 9D D9 A2 89 99 7A 25 92 9F
00019C60  A1 A6 F7 23 89 A7 12 20 66 A2 EF 9F 02 A1 11 A9
00019C70  C1 24 02 A6 C3 A3 EB A5 A1 A1 23 22 7F 9F 5E 1C
00019C80  49 A1 6A A0 D3 20 1F A1 EE A6 25 24 A7 21 83 A9
00019C90  AD 94 5E A8 BB 21 8D A7 A3 27 2C A4 65 16 BF 97
00019CA0  82 23 AB 94 66 20 46 A8 57 A1 01 92 51 A6 5A 20
00019CB0  D5 24 A1 98 E3 28 E0 25 83 1E CB A8 9E 29 AF A4
00019CC0  A5 24 F3 AD 4F A5 34 04 5D 1F 44 A8 62 28 28 27
00019CD0  BF AA E9 21 44 9F 8F 25 8D 1F 2A 9E 1C 10 8D 92
00019CE0  A1 22 70 23 D6 A2 79 29 03 A0 42 27 CB A4 56 A2
00019CF0  AB 21 91 23 75 98 3E A3 AC A1 34 24 08 19 0D 28
00019D00  83 A8 46 A7 32 A3 84 A2 3C 26 8D 27 85 15 0D A7
00019D10  C8 24 EF A4 72 A4 65 28 21 A8 36 29 08 2C 16 A8
00019D20  5A 19 C8 A2 F6 9E 1B 24 C5 A2 68 A3 6D A9 C4 2B
00019D30  F5 A9 82 22 A0 20 49 A7 FD 1F AC A8 4D A6 B0 A0
00019D40  1F 2A 6F A3 A2 9A 39 A1 47 27 FD AB A3 A0 19 A7
00019D50  C4 25 1B 9E 4A A0 31 99 AD A8 B0 A5 71 A0 62 94
00019D60  B7 27 2D 25 2B 98 A9 AA 00 29 40 A4 EB A2 42 A1
00019D70  94 24 71 19 78 A8 11 29 F4 25 56 A5 3F A8 12 99
00019D80  CC A8 05 A5 1B 21 DA 9E 21 94 67 9A 25 9F 81 24
00019D90  11 A1 CE 9C 99 A3 5C 9A DC 96 9B A1 14 1D 46 8D
00019DA0  6D 23 20 99 4D 9C D9 9B 04 27 B4 9E 2D A1 2F 1D
00019DB0  6F 96 03 20 A1 12 AF 1B B5 23 88 8E BD 1D 7D 1E
00019DC0  BC 92 E6 9E 06 9C E6 20 D0 95 84 22 AE 24 75 99
00019DD0  10 9A DA A0 D7 9F 2A 19 53 9E 7D 9F 6E 22 8D A1
00019DE0  B6 13 40 18 0F 9C 41 A0 5A 20 BB A1 3F 9C 28 24
00019DF0  5E 9F 1D 9E DD 9D 44 8E 70 12 ED A1 E0 8C 33 9B
00019E00  E3 9D 57 9E 5D 1C 7D 9B E4 90 95 94 10 23 90 99
00019E10  0D A3 8A A3 38 A5 DF 9F 76 1D DB 1C EB 12 66 9A
00019E20  55 96 4F 27 C4 22 5E 27 12 A0 AD 9E A6 18 2D A0
00019E30  BF 23 1B 9E 37 A9 A0 A6 84 A0 F3 24 80 A6 92 9E
00019E40  D7 11 85 A2 FD 24 B0 23 36 29 FF 9D 6C 22 60 26
00019E50  93 24 75 A0 AD 2A 84 22 E3 1F 98 2C 21 20 2F 9F
00019E60  25 2C 4E 2B DB 23 45 9A E6 A4 E3 2C D0 26 87 28
00019E70  52 16 2E 18 A9 12 78 2C 03 2C 19 1F D1 9D 15 AC
00019E80  8B 26 5C A4 73 9D 3D 2C 60 99 CC 26 0C 2B 5B 1A
00019E90  3A 10 79 AB 9D 25 99 AA 76 A0 9F 2B BB A3 FA 97
00019EA0  EB 25 1A 9B 1C 26 4D AF 43 A3 D7 AC 70 27 7C 23
00019EB0  64 26 EE A5 53 91 F7 A8 99 A6 F1 17 D6 AB 34 13
00019EC0  94 2A 7F A6 58 29 3A A3 DA 21 45 A8 24 A2 F4 2B
00019ED0  15 A1 CA A4 9E 2D E2 A8 AC 28 4C 25 1B A9 6A 28
00019EE0  B5 A5 8B 28 01 2D 9C AD 0F A5 F0 AA B2 25 3E 28
00019EF0  41 1A 2E A8 30 AA 88 2E A1 9F DB A6 08 9A 8D A9
00019F00  A4 A1 65 AB 68 1D 40 A3 40 9D E3 9F 99 9C 56 A4
00019F10  9E 99 E9 9F 8D 21 D8 1C 13 9C C6 A4 DF 97 F2 9C
00019F20  87 A0 6D 1E 49 23 6E 1E E0 A0 7E 99 3E 9F 5E A2
00019F30  21 0E CA 1A 9B 91 59 1C F5 98 5E 98 35 1D 41 9B
00019F40  5E 1E AE 9E FA A1 C4 20 AC 1C 13 18 67 14 AA 96
00019F50  CB 9D E3 96 64 1F 7B 9F 6E 1D E8 A0 E1 A0 88 21
00019F60  E5 1F BF 10 25 1C E6 1C 50 9C 35 1C DF 1F 62 1C
00019F70  DE 20 AC 90 DF 9B FB 20 4C 8B 86 26 E3 99 09 1F
00019F80  1D 9F 6D 17 64 9E C8 A1 18 24 41 20 52 1E 11 88
00019F90  13 24 DF 99 79 97 99 22 72 20 CB 1B 99 94 17 15
00019FA0  12 A4 C9 9F 99 9C 5C 22 72 15 F7 22 2E 1C EA A5
00019FB0  9E 9A AB 9E A6 24 ED A0 AE A1 20 A4 1F 25 D1 9A
00019FC0  CA 23 F1 94 44 9D 14 9E D0 21 37 A8 D3 96 42 24
00019FD0  B7 98 C5 A7 05 20 03 A7 D9 97 92 A2 A5 96 C6 25
00019FE0  04 A5 BE A2 2B 9D 09 98 33 23 11 2B D9 1F BD 21
00019FF0  17 1E BC 1F 76 24 B7 29 C2 21 3C 20 22 A9 93 25
0001A000  B3 A3 FB 21 72 A7 EF 29 AB A0 8A 24 6F 21 4F A2
0001A010  F9 A0 C3 A4 A2 1C 23 27 08 A6 12 18 30 A5 4B 17
0001A020  3F 89 EF 9E 31 24 FD 1D BB 24 54 1E 62 A8 6E 1E
0001A030  79 A9 F9 9F CC 26 D7 8D 57 A0 A9 A5 AD 9C 1D 14
0001A040  72 21 EB 25 CC 24 CE 17 B9 18 7E 23 0B 25 6D 1D
0001A050  55 9E 88 16 5A 28 23 22 64 A2 8E 28 C6 97 5B 1D
0001A060  DF A4 35 A3 80 21 2A AA 8E A7 A1 23 10 1E 23 29
0001A070  8E A8 E8 10 5B A1 C7 9D E4 A4 08 AC C4 24 4A 21
0001A080  CA 28 EC 24 5B A0 69 A5 80 25 B7 21 90 20 0F 21
0001A090  FF A6 DC 21 A1 A2 6F 9F E6 21 B7 22 9D 82 20 24
0001A0A0  A2 A4 30 9A 66 26 87 A1 F6 14 6A 24 98 1D 2C 24
0001A0B0  F6 A0 00 1F EA 15 0C A4 F0 25 2A AB 8F 23 3C 22
0001A0C0  37 9F 1D A0 54 20 84 A7 13 1C EC 25 BF 20 97 9C
0001A0D0  E2 93 CD A3 43 A2 42 24 19 10 05 A5 12 29 CA 11
0001A0E0  15 A2 A1 A0 98 A0 CC A7 F9 A1 06 1E 1E 91 18 20
0001A0F0  8E 24 F8 A4 D4 20 3E A4 C4 21 AD 29 89 A3 C0 A2
0001A100  D1 27 18 20 EC 8B 49 A5 68 9D F1 98 ED 12 67 24
0001A110  E9 98 6C 21 4E AA B8 9C 2A 28 46 A4 28 9E 37 22
0001A120  5C 23 5B A8 49 19 FE A5 06 A2 57 29 CE 98 2A A0
0001A130  AD A4 4D A2 A2 A9 0D 9E 6E 27 9B 2F B5 9A 4C 16
0001A140  6E A5 DB A5 A4 1D 03 9F 7F 1B A7 A2 01 A3 19 24
0001A150  32 A8 7C 24 85 A8 AD 26 54 14 30 24 75 21 36 9D
0001A160  43 2B D2 17 4C 19 DC A6 2D 21 0F 26 CC 1D 35 A8
0001A170  B8 9B C7 24 EC 8F BC 1B BF 21 46 1A F9 A9 BC 1D
0001A180  AC 87 8D 22 F3 25 8E 24 23 A7 8A 24 25 A0 B8 A1
0001A190  B2 A1 AA A2 7C 20 B4 1D AF 8F 0B A6 2F 25 C1 A5
0001A1A0  AF 9E 3E 9C 07 9D 3C A7 9D A3 B6 A5 B7 9E E6 A3
0001A1B0  09 A5 60 A5 37 A8 76 A5 ED 9E 93 9E 97 20 D0 A1
0001A1C0  90 27 8D 28 06 27 3D A4 B0 20 5B AB 19 A0 F7 1C
0001A1D0  D1 1F 59 A4 85 28 CB 26 E9 A1 D0 A1 17 20 E4 A9
0001A1E0  70 21 83 22 86 27 EA A7 C4 A4 48 25 83 21 2C 98
0001A1F0  D8 A6 A2 29 EA AE 89 25 79 A5 EF 29 04 2C 47 28
0001A200  06 AC 55 A6 95 99 CE 18 27 9D 24 A0 3B 94 02 16
0001A210  62 16 3B 9E C0 1D D7 19 2A 19 EC 9E 34 18 09 99
0001A220  58 0D FC 21 6B 99 D1 1A 74 9F A2 A0 6D 20 0A 98
0001A230  F4 95 D7 96 A1 1C C7 20 49 1B A1 14 99 A0 1A 9A
0001A240  BC 18 B8 A0 A9 1F C6 1F D5 9B 42 9A B7 98 30 9A
0001A250  DE 14 7E 9D A3 14 29 9E DB 96 3C 83 5E A1 35 1D
0001A260  35 14 43 94 F1 15 E6 8D 3E 9A FB 9B 35 1D 28 83
0001A270  2E 9C 78 A0 1B 95 6D 16 12 98 07 18 48 1A B6 9F
0001A280  F2 1F B3 19 04 1E 4A 9D C2 1C C7 9D 2E 97 4B A1
0001A290  E7 19 0F 21 6C 9F F9 1B A1 96 1E 85 31 A2 84 21
0001A2A0  DD 98 4F 96 BF 91 B0 9D BF A1 1B A0 2B 93 0C 1A
0001A2B0  19 A0 5C 18 D3 9C C4 95 94 95 B5 9C DF 0B 5C 9E
0001A2C0  49 1B 9D 8D 6E 99 AB 25 41 A9 60 A5 31 29 2F 98
0001A2D0  4D AB 0E 27 5D 21 79 A1 3F 18 B6 22 58 2A 84 A9
0001A2E0  56 25 FB 9F 7C 24 05 2A C0 A0 61 A8 37 A4 88 A8
0001A2F0  01 1C 16 1A 7E 28 3A 26 BE 9A E7 1B D4 23 EF 26
0001A300  3C 24 71 20 AE A6 AB A2 D2 9E 21 A8 4F 25 86 9F
0001A310  0B 9C 67 25 C4 22 69 98 67 26 2B 2E FA 2A C6 27
0001A320  3D 22 AD A8 75 A1 6C 25 79 9F 6B 1F AD 1C D6 9F
0001A330  9E 24 F8 9C D9 24 20 A7 EC 27 76 22 E6 A6 74 25
0001A340  6C A8 67 AB 45 AA 27 2A 5E 23 DA 88 D2 AC 04 A6
0001A350  C3 A6 87 AB 53 29 A7 A6 C5 AA B2 19 3C 9C E8 A4
0001A360  2B 2B C6 29 B9 29 68 27 6C 29 99 2A B2 9A 1A A7
0001A370  D7 25 9D 20 84 AD 4C 29 DE 27 DD AA 72 A5 30 29
0001A380  50 A8 B5 AB B2 1E CE 95 5A 18 D4 12 B7 24 2C A4
0001A390  BE 9F CC 21 DC 99 EC A1 7E 8A 05 26 A1 1F 8A A0
0001A3A0  A1 1E 0F 1E A5 9B EC A1 AC A1 69 22 D5 9D 25 A6
0001A3B0  B7 A1 9F 16 96 19 E9 26 B3 9B 1A 19 FB 1E 21 A0
0001A3C0  8E 98 34 20 DF A3 05 95 85 A3 6A 1F 9B A5 C6 16
0001A3D0  07 18 38 1E 90 9F 45 9F 60 14 EC 23 B1 9A 53 19
0001A3E0  79 22 73 98 7A A4 94 1F 08 11 EE A5 4D 24 AF A1
0001A3F0  A8 21 57 20 F2 99 95 1A 1F 20 E5 9D DC 21 4A 96
0001A400  17 13 27 9F 2C 9E 3E 9D 42 9F 46 1C DC 1E 04 9B
0001A410  7C A3 32 A4 14 83 06 A0 C7 A1 C6 A7 81 1D C0 20
0001A420  01 20 D5 26 2B 8F 85 97 71 1C 22 A5 FA 98 E5 94
0001A430  3E 22 06 96 DE 20 04 27 08 9C A4 22 DE 12 0E 1D
0001A440  EF 9C FE 9C CC 9B 3E A7 14 9C 03 A6 D7 8B 9A 1C
0001A450  29 99 55 A2 57 97 CB 21 38 1A 8C 9B 7C 24 9E 14
0001A460  2C A7 37 22 E0 A1 AF 93 AB 24 6F 1C F8 26 A6 1B
0001A470  ED 22 41 A6 92 A5 A0 1D 78 22 ED 0E 41 A5 13 09
0001A480  25 20 34 A8 B0 22 0F 17 0D A1 0C 26 21 19 CB 27
0001A490  73 A1 E5 A9 4F 28 9B A0 DB 1E 4E 22 24 98 CB 1A
0001A4A0  05 A0 A2 A1 C0 25 31 AA DE A1 48 A4 48 A2 48 99
0001A4B0  47 1F 74 A3 83 A4 5D 1E 68 A1 F7 A6 15 22 D4 A3
0001A4C0  71 24 07 25 9F 9E 42 20 FB 15 D7 A2 D1 9D 70 A9
0001A4D0  27 A4 15 20 18 29 3F 17 33 8F 87 28 58 A8 AD 19
0001A4E0  75 21 3B A2 21 9D 63 99 B9 AA 1F A3 52 21 77 24
0001A4F0  83 AB 0A A0 86 A6 35 26 4A 23 0F 9F C4 2B D8 20
0001A500  AD 1E 57 24 E6 A4 29 9E B7 A6 12 A9 BC 2B 1B A3
0001A510  BA A5 47 25 EB AC 17 9B D1 1B F9 A2 69 98 67 A9
0001A520  5B 2C 38 9A 4E 21 FD 1B B0 2E 66 1D F6 A4 A0 AA
0001A530  6E 28 54 8C 4F A4 97 27 9B A2 D0 21 E8 A1 66 A5
0001A540  34 21 22 24 47 A6 48 AD F4 28 F8 AB 65 AA 5A 20
0001A550  37 24 B6 2B 14 A9 E9 A6 DC A0 30 28 FB 99 0B A7
0001A560  EF A4 7F 9D 99 9F 7B 9D 2B 2B 6C A8 AC 1F 30 25
0001A570  18 A5 90 A9 36 24 90 A7 21 25 D8 A5 F3 94 BB 9F
0001A580  92 26 2D A5 13 99 2E A7 19 AE 59 26 68 20 EA 2A
0001A590  B1 2E B2 AA D5 AC 11 A2 25 A8 F6 AB 72 2C 43 A2
0001A5A0  54 24 59 A8 B9 A7 46 AE 29 A8 F1 AA 06 A7 15 A8
0001A5B0  C3 27 F1 2B 42 9B 5B 25 2E A8 9A 9F CC 2D D7 AA
0001A5C0  06 2C 3E AA 19 A3 C1 24 35 A0 1F 98 AE 95 2E 25
0001A5D0  3F A2 39 99 C4 A1 73 24 19 98 6D 26 66 1E 0F A0
0001A5E0  0E 24 0F 20 C6 16 4B 9D BE 25 2B 90 71 2A B6 25
0001A5F0  06 A0 3D 24 6C 1E 31 A8 71 21 DB A4 0B A4 8E A4
0001A600  AD 25 2D 24 AF 21 1C 9C A9 9C B2 9E C2 9E 0E 9D
0001A610  00 A0 83 AA 68 A4 E6 18 E7 9C F3 A4 71 25 AC 9A
0001A620  F5 9F 3F 14 37 9A 8E AB 27 A9 29 AA 3D 9D D8 21
0001A630  62 29 98 A3 3F A8 3D 24 01 17 EE 22 7E A3 CD 25
0001A640  6E 1D 0F 25 89 22 11 A4 6A 22 4C A8 58 23 C8 17
0001A650  5E 20 C2 20 AF A8 4D 16 D2 26 1C A7 35 A5 E3 A3
0001A660  04 23 96 A3 72 1D 6E 24 68 9A EF 16 61 1A C8 20
0001A670  D9 A5 06 A3 55 A2 2A 29 13 24 EC 9B F3 23 D6 A3
0001A680  8A A8 2B 28 46 9D 1C 9A A6 91 A0 9C 11 06 98 9F
0001A690  6E A0 6F A1 D2 1F 4C A0 A7 19 E4 1F FB 9D DA 1D
0001A6A0  F6 28 F9 05 6B 0E 4E A1 31 21 8C 22 23 1C A2 20
0001A6B0  23 19 E2 29 D2 05 24 A4 CF 20 DB 21 D3 26 89 1D
0001A6C0  C4 9A E0 23 7C 9F 37 A4 67 9E 1A A1 01 A7 39 21
0001A6D0  0B A2 20 23 E2 16 77 1C AB 23 61 1E 2F 17 D3 20
0001A6E0  85 A3 BC 1C 26 14 7D A3 47 20 C2 A4 F7 21 42 91
0001A6F0  0A 24 A8 24 AF 9E 99 A0 5F 18 1A 16 61 22 17 9E
0001A700  18 19 81 25 9A A3 D1 1D 31 26 EC 26 5F A3 08 28
0001A710  2B 28 09 A1 87 9C B9 1C 50 24 58 A0 EE 26 35 98
0001A720  A8 1C 71 1B E2 A1 DD 1E 7D 1D D6 24 4A 93 17 9D
0001A730  A6 20 2C A6 6B 23 5B 27 D3 06 E7 22 23 20 7A 20
0001A740  C3 A5 0D 21 86 7D FE FF 04 00 00 00 C0 00 00 00
0001A750  00 00 00 00 00 00 00 00 00 00 00 00 00 00 00 00
0001A760  00 00 00 00 00 00 00 00 00 00 00 00 00 00 00 00
0001A770  00 00 00 00 00 00 00 00 00 00 00 00 00 00 00 00
0001A780  00 00 00 00 00 00 00 00 00 00 00 00 00 00 00 00
0001A790  00 00 00 00 00 00 00 00 00 00 00 00 00 00 00 00
0001A7A0  00 00 00 00 00 00 00 00 00 00 00 00 00 00 00 00
0001A7B0  00 00 00 00 00 00 00 00 00 00 00 00 00 00 00 00
0001A7C0  00 00 00 00 00 00 00 00 00 00 00 00 00 00 00 00
0001A7D0  00 00 00 00 00 00 00 00 00 00 00 00 00 00 00 00
0001A7E0  00 00 00 00 00 00 00 00 00 00 00 00 00 00 00 00
0001A7F0  00 00 00 00 00 00 00 00 00 00 00 00 00 00 00 00
0001A800  00 00 00 00 00 00 00 00 00 00 00 00 00 00 00 00
0001A810  52 7E FE FF 04 00 00 00 C0 06 00 00 34 3E 28 BD
0001A820  42 B2 DC 3C A5 BE DD BC 39 C3 C9 BB E5 3B 72 3F
0001A830  40 40 EA BB 4E 41 3C B3 6D BB AB BA 89 41 08 33
0001A840  79 B8 64 BC A1 30 CF 3C 4F 3F 7A 3C 4C 3B 18 3E
0001A850  50 BD 25 B8 B1 26 3C C2 62 37 5A 36 D1 A8 67 39
0001A860  4B 2C D4 BF F2 37 9F 36 9A B7 2D 2D FB BC 16 35
0001A870  AE 44 82 3D 77 3A 02 3D 33 42 36 C1 59 3D C5 40
0001A880  50 39 E0 3D D8 18 86 25 B0 2C E7 BB 88 2B 3A AC
0001A890  35 C3 68 AE 1F 3E 2E 40 66 3D 14 B8 5C C1 9A 3F
0001A8A0  3F 40 3B BC FE C0 31 BE 9E BA F9 BC 70 40 2F 2C
0001A8B0  57 36 6D 3F 0B BD CE 3D 6C C0 47 40 62 B7 C0 3C
0001A8C0  22 41 D8 43 71 BE 99 C3 A3 BF BA 3D 5C A8 3D C0
0001A8D0  AF 42 96 BD E5 B6 77 42 AD 3F 09 39 52 3F 16 B0
0001A8E0  18 BD 62 35 E8 BC ED 2C 73 BF F6 38 4D 3D 08 BC
0001A8F0  38 42 9D BB 2F BC AA B6 E2 36 43 BB 65 3B FD B6
0001A900  CA BB 75 BA C0 B5 86 2E 63 43 06 3E 7A 43 1A 3F
0001A910  44 BA 4B B5 71 B1 F0 C2 35 38 89 3A F1 BA 15 3A
0001A920  4F 35 F0 BD 8B B9 2F 3B 51 3C 87 40 47 BB 27 3C
0001A930  4D 41 BF 3C 86 36 6F 34 E5 24 8B C2 3B 32 75 3C
0001A940  45 3F EA 3D 58 BA 10 37 91 36 25 36 65 32 3D C0
0001A950  4A C5 51 B6 03 BC 28 40 0E 41 81 B4 EF BA CF 3E
0001A960  AF 3A 0E 39 C5 B5 8A BD 3F BF EA B5 B5 3F 3A 36
0001A970  FD B5 2B 34 F6 AB F5 BD 93 B9 AE 2D 11 44 14 C0
0001A980  23 3A C8 B2 0D C3 60 BB EF B9 DD 42 F4 B9 2F BA
0001A990  95 3D 17 BC 56 C4 59 3E CC 40 3C 3A E5 B4 B7 33
0001A9A0  A0 BD 10 B9 B8 BD CD 39 65 30 34 41 E3 36 1C BE
0001A9B0  66 2E D3 B9 8A 3E 47 BC B2 B0 23 B9 36 AE A3 B6
0001A9C0  D9 BC 7C B7 5A B5 AF 38 89 41 58 3C F2 33 DF 3C
0001A9D0  05 BD F6 B8 87 BD 1B C1 DA 39 E5 3C F7 B4 37 B4
0001A9E0  FF B7 72 9C 7A BF 7D B3 1E 3D 09 3B 1D 3D AE 2E
0001A9F0  8B 39 8C 3E 50 3C C8 BC 22 3C CC 33 21 3D B9 40
0001AA00  93 3C BF 3D 97 B7 40 B4 06 2A 87 BC D4 BA AD B4
0001AA10  D8 C1 D5 B5 A9 AF 43 40 50 3F 56 C1 FF BC A7 BA
0001AA20  ED B4 C9 38 65 3B A2 BC 88 BE 4F 3B D1 3C 50 B8
0001AA30  6B 3A D8 B6 C5 3C 24 BD F2 36 2F 30 62 40 0D C4
0001AA40  5A B5 61 C0 8E 38 B4 3F D7 AA 8C 38 60 C4 82 41
0001AA50  76 A9 F4 BC BF C2 36 39 F1 3D 85 35 94 B4 4E B9
0001AA60  19 2C 4B 3C 93 BC F6 C1 5F BE A2 BE D8 32 28 A0
0001AA70  18 40 28 B6 80 AB FB A1 36 C2 C1 BC 8F 3F 89 B8
0001AA80  C6 BC 9B BF 93 B8 2C 3C E4 42 D5 40 4E B1 D7 3B
0001AA90  74 BD A4 39 7C 38 19 C1 77 39 40 3A F6 BB 12 B8
0001AAA0  86 B0 3A BB A4 3D 53 38 F4 3C 7B 3D 10 3F 41 B6
0001AAB0  33 42 62 A6 1F 20 4A 39 24 40 F2 C3 45 B9 2F B7
0001AAC0  C4 40 6D AB 3F 3E 29 2C 9F B8 EF B8 1B 3B 4D 41
0001AAD0  82 C4 15 3E D3 36 F2 3D C9 3B BE 2B 22 C2 0D B9
0001AAE0  66 40 2A 39 EB BC 2E BC 66 40 C5 BC 7A 37 35 B9
0001AAF0  35 3A 70 3A 15 BF 78 B1 0A C1 52 C0 76 B4 50 40
0001AB00  60 33 82 42 B6 C2 EA 3C 1A C0 82 B9 B4 38 85 3A
0001AB10  FC 3F EE BB 45 BD 87 39 84 42 85 3D DA 3E 16 39
0001AB20  2B A5 47 3D C3 C3 4F B9 7E 3E 96 B1 C7 2D 45 3D
0001AB30  8A 41 AF C0 6C C1 D5 38 67 BE 5D B6 3F 3E B8 BB
0001AB40  06 3F CC 39 D4 BC 32 C0 EF 41 0A 3D FE 40 BF 37
0001AB50  75 C0 22 C2 9D B2 4A C1 A3 BD A5 3A 2D BF 00 3A
0001AB60  13 41 DE B9 5B 39 FC 3E DD 42 1B 40 BF 3F 66 42
0001AB70  C3 3E 73 BE DF 38 4F 35 29 41 32 C3 B5 BE 09 3A
0001AB80  5B B8 DF 38 39 38 ED 3A 94 37 84 41 55 3C 16 3B
0001AB90  22 C7 B0 3B B0 C1 C5 3F 51 42 98 2A 74 B9 1B B9
0001ABA0  2B BE 36 3E 54 3C 44 3F 2A BA 42 35 51 BB 0B 34
0001ABB0  95 BE 78 BC 28 BC 6F C0 55 AF 47 BB F5 39 10 3E
0001ABC0  2D B8 13 B9 BC C4 E9 41 E6 40 68 41 AA 43 F8 3B
0001ABD0  8D 41 6C C0 2C C2 52 3C E9 42 ED 3B 81 C2 93 3D
0001ABE0  22 B4 AB B7 E5 BC 78 3C 2B 3A 90 3C 74 B8 03 B9
0001ABF0  37 3A 27 3C F5 BF CD B9 73 BE 63 3C E7 3C E1 BC
0001AC00  B6 B2 87 AE 7E BB 5E 2A 53 3A 2E B9 DB BE 29 AD
0001AC10  4C B7 61 B9 47 C2 61 BB C4 BB 1E BA C6 BC 24 3D
0001AC20  AE BC 32 37 F5 C0 6B B6 61 3E 06 33 DC BC 9B 31
0001AC30  47 3B C9 BB 69 3A 91 BB 70 3D E2 B2 12 3D CB 3E
0001AC40  80 3C D8 B5 B2 BB 37 BA DA BA 81 38 89 38 DB 39
0001AC50  9D C1 1B 32 30 B7 2F 34 BE 3C FF BC 60 BA F6 BF
0001AC60  09 BD 41 BD 3A B9 64 B4 D1 2D A0 B7 2A 33 1F BE
0001AC70  DC 38 34 B7 01 B5 D5 B7 84 39 B7 40 21 34 A9 B3
0001AC80  D6 B9 DD BD DC 33 0E 40 C9 3A AB 3B 7C BF FA 43
0001AC90  68 BD 6C C3 31 C1 03 B5 86 3D D6 C0 79 35 8D 2C
0001ACA0  A7 30 AA 3B 8C B3 17 C0 9E 15 F7 B4 4E B8 32 BD
0001ACB0  A1 B6 24 1E 76 BF DF B9 C5 C2 2E BD 7D 3A E0 BE
0001ACC0  E1 BB 30 BE 31 B8 94 AC 66 40 34 B4 36 BC A6 B8
0001ACD0  E7 BB 88 3D 02 31 55 BD DF 3C C4 36 4E B8 8B BB
0001ACE0  BD 33 1A 32 6B C1 B4 38 BC B5 F4 36 3D 38 7E B9
0001ACF0  EF 3C 55 3B BA B5 DD 34 65 B1 DA BC 72 C1 FB C0
0001AD00  D7 40 88 BA 7B 3A 28 C0 00 BF 3D 3B 37 BE 89 39
0001AD10  D9 BC 06 3B D0 38 BA BD 5E AD 64 34 99 C1 F4 BE
0001AD20  38 40 29 3D 20 B8 48 BA 3C 41 02 B1 3A BA 51 C0
0001AD30  8F 41 9A BD FC BA 0C BC 72 C2 59 BE 66 3D 6A 3C
0001AD40  69 2C AF 41 13 B3 AF 3E DB BC 2C C4 5A B5 43 34
0001AD50  FC BD 55 BD 1C 22 B7 C2 20 B9 54 BD 33 C2 55 3E
0001AD60  68 B2 87 3E F2 BC F4 BE DA 38 D7 B8 54 BC 78 3E
0001AD70  BE B4 52 3B 1F BE AA B4 73 BF 02 BD E0 B9 1E BD
0001AD80  1E B7 A6 B5 86 BC F4 BC A2 3F 48 B9 36 30 3D 34
0001AD90  BC 3B 12 31 83 38 E4 BF 0F 41 DC B6 59 BC 69 26
0001ADA0  31 B8 CB 31 FB B6 33 37 B1 B3 98 B0 36 BC 88 34
0001ADB0  37 3D DC 2E 23 36 FD AF 47 AE 1C BB 0A C2 CB BE
0001ADC0  69 3E 8D B6 6F 3B FE BF 0F C0 58 38 21 C1 01 BE
0001ADD0  3D C1 3A 3F CB 39 1C 39 3C A8 F1 B8 19 BD D4 B6
0001ADE0  11 B5 E1 B2 22 35 36 BA D0 39 E2 38 62 B8 6C BA
0001ADF0  A9 3C F7 C0 01 BB 25 BE 6B B4 59 BC 0F BA A4 39
0001AE00  E2 B5 FC 3D DE 35 71 41 FD 37 41 C2 50 3B 1D 3E
0001AE10  27 BF 90 C0 B1 BA 35 B2 0E B7 42 C2 DB BC DC 40
0001AE20  39 B6 06 B1 1E B9 FE 2C 00 3C C8 36 7E B3 EB 3C
0001AE30  2E B3 FD 3B 6B BF 64 B8 B6 B8 FB B8 12 2A 27 BA
0001AE40  6F 30 CB BD E2 B8 26 BB 90 B7 C1 BC 44 BC 92 B8
0001AE50  3F 38 41 27 4E B9 79 BA 11 40 BB 30 AA 36 5D 3B
0001AE60  4A B3 CE B3 E6 2E 42 B3 9B BE 2F BC 0B 38 41 38
0001AE70  B9 3F 61 38 23 35 E4 AD C7 B0 78 BF 48 B9 59 B9
0001AE80  B9 33 A9 3C 78 2A 8E BE 83 BD 19 38 5E 2E 35 B0
0001AE90  EB 37 9E 38 FE 3C 32 BD 9D 31 E9 BD E3 BB 7D 36
0001AEA0  84 B9 2E C2 05 2E AE B8 AD 1F 1E BC 61 BA F7 BF
0001AEB0  B4 3E 7D B0 BB AA C8 19 E5 2B AD 34 7B BC 38 2B
0001AEC0  97 36 62 3B EC 40 E9 3C E1 35 80 BC 72 3C 60 43
0001AED0  6F BE E5 BE 8B BD 9F 3A 01 39 45 C4 1E 85 FE FF
0001AEE0  04 00 00 00 20 00 00 00 00 00 00 00 00 00 00 00
0001AEF0  00 00 00 00 00 00 00 00 00 00 00 00 00 00 00 00
0001AF00  00 00 00 00 08 00 00 00 4A 85 FE FF 04 00 00 00
0001AF10  C0 00 00 00 41 C2 09 BE F9 BC 3F BC D3 BC 69 BA
0001AF20  23 C0 B9 BD C1 B7 77 BB 72 C1 1C B8 73 B3 6A BC
0001AF30  CF A4 F7 35 9E B4 8C BB CF BB DD B5 61 BD 42 3A
0001AF40  D0 C3 92 C1 D7 BA AE BC 0A BF DA BA 4C BA 35 3C
0001AF50  D5 3C 69 BE 96 3E 84 3A 1A B8 B2 B0 6C BD 7B B4
0001AF60  7F BB 18 BD C1 B4 17 34 DB 38 0F BF 04 BD 21 BD
0001AF70  C6 BE B3 C4 4A B8 45 BD 4C B7 D2 BE ED BA 85 BA
0001AF80  C1 BE 85 3A B9 B8 5B B3 44 3C 31 BB 46 B6 B0 BE
0001AF90  6A B3 6E B9 1B B8 AC 34 E3 B9 EF AF E4 2C 52 34
0001AFA0  62 B8 06 B7 60 AE E8 B8 A6 38 32 B7 E0 B4 CF B5
0001AFB0  52 B7 24 2C C6 34 51 B4 18 BC AC 36 20 BD A2 B2
0001AFC0  C6 34 CB BA 13 B1 42 AE 81 B4 6F B5 4B BE 1A 29
0001AFD0  92 B7 AB 30 16 86 FE FF 04 00 00 00 00 42 00 00
0001AFE0  37 1A E9 A4 7F 9D BC 8D 2D 9D 8A 24 8B 1A E8 24
0001AFF0  A3 A0 38 22 03 1C 8B 9A 70 A1 DE 99 DD 9B 38 1C
0001B000  39 1B A8 11 0F A1 94 9D 34 A2 83 9E 19 9A 0E 97
0001B010  0F A1 F0 22 5C 9F FD 8E 7C A0 BC 20 DC A1 96 9C
0001B020  FE A1 7E 94 10 A1 3D 96 8A 99 25 9B B8 17 E9 22
0001B030  11 A0 E1 A0 FC 97 86 A1 94 24 77 13 AC 9E 20 21
0001B040  9B 97 E0 13 FB A0 37 23 E5 21 1F 9C 5B 13 41 24
0001B050  B1 0C 13 11 5D 1C F4 1E BF 96 B4 A0 3C 1D F8 19
0001B060  40 A1 E2 19 64 15 D0 1A 13 1E 57 16 6F 24 30 20
0001B070  6D 1A 8D 82 91 9D B4 99 64 1E 10 98 16 98 24 99
0001B080  11 94 44 1E 01 10 F6 A3 47 9F 0D 1B AC 94 79 9B
0001B090  91 13 04 22 51 A0 2B 9C 97 A8 90 AD B0 A4 F0 A3
0001B0A0  22 A9 0F 9E 77 9F C0 28 07 A2 A9 A4 E8 16 98 A1
0001B0B0  CF 9E 44 21 29 A8 72 26 22 A4 AD 1D C4 A5 C6 21
0001B0C0  30 9D AB 28 78 A8 44 AA 25 A5 49 23 A2 A4 D6 8A
0001B0D0  A9 A8 F5 29 70 1B 6E 0F DE 29 51 A5 B0 24 C6 27
0001B0E0  03 00 E3 1F 31 27 7D A5 DA 23 45 9E 13 24 0A A5
0001B0F0  25 1A 8A A2 04 A0 F0 28 FB 29 96 20 F8 9A A7 28
0001B100  99 AA 32 9E 26 21 D4 28 20 26 31 9E E4 1D 16 A7
0001B110  6E 26 FB 26 25 18 9F AA 42 25 90 0E 7F A1 22 28
0001B120  1A A7 7C 27 D2 83 7B A7 70 24 11 A6 37 9D 43 A4
0001B130  9D A6 72 A4 5E A5 5A A7 0F A8 E6 A3 64 9F F8 A3
0001B140  14 25 6F A6 32 2A EA 1C 17 26 BA 25 CA 23 04 27
0001B150  81 A5 41 29 56 21 E5 A4 33 1D 15 A4 41 A8 E3 A0
0001B160  81 A1 4E A0 93 A4 AF A6 76 A2 D5 A5 57 24 0D A1
0001B170  0B 98 76 1B 1A A4 7F 24 15 9D B2 A5 86 A5 8B A1
0001B180  2F A5 28 1D 6F A1 63 A0 72 1C 45 1A 1D 25 2F 81
0001B190  20 22 34 A6 F4 A8 44 AA BB 99 0F 9E 92 A0 15 23
0001B1A0  92 1E 81 A5 53 A0 37 25 67 A1 7B A5 1C 1A 19 28
0001B1B0  A5 25 73 1C 8C 94 3A 2B 06 9D 4F 26 EC 90 0B 9D
0001B1C0  E7 9A 58 9B 4A 23 03 A7 E4 A3 97 24 C3 11 34 A0
0001B1D0  A3 A1 B2 22 C3 1C A9 29 BA 9E 69 25 6E 9F 68 A7
0001B1E0  70 A0 A7 28 0E 28 C1 1D 4A A4 33 24 BC 1C 11 A2
0001B1F0  53 A0 46 AA AF 26 19 23 6E A6 A7 A7 5F 23 27 25
0001B200  66 AD 5E 20 4D 2B 79 18 7C 26 CE 1F 1A AA 7A 29
0001B210  85 A9 0D A3 22 AC F6 24 9C AB 01 28 1C 29 97 A8
0001B220  8B 8B 15 28 88 A3 27 AE 27 23 7C 2C E4 AA F8 A1
0001B230  1B A5 D1 2D 62 9C D2 A9 21 13 E8 2D 57 98 28 B0
0001B240  04 A7 D1 A1 E1 A8 45 9F 10 27 19 27 64 25 59 24
0001B250  4A 2E 73 28 25 AB 46 9D 20 2A 1B 2B 55 AC 2D 1E
0001B260  10 A6 AC 25 6C 23 E7 2B 9D A6 E4 2C 1E A8 30 25
0001B270  57 A0 E4 9F D9 A8 A0 2B 57 2C 6B A5 F8 A8 AC A4
0001B280  85 23 59 A2 1F 18 DA 2B FA AD DD 25 FD A8 63 91
0001B290  2A AE 5E A4 BA 28 CD 28 F3 A2 68 28 9E A7 79 AD
0001B2A0  41 A9 72 9C 22 21 7D A8 42 2C FA 28 CD A8 36 29
0001B2B0  5A 10 72 A2 66 1E 45 A9 FA 9E CA 27 C8 29 B2 1D
0001B2C0  0B 21 7F 25 26 A8 78 24 64 2A 6C 1D 9F A9 7D 22
0001B2D0  02 27 64 26 A7 A9 23 23 BC 20 48 06 49 1E ED A1
0001B2E0  08 26 B6 25 EC A2 4E 29 F5 A5 08 29 63 24 DC 27
0001B2F0  90 19 F9 25 FD A0 55 28 0E 23 5B 25 89 1F 2F 28
0001B300  0F A8 D2 A8 09 22 92 A9 01 1F F9 A4 DA 9D B7 29
0001B310  9D 26 EA 88 96 23 3E 28 FF A7 6C 18 6B A6 F0 24
0001B320  C9 1C 63 9F E9 26 09 23 97 22 A1 91 70 25 25 9F
0001B330  81 A8 9C A6 48 26 87 28 F7 9A 31 24 80 26 2D 19
0001B340  65 9A F5 28 11 20 B1 AD E3 A0 19 25 80 14 8D A3
0001B350  AD 26 E7 A5 9F 21 F6 A0 DC 9F FA 93 DA A8 ED 25
0001B360  AA A3 15 1E D3 A2 1B A8 E7 A4 29 9D D8 20 9C A1
0001B370  87 9B 6D 1B 76 A4 E4 20 AB 21 EB 25 54 A6 F8 27
0001B380  51 A4 6D 26 D2 A4 A2 A4 6D A2 4E 99 0F A2 74 23
0001B390  60 A8 01 A3 C6 A5 EE 29 66 1E E0 A6 A5 9B 70 24
0001B3A0  4C A4 AA A6 0F A2 B1 0B 59 A4 7D A3 E7 A0 45 23
0001B3B0  98 27 5F A4 DF 23 7E 26 7D 94 C8 22 17 A4 10 24
0001B3C0  D8 20 89 27 7F 24 9D 24 6A A8 A3 A5 B6 28 9F AA
0001B3D0  E5 1F AE 27 A5 29 04 9E 45 29 98 28 80 1F 1A 24
0001B3E0  40 9C 1A A8 C6 A4 EF 26 9D A4 47 24 A8 A8 06 AC
0001B3F0  D3 A0 4B 26 2D A7 80 1D 0E A9 71 24 13 21 C1 21
0001B400  25 9C 74 AB 2B 24 91 A6 F2 21 B6 18 76 25 DE A6
0001B410  79 2C 2B AC D9 A4 DD A9 4B A5 8D 1C 08 22 CA A8
0001B420  E6 24 AD 1B 0D 9E 15 1E 39 A8 BA 29 58 A7 24 28
0001B430  5F 92 39 9C 0C 22 12 9B 8C AD CC 2B 74 AB 96 A6
0001B440  28 A8 15 2D ED 2A 7F AB CF 28 6D A6 74 1D 96 1B
0001B450  B4 A7 96 A5 92 A4 BF A9 2E 9E 87 1F 84 21 BC 20
0001B460  B4 26 55 24 4A 98 5B 21 4C 26 13 A6 B5 A4 A8 28
0001B470  4A A8 83 AB FB 9F AA 29 D2 1D B2 9F 0B A6 6E 2A
0001B480  92 1C 22 AE 48 AC 4E AA 0B 21 99 A6 B7 1D A7 27
0001B490  37 A4 BB 21 F9 A0 59 A8 98 A4 84 28 D9 A7 E2 2B
0001B4A0  92 A2 D4 9B 42 2B 25 25 F8 96 96 A7 C2 1C A2 A7
0001B4B0  0A 26 CF AA ED 97 3D 10 4C 1B F7 2A E6 A0 13 A6
0001B4C0  55 A6 B9 26 A9 1B 2B 24 A2 A4 9F A2 C9 A5 55 1F
0001B4D0  BF 15 88 20 77 A4 17 24 5F 9D E5 A4 B3 A6 4D 26
0001B4E0  61 A7 36 23 52 9F E2 25 08 A7 99 1C 86 1E D5 A4
0001B4F0  66 A4 CA 25 4F 9E C5 25 D3 A8 DB A4 57 19 92 28
0001B500  32 16 C1 A5 6B 93 CF A2 74 28 93 A4 33 1E 35 25
0001B510  38 A2 81 29 51 23 B9 22 4A 9F 87 A6 52 A0 42 20
0001B520  F7 A2 EA 1C 7D 9E 4C 1C EC 16 D9 A6 CC A2 30 23
0001B530  91 1C 1D 25 2C A1 AF A3 38 2C CD A0 CA 22 71 A8
0001B540  29 25 3F A2 FC AA 82 A8 22 22 A8 A2 D1 20 31 AA
0001B550  73 A8 2D A4 F6 11 B7 A2 56 21 1F 9E 06 24 62 19
0001B560  24 A5 E5 A5 70 21 13 A5 F9 24 12 2B 98 2B E9 AB
0001B570  D3 24 A4 A8 22 20 8C 1E 2B A1 BC A5 05 2D 17 A7
0001B580  2A 26 65 28 04 AC CC 1C 10 A6 66 2A 4F 2B DC 28
0001B590  DB A4 8E 2C 03 A6 D8 27 0F A8 84 1B F3 AA 23 2A
0001B5A0  C1 AB 72 2A C3 A8 88 24 47 2A C9 25 4E A0 85 29
0001B5B0  CC 98 D7 28 47 22 69 A7 12 1F D7 26 08 28 09 A8
0001B5C0  CF 2B 1A 9A 1E 1E B9 17 A4 26 12 29 72 1F BB 9C
0001B5D0  5D 29 86 A1 50 20 62 2C DA 20 66 24 75 18 C9 9D
0001B5E0  CA 23 BB 26 90 24 B0 9C B7 A6 D1 25 31 22 12 9F
0001B5F0  D3 26 39 28 01 A0 46 A7 1B A7 86 24 29 21 C7 28
0001B600  14 9C 19 A9 51 A9 EF AA 23 A9 4D A8 27 24 65 20
0001B610  DB 9D E9 94 64 10 7C 96 75 A4 13 8F 00 9C 29 19
0001B620  08 A6 19 A6 D2 1B E0 23 11 9D 95 9D F2 9D 17 A1
0001B630  D4 19 EE 9C 12 A2 EB A0 05 23 33 9B C4 26 1C 9B
0001B640  AC A2 E1 11 72 24 36 27 7F 20 4D 21 36 22 56 A5
0001B650  44 1C 01 23 06 9D 6D 20 91 96 5A A3 B3 1D D6 25
0001B660  79 9A A9 21 0D 14 6C 1C 2A 21 68 1A 63 A0 F5 21
0001B670  F2 20 11 98 B9 9D CB 21 22 21 86 9D 68 21 48 A3
0001B680  70 9E EF 0B 93 1F C7 A6 46 9C 81 99 A5 16 72 1E
0001B690  1E 9E CE 10 66 22 0D 9B D7 A3 A6 1E CC 24 53 23
0001B6A0  13 23 DD 20 3E 97 A6 A1 CF 24 49 04 1D 21 90 22
0001B6B0  87 1B 43 0C 8F 20 02 A1 87 1A 3C 96 FD 9B B8 A0
0001B6C0  69 1F E3 21 ED 9B 8D A5 CB 27 73 21 45 25 07 1A
0001B6D0  3E A5 04 2C C4 9C A3 18 7B A5 1C A9 DB A7 64 A8
0001B6E0  BD 1C 81 A3 7D A8 32 22 27 A9 83 9C CD A8 09 27
0001B6F0  8A 28 85 2F A9 2A 38 27 62 AB 50 26 FE AA BA 28
0001B700  98 1C 67 29 15 26 66 A7 A8 A8 FC 12 25 9B B1 A9
0001B710  94 A1 B4 25 5B A6 B7 A8 10 28 6A 22 1B AC B4 2A
0001B720  71 28 77 AA DA 21 05 24 EB 22 4F 1E 75 1B 06 9F
0001B730  15 22 46 20 2E A1 2B A7 94 A9 EE A3 60 18 6D 1F
0001B740  F8 AA E3 A9 C6 A9 D1 A8 23 99 02 20 DD 21 69 A2
0001B750  F2 20 2E 26 76 A4 5C A8 BB A2 30 25 04 2B 2C A9
0001B760  FD 28 3C 25 E4 22 26 9F 7E 27 DD 24 5B A4 1D AC
0001B770  D2 A6 F4 A0 62 22 19 22 3C 17 A0 24 D9 23 61 26
0001B780  11 1E DC 1B 47 9D DA 9B 59 A2 D6 21 53 A3 6F 9C
0001B790  72 12 78 A3 EE 28 2C 1F B0 A4 C5 A3 31 A6 EC 21
0001B7A0  E0 28 E1 A5 9C 23 76 9E 49 98 3C 22 BC 9F 2E 21
0001B7B0  4C 1E 0A 24 33 99 F8 19 65 9C A0 25 41 99 ED 1F
0001B7C0  52 22 48 91 AF A2 87 25 EE 20 1F 28 F1 A1 CC 20
0001B7D0  DF 99 C7 20 79 A7 7C 11 0A 96 78 18 CB 22 6A 1E
0001B7E0  A6 28 4B 1F DC 21 69 A0 3D 23 D7 9D 91 A5 45 A1
0001B7F0  9B 9D 4E A3 35 98 A8 22 7B 25 8F 21 47 1E 4D A6
0001B800  11 24 19 A8 3D 1E 7C 1D CB 24 F7 A6 9F 9B 9A AB
0001B810  05 9E EE 21 5C 9A 4C A4 97 A2 AE A2 E5 23 3B 1E
0001B820  E6 1E E8 A8 55 24 86 14 31 18 C9 23 C0 A2 3F 24
0001B830  AF A2 31 A2 53 18 53 1E 79 26 16 A4 E7 9E 92 18
0001B840  92 A4 83 9E 4B A7 FC 1D E5 20 34 9F D9 9D 35 24
0001B850  F6 A5 68 12 3E 1B BC A5 E1 A0 EA 23 7B A1 16 1D
0001B860  4C A5 C4 98 EF 21 90 23 16 A0 3D 23 CF 9F 0A 23
0001B870  06 99 22 A5 FB 9D F4 20 45 1D 6E A1 C9 25 32 22
0001B880  0E A7 C6 A2 00 27 34 25 29 1D 2F A0 AA A1 BC 9C
0001B890  DF 17 CA 1F B2 21 C8 28 47 9F D3 9D 80 A2 19 9F
0001B8A0  2B 9E A2 25 8E A5 B8 A0 54 22 93 1E DF 23 BE 99
0001B8B0  F6 A0 33 A2 B4 A5 88 1F 84 A4 E3 9F A6 8C 53 A8
0001B8C0  24 A7 61 93 73 8F 64 A4 C9 1D 98 9A 27 25 27 24
0001B8D0  FE 2B 40 AD 9F A9 3D 0F 2C 2B 21 2B 76 A6 F4 AC
0001B8E0  91 AE 2D 23 6D 1B 33 AD F1 26 4F A7 09 A0 53 A8
0001B8F0  B1 A7 78 A1 B6 A8 54 A5 E1 A7 96 2A FB 27 75 A5
0001B900  9B AB 2C A4 22 A9 33 29 D4 26 68 2C 2F A9 A0 1E
0001B910  63 20 A9 28 28 A3 B2 20 08 A9 C2 28 50 25 77 2C
0001B920  68 27 31 24 07 9C 07 9F 52 A7 1F 22 48 A8 16 20
0001B930  04 AD 7C A8 A4 97 0F 25 A4 14 11 22 98 AC 44 2C
0001B940  EF 23 27 A1 62 A6 16 29 5B AB 54 23 A8 25 31 A9
0001B950  43 A8 B8 A5 80 80 18 2C 67 A4 1C 24 7D 26 F9 19
0001B960  38 A9 73 AB AC 28 72 2D 19 A5 86 A3 F0 AB 50 13
0001B970  9B A9 7C 24 5C 27 34 A1 FE AA 42 25 A9 24 BF 9A
0001B980  67 1C C5 24 DE 14 6B 9C 81 14 CC 1D B9 9B 09 9E
0001B990  C7 A3 79 A3 55 A0 98 A8 02 A1 C8 A5 54 16 59 A4
0001B9A0  9B 1C D2 24 7D A4 7F 15 97 99 61 17 3E 24 43 21
0001B9B0  02 99 79 0F 2E 22 C9 25 34 1F 96 22 B5 19 5D 10
0001B9C0  1F 17 50 95 59 1F 4B 22 2B 21 9B 80 81 03 40 A1
0001B9D0  54 98 8C 20 EC 1F 4D 9A 53 A3 1A 21 F4 15 00 99
0001B9E0  30 24 93 22 80 27 EA 9C 66 18 70 21 4C A0 83 A1
0001B9F0  A0 24 7D 22 ED 22 FB 21 A0 A3 7A A2 FE 19 32 9E
0001BA00  91 96 AE 1B 74 A1 B3 A3 94 A0 DE 9C 7D 20 7C 9D
0001BA10  C9 22 46 22 82 1E 8F 9F 2C 18 ED A0 2C 1C 58 19
0001BA20  36 23 4F 9F E5 A2 6F A2 48 21 78 1D DC 20 7B 23
0001BA30  B0 A7 E2 2B 8D 1D 67 A1 4E 1D 61 26 18 23 4B 18
0001BA40  2D A9 2A 21 91 A3 52 2D 55 23 0E 22 A5 A6 74 A8
0001BA50  1A A4 EA 24 8E AA 95 A4 EE 22 84 29 18 27 28 28
0001BA60  64 26 C6 A5 78 20 79 A9 96 AA A0 A8 C0 A3 19 28
0001BA70  68 28 F0 9E 6F A9 A7 A0 3C 27 C0 20 11 29 11 9D
0001BA80  40 A0 B9 2B D4 1F 24 25 5F 24 A2 93 1A 25 EB A2
0001BA90  D8 28 55 28 2E A9 88 A5 36 28 52 21 7C 28 AA 25
0001BAA0  D1 A6 30 25 CE 25 FC 2A 39 A0 C8 2A 76 A8 2A A3
0001BAB0  83 A4 F6 25 29 AB F5 29 CB 26 0B 20 D1 9B 60 A1
0001BAC0  4D 2C D4 A4 4F A2 23 27 02 AC D6 26 97 1F BF 28
0001BAD0  CF A7 09 A4 CC A3 90 A4 34 A2 2F A1 A0 23 CA AB
0001BAE0  4A 22 17 29 AE 1B B6 94 E6 29 69 21 FE A8 04 28
0001BAF0  59 9E 43 A4 F2 1F 45 2B 33 AA 35 A2 46 A9 94 23
0001BB00  98 A9 79 0C C0 A8 2D 15 5E 9F 94 21 B0 A6 A5 A0
0001BB10  66 A7 D0 29 11 A4 68 22 A7 A5 9C 2A 30 A4 16 A3
0001BB20  D6 A5 F4 A8 26 27 EE 9A E6 97 13 A1 0C 1C D6 24
0001BB30  92 20 65 A5 27 93 14 A1 74 A1 1E 08 4C 28 99 20
0001BB40  64 A9 8C 25 25 28 71 24 73 A3 DE A8 E7 99 90 21
0001BB50  35 19 FF 9F DF 22 D8 29 7A A5 11 AA 45 A8 34 22
0001BB60  95 9B 53 23 EA A1 19 21 8C 1C 65 9C 78 2A 2B 28
0001BB70  1A 1A CD 14 03 1F CB 1F 5B 21 7C A9 CB 1B F0 A9
0001BB80  FB 22 F3 AB 02 28 4B 2C 50 2E 85 A9 DF 24 0B 29
0001BB90  A8 28 4E 29 67 A9 76 20 4B 1F 3E A4 21 2A CD A9
0001BBA0  F3 9D 48 9F 4A 25 1A 22 79 25 D7 10 FA A5 E5 22
0001BBB0  66 24 23 2C 68 26 FD A6 4D A4 5C 16 0C 25 83 26
0001BBC0  C0 A3 0D A4 44 A3 97 27 C7 25 07 29 B7 20 58 A4
0001BBD0  16 20 FE AF D3 9B 0F A1 72 A9 32 A8 85 A6 B1 24
0001BBE0  82 A8 52 28 D3 25 49 29 37 1D B9 29 3B A3 0D A9
0001BBF0  DF 1D 28 29 BC 29 F9 24 A6 1F 97 A3 28 A0 5E 28
0001BC00  2C 20 2E 27 28 06 E8 20 4F A4 D1 20 16 A5 9E 23
0001BC10  93 24 F8 A0 F8 A2 59 A8 4D A8 B3 A9 6C A2 92 24
0001BC20  46 29 04 1D 2E 2A 89 27 B2 A8 97 AD 54 AA AF 21
0001BC30  AB A4 D4 27 88 AA 4A 23 B1 25 C5 25 FD 10 4E AB
0001BC40  A4 9C 06 18 EF 25 AC 19 5F 18 52 28 70 21 66 A7
0001BC50  41 9D 4B 21 EB 24 CF A1 42 1C 36 A6 00 29 0E 13
0001BC60  DE 21 30 13 39 24 D2 9F F5 24 2F 1C 66 A8 9A 18
0001BC70  DD 0C 76 29 BF 26 60 25 18 A0 02 A8 3F A8 28 24
0001BC80  1B A6 38 28 56 20 2C A1 51 29 B9 1D CC A0 47 25
0001BC90  05 94 35 22 41 A2 74 AA 82 9F 31 27 D7 A4 4C A2
0001BCA0  3A 28 A8 A8 32 A3 2E A0 5C 29 02 24 61 A0 73 1D
0001BCB0  49 27 A0 9B 5F 23 EC 27 16 A3 39 A2 27 98 9C A0
0001BCC0  8D A4 9E 24 B6 20 24 A4 D4 A2 0E 28 56 A3 6D 23
0001BCD0  F4 23 63 99 8D A4 28 9D 87 9A AF A7 74 28 6B 25
0001BCE0  F9 1E A4 A4 04 9C 2C AA D5 A5 96 A6 35 9A BC A4
0001BCF0  70 16 01 1A 44 9A 45 1A 09 20 63 24 32 1E 33 17
0001BD00  FC 9F A9 24 A8 20 D5 A8 67 1B 64 17 6D 9F 93 16
0001BD10  A4 A4 9E 1C 41 A2 30 14 35 A3 F8 A4 55 24 66 22
0001BD20  90 A2 50 98 A7 1B 0E A3 54 23 6F A1 60 A4 BD 24
0001BD30  77 0D F6 24 4F 21 9C 27 94 26 07 9D 33 24 F7 8B
0001BD40  8C 1A 67 21 A4 A0 30 9C 51 21 37 9E 7C 1F FD 11
0001BD50  61 1E 90 96 87 96 A6 23 AD A1 C3 A1 88 A7 B8 9C
0001BD60  72 0F 64 1B 0E 1E 65 15 2F 25 33 24 52 20 B6 1F
0001BD70  94 1D FB 9C B5 A5 AF 1C D5 A2 6D 26 17 20 AB 1E
0001BD80  90 1B 6E 99 63 29 AF 22 D1 A7 60 18 55 1D 27 12
0001BD90  D6 02 F4 A2 A3 90 B1 22 72 A7 48 9D BB 23 5F A5
0001BDA0  B3 17 0F 28 93 21 5C 2C A2 2A 7D A8 71 2C 84 A4
0001BDB0  40 A9 63 28 E1 A0 9F 27 F6 28 A1 26 55 AD F2 29
0001BDC0  8E A8 2C AC B4 A2 D3 A0 DE 28 49 A9 80 12 6B A2
0001BDD0  20 2B 47 27 28 24 F9 99 A0 A6 A2 A0 19 28 B8 24
0001BDE0  E8 24 FE AB 6A 1C 43 28 7C 28 93 A7 22 86 FB 28
0001BDF0  C4 23 25 A4 C9 9C CE A2 37 28 51 21 0A 29 E1 20
0001BE00  88 25 F3 A0 A2 A5 80 25 BC 24 69 A7 83 A6 1E 2C
0001BE10  3C A3 60 22 DC A5 5D A3 A0 28 DF 2C 29 2A A4 A4
0001BE20  5C 94 6D 9F E8 26 10 A6 57 28 DC 24 65 27 94 A5
0001BE30  3F A0 A8 A6 C6 22 F6 AC 86 A9 9A 25 98 2A 5C 96
0001BE40  66 A5 3A 0B 11 1C D9 25 1C 28 50 94 17 19 2F A5
0001BE50  DF 9D D3 29 0B 1D AC A2 B3 A0 63 2A 3F 9C 6C A4
0001BE60  86 A4 25 A5 2A 22 DC A1 D6 9F 43 90 52 A7 60 15
0001BE70  83 19 77 1D 65 A8 47 25 7F 92 E5 2D B9 25 0F 9E
0001BE80  56 AA 5E A0 F7 A4 C5 1D 50 A0 96 25 B4 A4 3A A0
0001BE90  1A 24 DA 17 D4 A2 A5 28 3D A4 03 28 17 12 EB 1D
0001BEA0  16 1E BA 26 F0 A2 16 A2 D1 20 AC 1D F3 2C 4E 97
0001BEB0  B4 11 8E 21 36 24 06 24 03 21 7D 26 9B A7 7A A4
0001BEC0  DC 9C 82 27 95 23 15 29 83 99 FE 20 7B A9 0F 9E
0001BED0  13 A0 F5 28 A2 A9 D1 A1 A6 A5 BD 22 40 9C AB A1
0001BEE0  3C 21 31 A0 01 A5 21 AB 66 A6 12 AB 67 A2 7A A6
0001BEF0  A6 A8 B9 A8 07 A6 1C 23 BA 2A AE 21 A5 96 8C 98
0001BF00  64 13 5B A9 CE A4 B9 A0 6D 23 6B 23 22 A1 73 26
0001BF10  35 A9 58 20 63 1F 44 A6 16 1B 6D 1F 27 16 69 A4
0001BF20  C3 22 29 13 B8 AB CD 1C 36 8B 62 A4 CD 20 75 20
0001BF30  BF 22 53 22 46 A4 CF 20 CE 20 B7 1C D6 A2 A3 A1
0001BF40  4A A9 1C 28 C5 A5 FE A1 C6 A5 23 A7 66 9E A4 27
0001BF50  BB 13 7E 22 2E 9E 86 22 BC 28 67 A4 39 A4 2E 1E
0001BF60  7E A5 E0 A3 2C 24 81 20 B3 23 82 98 D6 95 A7 25
0001BF70  D0 1C A7 99 A7 1B 13 24 3A A9 EE 1D 4A 9A 6E 9C
0001BF80  61 A8 9F A8 13 A3 4D 23 54 26 04 A2 DA 10 4E 29
0001BF90  CD A8 7F 24 70 A5 C5 1D FD A5 59 A5 C1 A1 78 24
0001BFA0  C2 A5 E8 28 5A 96 E1 A0 E8 A2 E6 9B 33 1E D6 9B
0001BFB0  CD 24 5D A6 DE 8F 3B 99 DF A2 D3 A8 54 1C 76 22
0001BFC0  00 A5 CF 1B 9D 98 10 A5 5D 14 FD 15 FA A3 50 29
0001BFD0  07 9F 67 A7 E2 A3 C8 19 04 A6 0D 9F 32 A4 BE 27
0001BFE0  0E 0E B9 A5 B7 A4 94 22 D4 A5 2D 9C 7D 26 4F 24
0001BFF0  F3 A3 B4 26 BD A4 09 A6 D6 26 D3 AA A0 22 87 28
0001C000  84 22 05 A3 BF 9D D1 99 88 9D 4B 18 A3 9D 14 8A
0001C010  3C 20 64 A6 37 23 04 25 47 24 C9 A6 78 22 20 2B
0001C020  CC 1B 95 1E ED A4 84 21 03 27 E1 11 6F A0 1C 2A
0001C030  BB 20 25 23 68 24 74 26 4B 28 D5 A4 60 2A BA A5
0001C040  BC 28 09 A9 54 A6 46 A1 83 24 23 27 CA 24 28 1E
0001C050  C2 A4 9E 21 75 1E CF A3 9C 20 46 AB 01 21 6A 24
0001C060  0E 24 C9 98 46 16 9D A1 B6 90 27 24 30 92 97 22
0001C070  56 95 2B 1A 03 18 D3 1F E5 A0 39 1C 54 9E CB 20
0001C080  76 9F 95 21 98 98 39 9C 8E A0 8C 1F A7 8E 51 0E
0001C090  1F 1E 60 1D 0D A6 6D A0 98 A2 95 0D FF A2 C9 18
0001C0A0  96 A4 04 1A BF 9F 35 16 EF 1E 50 1E 96 96 1D 1E
0001C0B0  E7 94 04 9C BD 1F 88 A1 50 9B 16 1D 5D 97 29 14
0001C0C0  6E 1C 9D 9F FB A1 4A 24 27 25 16 18 08 08 BD 21
0001C0D0  14 22 0A 83 D6 8C E2 27 EB A2 75 A0 B3 A1 1D 22
0001C0E0  60 98 5A 1F B6 14 2E 94 31 23 D2 21 C3 23 27 25
0001C0F0  6C 1D 81 98 9C 9E 9E 1F 5B 20 74 A5 A6 19 53 1E
0001C100  0E 1C D5 A0 9E 96 4F A4 1E A1 27 A3 9F 1D 46 A0
0001C110  C8 20 0F 18 69 28 51 24 C2 27 FD A4 7F 2C 3A AC
0001C120  10 2B 57 AD 4D 17 E2 26 3B 23 65 AB B8 26 A8 A4
0001C130  A7 9D C4 24 28 AB 90 A1 CD A1 B1 97 62 AA F5 27
0001C140  D0 24 70 9D 05 26 26 AC 79 A8 6E A6 89 A5 1A 1E
0001C150  C4 1B 6F 2C B9 A0 FD 27 B4 2A 4D 16 DE 1D 82 1F
0001C160  B2 18 2D 95 C1 1C 54 21 1A 2C 19 2B E0 25 25 1F
0001C170  FF 1F 03 AB 10 A6 74 1C 22 29 7E 24 DC 9E 4B A2
0001C180  DF 1C 04 A7 3C A0 CD 2C 10 AA F2 22 BD A8 5F A4
0001C190  59 1C 3A 28 5F 8F 6F A5 37 A6 B0 29 CC AA 8E 14
0001C1A0  A5 1A 41 2C AC 28 0D A2 20 A4 6A A5 DF 25 47 A5
0001C1B0  C1 A9 52 AA 96 A2 AA A8 6E 1D 8C 25 27 24 6D 9E
0001C1C0  19 25 73 AD C4 A8 BC 26 4D AA C6 29 5D 2A E5 21
0001C1D0  21 AC 20 24 40 2A AA A1 73 AB 28 20 D7 8D BC 9F
0001C1E0  C3 24 3B A9 6F AE 69 AA F6 94 5E 20 98 B0 17 20
0001C1F0  7B A4 89 2C F0 25 A3 1B A1 2B 48 28 ED 9E 38 A6
0001C200  39 9F B2 2E 19 25 9A 1F 24 29 37 AC 4F A4 04 30
0001C210  02 A1 DC A9 EB AC 04 29 D9 25 2B 2E 4E AF 98 28
0001C220  FB 2D 9B 29 2A 25 3B 9E FD 25 A7 A4 89 28 56 A8
0001C230  EE 29 30 2E C4 18 B6 A0 49 A4 91 9D 5D AB E0 11
0001C240  88 A4 68 1D F1 A8 8D AA 0E 21 9A 28 C5 AB 3C 2B
0001C250  B7 A2 33 A5 65 A9 DA 28 F0 A4 79 21 22 29 49 27
0001C260  2F 90 CC 20 95 A8 A3 AE 9C AA 75 A5 BA A5 4E AF
0001C270  0A A8 7C 9F 0B 22 E6 13 8A 1C 86 20 F9 A5 A4 27
0001C280  66 2C 0C 14 82 A4 E9 1D 00 9C DE 24 52 24 CC A3
0001C290  A5 27 81 A2 AA 22 BB 1D 7C A2 24 A1 26 A4 E9 1E
0001C2A0  90 A4 25 A6 3E 25 FA 1E 9D 24 F2 A9 E5 A1 9A 1A
0001C2B0  E9 21 55 A8 74 A6 9E 28 3B 29 3F A5 5A 25 1A 23
0001C2C0  3E 98 95 21 A8 80 76 A6 0F 25 65 26 4E 20 7B 23
0001C2D0  98 91 D0 99 77 A6 12 9E BD 1E 32 23 01 A9 5D A8
0001C2E0  29 29 92 22 23 24 47 A3 96 91 99 1D 44 23 64 9D
0001C2F0  E8 A3 40 87 3D A4 94 A9 49 A6 75 9E 39 A5 04 23
0001C300  33 28 E5 24 07 A7 AF A0 BC 2C 99 26 78 A6 B4 AB
0001C310  B6 24 D8 28 CE 18 DB A1 25 A8 CB A0 F9 8C 62 A6
0001C320  8A 20 E5 29 F3 28 B1 28 5D 27 97 A6 94 26 84 A4
0001C330  8F 29 56 2A E3 24 A3 9B 51 A7 7B A9 79 2D E6 20
0001C340  7A 24 AC 22 C9 27 20 A2 9E 9A B2 A7 C4 A1 3C 25
0001C350  71 2B 2D 29 60 A8 F9 A8 A7 2B 64 AE A1 AA 92 24
0001C360  88 20 1C 2C 93 29 58 29 31 27 28 A7 1A 97 80 A3
0001C370  68 1E 2F 1E CC A7 94 A4 2E 9C E6 23 4C A5 0D 23
0001C380  0F 2C 02 24 1B AA 13 99 DB 20 2C 96 1F 9F 0B 99
0001C390  60 21 6B 25 E0 27 56 AC 99 A3 46 22 E7 1F A9 AA
0001C3A0  B4 A8 F3 28 B6 A3 34 24 93 A7 5F 2A 0C A8 1A A8
0001C3B0  37 26 BB A8 F1 1C 1F A1 92 AC F2 2B 4B 29 C6 AA
0001C3C0  3B 24 B4 25 7B 9C CC 2B 62 A7 73 A9 C6 23 D8 A7
0001C3D0  71 1F 65 A3 33 10 DD A3 BD 9D 85 27 8A 24 D3 23
0001C3E0  10 A0 7D 91 91 9D C4 9A 94 1F 7A A2 77 29 18 A5
0001C3F0  32 A9 8D 22 1F A1 7F 1E 19 1B 2C 1F DD A7 B9 2C
0001C400  5C A7 C7 1D 8F 9E 29 A5 97 9D 22 A4 61 1D 4A 28
0001C410  9B 9F F1 9E 79 9E 7C 1A A6 14 A6 19 9F 20 93 24
0001C420  BD 24 77 99 00 A2 A0 19 4E 9E 65 23 47 99 C8 27
0001C430  69 24 21 A6 E3 23 16 26 B5 98 A0 9C 5A A3 2B A7
0001C440  AD 9C 8C 22 2B 21 37 2A BB 18 DF 97 67 AA 2E 25
0001C450  5C 1D 58 28 F7 24 CD A7 3C 99 3C 1D 56 84 68 24
0001C460  D7 26 65 A9 3D A4 37 21 8E 1D 9D 1C 59 28 BB 29
0001C470  B3 28 86 9D 38 A9 46 AC 0C A9 72 AC 02 97 C7 A2
0001C480  C1 20 E9 A0 4B 9A 3F 1D F3 82 40 23 2D 29 42 26
0001C490  1D 20 B2 A3 DB 26 56 A7 BF 22 B5 19 0B 9E A9 A1
0001C4A0  71 A2 B0 1C 3B 2A 15 A6 D3 A3 BC 26 1F 25 B8 26
0001C4B0  F3 2A 83 A8 4D A3 45 A8 A7 20 2C 9E 0A AC D2 24
0001C4C0  77 23 24 28 B7 97 93 1B 39 1A 41 A0 F2 20 3F A9
0001C4D0  DC 1E 6D 9D 1E A0 36 25 89 26 A3 1E 1C 9F 9A 25
0001C4E0  21 20 90 26 12 A5 08 24 61 9F CD 26 2B A1 59 22
0001C4F0  0E A2 29 A7 E6 28 25 A1 E4 28 84 9F 42 10 94 9C
0001C500  A1 A4 49 A7 E3 A4 6B 20 10 1F 5C 29 35 1C BD 9E
0001C510  91 26 E8 9A 5E 25 DB 9A AE 20 41 AD AA 28 DD A8
0001C520  F6 2A CB A7 C6 A4 9D 04 94 A7 0F AA EA 26 A0 27
0001C530  0C A5 EA A2 C9 A1 7E AA 09 27 9D 29 BB 9F 99 23
0001C540  53 9E 87 24 CC A9 74 22 D0 1C CD 99 85 99 22 24
0001C550  F0 9D 48 A8 BA A8 5C 24 B7 1F 4E 9C 6F 19 1C A6
0001C560  0A A8 DD A7 33 AB FC 24 1C AB 3D A5 E8 29 BA 19
0001C570  8D A2 23 21 74 9C 97 9E 4C A9 A9 8C F3 20 47 A3
0001C580  B1 19 96 24 79 1B 29 AC 58 A5 83 A8 51 28 5F 24
0001C590  14 98 43 27 96 A5 F5 A8 92 1A 9D 28 67 1F 4A 9F
0001C5A0  39 96 D4 20 6F 1D A6 26 E5 22 81 22 9C 95 8A 25
0001C5B0  22 A2 A5 95 27 AE 7F 2A F7 A5 08 A3 9B A6 39 9B
0001C5C0  6E 28 8E 29 2B A9 46 24 C9 A8 EE 26 44 91 11 A8
0001C5D0  E5 90 69 22 FA 20 AC 23 4E 2A 05 28 6F 18 20 29
0001C5E0  50 AB E1 A9 55 23 E5 28 11 A9 8B AC E1 A3 31 A2
0001C5F0  68 20 77 A5 D8 21 72 A4 B5 20 E8 2A 16 A9 17 A9
0001C600  2E 2A 23 28 6E A3 EC A8 50 AB 43 2A EE A5 27 A9
0001C610  C9 A4 DD 28 FD 2C 1F A5 DA A8 20 A5 C3 2C 2A A1
0001C620  C9 2A 13 AF 00 2B 88 A7 47 28 15 A3 B0 25 8F A9
0001C630  11 9F 04 2D 3F A1 1B 22 77 28 13 24 48 2C BB A5
0001C640  EA 24 3E 2A C3 A7 F3 21 79 22 C7 2D BD 24 08 AC
0001C650  6A 21 AD 26 31 23 3D 2A 3F A2 CC 2E EB 1E B7 AD
0001C660  21 A9 9E 1A 37 28 32 21 06 A8 36 A7 4A A3 D7 23
0001C670  75 27 D8 A7 7F 27 AF 26 E9 2A 26 33 28 2F E0 A8
0001C680  9B 29 5D 27 2E 9E 5B AF 3C AE DC A4 AD 05 6F 2A
0001C690  D4 21 0E 28 DC 23 2E A3 D3 0F 5F 28 6E A3 47 A5
0001C6A0  51 22 B6 A4 95 08 DA 25 16 A4 E9 A0 BF 2C 46 94
0001C6B0  B3 21 78 A8 6B 9C 74 1D 9C 27 D6 21 F8 24 19 2A
0001C6C0  A7 1C 9A 2D A4 26 B3 2C 4B A2 D5 A3 70 A7 CB 28
0001C6D0  B5 2A 69 A4 EC 26 BC A3 DD 29 E3 2C 02 A3 CA 27
0001C6E0  F0 14 80 26 66 A4 57 28 78 1F 5E 2C BB 27 B4 26
0001C6F0  D3 A5 08 A7 E2 24 EB A8 6B 97 BB 20 A6 20 E7 25
0001C700  6B 26 34 A0 0F 22 85 1C 81 9C 2A 29 19 AC 74 A8
0001C710  7D A4 30 22 CA 26 E9 A8 FD AA 93 26 31 18 70 A6
0001C720  5D 1C 6F A4 0E 9A C8 24 CF A7 76 20 41 A8 7C A4
0001C730  23 A7 B4 AA 8F AC 16 A9 0A A5 9A A5 B2 24 90 22
0001C740  34 21 FE AC 94 A2 C6 2C FD 1F 9B AC 62 AC FC 28
0001C750  A3 AB D3 28 B6 28 16 AC 13 1E 33 A2 85 2C 7C 0C
0001C760  51 21 6F 26 08 A7 B4 A7 3D 9E 35 29 80 27 BD 2B
0001C770  19 9F 7D A6 CF A8 1C 91 F8 23 02 A8 8D A5 87 26
0001C780  F6 AB F1 1F B8 2A 94 29 B4 1E 71 29 E2 9C F4 9C
0001C790  F7 25 2C A8 5C 9A A1 24 0A 2B 72 1F B5 9E A2 25
0001C7A0  C0 AE 4D 9C 07 24 CF A6 84 28 08 1D B9 29 56 A5
0001C7B0  2D 1F 1A 21 69 24 49 26 44 20 A8 1B AF 1D 2A AC
0001C7C0  83 A5 5B A7 76 AB 7A 2A 6F 9E F2 A1 56 94 D9 20
0001C7D0  79 A6 CE AC CE 29 71 20 82 2D 52 2A 3D 1E 87 28
0001C7E0  3F AD E6 A9 EB A7 0C AC 9F A9 E3 A9 A9 25 0C 24
0001C7F0  39 A4 AC A5 5D 26 FB A6 5A 9D 98 1F AE A3 4B 23
0001C800  F7 9F E0 22 EC 21 CC 1F 75 22 68 AB 12 26 87 A6
0001C810  DD A8 92 AA F7 A4 6A 9C 2D 81 F6 12 AB A4 60 2A
0001C820  69 A9 FB 20 EA 2B 90 29 30 A3 52 28 71 25 BB 92
0001C830  5C A4 21 9A 8C A7 F6 27 63 21 D8 20 94 21 CB 21
0001C840  2D 89 8B A7 B7 A4 38 A5 DB 9E DB 26 DF A4 5F 91
0001C850  38 A8 D0 A9 BE A4 4F A1 EF A8 FF A6 0A A8 9D A3
0001C860  41 24 E3 22 D9 9E 03 20 B0 26 FC 9C 5F 9E 12 29
0001C870  40 A1 10 9F 4C 26 A4 23 1C 1F 2F A8 C9 A3 08 21
0001C880  82 19 F5 9D 87 9B 7F A2 0A 2D 0A 27 99 20 55 29
0001C890  1E 23 29 1F DD A6 3D AA B8 A3 32 1E 8C A0 71 29
0001C8A0  64 27 83 A7 33 27 3E A0 40 20 2A 2D 82 29 29 2D
0001C8B0  7A AD EB 28 74 20 BD 18 56 9C D8 A1 BF A5 D6 98
0001C8C0  72 1B DD 22 A1 AD 8A A4 17 21 68 A0 93 29 99 20
0001C8D0  63 A5 67 29 92 29 E4 29 FD 10 18 A2 68 A8 D2 9A
0001C8E0  D1 A2 67 22 F8 24 5C 94 7C A1 F6 25 1B 1F 8D 20
0001C8F0  BF 1B 96 A1 25 19 60 A8 0A 26 BC A0 66 25 ED 0D
0001C900  9C 29 89 25 03 28 AE 18 35 97 25 1D A2 A2 9D 28
0001C910  F8 1C A1 1D 3A 1C 9D 28 25 25 F3 17 A3 24 FA A2
0001C920  C5 9A 61 21 2C A5 6B 9E AE A2 EF 28 21 20 33 AC
0001C930  D5 27 0A 24 3F 25 1C A8 19 25 5F 1C E5 8F C8 A9
0001C940  E7 A0 9F A1 17 96 7A A8 AA 1F 6C 9E 8D 1F 11 1E
0001C950  5E 28 52 22 06 A7 CA A5 63 1C 72 A6 1C AA EF A7
0001C960  59 29 C4 23 18 19 55 94 F7 A4 CA 22 E4 AB C3 A0
0001C970  E6 28 A6 98 8A 29 C3 22 D2 29 ED 23 76 23 0B A9
0001C980  79 28 A7 A9 98 26 AA 2C F4 A1 D2 29 D6 A8 D5 A3
0001C990  CE A1 CC 9C 38 A8 88 27 5C A7 36 27 A6 1E 7F 21
0001C9A0  B4 A8 95 A0 61 A4 EC 9A A4 19 80 A2 60 23 2B 9E
0001C9B0  3C A9 8E 26 C4 28 97 28 F6 AA 46 95 92 A5 27 A7
0001C9C0  4D 2A 44 24 55 21 B1 29 D3 9D 94 A3 EC A3 98 A2
0001C9D0  E0 1E 4F A8 22 A1 53 AB D8 25 86 AA DD 28 00 A8
0001C9E0  B9 9A 6D 98 C1 A9 55 A7 45 2A 1E 28 37 9E 04 20
0001C9F0  9A 20 43 27 FF 27 12 AC CC 26 E9 A4 97 20 BB 28
0001CA00  2A 9E 92 AD D3 9B B3 1D 22 2C ED 2A 64 A9 F5 A0
0001CA10  92 A3 41 AE 40 21 93 21 3F 9E 4C AA 3A 2B A4 26
0001CA20  FE A8 26 A8 49 AF C0 A7 A8 A8 82 A5 3E A2 4D A1
0001CA30  CE 25 C1 2C BD 9E 4B A9 10 20 7C 2A 95 29 D8 A7
0001CA40  58 A3 E4 28 64 9E 5A 24 05 AC B0 2B 30 27 96 A4
0001CA50  D6 9A 06 A2 7B A5 40 A5 E4 27 7B 24 4B 2A 1D 21
0001CA60  18 2A A3 29 8F AA D0 23 85 13 2F 27 70 A2 D5 A8
0001CA70  35 94 1B 19 3A A0 96 26 B3 A0 C8 24 B5 1D 32 27
0001CA80  57 8D 2A 1F D7 9D C7 28 B5 A4 65 2A 2B 20 EA AC
0001CA90  18 A7 F0 27 1C 1A F7 29 69 27 54 2C 28 98 42 AD
0001CAA0  1C 1C 9D 9A 05 24 5E A8 3D 2B 1A 22 0B 20 68 A4
0001CAB0  8A 1A 28 2B 5D 24 D8 98 34 25 66 A7 64 A3 DF 2A
0001CAC0  E2 A7 C4 29 09 1F 71 AD 85 A4 69 A8 03 A1 15 0C
0001CAD0  AA 9A 54 1E 48 27 C4 28 D5 27 25 18 70 A8 5F 21
0001CAE0  80 1B 8C 22 C3 1B 33 AC 19 A0 6D 25 FF A7 7A 99
0001CAF0  5C 06 26 22 5A A9 E0 A0 2A A1 0A A0 CC 9C 04 AD
0001CB00  BF 25 76 25 F9 9D 66 24 EB AA A2 28 18 9D 63 25
0001CB10  0C AA 36 A3 6A 15 9C 29 55 A3 92 A6 1B A5 F3 28
0001CB20  EC 9A 49 A5 77 1D 65 29 27 A1 34 24 31 A2 1B 9B
0001CB30  25 83 08 9E 62 2A 41 1D 19 A2 9C A6 01 29 D1 2C
0001CB40  7D 23 6C 28 EE A3 88 26 ED A7 F9 A0 4C 20 A8 28
0001CB50  38 A3 0A 1D D5 A5 2B AC F6 A5 59 19 70 24 25 A7
0001CB60  0E A5 14 AE 1A 20 43 24 2A A2 77 9D 00 A7 31 2C
0001CB70  9E 9A FD A9 13 2A 02 A6 A3 92 3C A6 21 2D EC A5
0001CB80  A2 9E B7 AF 0B AB CF AA 18 9D F6 1D AE 21 91 2A
0001CB90  6F A9 82 92 67 1E 3C 29 C3 25 A3 21 54 A7 B5 20
0001CBA0  CE 2E 47 29 B4 A9 EB 29 02 A2 3D 21 D3 26 E0 21
0001CBB0  DE 2A 42 A9 AE A2 99 A8 DE 15 ED 29 5D 20 15 28
0001CBC0  1A AD BD A4 70 A8 67 9E FB AE F6 A2 CA A6 C6 29
0001CBD0  17 2A A5 1E D7 23 ED 1D 41 90 79 9C BA A9 EC 2E
0001CBE0  19 A8 B0 A6 68 28 B0 24 B2 29 58 A7 74 23 68 AF
0001CBF0  4F 22 55 A6 6B 0D BD 1C 37 2D 5C A9 52 B0 76 AD
0001CC00  A7 28 B0 2C C8 93 3C A0 0F AF 65 2C 69 25 EF 22
0001CC10  5D 23 33 A9 22 A6 A7 25 E5 24 DB 28 44 A9 B1 9E
0001CC20  A9 1A 6D A4 9D A3 09 1E 58 1F 24 19 67 23 1D A4
0001CC30  97 A0 E6 13 B9 A0 5F 20 04 24 92 9C 20 1C 3E 20
0001CC40  4B A3 09 A2 99 23 5E A7 08 10 EF 24 45 23 05 15
0001CC50  68 21 BB A4 30 24 EF 27 B9 A4 DC 1E 8C A0 F2 21
0001CC60  DB A1 C9 2B 4E 1D C3 24 7A 21 94 16 E3 A0 1C A2
0001CC70  E1 A9 20 19 02 26 2E 25 95 9C 24 21 F6 A2 BA A4
0001CC80  06 9D 19 1C DA 25 9E 25 B1 1D 76 A6 AF A4 2E A4
0001CC90  56 9D D8 A4 5A 99 4C 27 24 1D 3A 1C 39 24 35 28
0001CCA0  44 A4 6C A9 D4 A5 FF 24 B4 24 89 A1 45 A4 6D 21
0001CCB0  FA A2 79 9F A9 A4 AB A1 3A A4 A5 14 1E 26 6E 18
0001CCC0  89 A1 30 21 77 9A C6 A3 DC 28 80 A5 9F A6 34 27
0001CCD0  B0 94 5E A2 97 80 40 A4 C1 19 6C A4 2C A8 68 A5
0001CCE0  A4 A6 9C 1F 79 A8 2F 25 49 1C 83 28 75 AA 42 27
0001CCF0  3A 9D 22 28 00 A1 63 A7 01 24 9C 9D 2C 24 96 25
0001CD00  54 A2 A4 27 F3 17 FF 1C 12 98 FC 98 22 24 51 A4
0001CD10  3A 9F 3C 9C D9 A7 96 A1 A2 A7 91 24 18 AB 48 24
0001CD20  ED 9B E1 A8 08 A3 0C A0 6B A1 BA 1C 44 A5 16 25
0001CD30  A9 A1 3F A6 F7 22 FB A1 41 9F CE 9D FD A9 D9 A2
0001CD40  C9 9F CE 24 32 1A 14 A0 65 20 C8 9E 3B 28 5B A8
0001CD50  CF 22 26 9C FB A5 02 9F 01 25 99 A8 49 2A 4A 28
0001CD60  86 A4 A6 A4 50 A3 CA A8 0B A4 06 AA 70 9C B6 A5
0001CD70  CE A6 67 A8 33 9D D9 98 9C A2 88 24 4B 9F 8D 2C
0001CD80  8A 2D A9 A5 F5 1D EB 9A BF 94 42 A8 EB A1 9D A3
0001CD90  05 A7 07 A5 3C 9C BE A7 53 21 A5 27 38 AB 80 A1
0001CDA0  75 A1 F2 1B 6E A3 ED 25 79 A9 06 23 D0 27 6D 25
0001CDB0  68 27 54 AA ED 27 85 9E 1C 9D C3 A0 B5 24 3F 2A
0001CDC0  34 95 6B 95 A0 27 7B 24 B7 20 B7 21 03 A6 55 9B
0001CDD0  1E 24 76 A9 B6 24 31 21 E6 AA C9 A1 F5 A9 44 25
0001CDE0  4F 25 DB 25 31 1C A8 22 BA A8 54 1F F6 21 AD 28
0001CDF0  62 A5 9C 9C A2 AA 52 22 46 A8 9E 28 32 26 59 A5
0001CE00  20 28 FC 20 74 A7 CF A9 89 2C D8 2A 14 A9 F6 27
0001CE10  C7 24 60 25 72 27 BD AD 82 21 F9 A8 1F 23 F8 A7
0001CE20  E6 26 CB A4 2A 9B FE 1F 42 22 10 A9 E2 21 FC 0C
0001CE30  76 2C 30 A7 46 20 D7 20 52 A5 BD 9F 30 99 78 93
0001CE40  87 1B 7D 1F 1E A7 1B A0 7C 26 BB 1C 69 A7 D9 A4
0001CE50  8C A5 78 A4 AC 1F 3F 25 32 A2 E5 26 B8 1D 57 8A
0001CE60  17 9F D4 A9 AC A5 D2 97 C3 A0 12 1D 80 24 A3 28
0001CE70  AA 25 E7 1E 04 90 C6 25 C8 A5 07 A5 7C A4 53 24
0001CE80  CD A5 C8 9B FE A5 CF 1D 6B 2A 5D A0 60 26 5A A4
0001CE90  A4 29 14 1D 0A 1D 2D 24 AF A6 3F 16 FF 21 0D A5
0001CEA0  F5 1D 1F 18 30 A2 1F 14 E5 A4 18 29 32 1C AD 24
0001CEB0  F0 1D 3A 25 B7 A6 10 1E A2 20 5D A8 46 24 4B A5
0001CEC0  E9 A2 76 15 5A 26 AE A8 E0 21 9A 1C 4E 25 8D 21
0001CED0  08 2A ED A0 1C A5 0E 28 1D A8 A7 A7 42 A1 86 28
0001CEE0  67 A9 0C 9A 55 A2 45 2C 15 24 60 AA 46 AC D6 A6
0001CEF0  F2 A2 99 28 7B AB CC AB 8E 20 98 22 6D AC A4 2B
0001CF00  AB 23 DE A5 2B A8 0B 9C 9B 25 19 AA EE 27 EE 9E
0001CF10  B7 2C B5 AA 5B AA 35 24 A7 24 85 20 2D 97 15 27
0001CF20  CB 20 1D AA D9 9E 7B 29 76 2D DD 2C 0F 26 FB 21
0001CF30  C8 28 BE AB 15 26 9E 27 BF 24 97 A2 09 A9 A2 9F
0001CF40  A9 2A 3D 1D 61 A8 AA A4 F8 98 E0 AC 67 98 3C 28
0001CF50  79 A4 A8 A2 08 21 C1 A2 40 26 4A 2D FD 23 15 A3
0001CF60  93 23 13 A5 F9 29 A4 9F 05 28 81 20 A3 28 F2 24
0001CF70  4F 24 EF A4 35 98 20 9D 76 AC 47 9B E6 A5 6A 9F
0001CF80  F4 25 58 A8 A3 A1 06 22 FD 22 29 29 A1 A5 29 20
0001CF90  14 A2 F7 28 55 9D 10 A8 0A A6 FE A8 80 28 57 23
0001CFA0  70 22 B5 29 E7 A5 A3 20 CB 25 4C 2A 4C A1 F4 23
0001CFB0  AE A0 D4 28 13 29 B8 A1 3A 92 DE 23 43 9F 28 9C
0001CFC0  FF AB 4A 2A 32 A9 AA A8 D6 AA 4F 2B 20 97 45 28
0001CFD0  3B 28 C2 A0 10 A2 0B A8 6F A1 E6 A6 EC 2A 2A 26
0001CFE0  F6 A4 9D A8 59 A4 25 13 6A 2C 94 A5 14 A5 C6 A9
0001CFF0  A6 20 9B 24 3A 24 18 29 54 A7 4F A6 75 A5 C3 26
0001D000  44 26 03 A5 C0 95 D2 28 55 A0 94 24 34 28 03 A5
0001D010  09 2B 09 AD 6D A3 78 A5 43 2B 51 AA 91 28 5C 2C
0001D020  B0 92 29 AA 59 21 E0 A9 6C AC 9E A0 90 98 4C 26
0001D030  AF 92 1E A8 42 A4 80 A3 A0 29 0E 25 8C 9C DD 24
0001D040  72 97 CE 26 19 A0 76 A4 E1 A0 57 24 5B A4 C9 A0
0001D050  C7 22 32 A0 A9 1D E6 19 7E 9D 6A 89 9A A0 21 A2
0001D060  F1 27 DC 26 7D 1D 62 27 9F A7 8C A1 4A 1D D1 99
0001D070  45 A7 9B 21 DC 1C 6A A5 54 1D D6 1B 0A 93 77 A1
0001D080  21 A1 E6 A2 87 A4 EF A4 36 26 55 A3 9E A2 BA 0D
0001D090  06 20 3B A4 55 1D 2E 1A F5 25 70 A1 9D 1B 74 20
0001D0A0  F4 A4 0C 14 79 20 91 26 1B A5 BB 1B 08 26 78 1F
0001D0B0  D6 AA 23 A1 77 26 BD A4 9A 97 DF 9E 99 25 1D 20
0001D0C0  ED A3 75 10 DD 9F D3 21 29 88 1E 26 02 A5 EA 1F
0001D0D0  D8 17 2C 24 4D 26 C9 9A 67 A3 51 17 31 9C 35 97
0001D0E0  D2 18 76 A1 78 9F 97 10 78 1D 69 A4 40 25 96 A3
0001D0F0  4D 9A 53 99 67 15 D3 9F C7 9B 8B 95 77 9E C5 9E
0001D100  2B 18 D8 23 14 1D 2B 1A 1E A4 20 16 45 22 B0 1D
0001D110  AD 1E E0 20 C1 20 65 A2 7F 9C D9 98 63 20 75 18
0001D120  A0 98 AB 0E 62 20 C3 1C B5 23 2E 20 44 1C 9D 15
0001D130  5D 9A 9F 8E 2B 1E F3 21 E3 16 B6 1A C8 1A 29 21
0001D140  DA 1F 28 97 A1 1C 3A 20 8E 10 6D 14 BD 9B 6E 1C
0001D150  E1 24 A9 01 08 1F 9C 1D 1C 0B A7 0C 95 99 1C A2
0001D160  70 9E FA 9C 6F A1 F1 1C 2B 92 2A 15 CB 1B A3 18
0001D170  D2 A2 8C 1A 24 1C 5B 9B 20 A1 02 98 F8 20 90 A0
0001D180  01 9D B6 9F EB 95 F3 0D 7C 9C 96 9C 92 1C F2 98
0001D190  50 9C 19 A8 9D A4 61 A8 EF 24 56 20 55 A1 DA 28
0001D1A0  38 A8 8F 1B 05 16 C8 23 3D A9 35 9E 95 26 C8 9C
0001D1B0  53 23 B6 A1 9B A6 7D 21 86 25 F2 1D 66 A7 27 24
0001D1C0  5C 99 82 29 ED 1B AD 9D BA A2 1D 28 31 A8 4A A1
0001D1D0  06 A4 58 A2 B2 21 29 A7 B2 92 28 A5 0F 20 CE 25
0001D1E0  6B 1D 49 A4 94 A6 D6 A5 10 26 99 1F AE A8 F0 26
0001D1F0  7F 2A AE 28 C4 23 DB 94 2F 24 D8 A0 60 A5 59 9E
0001D200  94 93 DD 1D 8F 92 0A 2A 70 19 D3 A5 50 A8 9F 26
0001D210  12 1A E7 27 7B 23 F9 98 F0 9C 6A 13 46 18 F6 A0
0001D220  24 28 D6 A9 71 A0 17 24 82 23 67 A7 5E 9C FF 24
0001D230  AB 29 38 91 1B 20 E8 A9 1D 28 3D 9D DD 21 5A A3
0001D240  31 9F 62 A5 5F 1B 6B 91 84 20 A1 22 D5 A5 DF 18
0001D250  FA A4 1B 94 BB 1F 88 94 D0 A0 D0 A1 8B A0 F3 1A
0001D260  B0 1D 2B 1C 20 A4 A3 A1 67 10 3C 9B 71 19 0E 24
0001D270  0E 12 1B 9F 46 14 E9 8B 8A 15 A9 9E 66 8B E7 17
0001D280  1F 1D 27 1F AA 20 A0 93 64 9F E2 1C 79 95 A5 16
0001D290  85 A0 22 98 65 23 C9 A0 65 1B B1 1F CA 8D 0F 96
0001D2A0  00 1E 31 92 40 99 DF 9B 6B 8E EB 1B E9 A0 0E A1
0001D2B0  E2 17 A3 90 E7 A1 A1 A4 28 A0 8A 1A A6 1F D1 1E
0001D2C0  3B 20 0C A4 A6 98 6D 20 D6 9D 6C 15 EE 98 77 1C
0001D2D0  89 9F 15 19 DF 9D 78 A5 9C 18 73 0E E8 A5 22 A0
0001D2E0  21 A7 0D 83 FE A0 7B 25 1B 24 1C 1D CF 20 FC 9C
0001D2F0  8D 19 F2 AA 33 1C 37 98 D5 26 D9 29 D1 AA 7C 2E
0001D300  46 A7 5F A9 F8 95 CF A8 87 A6 3B 9E FC 26 E0 1D
0001D310  A6 21 0F 1C 9C A8 3F 1F F1 15 05 A0 10 A9 D1 1E
0001D320  EB A1 A2 2C A2 AA D5 A9 CF A5 06 23 F6 27 9E 14
0001D330  E9 A7 1E 18 18 A5 23 2A A4 23 E1 AC 3F 24 12 2C
0001D340  38 99 90 21 33 1C 64 27 06 2D BB 28 5D 26 93 1D
0001D350  83 A5 A5 2C CB A5 CD AA CF 28 16 AA D9 19 4C 28
0001D360  CC 1E 8E 1C 57 24 61 26 ED A0 A6 A9 76 A9 C1 AB
0001D370  D8 9C 66 24 FB A7 4D A4 D1 2D AF A6 73 28 C3 20
0001D380  28 A1 48 A3 42 A8 58 23 E9 22 5B A9 54 AA A1 A9
0001D390  E2 9D 49 26 B3 A6 CC A9 AC A8 70 16 27 16 1E 14
0001D3A0  DD 23 A2 A0 EB 99 E5 95 0F 9E E1 9D 93 A4 B9 27
0001D3B0  9B 28 7E 1F FA 90 E4 A2 5E A4 2A 14 10 14 A0 9D
0001D3C0  51 15 0B 20 25 A2 E3 1D 5B A1 B4 9B D3 A2 17 22
0001D3D0  11 A2 D3 94 C5 A4 3B 1F 75 9E 5C A0 98 A1 81 14
0001D3E0  CC 98 3B A3 F5 11 83 8D 9E 20 35 A5 A2 1E 78 28
0001D3F0  1F 92 1E A4 B5 21 86 9E 07 19 92 15 87 A2 DB 9C
0001D400  48 20 A9 0F 1D A0 4B 25 BE A3 7D A4 0C 9E 90 26
0001D410  30 A1 5D 9D 3B 17 5D 21 D1 9E 78 A2 D6 98 92 9A
0001D420  FB 1D 88 A0 01 A4 44 A2 A5 27 3A 23 6D 24 63 13
0001D430  94 20 F5 20 D3 A8 C4 23 FB A0 A2 A4 90 97 7D A4
0001D440  B0 22 FC 97 C7 A0 EA 1C 7F 22 82 A1 98 27 87 9E
0001D450  BD A6 28 2A 98 A0 0A 26 8F A9 C6 2A 32 9E ED 2D
0001D460  52 1F 00 24 3A 20 E2 AD B0 23 0A AD 2E A9 BF A4
0001D470  7C 21 0B 25 03 29 81 A6 BB 23 07 A7 39 A4 79 2C
0001D480  68 2B 26 29 70 A2 85 1E 56 24 73 1C EE 2B 87 2A
0001D490  4A 2C 90 29 CB 9E 66 95 EE 99 C9 2A F9 27 F9 28
0001D4A0  34 9E 66 A8 4F 16 5F A9 CB 19 19 28 41 23 49 A7
0001D4B0  FD 97 43 92 78 A5 83 20 9E A4 83 2C 81 A1 28 27
0001D4C0  DD 22 E0 27 05 26 70 2F 47 17 1F A7 AA 1D 3A A9
0001D4D0  5B 8F B6 A2 4F 2C C2 A9 3D 2C 1A 2B 5B 0A 0A A3
0001D4E0  5B AA A2 2D 12 A5 CC AA FD 28 30 AD E4 A6 FF A5
0001D4F0  E6 1A D1 28 69 AD 72 AE 1C AC 83 29 15 A9 FC A4
0001D500  4C 1F 98 A5 F4 A1 9F 22 84 9E A7 28 2A 9E 35 1B
0001D510  D9 A8 84 24 DE 9B 4B A1 4C A5 F8 8D 19 A7 B4 9F
0001D520  B9 20 ED A2 24 A4 AF 20 DE 94 22 91 1E AA 3A 27
0001D530  BB A8 2B 24 EF 96 2A 19 07 A4 2F 28 46 24 86 22
0001D540  12 A2 CF 2A AE A6 D4 A4 0A A1 C0 20 FC 9F 5F 2A
0001D550  C1 1E 0E A4 B7 15 AB 9C 82 27 BB A1 27 A4 32 94
0001D560  02 23 9E 85 2C 24 8D 17 4A 22 8D 9C F3 19 AE 19
0001D570  2B 1F 95 25 07 19 00 28 49 9C 13 A3 54 20 CF A4
0001D580  CC 19 BA 22 DF 25 5E 12 01 A5 B8 21 B6 20 62 24
0001D590  2E 12 B0 A1 69 A6 90 21 CF A5 3E 26 58 20 F4 21
0001D5A0  34 A1 D4 1C 60 A8 C7 A9 4A 9F EE 24 0A 9A 51 9C
0001D5B0  B5 98 3B AB 1C 9F 1A 29 FC 24 B3 98 A9 8A 45 25
0001D5C0  62 A4 17 A0 09 9F 87 A4 35 99 51 A4 5F 1C 29 20
0001D5D0  45 22 5E A4 B5 24 DB 20 9E 98 E9 23 74 24 E4 9C
0001D5E0  8A 15 9F A6 D0 99 20 AB 04 1C EB 28 AE 25 4E 16
0001D5F0  95 97 E6 25 E3 A5 47 1D 1F A6 EA 23 8D 20 20 23
0001D600  7C 1B 1C 1F C2 1B 47 A0 91 1F FC 23 AE 1E 9F 24
0001D610  A7 A4 18 A5 46 18 B1 96 AD A5 A0 1C 04 9F 99 A8
0001D620  58 0F E8 26 22 9D 4A A2 FF 1F B8 24 90 89 5A A7
0001D630  F2 A2 D6 22 52 8D E3 2A 9D 9F CC 1B 54 25 D8 A5
0001D640  A9 20 0B A0 DA A8 05 1E CE A2 32 29 58 19 5D A2
0001D650  F9 A1 05 26 0C A7 B2 94 05 22 B2 24 51 1B 1B A0
0001D660  C1 20 23 84 3C 1B C9 98 A7 98 89 A0 90 9B D6 20
0001D670  FA A0 44 20 DB 98 B5 A1 CC A2 31 A2 9C 21 1E 16
0001D680  D7 95 90 18 10 9F DA 1B C4 0F E1 9B 01 1D F2 98
0001D690  BD A4 D6 9E 4D A2 56 A0 99 A0 52 24 4D A6 F4 9A
0001D6A0  7B 9E FA A4 45 A4 C5 21 D9 20 AE 26 9B 14 E5 18
0001D6B0  82 18 D1 24 15 19 D9 9A ED 1D E6 20 4E 9E F0 1D
0001D6C0  D4 17 54 1E 85 95 31 16 E6 1D 12 18 39 99 F6 17
0001D6D0  71 AB 4F 9B 21 1E E9 16 62 1D 00 9F 6F 19 49 9B
0001D6E0  CC 9C 94 9B D9 81 7C 22 05 20 E3 1D 95 9E 7A A4
0001D6F0  49 25 C9 9F 46 A1 35 26 FE 20 15 1B BA 1C 58 A1
0001D700  4F 1E AA 1D 2F 18 8A 10 4D 22 F1 1C 5B 18 FE A3
0001D710  FD 96 55 99 BC A1 74 9A A0 9E 61 27 9B 9E 15 9F
0001D720  E5 25 EC 24 D1 A5 B6 A6 3B 23 63 A7 37 AA B8 22
0001D730  F1 1A 82 9A 72 26 53 A2 8D 1F 3E 9A 14 1F E3 14
0001D740  DB 22 A2 A1 22 9F 67 24 93 9C 76 23 40 21 D9 1F
0001D750  69 98 AB 1F 7A 1C 5B 23 9A 14 49 A5 71 12 7B 1D
0001D760  1C 22 78 A5 14 A4 23 28 1B A1 69 9F FB A4 6D 22
0001D770  D5 9D 97 95 6C 24 3F A4 CA A4 B2 A0 A4 A2 EF 98
0001D780  3D 21 D8 26 FF A2 92 21 60 21 F2 21 2A 14 94 A4
0001D790  34 99 1D 24 5E A3 78 1A B7 A0 2A 19 56 A6 A7 25
0001D7A0  71 8E 99 1D 77 22 88 26 26 A8 A4 24 EB 95 29 1E
0001D7B0  D1 26 02 25 43 94 9D A4 61 1A 43 A0 57 A2 7B 19
0001D7C0  5A A4 DC 24 DC A5 D6 1F 10 A3 CE 16 93 20 6E 9E
0001D7D0  5E 9A DA A5 86 97 73 A4 4F 22 7E 9B 5F 9F EC A2
0001D7E0  FA A0 57 A2 D3 21 0E A0 7D 9E 29 15 5E A1 3A 28
0001D7F0  F4 9D 68 26 54 21 AA A5 E7 92 60 28 B2 1F AA 14
0001D800  A3 22 26 29 53 23 3E 98 0F A2 10 A4 8E A5 4C 9B
0001D810  44 21 AC 24 32 A0 77 22 6D A0 B3 25 75 95 A9 1D
0001D820  FD 20 07 26 96 A5 48 22 A6 A4 1B 92 99 A2 09 AA
0001D830  AC A4 77 1E 9B A8 64 A6 11 22 19 23 79 07 45 A3
0001D840  CD 96 F3 20 99 19 91 A0 CF A8 FC 9F 40 A2 BA 91
0001D850  E2 A0 23 25 6D 1F 65 14 56 1F 63 22 49 A4 91 21
0001D860  47 A7 D8 A4 3D A8 EB 9F E3 A9 24 AA 5B A5 18 9C
0001D870  A3 A5 45 A5 9B 99 40 22 3E A7 5D 29 90 23 27 A6
0001D880  B5 9D AA 97 10 1F 33 AA 66 9A F7 23 A0 A7 39 A2
0001D890  9A 94 0E 1B 9B A4 2A A7 3E 25 38 25 01 A0 1D 23
0001D8A0  1C 99 E5 A8 E0 A7 C8 AB A7 24 46 23 35 99 E1 98
0001D8B0  36 2A F2 AA EF A8 74 A8 F4 17 D1 A5 18 24 E7 A0
0001D8C0  AD 20 EC A4 2C A3 39 95 11 A1 91 AC F8 20 A5 22
0001D8D0  BC 9D 63 21 5F 1F 3C 22 1E 27 E3 1F 29 18 6F 27
0001D8E0  68 A4 5E 8C 35 23 E7 A5 91 AA 9E 9D FA A0 B0 21
0001D8F0  BA 95 9B 1B 48 28 5D A1 C1 29 99 A0 38 A5 81 1F
0001D900  85 12 43 95 73 27 B2 21 EC 2A 70 26 A8 10 1F 99
0001D910  AD 9E 3E 2B 29 A4 91 A9 86 AB D3 A1 8C 27 EF 27
0001D920  17 22 B0 A8 9A 23 F4 24 87 A3 1B 23 09 A8 81 27
0001D930  9B A3 A5 1D 89 98 CF A1 76 A2 08 1A 41 95 97 A6
0001D940  BB A0 9A 9C 4E A3 FF 9A 51 17 1C 95 DE AA E5 A3
0001D950  7E 98 87 A2 78 1D E4 A2 A1 9F A5 25 A2 9F 1E A2
0001D960  75 A5 15 A0 13 A5 36 24 99 A0 FE A6 4C 1D 16 22
0001D970  0D 1A 8B 9D F0 9D 2B 24 B5 9B E7 1B 25 21 55 1F
0001D980  2A A6 DA A6 66 26 A1 20 79 94 A3 A3 6E A8 4B 27
0001D990  76 25 AA 25 9F 25 15 24 7C 28 F0 A6 61 14 D8 18
0001D9A0  EE 1F 84 A0 E2 9D 36 A4 11 1C 52 9D 32 24 D7 A4
0001D9B0  2C 9B F7 9C 23 A5 98 1B 21 25 2E 24 AE A5 BB A7
0001D9C0  05 A7 4D A1 86 24 F7 23 E0 A3 09 95 AE 12 44 23
0001D9D0  3A 21 4D A4 1D A4 51 21 00 28 AD 21 F9 A0 73 19
0001D9E0  07 A5 42 26 1E 9A 2C A5 38 9F B7 A2 66 24 68 A6
0001D9F0  D5 1B 4C A1 7B A4 83 A0 C8 9F 83 A5 64 90 A6 A0
0001DA00  4C 1D 65 A6 C4 A4 C5 28 C9 A5 F2 24 A0 28 DE 90
0001DA10  DB A5 5F 9B EE A1 BB 19 EA A0 0E 24 5C 16 DF 27
0001DA20  78 17 62 9D C2 A4 40 A9 B1 A2 9A A8 05 29 AA 98
0001DA30  E6 AB 8E 26 51 A4 6C 23 B5 19 8C 14 FA 9D CF A5
0001DA40  9D 16 8A 98 5F 1D 73 24 B9 90 5C 98 12 28 BC A5
0001DA50  DF A4 7D 19 F7 1E 34 19 73 A6 29 24 9C 98 09 2A
0001DA60  C9 A8 18 A0 8A A3 4C A0 97 93 14 1D CA A9 7B A5
0001DA70  BC A8 6B 24 7E 9F 75 12 03 16 C0 28 F1 1D E6 24
0001DA80  4D 9C 3F 21 F6 29 63 21 AE 1A 4A A8 21 27 BA 9D
0001DA90  38 A1 DA 27 1A 99 C7 28 E0 A0 93 9D 47 96 C1 A5
0001DAA0  1A A5 DA A4 8E A5 05 25 C9 18 57 A5 6F A2 E1 25
0001DAB0  EC 1A F3 1D 9A 20 66 A0 27 19 F4 A3 CD 9C B2 A2
0001DAC0  78 28 87 9A 5A 24 47 25 7C 11 4D AB 84 1C A8 A2
0001DAD0  CA 25 AE 26 AB 90 9C A1 E9 91 C5 25 89 19 A3 A2
0001DAE0  83 A2 0F 26 51 9F 21 A4 02 A4 40 20 0A A5 04 9D
0001DAF0  72 23 EC A3 76 23 A7 AB 90 A4 4B 95 94 A5 1F A8
0001DB00  48 A2 CF 16 9D A3 3C 24 D6 A3 ED 2C 4B 24 AA A8
0001DB10  7F 25 56 A8 E2 26 AC 26 C1 9D 49 2A 29 2C 75 23
0001DB20  1D A0 7E A3 B3 92 2E 25 D9 A0 7A A9 00 28 E3 A3
0001DB30  4E 1B 0A 9C 3D 9E 05 19 1B 1D 4D 21 FF 98 46 24
0001DB40  D4 18 B3 1A E6 9C 91 A0 2C A1 AF 9D 7A 23 E9 20
0001DB50  23 A2 F3 A0 B0 A5 F6 1D 5E 94 ED 9F 73 A1 C4 1C
0001DB60  12 A2 DC 9E F6 A2 D3 92 11 0B 41 25 99 A1 A6 8E
0001DB70  DA A4 94 9B 86 14 ED 19 0C 99 88 A3 46 1C 6E 1C
0001DB80  32 1F 05 A4 58 1F 0D 9A 3C 95 4D 1D A3 9D 36 15
0001DB90  7E 1F B4 A0 28 20 9D 11 AC 1D A2 15 BC 9F 5C 19
0001DBA0  8F 22 7B A2 6A 1E 48 26 58 24 79 9F 23 A0 5F 1E
0001DBB0  1B 21 03 21 12 A3 9C 22 D8 1C 96 A5 3F 1F EB 24
0001DBC0  1A 98 60 16 FF 98 13 26 7D A0 02 21 D3 1B B9 24
0001DBD0  E9 9F 86 9D 48 1C FF A0 6C A1 66 A5 D1 1B 14 A4
0001DBE0  0A 1C 1A 23 AD 24 4D A0 30 18 E3 27 85 A8 CB A6
0001DBF0  EE 9D BE 26 BB 24 60 24 48 28 24 23 87 24 45 24
0001DC00  17 20 B5 1B 50 A9 06 9E 4E 9D 05 A0 4B A2 77 A9
0001DC10  42 27 6F A4 3F 28 FB 25 2B A5 23 1D AE 9F EE 20
0001DC20  2E 21 DB A0 49 A1 2E A8 9A 28 0E 25 09 28 81 A9
0001DC30  DD A2 2F A6 19 9B D6 25 41 23 B2 A4 7A 95 7A 20
0001DC40  CA A6 65 A3 54 9E 54 A3 DE A2 A4 1C 0B A7 13 A5
0001DC50  C5 10 0D 91 45 20 8E A4 94 A6 F7 9C 86 22 E0 A2
0001DC60  A7 1E CB 1C 4F 99 5E 20 55 A6 E8 24 61 21 B9 1C
0001DC70  76 19 66 24 4E 27 1B A7 D4 A7 10 25 C1 A5 61 A0
0001DC80  13 29 8F 98 94 2B F7 29 37 26 6C 28 F1 22 08 87
0001DC90  3F 1D 51 25 7C 1D BB 12 66 28 22 A0 0E A5 C9 9D
0001DCA0  D4 AC 6F 99 EB 1D 3E AA 26 21 B8 A1 76 A1 6C 25
0001DCB0  4F A2 CA 9B 3C A3 62 A2 FC 28 34 9E EB 28 7D 28
0001DCC0  E1 98 37 A2 BD A8 CA 22 7F A1 17 A0 52 A9 FF 1F
0001DCD0  A9 23 CD 29 4D 9D 47 9C 8A A5 72 23 56 1C EA A1
0001DCE0  27 1A 60 A3 16 1B A6 22 1B A9 97 20 B3 10 B8 A0
0001DCF0  17 A4 3C 26 14 A6 31 95 5F A8 D7 1D 3E 9B BB 22
0001DD00  4A 29 A6 A5 40 21 AB 28 15 20 13 1E 4F A0 BA 22
0001DD10  EA 81 F1 AC FF A2 28 29 EF A4 BE AB 02 21 8A 9D
0001DD20  2F 20 23 26 40 A4 EB A4 46 13 65 26 38 1F 00 2A
0001DD30  BC 9D 27 9E 29 9B E8 96 73 25 72 A5 F8 96 87 94
0001DD40  46 A7 88 9D 24 96 33 27 8C 1F 2F 16 92 26 4A 25
0001DD50  3E 26 7A AA C8 24 F4 27 52 9C 81 A3 D7 29 9F 1A
0001DD60  DC 25 41 AB A6 22 93 A8 CD A8 35 26 BB 26 EE 20
0001DD70  6E A8 01 15 06 2A 7B 99 5D 25 56 26 83 A9 E2 23
0001DD80  5D A8 6E 28 7B 9D B2 8D F4 24 74 9E 13 96 43 A6
0001DD90  0C 1F F0 22 21 A8 2F 24 24 95 D4 A6 C0 26 6F 26
0001DDA0  86 24 11 A5 96 25 42 A4 CB 21 49 24 4E 1F 15 26
0001DDB0  17 AA A7 20 00 23 C7 24 C6 8C 26 A7 1C A7 1F A0
0001DDC0  60 0A 5F 23 BC 1B CD A3 41 AA F3 A1 3C 92 2B 8D
0001DDD0  D7 25 44 A7 B3 25 EF 16 CC A5 8F A2 E1 9D A7 24
0001DDE0  68 27 82 20 B7 A1 FB 27 4B 21 6B 0D E1 93 55 2D
0001DDF0  22 A3 EB 19 DE A4 E8 8E 1A 23 BA A7 84 25 3E 9D
0001DE00  63 9D 76 23 DC 20 15 9D 99 A0 B8 1C 89 21 0E 1C
0001DE10  D4 21 23 1F AD 22 40 98 99 A3 0F A4 70 18 60 23
0001DE20  65 25 0D A1 54 21 C2 1C D6 9A 88 92 7B 26 F9 A4
0001DE30  BE 22 EA 1D C0 1B C4 22 05 15 05 9B EC 9E 8B 26
0001DE40  4A 22 7F 9A FC 19 06 A2 DF 96 A1 24 CE 0A B0 A1
0001DE50  AB 9B 96 22 D6 A1 58 A3 DB 9D 57 9E 3F A2 7A A7
0001DE60  0D 25 8C 27 C7 0F BA A4 6D 24 8F 23 77 24 B6 9C
0001DE70  36 94 D8 A5 55 82 1F A4 3E A6 09 A8 58 1D 62 1E
0001DE80  65 21 0D A4 F4 25 00 1D ED 21 3C 22 9B 1E 12 17
0001DE90  82 9C 2F 23 45 A3 EB 24 78 A5 98 A3 78 9C 0F A3
0001DEA0  94 A2 A8 A5 38 90 BE 23 6E A6 45 23 AB 23 3A A9
0001DEB0  E6 A5 ED 1B F3 23 8C AA E5 A0 10 24 EB A1 22 20
0001DEC0  8F 21 49 A8 D2 28 A8 A2 23 9C 2B A4 96 AA B8 9D
0001DED0  82 20 5F A4 63 A5 A5 AB 79 A0 FC 27 7D A6 35 A0
0001DEE0  38 A5 A9 AA B7 1C CC 1D 00 9F 17 A7 D1 22 B5 A6
0001DEF0  70 9F 2D 1D 7C A1 A5 26 4E AB F2 1F 6A 1A 8D A4
0001DF00  1D 97 C4 24 F3 27 43 24 BA A5 19 A6 D3 18 6A 98
0001DF10  15 A8 2A A3 F0 9E 26 AB C2 A6 73 A5 23 21 51 A3
0001DF20  AE 1C CE 90 E4 A2 8A 9B C0 A9 80 A3 EE A8 97 A0
0001DF30  2B A8 C6 22 EF A4 E4 8B C4 26 1E A5 FD 23 0B 9F
0001DF40  76 22 9C 26 B3 28 EA 28 A0 1C D1 25 EA 1E 3C 90
0001DF50  6A 1D 7C 9E E5 95 97 9A B1 A4 AA 20 CE 19 7C 05
0001DF60  01 10 D3 19 FE A4 3B 21 D6 98 62 8F 62 1B 2F A0
0001DF70  88 19 EA 17 73 9D 13 20 30 25 27 16 C2 21 D6 9F
0001DF80  82 A4 ED 19 91 1E BF 99 8B 9D 83 23 B2 8C 94 85
0001DF90  D4 99 00 9F 0A A5 2D 9C 1C 90 62 1A 31 1C 3F 20
0001DFA0  55 22 3E A4 A2 9F AE 1C FA A2 1E 9C 96 20 89 22
0001DFB0  C2 9C 75 A3 2E A6 3B 27 D3 96 35 A2 78 21 BE 88
0001DFC0  E5 11 B5 13 2B 01 B9 23 2F 1C 27 94 2A A3 E6 A2
0001DFD0  31 16 B1 24 3C 24 A0 A0 52 A0 13 A3 66 8A 98 91
0001DFE0  9A 20 70 A0 2A 08 8C 20 F9 1A D4 22 86 1E C5 A3
0001DFF0  3F 15 A5 1C 47 1A 6B A8 80 20 A2 A1 C7 24 F6 13
0001E000  52 26 34 AB F8 21 E8 A1 2A 15 32 2A DA 25 7C 2C
0001E010  AF 25 0F 2A 75 9A 90 1D B2 A2 16 16 26 1C 07 A4
0001E020  1B 99 3D 25 6A A6 24 0F BD 98 96 1D 4F A8 78 2A
0001E030  F4 A0 72 9F 38 28 3A 28 C8 A5 D2 A0 35 1E 61 23
0001E040  97 20 72 24 12 1F 6E A8 E8 A3 D9 A3 D3 19 96 1D
0001E050  25 9E 7F 21 9F A3 F9 9B C8 28 69 A6 ED 22 C1 11
0001E060  65 A5 11 21 E7 A6 5E 97 DA 22 67 25 F0 A3 AC A5
0001E070  9B 17 59 1D 60 25 1D A5 9E 24 F3 A0 D1 9D 23 24
0001E080  8E 20 40 21 C2 A1 BF A8 B2 27 6E A4 11 AC 45 92
0001E090  8B 1C 11 27 18 A5 02 8C 2F A2 02 A9 E9 23 A9 A8
0001E0A0  68 A8 5B A5 44 A8 BC 9F 21 AB D0 A3 3D 22 FF 27
0001E0B0  77 22 A2 9F 12 A2 01 22 DF 99 7F A5 8C AA 59 24
0001E0C0  0F 2B 35 AA 8E A0 55 25 5F A4 C1 A4 68 22 E2 10
0001E0D0  BD 1F 33 9E 35 AC 6C A4 69 21 98 27 CB A7 58 26
0001E0E0  E1 AA BB A7 4F A0 B3 25 99 20 9C 9E B7 1F 26 1D
0001E0F0  C2 A5 1E AB 21 21 81 29 57 27 A0 A2 EF 99 7C A4
0001E100  DA 1F 76 9E FD A3 2B 27 26 1A 70 28 6F A9 3C 26
0001E110  B2 9B A7 A0 8B A8 B9 28 02 29 FC 9C 90 A0 E2 A9
0001E120  BB 22 19 23 B4 25 5B 28 A0 A2 00 98 45 A2 15 A8
0001E130  01 A6 5E 21 EF 94 62 A0 55 A8 83 96 F6 26 AF 22
0001E140  0A 28 2E A4 1D 8C FA A4 C8 99 11 A1 FC A2 07 A3
0001E150  F6 A4 56 20 50 8D 56 27 EE 24 40 A8 D7 28 45 27
0001E160  02 21 B5 14 9F A1 00 1C 18 A3 46 9C AA 1A 13 A2
0001E170  90 20 8A 94 3C 9C A6 20 E3 A0 9E 14 8D A2 F4 9E
0001E180  25 98 31 1E B0 25 0B 20 D9 A2 96 92 EC 1D 58 96
0001E190  3F 1E 96 24 E5 91 1D 20 C5 A2 C3 25 F7 99 9F A0
0001E1A0  62 12 30 27 A5 22 B7 98 F7 1D 20 A5 CB 1E B6 12
0001E1B0  E0 17 53 9B 8D 9D 62 1D 8F A3 D8 24 B1 1C A4 1A
0001E1C0  90 9C 8B 23 2D A2 93 1D 66 A1 E8 92 99 9C C3 9C
0001E1D0  27 1B CB 0F 49 A2 38 1E B5 1E B0 A4 9C 19 DD 1C
0001E1E0  3A 0D 82 13 94 13 06 A4 C2 23 4C A4 D4 1F 47 25
0001E1F0  90 25 BB 88 40 A2 A5 20 D0 A0 58 1B 75 22 22 9C
0001E200  22 1F 60 A4 38 9B A2 A0 1D A0 83 A4 1E 0C 75 20
0001E210  62 24 D9 15 9A 1C 58 A5 5E 23 C1 1D C3 9C 79 12
0001E220  8D A6 82 1C 68 1F A4 A1 AE A0 7E 1B DD A1 AB 24
0001E230  36 1A 50 15 EA A4 3B 21 44 10 D2 A3 56 25 8C 99
0001E240  E8 00 7C 23 85 24 06 A0 7F 1B 10 9D 5E A3 D7 A4
0001E250  1C A1 EE 1E 6B 0C AE 1C EA A5 CC 22 C5 A0 0E A6
0001E260  E4 1D 33 16 5A A2 0B A1 66 1A 95 99 8B 24 E0 A1
0001E270  20 23 3A 25 CD 17 2D 23 1D 19 D5 1A 17 92 84 21
0001E280  4E A2 59 21 73 1D 2B 9C EC 1F 18 A5 2D 0C 6C 1C
0001E290  5C 19 98 21 20 9F 12 27 BB 98 00 9C B6 14 38 A4
0001E2A0  21 A0 06 25 1A A0 99 1E F7 A4 36 A3 6B 8D 41 A1
0001E2B0  39 1F 50 9C 3D 1F AE 99 1C 24 28 28 88 9E C0 14
0001E2C0  0B 98 D4 21 A2 1F FC 9F FC A2 66 1F C8 A7 6D 9D
0001E2D0  64 A2 4E A0 CC 1C 76 A5 14 A2 37 A5 81 9D 6B 9E
0001E2E0  A9 25 82 A4 90 1C C0 20 DF A4 8F 21 05 95 E4 28
0001E2F0  50 20 B8 1B D6 9D 12 A5 63 9D 09 29 D4 9E A5 9B
0001E300  25 1C E6 24 19 A1 1A 14 CD A3 FA 25 09 A4 F9 9D
0001E310  56 99 2C 9E B9 A2 54 15 57 A5 2F 27 2C 27 B5 21
0001E320  89 0E 84 1D A6 25 29 1C 91 27 C6 17 06 A8 98 95
0001E330  52 9A 85 1B 21 A0 36 20 06 12 32 0F FC A5 1A A7
0001E340  D3 98 22 A0 D3 90 5F 26 17 A0 99 21 FD 9D 7A 16
0001E350  1E 20 1D A0 3F 2C A2 25 2C 24 27 9E 62 1D 4F 98
0001E360  F1 A4 10 27 DF A9 E9 21 0A 22 6E AA 5F 21 40 94
0001E370  6E 96 76 A5 61 9C 22 93 9C 9D BE 18 75 A0 16 24
0001E380  D9 A6 46 20 C5 24 16 23 B8 9D AF 24 43 A3 DB A9
0001E390  02 94 9F 20 73 25 ED 9E D9 9F 6C 9A BE 17 55 2A
0001E3A0  EA 28 9C A7 CF 29 39 1E 1F 20 8D 21 15 9C 92 A3
0001E3B0  6B 20 47 0C 13 27 8E 9E 6B 9C 34 A2 90 A1 D7 9A
0001E3C0  EF A1 5B 20 4D A3 9A A5 AA 25 01 A4 64 A0 D3 22
0001E3D0  7D 1E B1 1D 76 22 4D 24 31 97 98 23 A9 A5 1D 28
0001E3E0  10 A6 06 23 6B 24 D8 26 7D 23 A4 28 C5 9F 53 AA
0001E3F0  5B 9B 24 A4 94 28 8D 10 70 A4 9E 24 5C A0 E8 0E
0001E400  FC A8 D2 9D B0 1C 9B 28 63 23 29 9E 23 0E C6 A4
0001E410  EA A4 4A 27 82 A9 D6 29 79 A8 0A AA 81 1D 1D A5
0001E420  AE A0 20 1D 8C A1 F3 A4 FC 1E 30 A9 E9 9F BA A0
0001E430  30 23 C2 A5 1B 18 15 A3 84 A1 33 1F 6C 25 42 9E
0001E440  8D 1D 8B 21 27 20 E2 98 D8 21 64 1C 3E 24 6A 21
0001E450  DB 97 DB 22 2F 24 3C 22 3F 1E 19 24 FF 22 A8 A2
0001E460  E8 1E 1E A7 87 A3 BA 20 58 21 FB 99 3B A4 AA 27
0001E470  72 93 CE A0 A0 1C 8A 8D 5B 20 1A 18 2E 20 B3 17
0001E480  E5 98 69 95 B0 99 40 27 6D 22 28 A0 E1 A0 89 A2
0001E490  63 9A 68 19 22 1A 9D A6 3E A5 1F A2 E8 A2 05 0D
0001E4A0  8B 18 A9 20 3C 21 70 84 47 A6 C5 25 C9 1D 33 9E
0001E4B0  4A A2 B9 9D B2 22 B3 25 74 21 52 A6 A2 05 61 25
0001E4C0  CE 23 D9 22 43 A0 FF A0 74 1E 4B 99 58 1E 4F 24
0001E4D0  45 99 F2 1C 08 1C 1A 1C A8 1C E8 A6 3E 17 1A 15
0001E4E0  17 27 DB 92 7E 20 74 15 7F A3 1A 95 46 9F 7E 9F
0001E4F0  E7 20 DA A3 9C 24 49 97 03 9F 5C 03 13 8E B1 89
0001E500  10 21 E7 A3 0B 1C DD 9C BE 1A DE 99 B9 18 B4 A0
0001E510  35 1D 89 A2 2A 24 8A 20 6A 1D 3D A2 EC A0 B8 A3
0001E520  06 A0 38 11 D8 A0 FB 1F AF 18 98 9C 15 97 68 1D
0001E530  32 1F 04 25 7F 9E 8E 21 F1 1E 0A A0 58 9D 73 A0
0001E540  1C 9C F4 1D 41 23 FD A4 EE 1B 52 1D 80 1E B4 1A
0001E550  07 A5 7D 97 90 13 6F 99 54 9A 8B A0 6C A0 60 90
0001E560  42 99 F5 21 F9 20 9C A0 00 A5 24 9B 33 1E A6 9E
0001E570  38 1E 35 1E 58 1D 6F A0 72 1D 99 9C 22 22 C2 9A
0001E580  C1 9D 71 A9 D0 19 8A 9F B5 1A E2 98 48 A2 3F A5
0001E590  E1 A7 4A 9F 3C 1F D0 9D 14 A5 6E 1B 87 29 F9 21
0001E5A0  39 1D 03 1F A4 A6 DB A2 5C 18 B3 20 B0 9D D5 28
0001E5B0  74 A2 59 2A A5 A4 5B A7 28 20 67 10 BE 18 3C 1F
0001E5C0  6E 20 F0 25 21 9F 2F 27 39 20 5E 1F F8 1F 66 24
0001E5D0  55 29 1B 1F 05 9D AF 9B 88 11 36 22 CD 20 B5 23
0001E5E0  69 1C 0E 20 42 A2 63 24 EF 23 8B A4 2B A7 DB 20
0001E5F0  8C 28 38 21 A7 21 5D 25 4A AA 46 9B 44 1D 54 9F
0001E600  33 1B 65 23 03 23 61 24 4B A5 C6 23 23 29 A5 99
0001E610  FD A4 FA 9D C7 21 0F 11 A8 28 34 A4 0F A8 9B 1C
0001E620  2E 26 C4 96 29 9F 1C 9F 41 A3 A3 22 80 9E 17 25
0001E630  E8 1E 92 24 0A 17 DC 9A A2 9D 40 A8 86 A0 D4 A2
0001E640  BC 20 8C 8F E3 8D 28 13 44 9D 47 A2 15 26 B7 1B
0001E650  AD 17 F2 1C 43 A2 15 20 91 1B 29 9A A7 A0 09 20
0001E660  7F 1F 51 20 9D 18 4B 20 6B 19 80 1F F3 9B F1 16
0001E670  A6 95 C1 A0 57 23 01 1A C4 11 B9 19 BB 15 CD 21
0001E680  7F 18 3D 12 56 99 BC 93 A2 A0 B3 1D 57 20 7C 9F
0001E690  B8 9E E8 1E 3E 1F 55 A2 C6 99 1E 9A AF 9E 1F A4
0001E6A0  A2 1F BF 9D 7D 1D B2 20 34 A1 E9 1C 15 9D BC 1D
0001E6B0  D4 97 B6 1A 3A 94 E9 98 64 97 CA 9C 40 18 84 9E
0001E6C0  21 8A EB 19 88 1C B7 20 B1 96 91 18 03 9B 99 1F
0001E6D0  08 A0 86 98 EF 92 9A A1 EA 23 F2 9B C7 12 66 99
0001E6E0  CD A6 A0 23 3B 21 5A 9D 66 20 1F A3 D9 14 7A 26
0001E6F0  91 1A 19 26 0C 22 F6 24 77 24 5D 1B A1 A4 4B A1
0001E700  72 19 33 1E 35 26 AD 98 71 9C 0D A0 37 A5 6E 98
0001E710  34 28 19 A8 5F 22 24 21 BE 9B 86 A5 45 20 0E 20
0001E720  74 A1 E2 94 27 21 C8 99 52 9E 49 A6 EB 15 D9 A8
0001E730  F5 1A B8 90 74 A4 47 16 B0 A0 6E 9F 08 99 6E 8B
0001E740  48 A8 67 24 FD A2 B3 19 BF 9A 26 A1 1F 1C 8C 94
0001E750  B0 9E 63 92 64 24 4E A8 4D 23 A4 15 2C 1C 20 A0
0001E760  66 A1 B0 A0 3B 1B B7 9C 0B 15 93 24 E4 1B AC 1F
0001E770  DB 25 CC 25 70 24 28 1C 9F 1C 27 0F FD 1D 3E 90
0001E780  11 23 1E A1 AD 9B 4F 23 13 A8 64 A6 CD 9E 54 22
0001E790  B5 94 9A A1 9E 20 87 9F D8 19 9D 1B DC 23 9D 99
0001E7A0  9D 9D 1B 24 C9 9D 64 1D 21 94 D0 1A 02 9E 20 9D
0001E7B0  5A 9B ED 20 12 9D A9 19 1C 20 2C 1C E3 21 EF 1B
0001E7C0  26 28 26 27 04 A7 F7 A2 4E 25 15 A2 E3 A1 71 1B
0001E7D0  72 23 8D 1F 97 9B C9 15 AF 9C B1 9F D9 1E 5F A4
0001E7E0  D3 24 B4 8F 0D 16 3D 9C EF 1A A4 13 D7 1A D8 A0
0001E7F0  F7 26 D0 9D 2F 1C 18 94 93 21 66 21 9E 95 B9 23
0001E800  5E 24 F2 9F C5 19 51 A5 E6 83 0C 25 90 1C A1 1C
0001E810  BB 9C 19 21 E9 20 1E 24 EB 22 F5 28 C8 20 43 A2
0001E820  09 9F 1A 1F 14 22 2F 9C 2F 1D ED 9F 1A 1F 46 A3
0001E830  5D 24 CA A4 78 A1 68 18 15 96 22 18 E5 1D DB 24
0001E840  DE 1C 57 0C 68 1F F6 19 21 1D 1C A1 38 A3 94 A2
0001E850  68 1B 11 25 30 22 EA 25 06 A4 9F 98 17 27 6A 26
0001E860  AC 12 3A A2 E6 A6 8C 1D 24 98 CB A2 81 A8 67 A7
0001E870  B1 9A AE 23 A0 A0 53 29 9E A5 F3 12 CC A0 AA 1B
0001E880  6A A3 60 22 D3 9F 4C 25 92 23 45 1F 87 28 F5 91
0001E890  16 27 07 9E 32 A5 24 23 99 23 49 9D FC 1A BF 23
0001E8A0  28 23 92 99 44 9E 30 24 27 28 45 A2 F3 26 64 29
0001E8B0  89 1A A8 20 BD 1C C1 21 E3 9D F2 1B 4B 25 36 9B
0001E8C0  80 9D 83 9D E2 A3 3E 25 68 A1 C8 23 92 18 24 28
0001E8D0  5E 18 DB A2 40 25 0E A4 D2 1F 82 98 A9 A2 08 A3
0001E8E0  7F A6 6D 1C 5D 25 A3 9B C7 20 DB 1F CC 27 D6 1F
0001E8F0  70 A2 A5 A5 8B 14 23 9D A8 1C 42 A8 AC 8E 1F A4
0001E900  1B 1C C5 A5 AF 9A 1F 27 5E A0 CD A0 09 A6 BB 9A
0001E910  CB 8A A2 22 B0 A4 64 99 87 95 35 9F C6 A8 3A 27
0001E920  56 A0 DC 26 F8 25 F2 A4 C5 9B 8E 26 59 25 0A 13
0001E930  CF A2 AA 20 28 25 FD 1D 77 22 51 1D D6 22 6A 20
0001E940  8C 95 82 21 C6 95 9B 96 F2 20 61 25 CB A0 43 14
0001E950  87 9C F9 19 03 14 53 90 92 20 20 1D 46 A2 48 9F
0001E960  C0 9E 21 A1 AB 20 D9 9D 74 11 1E 9B 5E 1C DB A5
0001E970  32 9E 5F 19 57 A1 E6 16 20 15 49 A5 D4 98 42 25
0001E980  BD A3 18 12 47 96 5D A0 A4 23 5A 24 AF 21 42 21
0001E990  C4 A0 CB 9B 70 A1 25 1D D2 A1 C5 9F 67 90 1C 21
0001E9A0  68 20 3B 21 3B A5 5D 25 D4 1D 87 A6 6D 28 A5 A8
0001E9B0  9A 1A 6F A6 41 24 2F A5 E7 9C 2D 28 5B 29 AE A6
0001E9C0  70 94 24 A9 49 1C BF 25 0D 21 A1 22 63 9E 4C 28
0001E9D0  23 2B 70 2B 02 2A A6 9F C5 1F EA 96 D6 1F 19 1E
0001E9E0  C7 22 62 26 2C 29 46 9B 55 22 77 AC 07 22 59 26
0001E9F0  20 A2 59 A4 70 A0 76 A6 EC 20 D6 25 6B A7 3E 28
0001EA00  12 A7 76 A1 18 A2 18 16 9A 24 35 15 93 A0 A7 AB
0001EA10  06 23 B1 1D D6 24 F7 A3 D3 A9 27 2A 23 A0 C1 23
0001EA20  AD AA AB A9 F1 29 CC 2A FF A4 60 AA 00 91 3E A5
0001EA30  47 AD AA 9D 9E 26 57 A1 FE 21 1A A4 2E A0 A8 A7
0001EA40  AC A5 29 28 A0 20 A8 28 A1 28 AB 20 A1 92 99 28
0001EA50  4D 1C 29 A4 E5 9B 47 1F 8B 9D BD A2 F9 9F 43 22
0001EA60  DE 9F B8 0E 70 96 97 98 29 A0 DC 16 D9 20 FD 19
0001EA70  89 97 74 1C 69 9F 50 91 21 18 D2 1F 2C A6 AC 1F
0001EA80  29 A1 E4 22 95 21 4C 21 E2 1C DB 24 86 9F F4 9D
0001EA90  04 A4 95 24 F2 9D 4F 1E 19 1C 17 99 86 1E 38 24
0001EAA0  E0 1C 22 96 58 15 4F 95 D6 19 D3 21 19 99 EE 9C
0001EAB0  D1 A7 97 A1 C0 1E 2F 80 36 1A 38 9B 49 A1 39 1E
0001EAC0  BB 1D B4 18 13 21 37 99 65 18 3F A1 62 A2 3B 1C
0001EAD0  BE 16 6E 88 A5 9D A2 21 03 1F FF 98 F0 0D 4A 24
0001EAE0  65 89 8B 9F 49 A1 E8 A0 DE 1F C3 A4 B1 1E A0 1B
0001EAF0  8D A5 22 17 87 15 06 A2 C4 9A 75 A2 01 0F 91 20
0001EB00  86 A0 B4 A2 D6 8E 17 24 DC 20 45 18 EE A3 18 1E
0001EB10  D3 A0 75 94 5B 24 2B 1B A3 22 65 92 64 23 96 A5
0001EB20  95 12 D4 19 FC A1 75 1B AC 99 4C 1C 02 A5 88 24
0001EB30  30 99 D7 21 F1 99 1B 91 ED 1A E6 A4 82 99 DF 18
0001EB40  ED A6 C7 24 35 A6 E3 14 FD 20 D1 A4 40 24 BC A5
0001EB50  0A 1B F0 A3 8A A3 CF 21 38 A0 9A 97 25 9D 7A A1
0001EB60  2B A3 F8 A4 81 22 92 1B 6B 0F CE 9D FC A0 D8 21
0001EB70  F7 24 02 23 85 95 1A A0 F0 85 0C 1C 91 9D 1C A0
0001EB80  2B 95 5C 20 1E 1E E8 17 D1 97 A0 24 DC 20 A3 9B
0001EB90  9D 20 8A 92 7B 22 C0 1C F9 25 88 29 F3 25 18 1D
0001EBA0  92 19 33 23 1C 9D 0E A5 A8 AA 68 9A 64 28 0A 20
0001EBB0  2F 1C 27 1C 76 A3 EF 99 44 97 F3 21 FE 25 9D 23
0001EBC0  1D A2 D3 9F F8 16 56 A1 EE 1C 85 9F CA 9F BE 12
0001EBD0  11 1F 53 A2 24 1D 46 20 D5 A4 95 9D C8 9F 75 8F
0001EBE0  5F A2 E4 18 AA 9C 80 A2 EF 13 F0 20 08 14 AB 10
0001EBF0  2D 1F D5 17 CE 9D 1C A0 70 A0 E8 9D 18 1D C5 0A
0001EC00  C7 1C 54 99 C7 9F 5A 98 BB A1 A0 23 50 20 BA 24
0001EC10  A0 A2 5A 23 49 1E 28 A1 7A 22 7B 19 EC 9B DD 9F
0001EC20  13 A2 08 1C 5B 1F 8C 24 A5 1E 47 1B 83 A4 DE 20
0001EC30  1B A6 E8 1E AF A4 F8 95 18 1D 72 20 46 8D 52 82
0001EC40  90 1F F0 9F F6 A0 24 24 5C 1D 4E 1E A8 24 65 9F
0001EC50  5C 1F B9 24 B4 1D 00 25 2B A3 D6 97 80 99 FF 9D
0001EC60  25 1D 3E A2 80 9C C7 1D 37 1F 27 A4 DB A2 09 A4
0001EC70  49 16 CB 03 AA 1B 4B 1E E3 19 30 A0 B4 14 4A 20
0001EC80  51 18 FE 26 43 98 36 9D 2B A4 30 0C 78 A3 1D 22
0001EC90  28 22 D3 19 9F A0 87 23 6B A0 B3 A0 44 98 7D 22
0001ECA0  AF 21 94 24 CE A1 27 A0 86 1F BC A1 CE 1B 28 9B
0001ECB0  28 1C 03 23 D3 1D D0 0C 83 8C 7B 22 A7 18 A8 9C
0001ECC0  88 A4 B8 26 45 9C F0 A1 79 1F 2D A4 88 0B ED 9C
0001ECD0  ED 20 78 9F B0 9B AF 9D F0 9F A6 1C C7 0E B0 1B
0001ECE0  65 20 2D A5 74 97 C8 9C F0 9C 9F 18 BE 20 DB 24
0001ECF0  92 1E 2A 20 67 25 04 A1 10 A3 2C 9D 3B A2 6B 23
0001ED00  54 A3 36 9D 8A A0 6C 99 FD A5 0C A2 10 9D 26 A1
0001ED10  65 14 C4 9A AF 9F 07 90 3F 20 8D 1E 33 1E 2A 9F
0001ED20  7B 19 7E 98 E5 90 A1 92 A0 A0 9E 97 EF 09 6F 92
0001ED30  44 97 AB 9A 6F 9E 53 9D C6 0C 19 92 53 15 10 9B
0001ED40  B8 1A 17 20 E3 98 0C 15 DA 95 A7 9D 24 9D 35 97
0001ED50  2A 9C 33 1F 79 95 76 19 2D 19 B7 91 CC 1D 36 1B
0001ED60  49 1E 07 99 04 9C 2C 82 21 19 9C 9C DD 9C 2D 1A
0001ED70  30 22 64 16 B7 9C B9 8A B0 18 AE 14 0A A0 DC 1A
0001ED80  73 18 A9 15 C2 94 54 A0 71 A0 F8 91 12 8C 59 18
0001ED90  21 16 97 0D 55 18 8F 9C D9 97 2E 18 8E 01 B2 95
0001EDA0  06 97 2D 88 5A 10 12 8C AF 93 D6 16 00 9D BA 18
0001EDB0  DE 20 78 1D 30 17 18 0C C5 9A 43 99 69 17 B3 18
0001EDC0  BC 22 9F 2C 05 1E F1 25 CD A5 94 A9 B5 07 86 A3
0001EDD0  2F A7 D9 9E F1 99 AB AB 0F 9E 90 A8 6F AC 0D 90
0001EDE0  FD 94 F2 27 9A 2B 79 A8 C0 21 4F 23 4D 28 4D A2
0001EDF0  14 26 69 27 E5 14 35 25 D4 A1 BD 1A 36 26 B8 1E
0001EE00  AE 1F 5C 28 9A 99 0F A4 94 20 81 26 79 1C E9 23
0001EE10  E9 23 CF A2 50 9A 96 24 74 A0 53 24 75 9E DD A2
0001EE20  AC 21 BB A4 BA 23 D5 99 43 28 63 A0 E6 23 28 22
0001EE30  89 26 EA A0 1D 1A C1 23 EE A4 01 A8 11 A4 25 1E
0001EE40  BF 0F FD A2 E0 20 AF 8A C9 21 A2 A6 59 1E BA 20
0001EE50  3C A1 95 9F 24 A6 BE A5 3D 20 B4 95 03 24 4B 94
0001EE60  EB A5 6A A5 D4 A3 6D A7 E3 86 8D A4 51 A5 FA 26
0001EE70  D2 1A 54 26 33 14 F5 A1 51 98 A8 A3 2E 1E 58 29
0001EE80  BB A7 E1 27 6F 8F 74 20 8C 9D 6A A1 8D A6 3F 9E
0001EE90  FF 8D 2C 20 B0 A0 33 17 1E 1D 50 96 C2 23 18 8E
0001EEA0  2F 1B B8 A1 CA 28 86 23 DC 94 70 A4 3A 23 81 25
0001EEB0  E2 10 ED A5 4E A3 E5 99 53 94 36 1D E3 1D 00 95
0001EEC0  2A 10 17 A3 22 9C 52 9D AF 24 D2 A2 2D 19 A4 88
0001EED0  CD 9A B4 93 D5 A0 70 8F F8 21 61 1B 2D A4 7C 21
0001EEE0  EF 94 DC 96 7B 23 61 96 00 24 DD 25 AD A1 0B 16
0001EEF0  59 1F 5D 96 59 A0 D6 A3 1B 1F E1 23 09 A0 02 A1
0001EF00  84 22 CA 18 1D 27 F8 9F 1C A7 78 25 D6 1B 73 94
0001EF10  06 A5 9E A3 B3 9C F7 27 08 A1 08 A2 EA 16 D8 A4
0001EF20  C7 1C DF 24 56 24 35 22 99 13 96 AA D8 9C B4 A9
0001EF30  73 29 34 A5 A6 9F 5B 9D 0B A2 1B 20 72 A0 93 20
0001EF40  46 20 05 1D 44 2B F9 1E 51 A4 3D A8 3A 22 2E A9
0001EF50  3A 95 CB A8 E5 9E 92 A4 1F A4 61 A7 51 95 8F 89
0001EF60  78 A4 C1 A4 04 25 0D 0E 5F 21 22 A8 ED A5 32 26
0001EF70  D8 9E 6C 25 BA A4 33 1C 5D 1B D1 A4 DA 26 D6 A0
0001EF80  88 A7 E4 1C C7 1F D0 22 35 26 3B 9D BC 24 21 2B
0001EF90  85 A1 5A 9D BE 1E 9B 89 B0 A7 87 A4 C7 A3 FC 2B
0001EFA0  73 94 EA A5 17 9F 38 A1 53 28 16 A4 83 16 90 92
0001EFB0  11 A1 A5 A7 2F 9E B9 1D 4E 17 D6 98 72 A5 21 A4
0001EFC0  98 A6 15 A4 C2 2A EA A3 3E 20 52 1E 0A 29 9F 98
0001EFD0  A9 24 9F A3 13 20 20 1C 67 A0 AD AB E9 1B 49 9C
0001EFE0  17 95 B8 A8 68 21 61 A0 29 A5 45 A3 48 A8 BB 27
0001EFF0  1C 98 29 1E A9 28 7D 21 AB A8 78 25 A5 A5 99 29
0001F000  DC 24 E9 A5 D4 1D B2 AB 3F 20 1A 29 ED A5 7D 21
0001F010  04 21 7E A8 6D 20 57 1E 7A 20 7F 2A E4 9E 28 20
0001F020  10 22 52 26 53 22 C8 15 0E 21 3D 20 8B A3 1E 97
0001F030  38 A5 F4 9B 7A 29 D5 1C B1 26 53 A0 0E A4 FA 9C
0001F040  F3 21 67 A4 12 1A EB 24 3D A6 9D A1 BC 22 F6 A1
0001F050  C4 A2 90 A6 21 98 CC 25 1A A2 D1 2A B1 28 CB 26
0001F060  E8 9F 11 95 7A 16 A5 A7 69 A8 C4 A5 16 9A BC 21
0001F070  CB 24 83 91 D1 A4 77 A7 BA A2 0D 90 98 22 E7 A4
0001F080  0A 21 49 A6 07 90 35 1E 21 A0 C8 1C 5C A0 77 23
0001F090  10 A5 30 21 74 1F 16 1C 3A 9E 81 9A 22 A7 D0 20
0001F0A0  48 1C 60 80 56 22 9D 1A FD 91 B8 A4 63 92 A0 98
0001F0B0  F4 A1 C3 25 0E 1C 4E 9E F9 9B BD 13 17 24 B2 9E
0001F0C0  24 1C 80 23 AE 97 3B 22 AC 9F 52 22 A5 18 DC 25
0001F0D0  92 A0 D2 9D F0 9C 85 1C 8E 24 3E A7 D0 24 3A 91
0001F0E0  5F 1D 8C 1D EC 1D 7B 1E 13 A5 92 9E B2 16 29 1E
0001F0F0  44 A5 42 1D 0A 1E D1 26 DF 98 7D A4 4D 9E EF 21
0001F100  59 22 DF 1A 07 9E DE A3 7F 9C AF 9F 16 14 A8 A5
0001F110  4D 11 0A 23 83 A7 0B A0 9A A2 67 A8 98 A4 A1 A4
0001F120  81 A4 0E 9F 2D 1C 1B 21 E4 9A 3D 21 27 9B 63 13
0001F130  74 12 43 22 76 18 F5 14 D1 98 C3 1A 79 1A 23 20
0001F140  A5 23 08 18 E9 9C 2C 9C 0E A1 CF A0 6B 9A A2 9D
0001F150  DC 1C AF 9D CD 10 96 1A 8A 1C 22 98 32 9E 54 18
0001F160  42 9E 0A 1F AE A1 9B 20 BE 96 AD 24 B4 23 46 9B
0001F170  C5 9B 67 97 2D 9D DC 9C 44 1A 22 A1 00 A0 63 A5
0001F180  2B 14 A1 21 AE A0 90 A3 BA A3 8B 9E 62 90 2C A0
0001F190  1C 1A 61 8B F5 14 54 A0 24 1A 4B 9D C6 A2 5A A4
0001F1A0  8A 96 BB 1C 9B 1C 70 1E 36 1D D8 A6 F5 1B 08 1E
0001F1B0  E5 19 37 9D E5 21 DD 96 61 21 76 A1 04 9C 12 20
0001F1C0  CC 9F 67 20 28 99 DF 18 6C 06 0E 23 86 98 B5 22
0001F1D0  8F 9C 4C 9B A7 9A 88 20 B7 A4 D8 9B 1D 1D 3F 19
0001F1E0  22 C8 FE FF 04 00 00 00 B0 00 00 00 00 00 00 00
0001F1F0  00 00 00 00 00 00 00 00 00 00 00 00 00 00 00 00
0001F200  00 00 00 00 00 00 00 00 00 00 00 00 00 00 00 00
0001F210  00 00 00 00 00 00 00 00 00 00 00 00 00 00 00 00
0001F220  00 00 00 00 00 00 00 00 00 00 00 00 00 00 00 00
0001F230  00 00 00 00 00 00 00 00 00 00 00 00 00 00 00 00
0001F240  00 00 00 00 00 00 00 00 00 00 00 00 00 00 00 00
0001F250  00 00 00 00 00 00 00 00 00 00 00 00 00 00 00 00
0001F260  00 00 00 00 00 00 00 00 00 00 00 00 00 00 00 00
0001F270  00 00 00 00 00 00 00 00 00 00 00 00 00 00 00 00
0001F280  00 00 00 00 00 00 00 00 00 00 00 00 00 00 00 00
0001F290  00 00 00 00 00 00 00 00 00 00 00 00 DE C8 FE FF
0001F2A0  04 00 00 00 30 06 00 00 88 3E A5 AD 2F B5 61 AD
0001F2B0  C7 AF 61 B2 FE B8 A2 3D 71 B9 10 36 24 40 43 BB
0001F2C0  9B C4 CA 2F A1 3C 25 3D BD 41 A1 BB 17 B8 3D BC
0001F2D0  53 BE 32 BE C4 BE 59 BA 06 C0 1F 3D 87 B4 61 39
0001F2E0  9F C0 7A B0 17 34 A1 2E 0D BF 2F 3B 04 B4 DC BE
0001F2F0  58 3A 1E B4 70 BC 43 2A 76 C3 9C BC A8 40 4F B9
0001F300  4E 3F D5 BC 88 BC 23 40 8A BD 52 C0 52 BF C4 3D
0001F310  53 37 81 BD 62 3C 12 3D FB 3E E6 C3 F7 44 92 40
0001F320  B0 AC 57 BD A4 36 A6 3D D9 C4 B3 3D BC 3B B5 3E
0001F330  78 3D 6F 3F F8 40 F9 BB 40 B8 45 B5 C6 C3 F3 BE
0001F340  8A 3C FC 34 3D 3D 8E 41 3B C2 C3 42 15 40 2C C3
0001F350  A0 C0 08 3E 1B C4 F5 BC A1 3E 45 31 4E 2E B9 3F
0001F360  10 BE 5E A2 6A BC 24 3D E8 BD 33 3C D3 3E 41 36
0001F370  94 C4 37 B8 10 39 87 3E 44 43 A4 BD CE B6 F4 BC
0001F380  59 BE 72 BD 3B C0 9C BD 44 B9 68 3D 2A BD 2B B7
0001F390  09 C0 65 3D FD 3A D3 B7 83 BC 73 3B 72 BC 31 BE
0001F3A0  95 33 D1 B9 12 BD 1A 3B 95 C0 F1 BB 41 43 57 B2
0001F3B0  C4 3B AE BC F2 BA B9 30 1A 3C 61 BA A9 3C 3F 3F
0001F3C0  89 38 A6 BF 99 3F 6D 3C E0 36 E3 C3 4E 45 69 40
0001F3D0  1B B8 20 BD 96 36 9B 3C 78 C4 36 3D 0C 34 63 3C
0001F3E0  BE 38 C3 40 3D 41 BC BC 21 2D 71 BC 3C C2 30 BF
0001F3F0  3A B9 9E 3E 20 3D 57 41 EF BF 06 40 4F 3F C5 C1
0001F400  AD BC 54 39 66 C3 F5 BF 12 3E 47 37 71 B6 D3 3C
0001F410  7B B6 F6 38 8E BD E5 34 9C BC 92 3C F7 B8 1C 3A
0001F420  8B C2 6F B9 77 A7 56 37 3E 3A 45 BF 3F BC CB 3F
0001F430  8D 2F D5 B8 A4 BE E3 3B 9B B4 62 3C 3E BC 76 BA
0001F440  D1 BC E8 41 7A 3B 8D BD 12 BB 86 3A 5A BE 71 30
0001F450  5E BB EE B8 10 B9 66 3B AA BA C4 36 13 41 7E 36
0001F460  22 34 FF B3 78 BB 5B 3B E0 41 E8 39 06 43 83 39
0001F470  97 3A D2 BE 19 BB F1 3E 26 B4 73 C1 0F 3F 12 3F
0001F480  49 AE 4F AC 87 A9 4C 3B ED BE 0C 3A 1E BC 90 3B
0001F490  2D 36 DB 3F E4 3A 40 BA 0B 3D 9F BC C5 BD FF BB
0001F4A0  34 C0 57 3A 37 38 F5 3A E2 BF 0D 37 86 3E 27 B7
0001F4B0  F3 32 BD 2B 42 BE 6D C0 86 3B AA BC 32 C1 68 BD
0001F4C0  EF BD 16 3C 24 AD 32 3A C2 BD 64 B5 8B 35 A8 BD
0001F4D0  7B C5 2C 30 51 2F DF 3D 36 44 9D 28 E9 BA 47 B6
0001F4E0  B5 BD 37 BA C5 BE 29 BB CD BD E3 38 14 36 25 3F
0001F4F0  A1 BF 4A 3E 27 BB 08 BC 6D BC 21 3A 39 2C B9 BE
0001F500  2E BA 89 31 3C C2 12 3D 83 C4 44 BF CE 3D AE BF
0001F510  70 3F 9C BC 9A BC 09 42 F3 BE 21 C1 20 C1 3D 40
0001F520  99 3D 7C BD 40 3F E3 3B 55 41 26 C0 57 44 DC 3E
0001F530  4E B9 B1 C1 FD 3C C9 3C B4 C4 75 40 B2 3E E8 3F
0001F540  2D 3F A1 3C 4C 42 C1 39 E9 C0 45 39 1E C4 12 BF
0001F550  8E 3E D3 3B EA AE BB 3C 68 C3 7A 43 31 3D 45 BA
0001F560  3C C0 41 43 D1 C3 EE 3C 16 3D B2 B9 7E C1 2C 3B
0001F570  E4 C0 43 3C AD BD C4 3A DA C0 E5 3A 12 BB 42 B6
0001F580  2B C4 E8 33 47 BA 01 40 7C 44 5A A7 14 BE F8 BA
0001F590  7C BD 2F BC A0 BF 7B BE E2 B8 59 3C AC B4 2F 38
0001F5A0  F0 BB 25 3C D5 27 12 C0 2A B4 E4 3E 1C A8 FF BC
0001F5B0  57 BE 43 B9 FA C2 7F 3D CC BF DE BE B5 40 2E BB
0001F5C0  20 3A 16 B7 01 BC F1 3A 97 35 BA BC 91 30 C1 3E
0001F5D0  11 3A E9 BD B0 3F F3 3B A9 A1 D4 C1 6C 45 57 3D
0001F5E0  E6 BB FB C0 01 3B 91 3B 38 C4 72 40 37 B7 E2 32
0001F5F0  48 3D EB 3E 25 42 92 39 99 BE A9 38 47 C3 E6 35
0001F600  CB 2F 90 3C 48 36 CC 3A DC C2 1B 40 E5 3D 0B BE
0001F610  17 B9 DF 41 1A C4 66 AC BF 3B 74 38 C9 B7 49 39
0001F620  EA B6 75 3C FD BC 80 34 84 BF 63 3C 31 B6 E9 30
0001F630  4A C2 6E B8 1E BD 0A 38 07 3D 30 B6 67 BE A3 3D
0001F640  44 36 7C B5 A5 BD 27 39 2B BF 0B 38 73 BC 7B BA
0001F650  13 A9 AB 37 F7 32 0C BD 5E 9D 38 3E 6C BB E0 32
0001F660  36 C1 87 BA 68 32 3E 3D 6A 39 6E B0 72 3D C5 33
0001F670  7F A1 71 35 B0 BC 81 3D 5B 42 3F A2 04 41 8D 38
0001F680  58 38 23 BB 50 BE 82 3E 4D BB CB C1 8B 3F 92 3B
0001F690  FF BB 1F BD 00 22 F2 39 74 BE 78 3C 66 BC FA B9
0001F6A0  77 3C CE 3D 6B 2C 9C 3C 1B B6 0F 37 E7 C1 C7 3D
0001F6B0  D0 BE F6 B2 43 B5 24 36 2A C3 83 B7 82 3E 65 BB
0001F6C0  67 3D 51 3D 9D BF 94 BD F2 3D 4D BE 0E C0 DC BB
0001F6D0  0B BE 66 38 39 39 59 34 84 BC 8A BA E7 C1 C6 BF
0001F6E0  0D C1 09 39 26 BE 9E 30 C0 40 00 39 A4 BD CE 3C
0001F6F0  E5 BA 10 AE BA B6 FF B9 5E BD 62 2D A9 36 AE 40
0001F700  9B BA 29 43 59 BE 87 C0 2B B8 EC 3A 8D B5 9E B9
0001F710  B3 C0 22 3A D7 C0 54 3B C5 C1 1D BC 91 B9 E8 BC
0001F720  F2 AC 4E AC D0 BB F2 3E 67 BD 3F BC D8 C0 79 39
0001F730  5E 3C 7E B8 F4 41 91 38 89 AC 7E B0 8D B9 73 38
0001F740  1C B5 AE C0 4B 3F 64 3D DE C0 65 33 81 37 F3 3F
0001F750  23 3C 7F AA AB 40 92 39 22 BD 95 3E DD BD E8 B9
0001F760  2D 3D B5 C0 30 C1 6A 34 43 C2 B4 41 7A 34 24 3C
0001F770  B9 BA 88 45 5F C2 99 39 09 3D DB B8 7E C1 3E 33
0001F780  44 BD 10 3D 9C B4 3D B2 FE BE 1D 38 D6 BD 9C BE
0001F790  DD C0 7E 3B 14 C1 58 39 46 40 F4 38 DA BF 96 3D
0001F7A0  06 AE 7E B6 2B BB A5 BB 9A BA 24 37 86 30 0A 39
0001F7B0  17 2C BF 3C F4 BD 89 C0 6D B6 C9 3E E3 B5 01 2A
0001F7C0  C7 C1 0F AD B9 C0 65 3C 14 B8 F5 BA 4B 38 25 B9
0001F7D0  4C B9 9C 21 77 BD 4D 3B B3 37 1A B0 E9 B6 F6 20
0001F7E0  D6 35 25 B0 1A 41 11 32 E7 BF F0 B6 63 B6 38 3B
0001F7F0  AF BC F5 BF 34 3D EE 3A A2 BF B3 3A 36 BB 80 B9
0001F800  D4 B1 C7 3D 0C 3E 7B 3A C7 BC 08 41 E7 BD 21 40
0001F810  62 31 4D C0 65 BC CD 37 3E C4 D4 3C EC 30 55 36
0001F820  49 37 8D 44 47 C4 57 AD 9E 38 81 3B 6D B7 90 19
0001F830  79 9C 54 3D 51 B5 15 3A 17 BF B0 3C A6 38 C3 B9
0001F840  0B C0 8A 37 25 BF 96 39 89 39 9E 34 B9 BD AA 3B
0001F850  30 35 B4 B8 64 BA D1 32 DD BA 00 AD AF B6 85 A3
0001F860  82 B8 26 BC 00 BB 06 C0 24 A2 0A 3D 65 B8 9F 3B
0001F870  71 BF 54 BB C9 37 B0 3C 62 B2 85 30 04 3C E8 3A
0001F880  94 B9 ED 36 F6 BC 9C 36 2E 40 97 3A 9C 34 24 BA
0001F890  8A A5 EC 2E 74 AE CD 3D 16 BE 50 BE 8D 3C F6 36
0001F8A0  DB B7 37 BE E4 33 AB 37 F1 B8 84 39 E5 BB C7 C1
0001F8B0  69 3D 0E 3D 88 B1 7E 39 8D B9 00 3F 49 BF AE 40
0001F8C0  4C BB B4 BD 6F BA E3 39 42 C4 88 BA 2F 3D 3E 3F
0001F8D0  EA 40 79 41 D7 C1 7A B1 1A CF FE FF 04 00 00 00
0001F8E0  20 00 00 00 00 00 00 00 00 00 00 00 00 00 00 00
0001F8F0  00 00 00 00 00 00 00 00 00 00 00 00 00 00 00 00
0001F900  08 00 00 00 46 CF FE FF 04 00 00 00 B0 00 00 00
0001F910  A8 BC E3 B9 99 BF 1F BC 5C BB 94 35 9F BA C4 39
0001F920  38 B9 D6 3A 6E C0 CA 39 88 BD E4 B7 91 37 AA 37
0001F930  91 BE E8 3A B5 B4 F3 C0 34 3C 8A 3C 23 37 69 37
0001F940  66 37 0C 38 91 39 19 3B F9 3D FA B8 68 3D 93 B9
0001F950  B7 37 2E 36 DE 40 BC B3 3C 33 78 3A 06 BB DE B8
0001F960  FE BC 58 38 69 35 C1 3D 75 3D 47 3D C2 36 44 BB
0001F970  1C 39 76 38 8C 39 03 BA 03 3C 4E 25 2F 32 59 BD
0001F980  64 3C 49 B9 D0 B9 58 B4 8F 3C 72 B5 78 B5 55 3C
0001F990  9D C3 1E B0 DF 3D B1 37 C6 34 2B 38 1A 39 7E 3D
0001F9A0  15 3A B6 37 13 B7 A1 34 C2 2F 18 38 84 22 57 39
0001F9B0  B0 30 4A 39 87 31 A1 2F E0 A8 F3 AD D5 B0 D6 3A
0001F9C0  02 D0 FE FF 04 00 00 00 00 37 00 00 96 2F D9 24
0001F9D0  A8 25 3E A0 60 27 CC AE D0 B4 5B B1 EE 2C 8D 2E
0001F9E0  A1 28 9A 2A 5D 32 6F A7 8E 2C 3C 21 22 2E FB AF
0001F9F0  5F B1 50 28 41 AA 54 2F E7 AF 8B 28 BA 24 A1 2E
0001FA00  01 31 B8 B5 1D B4 AD A2 12 AD 58 B3 9C A8 DF A7
0001FA10  1A AD 52 AF 9C 28 A6 A2 11 A7 36 A8 40 A2 03 2C
0001FA20  3F AA 19 AD F6 AC E2 88 98 A3 D5 2A AA 2F 27 2A
0001FA30  FD B0 B6 92 30 27 71 AE A5 AD 7F 25 D4 34 25 A3
0001FA40  26 33 5E B6 FA 34 8F A8 6D A8 FD 9C 6B 2F 8E 2A
0001FA50  DC AD 37 31 68 32 7D 30 50 B6 CB A9 6B B0 24 30
0001FA60  4F 2A 3E 30 98 B2 9E A5 1C 24 B6 B0 2F A7 61 AE
0001FA70  DD 1E 10 2F D5 28 67 A4 30 94 48 2E A4 B0 43 28
0001FA80  77 21 3B 23 3A 34 80 30 E9 27 E2 29 AF AC A1 A6
0001FA90  D1 26 CD 99 3A AA E1 AC ED 13 0F 26 92 25 DF AF
0001FAA0  4B 30 96 AB 6D B0 8E B1 B4 A2 2B AD 22 28 9E 31
0001FAB0  E3 9A CA 26 80 AA CC 24 14 2C 6F 98 A0 25 C3 9D
0001FAC0  14 2C 8F A9 F3 22 2B 2F BD 2F D5 A5 4C 2C 33 2E
0001FAD0  D7 A6 95 30 A3 2C E9 24 DE 29 89 2E FA B0 42 25
0001FAE0  1C A2 37 2A 67 28 CD 28 08 2A 85 28 0E A4 CA 25
0001FAF0  01 25 3D 31 53 31 D2 30 CB 30 38 AE 57 B0 DC 28
0001FB00  98 A8 AE 2D 8B AC 89 34 E0 AC 9F 29 31 2D 64 A6
0001FB10  27 34 FC A7 1C 2A D1 B1 27 28 98 29 5D 2E FD 25
0001FB20  01 2C 31 2B 0B 32 E2 AF 8C 28 43 AA 9E 9E 90 30
0001FB30  1F A9 CC A9 B8 2C 33 AD F8 A7 1B 2D 10 AC 5B 94
0001FB40  FD AC 2A 28 CE 2A F0 28 70 A8 54 26 EE A9 69 30
0001FB50  22 24 96 AD 03 AD 5C 2E F0 AB 76 A4 3C 2E DB A9
0001FB60  A7 15 0A A8 87 2B 0E 2C E4 AB 36 A6 1C AC 6F 1A
0001FB70  7B 26 98 AB BC B1 CA A4 02 23 58 AB CD A5 AA 94
0001FB80  40 B1 12 B1 F6 B4 9B 9E D4 2C 17 A6 8B 2E D1 19
0001FB90  D9 A8 D6 AD 97 2C D9 2A ED B0 95 AC 1D 2C FA 24
0001FBA0  A7 AD 41 28 84 18 78 2C 51 AD 80 2D 1B 29 7A A6
0001FBB0  45 2D C1 A4 C9 30 88 AC 0E AA 41 B1 3A 2C F4 AC
0001FBC0  DC A2 C6 2C 6F 28 6D A7 67 25 1B 22 A3 29 54 2D
0001FBD0  CD 22 B2 9E 9A 9E A2 1D B2 A0 E8 26 5D 24 46 2C
0001FBE0  91 29 3E 2C 27 A8 44 32 2F 22 8A A7 2B 30 14 30
0001FBF0  1F 27 56 A9 13 AB 1E A4 C5 A9 B7 24 29 25 4C 29
0001FC00  34 A1 7E 30 BD A0 38 24 19 29 DF 2D 21 AB 89 A3
0001FC10  40 A9 ED AC 91 20 C4 AB 89 2A 49 2D 37 AE BA 9E
0001FC20  9A 2B 76 AF 07 AF 10 AD 02 AC 43 2C 8A AD 72 A4
0001FC30  09 A7 2A B4 57 A6 57 2F 5A 30 E3 AD F0 9F 20 28
0001FC40  AD AF 61 25 41 AD 64 A7 58 2E D8 31 5C AA B6 1E
0001FC50  71 28 6C 29 38 29 C5 AC 4A 25 02 AB 7A A7 E4 9F
0001FC60  D1 AB AE 26 CE 31 45 25 17 AE 31 28 F8 AD 73 0E
0001FC70  B5 90 CA 0C 31 2A 05 AC 87 1B 54 A3 94 A1 B7 20
0001FC80  C7 AA FB AA DB 2B C3 A3 14 AA 60 AD 8B A9 2F 20
0001FC90  BA 2C C0 2B 8E 28 A4 AC 68 26 4F AE 0A AC 3B 2A
0001FCA0  10 9F A1 A8 38 23 E9 AA E1 A8 23 21 39 A3 88 2C
0001FCB0  12 99 DA 1C 3D AA CD 2D 74 16 21 20 FA 1E 2C 29
0001FCC0  21 28 19 A7 2B 1C 0D 2C 6C 25 7F A7 97 A7 3E A1
0001FCD0  2C 2C 8B 28 31 2F 6D AE 7C A8 91 2F 5A AD F9 32
0001FCE0  F9 2D F7 1C C8 AC 75 A9 69 2C 91 A8 1E 2C 32 A1
0001FCF0  B4 1E 27 A8 70 A8 45 27 73 1E 8C A0 1D 21 58 22
0001FD00  EB A9 44 26 0C 2A 5A 27 82 2C 10 23 F7 A2 7C A7
0001FD10  61 21 6A 24 7E 26 02 25 A2 AC C5 A4 83 20 DE A4
0001FD20  D0 AA A2 27 24 2C 0E 26 EA 15 FD 21 E0 22 2E A8
0001FD30  29 9C 2E 20 8F 24 94 97 4E 27 0D 29 09 A6 99 A7
0001FD40  B1 18 16 A2 18 25 65 AD 5E A9 57 27 AA 1E D7 A5
0001FD50  EB A3 21 A2 F6 1D 41 19 86 26 8F 2A C3 A1 40 21
0001FD60  C0 AD BF A0 30 A9 1F 1D 53 2B 8D 20 F1 18 A3 25
0001FD70  5A 25 F4 23 25 A7 04 29 74 A8 AE 2C A7 29 74 2B
0001FD80  0D 2B 3E A9 88 9C 45 A8 85 A4 9C A6 64 31 2F 9A
0001FD90  8E A4 56 2F 4A A8 48 A9 6E B6 01 B1 CC 94 DB A9
0001FDA0  2E 21 CE 2C AF 22 AA 9D 71 A6 2C A4 F3 24 9F 21
0001FDB0  46 AC DA A6 2C AC 76 13 79 A9 AA A6 E3 2F 5C A0
0001FDC0  70 2A 25 23 72 AF 68 26 DF 28 EF 2D 8E 2E C1 A5
0001FDD0  D5 30 9B AD 24 2C 63 A8 4D A8 55 22 F7 A2 5F AE
0001FDE0  C0 AD 69 A6 4D 9A 2C B0 B7 AD 36 26 15 26 C5 1C
0001FDF0  2A 24 46 AD A9 2D 73 A5 3B AC 2F 29 50 A3 7D 1D
0001FE00  C5 2F F9 AD CB A8 03 97 A0 AE FD A8 41 2E 7D 2C
0001FE10  A4 AE 63 A8 29 AB 4F A3 90 AB 84 B1 61 A9 E4 2A
0001FE20  7A 30 47 AC 9F A9 1B 28 AB AB 10 33 50 9F 58 95
0001FE30  36 24 3C AA EE A5 6F 9A E8 A7 D3 B1 A4 29 4B 28
0001FE40  01 A0 59 A7 4A 31 47 27 34 2F 76 A2 6A 20 5A A9
0001FE50  A5 AF BC 27 55 A2 5F A8 09 AA 36 23 ED 1E 6A 30
0001FE60  C2 33 B5 AD A7 29 D7 26 64 2C BA 24 4A 27 6A 22
0001FE70  D4 2A 33 AA B3 A6 A8 A0 CE 28 42 A7 BB 9E 00 AE
0001FE80  EF A7 9F A8 E3 A2 49 B0 18 A6 99 A0 A1 B1 99 2C
0001FE90  C5 1A 41 9D BA 09 E8 29 3B AC 5B A9 60 28 F1 24
0001FEA0  A4 AC AB 25 1D 9E D6 11 5E 27 9D 27 97 9C FA 1C
0001FEB0  B2 2A C0 28 D2 2B 42 1E 88 A8 6E 28 E6 2C 5E 2D
0001FEC0  EF 2C E9 A8 C6 21 23 2C 97 19 8B 9B FA A9 E3 A6
0001FED0  7C 26 CE 2B 24 2A FC 2C 02 AF 99 33 86 30 5A 2B
0001FEE0  D0 A9 19 28 5B 31 25 2D C9 2D 96 A4 95 2D 94 2B
0001FEF0  B8 AC 8A 9E 7C B0 74 A4 41 AE 89 AE BD 28 9C A6
0001FF00  DE 2D 5A 30 C6 A7 EA A5 C3 2F 67 A9 22 21 BF A9
0001FF10  70 31 35 2D 0F 2D E3 28 CA 2C 1D A8 2E A9 6A AA
0001FF20  0C A9 F5 A9 87 2C 9C AA 30 2D D5 2C 40 25 35 2D
0001FF30  49 25 52 A1 19 AF 38 2A C2 2C 05 A1 34 AE 8D 21
0001FF40  80 A9 8D A8 A5 AC F8 22 5B 24 28 28 B4 AC EA 91
0001FF50  E8 31 78 2A 58 30 9D 20 57 2D 64 32 42 19 7A AC
0001FF60  61 A7 99 22 43 B0 29 2D CD 1F 80 AC F8 9D 31 0A
0001FF70  A8 0D 7A 1F FE 98 B6 24 8B A9 18 22 34 A4 6F B4
0001FF80  B4 A0 B2 21 1A 9A 90 9F 00 20 9F 19 6A 21 7D A4
0001FF90  3F A2 84 A0 81 9D 45 A0 04 A7 45 14 9C A4 DE 2B
0001FFA0  0D 30 01 A8 B9 21 54 A6 43 21 3D 94 A8 99 EE A0
0001FFB0  CD 24 4A 23 1C 20 33 1C 8F 96 5F 9D 40 03 39 81
0001FFC0  2B 9A F2 80 72 18 72 A5 98 9C 08 9A 2D 2B C1 22
0001FFD0  73 28 7B 93 B9 20 78 94 48 A3 DF A8 1A A0 49 21
0001FFE0  6F A1 F3 19 D5 2C 27 9A 29 28 C5 1E 26 A0 0E 1E
0001FFF0  09 25 6D 24 EB 1E 78 21 72 15 5A 23 32 24 C3 26
00020000  63 24 A8 A4 9F A0 BB 2A 64 A6 60 26 5B 25 01 A4
00020010  71 A7 12 AA B3 34 E8 32 0C AC AB 23 4E A5 CC 2A
00020020  0F AE B0 2D CB 2D D6 2A 93 B2 50 AA F7 2F F8 2C
00020030  B1 27 9D 92 67 25 21 A8 D2 A8 72 1C 47 AC 6A 1D
00020040  24 AA 6B AB 9C 32 D5 23 B0 AB EB 10 91 AE 44 AE
00020050  9E 2E 5C A0 A3 29 AC B0 16 AD D2 AB 8B 2C E1 AC
00020060  D5 A0 04 2D 42 2B B1 AF 53 9C 23 29 92 A8 11 32
00020070  8D 2A D7 2E 9A A9 FF A1 4A A6 88 27 E6 AA C2 AC
00020080  70 AD 54 AC 17 A8 61 2F A9 A5 50 A8 E5 2C 41 29
00020090  D8 25 38 B5 22 1C 75 2D A4 2C DD AB A5 AC 10 2C
000200A0  62 B3 1A 2E 00 29 A3 1D 39 2E 6B B0 0E 2D 86 21
000200B0  2F A0 BE 1E 7D A0 7C 24 51 1B 9D 26 79 9F 63 23
000200C0  AA A5 DD B4 F0 A2 0C A2 A6 9C 26 25 1C 1F 10 20
000200D0  6C A3 59 A3 73 9C 0E A7 EF A0 35 15 57 18 F7 1D
000200E0  64 25 FA 26 61 25 F6 1B 16 1E 80 9F CF 0D 2B A4
000200F0  7C A9 B8 1D C0 1A 5E A7 F2 21 93 99 CF 20 14 20
00020100  79 1B EF A0 E1 92 59 20 C5 9A 23 9F 38 23 E8 25
00020110  A7 20 22 9B A4 20 08 A4 30 A0 FF 25 13 2C 3A 1A
00020120  00 A3 82 A2 F8 0E C1 21 69 25 3A A1 38 91 F0 21
00020130  F5 A1 10 A1 27 24 57 20 6A 29 60 27 08 A4 37 A0
00020140  90 20 78 A9 3E A5 78 A4 E1 1C 70 20 FC A6 CF A4
00020150  BB 9C F0 AE 24 AB D0 26 5B 28 4A 2C 07 24 50 29
00020160  D8 25 DE 1F AA A9 11 A4 6B 25 E1 A2 30 28 B9 27
00020170  7F 17 97 A4 5E 9D AF 26 50 29 3B 9E 99 20 B9 26
00020180  68 A4 84 AC BB 16 C0 24 2A A3 43 29 50 22 28 AB
00020190  FD 1C 47 24 EE 25 92 AF 80 A4 52 A1 9A 9E 81 24
000201A0  19 99 B7 A7 A3 A3 C1 A3 0E 98 A4 AC 66 24 5C A9
000201B0  C1 A4 C9 A8 68 25 27 23 DA 2C DE 23 8E 25 3B 9E
000201C0  E7 28 67 2C 68 23 C2 25 79 28 50 A3 A5 26 1E 9B
000201D0  DB 2C 33 2A 69 25 EF A5 19 AC 80 AB F7 AD 76 A9
000201E0  E2 2B DF 24 7F 1A CB 08 7D 30 6B A6 F9 29 DA A4
000201F0  B9 2C C4 A8 CB 28 05 2C 70 25 28 2A D0 21 42 28
00020200  84 2B 69 A9 04 AC F7 B1 E1 2D 41 24 0C AC 89 24
00020210  36 9D 82 AA FF 1D 83 1D DE 22 73 23 9D 18 31 AF
00020220  86 A6 11 9A 99 2A 6A 29 9F 1E F1 A7 D0 A5 1B 2A
00020230  08 A9 33 27 51 AF E8 2E 07 A5 AA AE 95 97 D1 20
00020240  76 9B C8 1D CC A8 36 2B FD 2A 5C 29 1C A9 01 2F
00020250  FA A1 43 26 93 AD 16 AE CC AC 67 AD BA 1D 97 9E
00020260  FB 1E 85 2F 86 26 B1 AA C9 9C 69 20 08 2B 6F 27
00020270  07 AC 8E B0 08 AB 13 29 81 21 D2 A5 B9 A7 1C 2F
00020280  D5 AE 33 24 9F 2C C1 2C 99 AE D8 2F 37 23 7E 95
00020290  FE 29 5C 1C 55 27 73 27 AB A0 EE 24 09 A5 58 A0
000202A0  9B 0C C8 1E 59 A9 9E 1D B5 24 AB 1E CF A2 10 A2
000202B0  47 A8 57 99 68 A0 39 21 36 9F 9B 9B A3 A0 87 A2
000202C0  4D 29 60 23 37 23 3C A1 8C 1C 82 94 2C 27 DA A6
000202D0  20 28 30 9A 6E 22 41 27 86 95 D8 27 A6 A9 13 15
000202E0  B9 20 A6 A5 19 25 1F A9 11 A9 66 A3 1A 29 03 28
000202F0  59 25 F0 2B 68 AB 53 24 64 9D 9F A8 5E A5 09 20
00020300  F6 A2 34 A6 B9 1E 89 A2 74 27 BE 9A 4C 8C 68 96
00020310  78 A5 11 9A 3C 16 04 1E ED 28 CE 25 FE 12 78 20
00020320  F5 23 F2 24 5B A8 32 26 5D 2B ED A0 4D 29 CB A4
00020330  34 A6 F1 A6 05 32 78 A5 41 22 9D AC 22 A9 37 A8
00020340  13 A5 0B AB 01 A4 82 AD 35 AA 5E 33 5D 29 32 20
00020350  9D 81 CA 2A EB 24 30 30 8C 21 3F AE 9C A8 1D 2A
00020360  A2 26 F7 30 6B 27 E8 AC BF A6 60 27 CB A5 D2 AC
00020370  B7 22 B9 9C E4 27 2A AB E3 AF 7A 28 64 28 1B 2C
00020380  9B 29 EC 9F D5 2A E6 B1 B4 2A 57 A9 1C 28 C7 A6
00020390  0C B0 EC 32 7A AE 2F A9 A8 9C CB A0 4E AB 9A A3
000203A0  3A B2 63 2E BD 2B 68 26 22 AB A1 26 29 2D 6F 20
000203B0  CB 2E 6F B2 95 29 C3 AF 65 AA 61 AE CC 30 9E AA
000203C0  A7 B0 6A 2D 53 19 CA A5 20 A1 7B B3 45 28 C6 AA
000203D0  88 24 64 B1 FD A9 CC 2F 39 2A 6A 31 6B A9 A5 A4
000203E0  3E 2A 8D 28 3A AF 2C AC F2 33 13 24 25 2D 46 31
000203F0  23 26 28 AD 13 9F 4D 27 59 2A 56 2A 7A 27 CC AB
00020400  DA 1C 37 AE 43 24 F2 23 BE A8 4C 2F 38 24 97 A9
00020410  CD A7 82 B2 79 A9 F7 2D 38 A9 E0 30 89 2A F0 A2
00020420  A7 A9 52 2B FF A8 4C A8 E3 A8 25 A2 BE 19 3C B4
00020430  0D 26 78 AE 64 B3 7C A6 5E 13 60 AC 7A AE E8 AA
00020440  CB 2C 02 33 F7 2B 6A A7 E5 AB BC A8 E7 A6 00 2B
00020450  48 1E 86 2D 68 2C 83 AB 57 AE 37 B2 2A AE 05 B1
00020460  20 32 6F 1C 5F 2C 6B AC 29 2C 74 AB 6B 2C 13 A6
00020470  59 A7 29 9C DA 97 9A A7 90 AA C5 AA 4F A8 17 26
00020480  6E 2B 9E 93 A0 A4 C1 24 F6 2D 34 24 89 AC 0D B4
00020490  7A AC 35 9E 2E A2 DB AA 33 B1 7F 9F 42 28 51 30
000204A0  15 2D 12 A9 79 2A A4 28 B9 28 88 27 9C 25 FC 2B
000204B0  D9 A8 E0 28 29 23 4D 2A 8E 1F C8 29 30 28 9C A8
000204C0  25 AB 22 AC 00 23 46 29 43 1C 00 A6 FE A9 71 A7
000204D0  10 1E C9 27 77 2C C0 2F 26 A9 11 2D FF A0 2A A4
000204E0  97 B0 4C AE 98 A8 4B 99 64 30 59 29 1C A3 2E 26
000204F0  D0 A4 73 AD 3C AC C6 AC 17 2C B4 AC 92 2C 9C 22
00020500  D6 A8 8F 24 41 2C 25 A5 B6 9A F8 23 4E A4 11 A7
00020510  A5 A6 39 2E B7 2D 71 24 AF A7 D5 23 95 2D 7C 2C
00020520  1A 2A D4 27 47 26 05 A2 CA A1 7A A1 31 1E 84 2A
00020530  6F AD 68 28 35 25 3E A0 95 2A FB 24 05 27 D6 AD
00020540  47 9D B9 A5 8B 2C 3F 2C 73 A5 FE A5 08 A0 01 32
00020550  EE 2B A4 1B D2 14 DA 9A A6 AC E5 21 89 AC CB 2A
00020560  E1 2D FA 24 08 2A 6C 9F 61 A8 06 21 D7 A5 F4 26
00020570  98 28 92 A6 A5 24 BD 26 97 A6 C8 1C C3 AA 62 2C
00020580  0B 26 82 2B 17 1D 68 A4 CA 21 C2 00 FB 1D 4B A5
00020590  AE 19 D6 29 E9 25 AF 25 3C B0 06 2A D3 22 59 25
000205A0  69 AB AE AB 6B A4 3E 26 02 AA 1A 2A 9B A2 D4 9D
000205B0  1A AC AE 25 B2 29 61 A4 E0 A1 E1 26 87 21 C1 20
000205C0  65 25 C5 2D E1 94 AD 1E B0 A7 7D A8 18 26 D8 A3
000205D0  C8 A0 D0 2F 1C A9 F4 25 6A A7 0A 23 42 1C CC AC
000205E0  2D AE 7A AC 37 28 0B A9 E3 AD 15 A4 F4 2C 33 A9
000205F0  AA 22 5C A9 D8 A3 23 1E 79 25 E5 A8 BF 15 E9 1D
00020600  5F 2E 7B AA 85 AA 79 2A 0A 1F 8F 2B BD 2A 89 AB
00020610  6F AA 74 AB 2C 28 2F A9 06 2C 8D 2C CC A6 3E A8
00020620  99 A5 7A 19 21 18 39 30 35 B1 14 A1 08 2B 91 21
00020630  2F A9 7E A8 CA A6 BF 98 96 2D 1D AC 45 A1 73 AC
00020640  69 A8 7C 24 B8 2C 3D AE 97 24 D9 AE 63 29 12 A1
00020650  CD A8 56 2C B3 A6 4E AD 84 AE A3 A6 67 AA 2F A8
00020660  81 29 70 2C 29 25 CB AA 2C 25 B0 28 71 2E 1B B1
00020670  C6 B1 8A 28 15 38 B6 AF 6A B2 A7 AB 3E AC E3 AF
00020680  DF 2D CA 30 01 AE CD B2 20 A8 E2 28 A6 AD 05 01
00020690  6B A8 25 AD 8C AD 46 AC BD A9 47 25 9F AC 84 AC
000206A0  39 9C 17 B0 73 26 AE AB F5 2B 3A 2D 9E AA 9A AF
000206B0  65 A4 47 2D 10 28 AD 28 52 2D 67 27 AE 32 73 24
000206C0  33 21 EC AA F7 28 7F A0 8C B0 33 29 21 26 7B 20
000206D0  79 22 A4 2B C9 2D 0F 2C 91 A9 C2 AC BE 1D 27 24
000206E0  26 AD 48 A7 80 2A 77 A6 45 28 09 34 3D 1D 8A 1D
000206F0  AF 14 0E 18 31 18 98 28 0A A2 B9 AC CC A4 74 96
00020700  66 9E 98 A8 8E A6 0A 2B CC 26 05 22 3D 98 A3 A8
00020710  71 AD 08 9C 10 A4 74 B4 C5 1F 3D 9D 2B A4 6D A0
00020720  48 31 F9 A0 A4 A5 95 A0 F1 27 F1 90 E1 26 6C 20
00020730  54 9C 30 A2 B6 18 B9 A1 B9 1D 4B 21 2E A8 31 0B
00020740  B4 27 B2 A1 EF 1C 23 9D A4 1F 28 11 86 93 F7 95
00020750  6E A5 D9 24 A8 A1 FA 8F F8 21 26 29 A1 A1 6E 94
00020760  1A A5 E5 A0 D7 2A 45 92 53 25 F4 26 6D 2A 89 20
00020770  60 A1 F9 93 CD 96 38 A5 39 13 15 1C 62 26 1E A6
00020780  E9 A8 8A A7 37 95 7A 24 8B A0 71 A4 B6 28 1C A0
00020790  D3 27 7B 31 16 2D 45 AA 97 A9 7D AD A8 2C 2F 2D
000207A0  C6 AE AD A8 F6 2D 96 29 70 AC E0 A5 66 2A ED 30
000207B0  E5 1D 47 29 DE 2A 44 24 AA B1 3D AA 80 22 31 2C
000207C0  74 24 72 31 B6 B0 7C AC F9 2A BA A9 1E A4 3E 2A
000207D0  91 B1 3A A5 68 A3 BE 1D 41 A0 FD A4 E2 12 3B 19
000207E0  89 2A 80 29 88 14 CE 30 87 AD F4 A8 B3 A8 3B 96
000207F0  67 2A E2 A5 77 2F CB 2D 15 A4 A6 2D 71 26 76 1D
00020800  2C 1F 30 A5 1D 31 BA 20 FB 2D E5 30 2A A3 FE 1D
00020810  4C 30 7F A5 D6 A2 1B A1 4D AC 07 AF 4B AA DB 2C
00020820  5E 2D 38 A9 DD 24 A8 2A C9 24 CB A9 23 25 0C A1
00020830  1D 99 B9 A4 53 91 6A 28 4B 1E 3A 2C 56 28 D3 21
00020840  41 29 0D 1B D9 B1 C8 21 11 A0 BD 08 C1 AB 12 22
00020850  17 A6 C7 A2 C2 A1 14 A1 5C 17 83 B6 C0 26 7F 27
00020860  BB 1A 70 9A 51 9F 9A A9 3F A4 9E 25 64 28 B5 24
00020870  5C A5 BF B2 DB 22 0C 1D 72 29 52 28 62 99 73 24
00020880  19 A5 0E A4 9E A3 B3 A1 E6 A9 D7 A6 DD A8 F2 AA
00020890  E7 29 1D 18 95 A6 CC 24 96 29 59 19 E2 AC 94 26
000208A0  57 A8 CF 2B 2A 19 62 9E 21 A0 5A A3 C7 21 28 A2
000208B0  C4 29 9B A7 CE A7 9D AD C2 A5 CE A1 91 27 0C A5
000208C0  C8 A5 0F 9F E9 A6 0F AE DA 2C DD 29 AF A7 52 A7
000208D0  33 A4 A6 2D 21 A8 69 AC 6D AC 94 85 35 27 AA 1F
000208E0  CB 1F CE A0 C2 29 1D A4 A8 AC D8 2A 7B A5 4E A9
000208F0  FA 28 2D 29 06 A8 AD A9 65 24 FF A7 7B 2C 1E 27
00020900  4B AE 41 2B 0C 25 F3 AC 4A A1 07 2C 6A AD F4 A8
00020910  82 25 0C 25 DB 20 30 A5 F3 1A 46 28 06 1E E3 AC
00020920  D1 24 28 20 F0 A6 1D 20 A6 AE 2E A8 3A AE 7A 1C
00020930  39 A8 3D 29 13 16 B1 2C D5 A8 27 AA 0F 92 F2 28
00020940  50 28 A1 21 88 28 16 AB A8 AA 67 24 01 A6 0D 1F
00020950  76 2D AA 27 2D 2B 93 2D 19 31 C5 29 99 A8 EE 26
00020960  9B 25 B9 23 9C A9 5C 29 3C 22 FD 2B A0 A1 2E A5
00020970  3C 2C 4D 2C 8E 28 C1 2F 54 2C 1D B2 39 2D 2C A8
00020980  D4 26 C9 30 7A 33 8C A3 97 30 81 AB C0 AC 8B 24
00020990  20 B0 60 21 11 A8 A6 2E 03 B0 3C 9B 47 9B 01 A4
000209A0  AF 33 76 AD A3 A0 EF 29 06 28 71 AC F4 32 25 AE
000209B0  53 2E FD 2C 29 B1 9B 2B 89 AA 6A A0 EA A4 CE AA
000209C0  03 A7 DF 2C FB A1 44 AF 4D A8 5E 24 71 2C 28 AA
000209D0  8F A9 05 2F A6 B3 B0 24 CD 2D 40 2B C3 2D 9B 26
000209E0  86 B4 28 B1 18 29 41 97 D0 2A 78 2D 20 A8 58 27
000209F0  DC 2B 50 30 B7 23 0C 2E 9A AF 22 AC BD 31 8E A9
00020A00  CD AC 84 A8 DA 2D E6 30 72 A7 B0 A6 BF 30 0F A8
00020A10  B1 2C CB 28 BD 2F 5D B4 44 2A 44 2A 48 27 76 A9
00020A20  16 AD AB 27 DF 2E 52 AF A2 2E 06 AD 6D AD 66 26
00020A30  A9 B1 66 A8 C0 A6 A0 A8 AD A5 8F A4 45 28 12 31
00020A40  85 2F 22 32 1C B2 9E B1 22 2B 10 2D 51 31 34 29
00020A50  11 30 C4 AC CE A4 36 2E F0 21 6F 2C BB AC B3 1C
00020A60  D1 A3 A8 AC 44 27 C8 AC E2 2D 99 2C CD AA AD AF
00020A70  06 A9 74 2B 00 28 A5 24 04 2E A5 AB E4 27 62 9D
00020A80  D5 B1 0F B5 A5 A8 B2 20 10 30 A4 26 3B 2C 13 25
00020A90  39 A8 64 A8 4C B0 16 22 C7 34 1E AF B9 31 FB 31
00020AA0  EF AB 99 30 FD AD BD 29 75 AD 20 27 8B 24 51 A1
00020AB0  E3 9B 5C 27 A3 22 AB 12 BD A2 96 A4 D7 29 1E A6
00020AC0  F5 99 AE A2 B7 27 8B 25 38 2E 7F 26 C6 A3 9B 2B
00020AD0  3F 26 13 A7 8F 26 FF A7 C4 A9 50 A6 1A 21 55 2A
00020AE0  17 2A 51 2C 55 0F 68 2B 1C 1C 8A A8 F2 16 31 23
00020AF0  6D 9E B8 25 6F 26 21 28 81 9A 0C 88 B0 A6 9F A4
00020B00  73 95 61 A6 BA 11 4D 23 49 9B 58 9B 6E AC BE A6
00020B10  A2 A4 06 1C B8 24 BC 1D 3F AB 76 A6 3C 0B F7 A6
00020B20  52 A8 B8 26 3C AC FC A6 35 2D 0E A9 AE 26 E7 25
00020B30  49 29 69 A8 15 27 4B A4 8B 28 14 1F 31 A0 07 94
00020B40  08 28 21 AA 55 28 0C 2E B0 A1 AF A7 8F 2B 97 A1
00020B50  C2 2C 2C AD 30 2D B7 AC 0E 26 95 29 C8 A0 1E 26
00020B60  6D 2A 53 A0 1B A7 19 31 DF 25 56 1C 62 AC 67 2B
00020B70  F4 20 E6 29 11 29 39 1D D0 B0 2D 99 67 19 1B A7
00020B80  84 2C FB 25 B3 AE 18 26 AB 1A F1 28 C1 A3 AE AE
00020B90  71 0F B3 2C A5 22 C3 A5 C5 AC CA 1F 9C AA D0 25
00020BA0  4F 21 90 24 E2 21 03 AC FB 26 88 2A D0 B0 D7 AC
00020BB0  C5 AE 0A 2D 73 A8 06 29 D9 AD D6 9D 9B 29 D4 A9
00020BC0  E4 B0 F1 AA EF 29 27 20 67 AB 84 28 A2 2C 5D A3
00020BD0  42 A4 6F 29 B8 B0 8F 9F 73 23 5F A4 3E 2C 89 A6
00020BE0  95 2C CF 1F F2 A6 82 23 EA 29 27 AE BA A0 D7 96
00020BF0  FC A1 65 13 A3 11 56 22 DC 24 E7 1F 60 A6 58 20
00020C00  E4 22 06 28 D3 22 F8 9D 27 A1 ED 1D E8 99 DB 26
00020C10  92 A4 EA A6 6C 9F 6F 1E A5 25 0B A3 4C 1E F8 A2
00020C20  50 28 FA 11 C7 24 BA A8 1E 26 DC 1F 5B A8 51 25
00020C30  8D 21 10 20 8C 9C 40 21 71 A1 5A A5 70 20 FA 9B
00020C40  04 19 2B A4 E6 A2 DB A2 D7 23 29 A8 6D 27 DF A4
00020C50  75 A0 AC A8 09 28 76 A0 93 25 C7 23 70 A8 1A 21
00020C60  35 A6 78 20 1A A1 8A 24 88 28 10 13 AA 98 33 9E
00020C70  EC 8F 87 28 DA 29 82 9A 91 1D C2 A3 04 A9 14 2B
00020C80  71 25 B3 22 E0 A3 5F 28 5E 2D E1 A4 63 26 A8 1B
00020C90  B2 24 5B 1E C7 98 DC A8 5A AA D3 2F 87 25 7F 08
00020CA0  05 13 89 A2 4B A0 0C 22 55 24 F7 25 27 A1 D8 A8
00020CB0  91 9D 1F 1A BC A4 5F 9E 00 A7 E9 1C AC 15 E2 25
00020CC0  8C 23 2E 2C 5E A1 B4 A6 01 36 4E A7 6E A8 AD 20
00020CD0  70 1C CD A5 6B A1 69 A6 9E 20 FF 27 88 A1 04 A6
00020CE0  2B 1F 33 A1 1B A4 E6 27 A6 1E 11 1F 34 A9 EE 24
00020CF0  10 2B E8 21 C2 9B 04 2B 93 95 C7 AE 95 22 54 18
00020D00  76 93 C7 28 3A A1 A7 A3 1A A4 EA 23 35 A1 07 25
00020D10  6B AB 51 8F A4 20 19 29 3D 2E D0 9C C9 21 01 AB
00020D20  AC 0B 64 20 C1 92 FC A2 0E A6 38 A5 8F AC BD AA
00020D30  38 A7 97 2E 74 30 A3 B0 ED 1E 71 AD EC AA 0B AE
00020D40  98 A9 16 28 A5 A1 ED 2C 2E 30 E0 25 F4 23 7E 2C
00020D50  40 2F 2C A0 34 A7 AF A5 8A 29 38 25 DA A4 30 28
00020D60  67 B1 14 AA DD 2A 18 2E DF 22 FA AF 42 A9 5D AC
00020D70  22 AC 40 22 7C AC 8C AE BB 1F 42 19 EB AB 30 28
00020D80  D1 28 14 A2 48 23 EC AA 97 26 B0 23 E0 2A 9F A6
00020D90  2D AA 39 30 85 98 10 AD 28 AE E3 1E B9 27 E6 A4
00020DA0  C4 2E D7 AB 5C 2A D8 9F 06 30 CE 22 0E 30 55 15
00020DB0  70 9E A4 2C 3B A6 36 A9 B9 A3 9B AD 53 B0 81 AD
00020DC0  30 1D 00 99 EA 2C 0D A6 21 2F 03 2E 6E AA E8 9F
00020DD0  8D 2F A9 29 4A 2C 64 B1 20 27 AF 9F 28 AB 7B 25
00020DE0  14 30 41 26 C0 2D 90 28 EC 1C F5 29 72 B1 79 AA
00020DF0  01 AE 31 2B F9 A6 EC A4 ED A9 DC 21 C2 2A DE 9E
00020E00  C3 32 84 2C 6E B5 43 AA 66 A9 E5 AA BF 2B 23 AC
00020E10  29 A0 FF A2 CC A9 21 A4 3F AF 57 29 24 AA 5F AB
00020E20  9B 23 BF AC D4 29 23 AA A8 A8 9C AB C9 AF EB 30
00020E30  C4 AB 70 26 F4 27 C7 2C AC 2C 46 2C D5 AD 62 AB
00020E40  74 2A ED AC E6 2D 60 24 59 2E D6 31 5C 2B 26 28
00020E50  01 B0 89 9E A3 AD 50 2E CF A7 38 AE 18 AD 2A 30
00020E60  CA 2A 3A 31 73 A7 49 AD 78 1E F2 AF 31 2F F2 A4
00020E70  D7 A0 96 2A 2F 20 44 A9 54 AD BA 2F 36 2C 53 A6
00020E80  6F 27 38 2B 26 2B 10 9A 85 24 26 2D 42 20 2B 23
00020E90  E2 AB 2F 2A 0B 28 AF A7 3E 2D B6 AC 06 2C 70 AC
00020EA0  8C 2A 4C 30 87 22 2D 19 8E 98 07 AB 52 9F D6 A7
00020EB0  A7 A5 A5 24 46 A2 99 9F 3B 1D 0C A7 6A A4 D0 AC
00020EC0  E9 29 33 A1 9E 2A 86 AD FC A8 10 A8 34 2B 13 26
00020ED0  A0 A3 8F 22 10 2C 78 2E E8 23 DC 28 6D 23 6C 28
00020EE0  33 AF 84 AA 2C A0 F4 24 25 2E E5 30 0E A6 E6 16
00020EF0  BA 2D A3 22 E8 27 C4 27 AD 30 85 26 EE 28 47 1E
00020F00  C2 31 0F AB 39 29 16 A5 05 95 AB A3 FD 94 D5 A9
00020F10  32 2D 12 33 88 2D 42 AD 96 A4 4C 1E 40 A1 31 B0
00020F20  BB AD 80 23 FF 2F 04 A2 60 AC FE 2A 0E 98 9C B1
00020F30  03 A8 FD 28 AA 2D 43 A4 84 A9 95 A7 2F A3 E7 31
00020F40  23 AC 5C 2D 77 28 C1 AA 23 25 FA B3 15 B4 C1 2D
00020F50  D1 B3 56 A5 3E AD 6C 2D 0A A5 0F 9F 40 27 A6 2F
00020F60  8E 2A 15 2B 56 AC CC AD AD AF 07 9E 99 27 F6 31
00020F70  E0 B0 A3 35 29 2F 70 90 A0 30 22 2C 29 2B CB 29
00020F80  2C 2F 70 2E 85 30 7C 21 D8 96 B4 B0 BB AD E6 20
00020F90  60 27 15 30 95 30 7B A4 98 A7 55 AC 39 27 B2 9F
00020FA0  2D 2F A9 B0 76 AE 18 35 FD 29 AE AD 00 28 76 1E
00020FB0  0C 24 30 A8 95 20 4F 2A 78 1C 3C 22 64 20 1A 0F
00020FC0  13 24 9A 1A 5A 9A 26 28 0A A9 4C A6 83 23 75 2C
00020FD0  A7 1F 39 A9 12 A8 D4 A1 95 A2 7A A5 E0 21 A7 14
00020FE0  04 21 C5 A5 65 28 AC 21 0F 23 44 AA 61 A7 86 A4
00020FF0  42 25 22 26 C3 AC 57 29 02 2A 9D 0F 83 1B 21 A5
00021000  EA 1F 44 A7 95 9F 64 2A EF 20 E3 24 B2 27 7F A5
00021010  48 25 47 97 A6 25 8C 2D DC 21 9B A9 FF 99 42 1F
00021020  4D 23 2E A9 A5 A5 C5 99 00 A3 46 27 6E 27 57 28
00021030  C5 AB 83 27 1B A9 FB A8 4E 2E C7 A7 96 26 7B 23
00021040  B0 A9 5C 2B 92 A8 BD 16 DC 25 68 A7 2E 2D 2A A4
00021050  B0 A9 6A 23 DF 25 D9 A6 03 21 16 2B A5 A9 65 24
00021060  54 1E E4 27 42 9C 8F 18 B0 A9 CF 2D 78 29 11 2C
00021070  36 2A 01 A4 C0 A8 A7 A9 40 AC 9C A3 B8 27 E4 A9
00021080  B5 29 B2 31 D5 25 1C 2A 01 24 72 A9 7B 28 0F B1
00021090  9E 24 B2 28 46 B0 69 26 85 A1 A6 99 A2 27 F8 AD
000210A0  E7 A2 36 A4 EE 2B CE 23 58 2A 39 25 7D 2C 38 26
000210B0  44 A7 72 2C 80 AE FE 28 1F A8 9F 28 B0 29 4F A4
000210C0  7E 25 52 AF F2 AC 01 2A 3E 2E 16 28 51 A0 A0 A0
000210D0  45 A5 6A 2A 7E A6 95 28 3C 26 06 30 1F 27 0C AF
000210E0  C5 A6 5C A6 BB 1D 49 2C 3C A8 4A A0 4E 2A 4C 1B
000210F0  E3 1D 64 A8 42 A1 52 14 7E 28 C3 A9 42 23 7A A2
00021100  64 28 51 A5 EE 2C 0E 2A 12 2C 47 A8 7B A7 45 21
00021110  D9 B1 52 A2 51 1B 27 27 E6 92 1E 28 E8 2B 07 2B
00021120  43 31 B2 30 7A 1E E9 27 FF 2C 95 1D 30 A9 34 29
00021130  D2 A8 BC 24 45 23 19 AC FA 23 73 27 E3 A6 EE 26
00021140  05 A4 67 22 FE 9F CC A6 AB A5 86 25 CA 30 55 28
00021150  72 A8 8E 22 0D 2B D9 29 5A 24 BD 2F C7 A1 5B A5
00021160  36 1C 0C A5 B8 A1 A4 24 67 AB F1 2A B3 2C 80 26
00021170  49 22 38 8E CC AC 68 A4 29 AE 71 1E AE A9 9F 29
00021180  C4 9F 40 1A 9F 9C CB 2E 90 27 E6 21 71 A7 42 A4
00021190  BC 26 3D 20 57 2E CE AD FA 2A E1 AD 2F A4 7C 27
000211A0  B1 1D 09 9D CC 28 9D AB 4D 2D 2C 98 31 AA 77 27
000211B0  CA 2A 0F A5 47 2C 9D 20 61 2B AE 98 35 A6 4E AB
000211C0  C7 94 6F AB E6 AF E5 2D AC 28 67 A0 56 2E 70 2B
000211D0  61 9F F5 A0 9B 24 0E B1 A4 A8 82 2C C6 29 A1 29
000211E0  F5 2A F2 2A 45 A5 DB AB 59 AA AD A1 9C 20 A6 26
000211F0  77 A7 A8 21 14 A5 40 AE 04 2C FF A5 83 AF 53 23
00021200  32 A1 77 A5 0E A9 1F A2 0B A9 A4 2B 36 2F 20 A8
00021210  42 20 4E A8 E0 25 BD 32 AA A1 48 2A 45 AA 13 AF
00021220  7C B0 78 8C 97 30 C5 2B 2F AE 9A 2C 0E A7 05 A4
00021230  E4 25 1F 18 C6 A6 83 31 F7 29 DA AC D8 2A 31 AC
00021240  A0 AC 60 2A 8C 30 9A B0 73 AC 52 29 B8 AD E8 25
00021250  F1 23 7B 2E 72 A3 FC A5 C7 92 0F AD E2 A9 C6 A2
00021260  12 AB 4E A1 E5 2C 2F 29 BF AD AB B2 42 A1 79 29
00021270  53 2C 8B A0 24 2D C4 26 76 AD EB 2A 25 19 65 A5
00021280  38 2F DF 24 19 A9 7B AC 87 AF 76 AA 14 22 AA 30
00021290  3B A5 9A A3 B3 B0 8B 32 1A 30 73 9D 53 2B 5B 2F
000212A0  6F AD D4 A9 15 AF A4 21 60 B3 3B B1 8D A4 FF A3
000212B0  D6 A8 49 A6 F7 28 B9 2C 31 B1 48 AD 91 B0 A1 AA
000212C0  BB 2C 9A AC E8 AB 89 AF 7A 2C AB 2F 3E 2A 7B A4
000212D0  DB 22 48 24 FE 2C 20 A4 AF 2B 04 25 E9 AB DC 0C
000212E0  9B 26 90 26 E5 2C B7 A8 4E 2B 2C 27 DB AD 6F A4
000212F0  BF 2C 60 29 49 A8 56 A7 F3 A6 82 AB 49 25 BB A3
00021300  F1 A6 96 26 F6 A4 90 2F FB 18 E9 B1 66 24 90 A9
00021310  F6 A4 24 22 68 A2 C3 AB 82 AD C9 AB F6 B3 A4 A1
00021320  3C A5 28 2E 3E A6 D3 22 43 A8 4C 28 C3 AC 96 2F
00021330  5E AB 15 AE 91 AC 06 2C AD B1 7D A2 6D 29 F3 9E
00021340  5D 2F 56 19 1F 29 49 A9 F6 99 02 2B F2 9E C0 99
00021350  E5 AC 3C B0 FD 2E D6 2B 6D A9 CD B2 62 B2 5C 2D
00021360  05 AC E5 AE BC AB 55 28 E9 AF EA 30 D3 A7 84 1F
00021370  C3 23 BC 2D F7 26 B7 1F 08 AD 54 AC 14 25 1A A6
00021380  13 9C 6E 20 29 2F 28 A4 9F 2E 8A 1A FE AC 5D 9C
00021390  83 AE 44 2A 29 A3 7D 24 59 A4 79 9A 26 A6 62 2C
000213A0  CE 31 AE AD FE AE A2 23 41 1E 94 AC E3 28 3B A3
000213B0  D3 26 D3 24 33 AC 63 1D AE A9 71 1B 4E A3 B8 B5
000213C0  22 9A A5 AA 66 1A 78 AB 33 22 2B 1E 18 A5 67 2D
000213D0  7B AA 3B 1D 0B A2 09 25 A4 28 BD A8 1E 30 74 26
000213E0  38 20 FF AC DD 27 4E 23 4D 20 81 2C 5F 18 79 21
000213F0  98 AE 07 AA 31 A9 C7 24 4D A9 47 AD B8 24 87 2A
00021400  D3 27 66 2C 97 A1 CD AD 81 A9 9E 20 2A A8 18 9C
00021410  F4 A6 6E A5 27 8E 1F A1 96 1C 50 9C 6C 29 E7 A1
00021420  DD 2C BC 16 E7 28 20 A2 85 18 65 A8 32 2B BE A0
00021430  2B 9D E8 A5 31 A4 61 A5 65 A8 F9 9A 09 99 CC 25
00021440  41 AB 65 29 77 2A 14 25 CF 24 FC A1 4C A1 85 22
00021450  79 26 1B A8 63 A8 67 A6 46 2A 55 AB 61 19 5C AA
00021460  E6 32 6B 24 2E 26 19 A5 5F 2D AF 28 B0 A6 F3 2C
00021470  62 AA 8E 94 BB AC 72 30 B2 9F BB A5 0E 2A 94 9B
00021480  20 2E A1 AA C8 22 11 9A 73 AC 65 2B 8F A8 13 21
00021490  F4 22 DF AC 01 23 A4 AC 74 2D 26 AB B6 A3 95 28
000214A0  F0 23 C0 23 08 26 29 2B 4C 94 0C 24 89 23 C5 24
000214B0  BE 21 B2 20 30 27 6C 2F 23 AC 4E A7 92 A5 F2 A7
000214C0  F7 AE E8 1C 18 2C 45 29 A3 28 8B 2A BE A2 8D AE
000214D0  93 AB EA A7 57 2D 13 29 2C B0 9D 28 B2 18 3F 32
000214E0  5B 31 90 AE A9 AF 57 B5 39 A5 55 A9 FA A4 D8 A9
000214F0  15 A8 86 23 36 A5 1A A6 FB A6 1D 10 8B A5 4C 21
00021500  41 A0 09 2B AB A5 0E 26 27 2C 60 9D 5F AF AC 9B
00021510  1B AE 70 2F DC A5 96 9A 53 25 1D AC 0F A4 85 A7
00021520  F5 B2 29 2E 10 2F 02 26 33 A7 48 1A DB 25 2C 2A
00021530  3D AD B3 A6 9C AB EE 2A 1B 2D 11 20 D7 28 64 9F
00021540  7E AB 7D 2E 0E 2C 1B A2 FF 8D B4 2D D8 99 C6 0E
00021550  A4 25 15 24 03 28 51 29 4E 9E 5C 2B 9B 9B 42 9A
00021560  05 28 CC 26 9C 9A 9D 26 86 A3 73 22 C8 9F 0A 23
00021570  75 AA 33 22 52 A7 D2 AA F5 1C D4 A2 03 28 A4 AA
00021580  61 2B 6A 27 BB AF 36 AC 5C 20 B2 21 E0 A2 5B 9C
00021590  88 A7 28 28 7A 1F AA 15 5D A5 84 9C 48 A8 36 2B
000215A0  C2 28 B4 28 72 36 7F 26 06 28 A8 16 E4 B0 35 20
000215B0  01 23 02 25 F6 2A 61 AB B3 A7 F0 2D 37 22 37 1F
000215C0  56 A4 8D 28 BF 2B 18 95 33 2A 26 29 BD 94 0D 20
000215D0  DD 27 0A 28 63 24 11 28 52 33 9A 23 03 AE 82 9C
000215E0  6C A8 0E A8 65 A5 50 28 70 22 29 AB CE 2F BF 22
000215F0  B9 A2 87 2B 5A 21 32 A9 77 A8 D0 2C 52 A4 8A 27
00021600  0F A1 31 9D 83 2B 9F A3 62 20 F5 26 12 A0 C4 A3
00021610  1B B0 4A A0 B2 9F 03 29 26 AE 6E 1F AD 20 62 2F
00021620  4C 25 F9 30 23 A9 3D A1 2B 24 F6 A1 FA 25 48 24
00021630  BF 2A C3 A1 F1 0E A3 AF 32 A2 29 A2 C0 A5 35 1C
00021640  2E A2 74 26 89 1C 91 B3 F1 A4 E3 A8 7D B3 0B 9F
00021650  F7 AB BA 22 8C 24 F0 A3 B4 A5 30 B0 19 AE 32 9E
00021660  4C AD 83 AB 57 1C F4 18 CD 22 F6 29 56 2D 4F 30
00021670  80 AA 51 AC 11 2A EB 94 F3 32 13 2C FB 24 1F AE
00021680  94 AE 04 AC 67 25 35 B0 6D AD A1 2C FD 1A 13 11
00021690  32 94 08 21 73 20 0A 2A 92 18 B9 2B 4E 25 77 21
000216A0  8D 26 BD 21 64 A6 C2 A3 DF 27 1D A6 5D 1E E4 96
000216B0  71 A4 5C 9F CC A2 7C A0 A1 9D F0 21 21 26 41 11
000216C0  98 A3 75 26 7E 26 60 A8 6E 22 5F 25 BA A8 68 A0
000216D0  96 A0 40 24 9F AA 53 28 3C 2C CC AB 99 24 57 A6
000216E0  49 06 23 27 EC 9E 7E A0 91 33 94 0A 2C 28 23 25
000216F0  C9 A8 B6 1D 60 29 DC 14 66 AC 4D A0 34 25 78 29
00021700  4F 22 B0 28 1B AA 02 28 13 95 FD 9C E9 A3 29 9E
00021710  44 27 21 23 8D 25 75 AA B8 1A 27 AD 16 28 1F 2B
00021720  80 2C C0 AE CA AC 04 A5 D6 A8 37 AA 0B 29 C6 99
00021730  C9 9D F7 30 59 32 FB 2E C4 24 E8 A5 59 AE 8A 18
00021740  0B 2A 44 A4 3A B0 77 2D 55 A3 58 33 A0 AE D8 2A
00021750  3B 21 B5 9C ED 28 B5 20 23 28 C0 23 2B 21 29 A9
00021760  BE 23 70 A3 1F 27 BA 24 D7 24 A5 AC E8 2F B0 AA
00021770  55 2C 74 1E 8F 99 01 27 2E A1 97 A9 9C AB 68 9D
00021780  5F 2D 19 B0 B1 AB 99 AC A0 31 BC AC 2D A4 7C A8
00021790  3A AC 92 26 20 2D 44 A5 A7 2B 40 A4 4A A6 5C A5
000217A0  85 AF 71 A7 D3 A4 EF 26 70 31 59 A6 89 2C 71 9B
000217B0  05 AB 01 29 4F 2D 2B A3 7A 30 B5 AF B0 22 88 33
000217C0  FF 31 11 AC DE A2 34 B0 51 A8 C3 2A 34 24 9F 15
000217D0  88 9C 92 22 DD 18 84 20 A9 99 56 26 41 A1 80 94
000217E0  4A 22 23 9E 66 95 9E 2A 39 9A EB 9F 9D 1E 85 1B
000217F0  0C 9D 35 A4 14 17 0D 9D F2 98 1C 94 DF 91 D3 A9
00021800  1C A1 83 98 59 25 FE A4 CB A0 9F 1D 51 1F A9 1E
00021810  F2 1C BA 28 9F 24 E0 1A 3F 13 C1 9E DA 97 BF 1B
00021820  A2 99 7B A0 11 1A 6F A2 3A 0F 74 1D D3 A9 60 18
00021830  31 A1 3D 1D 76 27 D4 14 06 24 56 A4 B4 A4 E9 1C
00021840  7F A7 D5 99 91 A8 DF 22 AB 23 CA 24 4C 22 0D 9A
00021850  B6 28 95 21 0D 29 67 25 70 A3 5E 18 8E 2A 70 24
00021860  23 A2 90 23 44 9E 4B 2B 9C 26 97 1E 41 24 3B A4
00021870  38 24 7C 24 43 26 75 A1 D5 1C 7D 29 37 25 DB 99
00021880  C1 A7 FC 23 BD 26 FE 1E D2 9E 49 A4 C3 22 0E 22
00021890  63 25 08 A6 35 21 EB 17 9F 20 2B A1 60 17 73 A6
000218A0  AE A8 14 2C 16 26 12 21 64 9B 9F A9 09 9F 49 1F
000218B0  7E 19 90 28 DA 20 A2 A5 4B 27 95 1C 55 16 98 1B
000218C0  A0 14 C1 A3 9E 9F F2 A9 0B A5 C8 A1 B7 A8 89 31
000218D0  E8 24 13 A2 C4 25 25 2B 25 A9 B4 AB AD A7 82 A1
000218E0  FB 23 0C A5 45 A3 72 A5 CE AA 0E A4 94 2A BB 9B
000218F0  18 28 3D A3 6A 1D D1 2B 38 28 8B 2A 5A A0 99 28
00021900  A0 A8 72 A9 27 A2 B9 A3 DA 22 D3 1A 10 23 DC 9B
00021910  C4 19 D5 1D 3C A0 90 A2 B3 19 E6 A2 25 14 97 11
00021920  7B 1A 75 15 20 1A FA 21 25 2D 7B 19 C1 A2 F8 9C
00021930  08 A2 1F 9C 10 12 67 A3 3F A2 3C 14 4E 0B 56 A5
00021940  B9 24 19 9D 5B 20 DB A4 31 14 87 A0 FC 22 83 22
00021950  A3 1F 48 25 94 A5 E8 A4 16 A1 9B 24 86 9A FB 19
00021960  21 95 74 9D 45 15 85 A3 70 1E 4D 9F 91 1F 2B A1
00021970  9A 29 EC 20 F3 20 60 19 A8 22 0B 20 C4 21 59 9D
00021980  53 A8 4F 27 A0 24 49 9B FC 1A EA 98 38 93 D5 24
00021990  0E 18 FF 98 71 A3 EE A2 A2 21 16 9E 34 28 FA A2
000219A0  06 1C 3E A0 B1 1C 3E A1 95 A4 FB A3 A2 A9 E3 21
000219B0  2D B0 ED 29 B2 A0 EC 2A 7E 2D 6D A1 F4 A8 08 A4
000219C0  1F AE AE A7 C6 AB 7E 2A 21 2C 24 19 DB 2A 03 2E
000219D0  61 27 C4 AD 64 2C 65 28 20 AB 12 29 CC 9D 28 2B
000219E0  EC AC 70 B1 4A 18 87 30 7C A8 DF AD 22 AE 1C AC
000219F0  57 A3 4C 1A 21 2A 8F B5 A9 2D FC AA B1 29 AC 2A
00021A00  D0 99 EA 2A 7A 2A 88 AD 42 9E 6C 1C 68 AF 03 2A
00021A10  3B A8 09 2B 8B AC 42 A7 D3 A7 3F AC 84 AA 40 2C
00021A20  80 AF 73 AD FC 2C D9 30 4B 1E 81 A0 8A 29 0D A5
00021A30  64 2D 35 B0 D0 2D 39 30 3D AD 39 2E 0B AC 8D 2C
00021A40  C6 2B 52 A4 96 AB BC 2E 39 31 F7 32 E5 28 AE A1
00021A50  5F 25 F7 26 53 2A 8C 2A 12 25 A4 25 76 A1 62 9B
00021A60  C8 A5 97 22 93 2D 1C A9 72 A6 C3 9A 8D 22 E3 21
00021A70  4B 9F 2A AA 2D A4 D3 1F 5D 28 14 9C 26 2C A8 A5
00021A80  8D 1F ED 2D A1 B1 89 AE C1 A0 8D A4 53 A8 22 2B
00021A90  0F A6 29 27 1A A0 61 24 06 AB 0B 25 1A 0F B8 26
00021AA0  1D 25 44 25 5C 97 58 2C 9C A0 D7 9E 1A AC 1F A6
00021AB0  11 A9 C0 23 7C 25 58 29 3D A8 26 A8 9C 1C 2F A0
00021AC0  2B 96 3E AC 74 21 48 A0 D9 A1 ED 1F 76 21 64 29
00021AD0  28 28 6F A6 B7 2B 2E 22 65 31 54 23 B6 9F 99 2A
00021AE0  C2 A5 82 26 FB 2A 8F 27 0C 28 23 A6 E6 1E 58 A1
00021AF0  77 25 FA A5 5C 1D 73 32 C8 AB 47 A4 F5 A3 40 AC
00021B00  18 2D 6E 9E 0B A0 E9 97 58 AB 0C 2C 94 2B A5 A2
00021B10  1C AB 62 AD B4 2F D6 1A 05 25 AA A0 B7 AB CE A6
00021B20  1D 2C 33 AE 1B B0 4A AC 54 28 EF AE BB AF 40 2F
00021B30  8E 27 CF 2C 78 AD 1E 26 4A A4 F4 23 A1 AB 8F 29
00021B40  E2 A1 04 2E 9B 25 87 2A 7A 2F 87 A4 50 2A F4 A9
00021B50  7D 99 8E 26 30 2C 2E AA F4 AB E7 20 30 AD 5A 2C
00021B60  B6 25 39 32 9C 1F 8F 25 00 A2 3E A6 EA 2D E1 10
00021B70  3E AF D5 21 C3 2C 49 2F 91 2E 06 21 76 B1 B5 AC
00021B80  46 27 EB A2 9F B0 A0 2D A5 2D CE A3 C9 A0 31 9C
00021B90  CC 24 AF A5 0A 24 3C 25 9C 27 3A 9C 53 29 10 22
00021BA0  A3 1D F6 21 E7 A8 28 1D 60 23 46 25 69 29 17 9F
00021BB0  B0 21 AA 20 EF 97 27 24 16 27 AC A2 5C A5 86 22
00021BC0  C6 A7 E8 1F 2A 20 D4 A5 D5 9D 88 A6 55 27 39 25
00021BD0  29 A8 0E A4 86 A3 79 28 96 2C E6 A5 20 A8 05 9A
00021BE0  BF 9A 55 A6 A4 A6 50 27 99 1B 8A 1D 23 29 73 A8
00021BF0  75 16 55 22 8A A2 AE 29 5B AD 5D A8 EB A4 14 A1
00021C00  02 1B 3C 28 12 26 B4 28 6D 29 82 1A 58 21 28 24
00021C10  C3 9D A6 18 C9 9E 18 A9 A3 A8 1E 29 EE 20 C0 21
00021C20  DC AA 21 A4 E2 AA 09 18 BA A4 15 A7 30 AA 9B 97
00021C30  BE AC 15 A1 EC 25 36 AC C7 A3 7C AE E0 A3 C5 27
00021C40  9C 27 E5 29 4B 31 20 25 32 2C E0 A7 E2 1B 02 2E
00021C50  BA A9 0C AA 43 A0 A7 27 22 B0 DC 1F 38 2A A0 97
00021C60  1A 2A 28 B3 34 A2 DA 29 86 AA 1C AD 08 25 43 AC
00021C70  05 22 59 A5 30 99 28 AD 1D A9 A6 A9 1C 27 7A A7
00021C80  FF 27 7C 20 D1 28 D3 2B D9 9B 0B 2B 4E 28 E1 2A
00021C90  61 A8 77 AC 71 AC 88 AC AD 28 E8 AD 71 22 C4 22
00021CA0  62 A5 17 A8 70 B0 19 2F 37 1C 6B A7 EF 25 52 9C
00021CB0  89 20 0F 9E 0A A8 4C AA 9E A6 39 2F D9 A1 9C 25
00021CC0  A8 A9 84 A6 A9 B2 59 30 E7 A9 B9 AA 24 9F 6F 07
00021CD0  13 A5 5E 20 ED 99 E0 26 C9 AA 38 25 C1 9D 9D 18
00021CE0  10 0D BF 9F 99 9D 5C 23 9D 9C 12 0B C5 97 96 A9
00021CF0  18 8C 08 9E 95 93 13 A3 21 A2 E1 1C 9F 24 93 23
00021D00  6F 2E 8C 25 29 AD F6 AA 66 22 D6 9E 81 AB 9A 1E
00021D10  8F 9B 46 A0 1F A1 25 1C 57 21 AF 1E D6 96 E3 A6
00021D20  9B 8C 51 A0 60 90 2B A8 AA 9F 76 1C 20 24 2F 1C
00021D30  CC A7 36 22 84 24 2A 1A 96 1D 34 99 88 A0 5D 0D
00021D40  01 A5 F0 24 CA 2C 85 98 A9 24 E0 1D 51 9B 5C 93
00021D50  D5 20 10 A3 B5 1C 0A 24 5C 28 FC 27 EA 16 4E A1
00021D60  6F 8F 4A 9C 07 A1 8F 28 FB 1F B8 1A AF 9B B8 A6
00021D70  9A 24 37 24 53 A9 CF 9D 90 AA 81 A6 F2 29 24 1B
00021D80  59 A6 F8 25 80 A7 60 90 37 A4 C3 26 19 AC 5E 1F
00021D90  B0 A2 78 A7 25 A9 18 2A 53 AB A5 A7 B6 A7 4E 2A
00021DA0  7E AC 4A A2 4F 1E 6C A4 6D A6 4A 20 9F 29 4B AD
00021DB0  D5 1E B2 A8 A4 A3 B3 A9 AD 98 85 A3 75 AA 25 28
00021DC0  EB 21 7B AD 7F A4 A3 29 65 30 57 2D 3C 2A 38 30
00021DD0  D4 A1 5E 2C ED 09 BF AD 7A A4 20 AD 01 1E BB 1E
00021DE0  F6 1F 06 22 66 23 BB 2D 56 AE 7C 29 43 27 0D A6
00021DF0  59 AD 02 2A A7 AD C5 A4 F0 28 20 A6 1F AB FC A0
00021E00  55 AC 08 A7 D1 A2 D6 2C D0 A3 44 AD 0E 26 AA A3
00021E10  48 A4 0B 26 3B 24 59 A4 0B AA BE 2C 3C 1A 86 A7
00021E20  0C 24 E9 2A E7 99 DC 29 02 A4 D9 30 0A A8 10 24
00021E30  4C A6 76 29 51 9F 00 AC EA AF 44 A7 7F A7 D9 2B
00021E40  CC 32 C2 26 49 B2 DE A7 80 A9 53 A7 10 29 0C 97
00021E50  3D A4 76 A9 28 2A 46 AD 7B AC BC 26 B8 A4 42 B0
00021E60  F0 A9 30 AC 9D 28 75 9E F7 25 67 AE 19 B1 4F 29
00021E70  33 AD CA 2C D7 2B 87 29 99 A8 52 A7 EC 2E FE B0
00021E80  91 A3 21 B0 10 20 0A 27 CF 26 DF A4 38 2E 85 29
00021E90  3D 24 0D AE 34 20 4C 2E 5F 31 40 30 18 26 CC 2C
00021EA0  E2 28 D8 2D D0 29 A6 B1 F9 AD FB B0 BF 2A F2 9C
00021EB0  21 25 B9 1C 4A 27 AF AD C4 9D 2C 25 14 97 13 AA
00021EC0  88 A6 D7 11 47 2B FC 21 76 A4 A1 20 80 1A 0C A5
00021ED0  13 28 2C A8 3D 96 B3 9F 5C 28 57 A7 75 A2 C0 A8
00021EE0  70 A8 49 23 40 20 08 14 0D A5 29 2C 9F 27 5C AC
00021EF0  C3 1D 4D 1E 09 A4 D5 27 82 24 10 A0 80 24 98 95
00021F00  3A 14 5C 9E 32 A2 EB 21 94 22 94 20 61 A6 1C A9
00021F10  12 A7 8E A6 CB A8 F5 24 6B 25 24 AC F1 26 B4 98
00021F20  03 A8 0E A5 98 AC 39 24 05 2C 4A A4 A9 26 05 27
00021F30  F4 23 3A A7 3E 26 C0 A0 B6 2D 1E 25 C2 1D 0C 29
00021F40  80 A5 F0 26 23 A6 03 23 97 2D C5 25 B1 30 DF 01
00021F50  49 99 53 1D 7D 23 89 24 B0 9C 79 2D E2 21 E7 A0
00021F60  14 A7 72 A2 C6 27 15 27 BC 1C F5 28 47 A8 3F 9B
00021F70  88 A1 63 A1 63 9E DD 19 66 9E F2 9D 41 27 C4 92
00021F80  86 A9 85 2E 9E A7 86 21 66 24 3A 93 F0 21 0B A7
00021F90  30 A4 08 A6 73 1D 27 9F E8 9E 8C 20 44 A3 E9 27
00021FA0  A3 98 38 1F 02 1C 1A A8 6C 1D 7C 1A B1 AC 51 93
00021FB0  6F 28 C6 9A FC A4 3B A3 D4 1C 6A A9 1A 2E C8 9B
00021FC0  7D A7 94 9F 68 2C CB 1C 48 A0 FA 14 E2 A0 89 24
00021FD0  86 28 25 15 5D A4 4B 24 79 2D 62 24 E6 1F 62 1F
00021FE0  01 A0 CF A7 84 26 DE A1 43 A9 83 2B 18 A8 33 A4
00021FF0  CB 2A 8D 23 86 2B 2E A8 46 28 F4 A9 0C A5 16 29
00022000  C9 96 5E 21 13 23 35 1F 47 98 AF 28 6A A5 77 21
00022010  0C A4 4B 9F DC A5 56 27 0B 27 EF 27 9E 9F 9A 97
00022020  2C A4 C3 1A 01 23 BA 24 B2 1F E0 1A 81 A1 14 A5
00022030  22 22 44 29 9E A4 BE A6 DD 27 8E 25 75 A7 B0 A4
00022040  B3 9D C4 21 C0 10 56 29 8F A3 2D 28 54 95 20 99
00022050  0A 1F D1 20 99 24 0F A6 1B A9 68 26 BA 27 23 99
00022060  FE 27 E3 A6 30 A7 4C 29 4B 29 52 24 7A 24 98 23
00022070  FC A3 0E A8 F5 A2 7E A0 D3 AF 0A A9 05 A5 55 20
00022080  19 9D 44 28 B7 A4 78 A8 C9 21 16 25 3F 2A 1B 9F
00022090  40 21 25 27 45 A8 C7 A7 C4 1E 30 99 AA 96 FC 9D
000220A0  FF 92 51 9D 7F 26 A8 22 14 2B D4 29 93 A1 4F 9B
000220B0  90 A7 01 9A F4 A1 F3 A4 52 92 12 9D A0 29 B3 AA
000220C0  8A A1 D8 A7 01 28 BE A4 33 19 08 22 C5 16 93 A9
000220D0  74 A9 1E A2 EB A0 8B 2A 58 2C E1 18 CB 17 8B 1F
000220E0  65 27 A5 27 86 A6 09 20 DC 9E 38 27 74 2A B4 A8
000220F0  4F 1C C3 A5 6D 23 8F A7 56 22 42 1B C5 26 6C 91
00022100  5A 28 81 20 1E 22 98 94 09 A6 87 29 F0 20 EA A2
00022110  ED 2A EC 20 D0 2B 57 29 EB AA 43 2B 3E 29 57 AE
00022120  FD A2 8F A5 6E 23 7C 28 4A AC E4 2B 4D 18 2E 9A
00022130  D9 1D ED A5 A4 1F CF A5 DA A4 3C AB 90 29 3A 1A
00022140  62 A3 F1 A5 42 99 FC 16 AD 1C 88 A6 4C 21 F8 A9
00022150  94 1D 13 25 68 9A 58 11 4F 16 08 16 18 A5 04 2B
00022160  B7 A3 A5 A7 47 29 ED AB 19 25 2F A4 40 20 AA 2A
00022170  35 A9 81 2C FE A0 84 90 47 9A 71 9E 9A 9D 34 28
00022180  3B 9C 03 A8 F0 97 84 22 44 1B 85 9F 17 A3 54 9A
00022190  51 A3 73 9B 8F A4 59 22 CE A3 57 A2 33 26 F3 A0
000221A0  C0 AB C1 A6 DA 9E 6B 23 D1 A7 5C 34 76 23 AE 9F
000221B0  6A A3 68 20 07 AA BB A7 D7 11 11 A4 09 2A 4B 26
000221C0  32 AD 8A 25 ED 97 01 2D CA 2C A6 A9 8E A4 27 1A
000221D0  29 A3 B5 AC 46 A6 41 A5 26 17 A1 AD C3 A8 04 22
000221E0  C0 25 57 2C 75 25 6A A2 29 A9 F2 28 58 28 89 2D
000221F0  75 2C 15 96 D3 2A 37 A8 92 26 A4 AA C3 AC 91 AA
00022200  21 28 42 AB 85 14 A4 9B B9 A6 ED A8 2B 26 F1 AF
00022210  52 24 A6 9A 8C 28 A7 A9 02 A5 80 AA B0 22 2C AA
00022220  6E 26 AC 16 AC 2A 29 29 4D 27 C8 25 B1 AE 02 27
00022230  BB 25 3A AB F7 26 B9 2D BC A9 C1 AB B2 AB 43 AA
00022240  09 AC 2C B0 B2 A6 EE 1F FD 2A 15 26 68 2B DB 21
00022250  BC 2A 89 AA 11 2B A2 31 88 2C 4B 2C 22 B0 7B A7
00022260  64 28 80 2C EB A2 3C AA 18 27 9D 2A 96 27 D4 A5
00022270  4C A0 4F A7 D5 AC 3D 33 41 27 C6 A6 49 1D EC A1
00022280  9F 24 F3 A3 AD 21 E2 A9 0E AC 37 A8 67 1E EA 16
00022290  6A 19 E4 A9 75 94 7F 22 A5 2A 34 A7 13 95 DE A9
000222A0  E3 A9 59 1F EC AE 92 A9 74 24 31 A8 02 2B FB 27
000222B0  71 A8 3A 24 00 A0 98 AA 31 2B 5A 94 1E A0 E0 A5
000222C0  31 AA 2D 2C 44 2A 87 2B 34 13 14 A4 1B A9 6D 2C
000222D0  C3 25 95 AA 94 2B 1B A6 BD 29 31 2C 06 AA C8 24
000222E0  C6 A8 1D A2 E5 A6 2C A6 36 AA D1 9F D3 24 42 2C
000222F0  CC 28 32 AE 6A 28 6E 9E 2B 2B 12 21 2F A8 9D AB
00022300  29 26 C5 24 0D 28 8C 2C C1 20 58 28 86 2D 22 9E
00022310  1F A0 B0 20 CF A1 A8 1C 7F A8 74 1D 8C 22 28 A8
00022320  72 A2 35 19 3F 27 4E A6 C9 2F 6E 17 E1 AA CD AC
00022330  EB A7 24 26 FF 1D 63 AA DA 23 7E A4 85 1E B1 2D
00022340  0C 24 C8 24 55 2B ED 1C 56 A5 43 A9 8D 16 52 24
00022350  EA A7 D9 A4 9F 0A 5E A7 D2 12 C4 18 BC 20 90 AD
00022360  85 9D 42 A7 72 A1 FC AE 0C A0 A0 A3 B8 AA 21 2C
00022370  6A AA 3F 2E 82 2A 8E 2C 4D 20 5B 2D B1 29 DC 27
00022380  B6 B0 97 A9 EE A6 0C 20 8D 29 F8 9C 9A 1B 22 19
00022390  D8 A5 13 AA A7 A2 0E 20 40 2D DD 28 4B 2E 46 28
000223A0  9C 27 ED AA D6 27 44 90 DF A9 2B A8 D3 A0 A4 A0
000223B0  8A 9A 7C A5 23 20 23 A3 73 20 65 25 0B A3 F3 A0
000223C0  94 A5 62 9E 5F A4 5C 26 D2 19 7A 20 2C 28 F0 16
000223D0  15 A4 D5 29 31 26 26 A8 BB 24 5D 9E 47 A6 25 A0
000223E0  4C 25 7D 24 4D A3 01 A6 B6 24 0D AC 5E A1 E2 26
000223F0  23 A1 1A 21 6D AA 59 2A 2D A4 06 A7 A7 99 6E 28
00022400  79 1C 02 A4 92 26 E8 28 CD 23 DB 1E 4E 25 81 95
00022410  72 99 C2 29 74 23 05 2A 04 96 DD 23 24 11 DF 9F
00022420  61 A4 FA 29 E9 A5 73 25 F7 28 CB 9A 55 21 92 9F
00022430  9E 23 F4 26 DD 1F 3E A9 76 80 3B 25 65 A8 4E 2D
00022440  1C 2C F3 19 80 A8 DC 25 9B A5 86 AA 0A 2D 71 A2
00022450  DE A0 50 2E A6 2C B8 2D D6 26 B9 AA 1A 24 5E 1D
00022460  4F A2 00 A7 88 2C 73 1A 82 21 1C A9 37 22 6A 9D
00022470  0D AF 42 AE 5E A5 41 A5 E5 19 FB A4 BF 2D F3 30
00022480  F8 A2 5D 30 8D B1 0C B1 3C 2B C2 1C 66 28 17 A8
00022490  A3 20 02 AD F1 9B BA AC 8B A9 9D 1F 2C 1B 4C 26
000224A0  32 A8 0C 2E 66 26 D2 2F 1E 26 A3 A8 A7 A6 8F AB
000224B0  24 AD D0 27 BA 9B 76 2A 78 1D 2F 2F 41 2D 3D 28
000224C0  5B B0 D6 B0 8A AE 10 A5 B8 A4 8B 29 80 AA 71 26
000224D0  2C 2C 99 29 BD 20 78 B0 54 2D D3 AD 83 2E BD 2F
000224E0  E5 A2 C0 30 6F 20 4D 30 41 24 28 2D E3 21 44 9D
000224F0  DB A0 95 24 97 9E 80 2B B5 A0 26 28 8B 26 31 1C
00022500  FA A5 5A 1A A9 22 45 0C BD 9D 79 1D A1 1D A0 9D
00022510  92 27 5C A7 3E A3 67 A5 58 1E 60 9B 7E A1 BB 21
00022520  50 A6 CA 22 CF A2 89 A4 43 1E 15 9F 87 A0 81 9E
00022530  13 1E 8C 9F 7E 25 4C A8 2B 9A 35 20 67 1C E4 A2
00022540  D6 9F F6 19 11 1B F4 1E 76 20 7A 1E D6 18 8B 25
00022550  77 9A 8B 9C 18 20 55 25 17 21 70 A5 84 A4 C4 22
00022560  C9 9D 74 21 14 AB B9 26 5F 26 22 16 B2 1D 69 14
00022570  86 28 88 28 9C 29 1C 2D BC 24 E9 2B 64 A0 9C 26
00022580  E8 22 10 AC 95 1E 7A 24 F0 99 B4 28 85 19 7D 9B
00022590  12 29 36 20 05 A3 CB A6 67 24 DB 9A 32 2D D8 A1
000225A0  3E A4 6D A5 EF 22 2E AB 7C 26 54 95 C2 1D E6 26
000225B0  8D 28 E3 27 88 A6 BB 27 58 24 B8 A0 97 99 AA 24
000225C0  EC A3 5A 1C 73 21 69 28 DA 1C 3E A2 98 28 56 A5
000225D0  1B 23 55 1A CF 26 B2 A5 93 17 67 9C 24 23 CC 19
000225E0  E2 1B DA 24 A8 24 CB A4 43 1A BE 99 A1 23 0A 95
000225F0  56 27 B5 1D EB AD 91 2B B9 24 C5 28 CD A3 1E A0
00022600  A7 A8 C1 9E A3 A1 96 20 6F A5 B0 9C B2 A8 C2 80
00022610  03 9F 40 A2 A5 28 E5 A5 C4 2D 9B A8 85 97 1B 1C
00022620  A5 23 91 A1 01 A9 CD A0 EC 25 7A 20 4A 1E 0E 9D
00022630  E2 24 20 27 E8 A3 33 AB BA A6 EE 9E 2D 28 26 19
00022640  03 AC E9 22 AA A8 DA 29 1D A3 92 24 19 A9 D1 2C
00022650  86 A4 25 27 26 24 BA AA 29 A9 9C A2 67 2D 45 27
00022660  6E 2D 09 2B EF B4 E2 AD D4 A0 95 A6 AA A3 F6 29
00022670  B4 AA 11 25 C5 24 4A 24 39 A0 5D 26 7B A0 83 1F
00022680  0E 23 DF A1 F8 1F 88 27 0F 9C B6 A2 85 2C 5E 22
00022690  51 A8 5B 24 44 2B 3F 26 FB 21 57 25 EF A5 25 9B
000226A0  C2 1C E4 1D 1F 24 3E 27 2A 2D C6 A1 E0 20 A4 2B
000226B0  94 29 84 AE CD A8 46 A4 04 A7 0F AF 50 2B 94 21
000226C0  CC A7 AC AA 7B 2B 26 A9 64 AA BA A7 02 0C DA 90
000226D0  1C 9A A0 21 CD 9A 12 19 48 1C 43 28 6E 9E 9F 10
000226E0  76 25 F0 9E 7D A4 CB 25 34 1D F2 28 F6 19 BD 9C
000226F0  6D 1D 86 16 31 17 D4 A5 EF 96 D2 1A 5D 1E 45 A9
00022700  FA 1F C4 29 35 AD 92 9E 43 9F C3 A0 82 26 7A 22
00022710  A8 9A 69 9E 88 99 C3 23 F4 95 13 18 23 1C 1B 98
00022720  60 A1 4D 1F CE 18 1F 1E A0 9C C2 20 C1 29 5A 25
00022730  9F 94 27 94 46 1E 8D 99 A9 92 4D 22 F5 A8 4A 95
00022740  3D 21 D7 20 7B A0 C4 9C 7B 19 FF 20 A6 1F D6 1D
00022750  4E A3 86 A1 A0 9F 10 21 D7 2A 44 1A 43 27 21 A1
00022760  53 2B 52 AD 7B A0 87 A1 E2 A7 BE 25 2C 9E 97 9F
00022770  E2 1C 47 9B AC 1D 0C A7 E8 9C 71 9B 62 9F 35 9A
00022780  34 17 5A 22 26 A1 60 28 13 1E C7 21 84 A8 F1 1F
00022790  04 1E 8A A4 35 24 EF A0 C5 21 95 16 9E 9D DD 21
000227A0  37 9C 90 21 A1 23 F2 8D 2F 20 81 99 0B 21 C9 21
000227B0  7D 23 C8 9F D0 A1 14 28 01 21 64 21 C6 A4 8A 9E
000227C0  91 24 C4 A4 8B 1F 84 A1 51 18 4B 99 18 A5 A8 A1
000227D0  74 1E 61 1A 8C 25 71 1D 8B A1 24 95 4D A4 4D 25
000227E0  1A 0A 39 A7 DA A4 99 1B 43 27 37 A4 E1 24 84 99
000227F0  22 A6 99 20 3F 94 E4 99 24 29 51 20 F0 24 67 AA
00022800  05 A7 B6 9C 9E 18 04 25 C9 9C 9F 97 05 25 AD 8F
00022810  36 29 47 29 25 A8 2F AD 20 21 CB A8 82 29 A0 96
00022820  AE 2C 6E 23 92 A0 59 28 9A 1F AB AA 36 25 1B 25
00022830  4C A4 15 8E D1 A2 09 28 6A 9D 5E A6 2F 21 BE 23
00022840  B9 2C C4 2F 3C 21 9D AB D7 A5 CF 22 A2 AC 8F 27
00022850  C6 AA A5 A6 D5 A6 BF A8 E1 27 BC 19 31 26 FE AC
00022860  A7 A4 E3 89 3C A3 B7 9E AA 2C 29 24 FD 27 55 1E
00022870  3A A9 55 28 4D A6 96 17 E1 11 32 2F 05 A4 58 24
00022880  94 28 34 2D 5A A8 14 A1 C9 A7 BE 2A 69 25 1D 23
00022890  B2 2D 6D A9 6F AE E4 24 63 AC 42 AC 43 AB 8C A4
000228A0  08 30 10 AE 25 A3 66 1C 43 24 6C AC BB 24 D7 A0
000228B0  28 A0 CA A1 B7 29 C3 26 FB 1D 79 A4 F0 15 62 9D
000228C0  DA 1D F3 A1 1A 28 B3 A8 91 1C B9 8B 6D 9D A8 22
000228D0  8C 9C BD A2 DC 1A 4A 27 95 A6 F7 16 05 A5 C2 26
000228E0  7D 9D 56 23 99 A4 91 23 7D 99 15 21 6A 1C 4B 23
000228F0  BD 22 A3 18 3C 21 AA A9 72 A3 DC 28 80 25 08 25
00022900  ED 23 E9 20 08 23 9E A3 EA 22 9B 9D D8 9F C2 22
00022910  CB A4 C4 26 69 21 D8 A4 86 A3 EB A3 1D 1C 36 A9
00022920  C4 1A 83 21 B3 A4 76 A4 B8 A7 3D 28 DC 21 5B 1F
00022930  66 A8 25 AD 33 1C E1 28 99 2B 21 A4 F9 A6 57 19
00022940  A4 AE B5 A9 F9 22 DE A3 FB 2A 66 1C 1E A6 94 18
00022950  4C 20 B5 95 E5 A4 E0 1E EC 20 66 2B 2B 99 82 16
00022960  2C 1D 52 96 7B AF 7A A4 28 AA B9 20 EA 2E 86 99
00022970  9F A5 C0 A7 60 A1 A0 A2 CE A8 35 A5 80 26 25 A7
00022980  B0 23 7E A4 1D 1C 5A AD 45 A4 8A A9 94 25 FE 1A
00022990  4B 2A DC 28 77 A5 67 28 F7 24 02 28 95 28 F7 A1
000229A0  73 22 9F AB 71 9E E6 9B 7A 27 3B 1A F7 2D 19 2B
000229B0  41 21 BB A2 5C 23 0A 2C 99 A5 14 27 D6 A1 38 25
000229C0  9A AC DC 29 99 A8 6B 2D DE 25 B3 18 40 98 4D 9E
000229D0  74 A6 D3 24 9A A6 AC 25 7F AA 66 2B 74 26 B9 AA
000229E0  5D AA C9 A9 2F A4 5A AC 52 A8 95 28 41 1D F2 0A
000229F0  7A 19 10 A0 88 20 FA 29 AE 96 65 93 60 90 8D 9C
00022A00  61 25 2E 97 34 A1 D0 1C 58 9C 63 12 15 A0 DD 20
00022A10  57 15 07 98 F8 9C 73 A4 A6 9E F0 9D 26 20 D5 9D
00022A20  8C 19 3D 9D FE 1E 6D 9F E8 8C 38 A9 99 13 A8 98
00022A30  58 94 14 21 75 9F 45 23 B5 9F 08 16 C7 9F 5A 1F
00022A40  02 96 87 20 0F 1E C8 21 30 1E E0 20 8A 26 D7 1F
00022A50  1D 24 1F 20 32 15 2E 25 5F A2 1A 97 96 16 06 92
00022A60  63 A7 6A 26 D7 1E B2 25 8D A4 69 91 86 9E 9B 8D
00022A70  36 94 A8 A5 F7 A0 DA A8 AE 23 D8 97 C6 9F ED 21
00022A80  0E A4 1D A1 B4 A5 60 25 8A A0 31 23 5D 9F 6E 9C
00022A90  31 0F 2C 1B E6 1F D1 A0 EC 94 D1 A5 17 A3 F5 17
00022AA0  EB A0 58 A0 FA 25 65 A1 5B 9C 4A 27 26 A4 81 24
00022AB0  0C 24 7B 1E 74 1A C9 0B 84 1B 90 9E C2 1A 4E A6
00022AC0  6F A0 00 9D FB 98 7E 24 51 14 71 24 8A 1C 5F 9A
00022AD0  E4 22 7A 96 EF 23 10 24 81 A3 DD A5 52 A2 28 96
00022AE0  0F 1F DA 1E BC 17 BA 26 31 24 FC 22 CA 1D 25 27
00022AF0  96 9B 3C 9D 13 25 2E A5 98 9B 41 A5 B6 9B 89 28
00022B00  BD 1C 28 23 25 A1 74 95 EA 27 B0 A0 56 21 E8 A2
00022B10  F5 22 F1 A1 9F 1E 64 2B 93 21 B1 25 FC 21 5F 25
00022B20  59 9B DA A4 58 22 F9 28 44 A9 01 25 89 96 5C 9D
00022B30  24 20 0C 22 E7 94 40 1D 8C 96 FC 29 E5 2B B1 98
00022B40  D5 17 00 1E 8F 1C BD 00 84 1E 06 20 42 A5 F8 A0
00022B50  90 1D 4C 10 FE 1C CB A2 2A 15 2F A2 58 08 CF 9E
00022B60  E2 97 C0 24 95 8D 6D A4 C3 1A B5 A9 E5 A0 55 2A
00022B70  CB 94 61 92 6D A3 5D 27 7F 24 42 97 16 93 3E 9D
00022B80  46 20 13 A1 74 23 3B 1D 92 A1 B6 0E 7D 24 A9 22
00022B90  03 24 9A 27 DE 20 68 28 39 91 AD A6 C7 94 D0 1F
00022BA0  0F A5 0E A4 22 A0 4F A0 63 1A 6E A0 74 25 11 15
00022BB0  56 9E 0E 9D 42 21 20 27 DF 24 83 25 49 25 91 22
00022BC0  C0 1D 67 A4 64 A7 4B 29 0C 9E D4 9D A7 A2 1A 13
00022BD0  D4 22 1F A1 B1 A0 6A 95 0B 0F 25 A5 CB A0 F2 1A
00022BE0  10 1E B3 9E 72 A2 02 9E 55 9C 64 24 EC A0 30 A4
00022BF0  E1 24 54 26 70 22 03 A4 28 16 EC 9D 3E A0 0B 20
00022C00  41 9D 2B 16 6C 9C 0C 16 D9 20 A1 9C CA 1C 49 A6
00022C10  5F 21 A8 27 10 98 47 19 BD 9D 03 A0 86 9B C0 1D
00022C20  4F 9E 2F 21 A1 9D CC 1A E3 23 57 A3 03 A6 3E A0
00022C30  32 23 EC 99 E5 1B 28 22 56 23 FF A4 34 21 11 1B
00022C40  5D A1 FC A4 BA 26 3A 15 F5 A1 37 19 D2 A1 A5 90
00022C50  A6 1C 3E A5 C0 27 2E 9A DD 26 8A A6 70 A9 AF 9C
00022C60  13 26 FF 26 75 1B AC 9D E4 18 5F A4 AF 24 33 95
00022C70  9A 9B 05 22 73 1D 86 28 5F 0F 21 9B 07 A4 AC 9F
00022C80  BC 18 0B 9C 98 17 C0 9A A1 93 A6 29 8A 99 B9 8E
00022C90  D0 A4 1C 9E AD 8D 11 98 16 A0 8D 14 CB 1F 42 1D
00022CA0  A1 1C 62 26 4A 18 7B 21 02 1A 65 9D 0D 21 FD 9F
00022CB0  15 A3 50 0D FB 98 B0 9C 5E 20 78 20 5B 1B F4 21
00022CC0  EB 22 C1 1F 12 A0 5C 15 FD 1F 2A 1E 17 25 83 1A
00022CD0  89 85 9C 21 A2 9F B2 1C 3C 1B 4C 20 EA 27 29 23
00022CE0  3B 99 92 20 2B A0 D4 9A D1 26 A6 24 A5 1C 45 99
00022CF0  3D 90 9F 9D 66 20 4B 9C D2 1C B1 1E 97 8C 5F 22
00022D00  39 26 FD 9C 70 9E C0 14 25 9F 22 25 31 1E A2 A3
00022D10  FB 1D A3 22 B2 16 6F 1E C4 20 58 18 F0 21 47 23
00022D20  5B 1E 79 1F E8 A9 A0 18 9E 21 FF 99 57 A2 08 20
00022D30  21 1C 29 9D 63 1C 1A 1E CB 88 21 21 76 A0 41 1D
00022D40  9E A4 8C A8 3A 14 12 24 21 9C 8A 99 6F 8B 3C A6
00022D50  F1 22 D8 A0 92 A3 57 9F 95 A8 1A 1A 59 A2 A6 25
00022D60  4D 22 06 27 7C A3 E1 92 8F 27 47 27 25 9E 30 A7
00022D70  9A 29 21 20 1F 26 F6 96 64 A5 8E 13 66 24 77 9E
00022D80  09 1B DF 23 67 A9 DD 2C 10 A8 6B 25 26 20 8B 23
00022D90  00 AC 92 A0 E3 A8 75 1E FE A4 EB 21 92 A9 F0 1A
00022DA0  F2 27 1B 9D 6C A8 74 AA 9F 26 6D A1 21 20 C1 9C
00022DB0  D5 82 88 17 77 17 1C 1A CD A3 85 98 69 A4 25 99
00022DC0  16 84 43 1F 76 24 92 23 BF 17 B4 1B FF A1 D9 99
00022DD0  18 19 00 9D 42 14 37 99 5C 22 21 98 80 9E E6 A5
00022DE0  54 9E 24 A0 90 03 FE A6 AE 1B CF A1 D9 A3 DE 20
00022DF0  B1 9F 52 23 2E 1A 3C 9E 8A 22 75 A2 EA 10 D8 1A
00022E00  32 A1 62 24 C7 24 09 20 6C 1C FC 20 AB 0E FA A3
00022E10  1A A2 FF 13 F2 23 6A 1D CC 20 33 9A AE A5 2D 20
00022E20  28 AA 3D 20 F7 96 86 1E 96 9D F8 1F 8F 98 EE 1B
00022E30  0A 98 36 21 99 23 1D 0F C5 23 6B A0 17 26 74 15
00022E40  B5 9A CC 1D E5 A1 4F 2A 83 20 C1 85 D2 A2 51 14
00022E50  DF 15 D5 95 E9 1C C7 A8 43 93 9A A8 A6 1C D8 10
00022E60  A3 A5 85 1C 0E 24 E1 1C 94 A7 11 20 51 A4 4F 10
00022E70  94 93 4D 1E 0A 0A 34 9C A8 9E 28 87 20 96 18 9C
00022E80  27 A4 FC 13 69 27 53 1C 7C 86 06 A4 D7 A6 5E A0
00022E90  B6 9C 43 1A B2 A2 2E A5 B3 21 83 24 C1 14 C8 20
00022EA0  26 1C D7 9F 86 17 86 28 1E A2 54 1D 5D A3 CE 23
00022EB0  DD 1D 23 1D B3 22 AE 96 E5 90 A4 25 DD A0 F1 93
00022EC0  31 A3 78 A5 EC A1 05 22 3F A4 51 A5 9F 9E 5D 23
00022ED0  82 94 90 14 F9 A0 3B 9C 13 90 8D 9C 4F 25 B3 A6
00022EE0  B6 9F 2A 94 37 25 49 1A 82 A4 2D A6 A1 10 5D 95
00022EF0  4E 0F 6D 1C 11 9F 36 22 70 08 06 9F F9 A2 1B 86
00022F00  02 9D 5D 1D 5F 16 BC 9B 44 20 02 98 F4 A4 97 20
00022F10  1E 99 89 1B 51 93 92 16 B6 18 95 1C DB 1A 38 A6
00022F20  7E 9E 0A A2 9C 9C D1 9F B4 9E 42 20 EF 9C 63 8E
00022F30  16 90 E3 1E 34 1F 45 18 F2 23 0B 20 47 12 E2 1E
00022F40  8E 9C 24 25 15 9A 9C 1C 7F 97 F8 18 31 1F 59 A1
00022F50  A2 0C 31 1F 94 A4 F1 99 AE 9C 2D 9E 47 94 A8 26
00022F60  70 11 0B 1E 34 9E 4B 02 7A 1E 2C A3 FD 1F A8 99
00022F70  CE 22 2A 1D 33 24 61 9C 5E 1E A2 9F 5B 9F 26 AB
00022F80  86 9A 43 1A 76 1C B1 1C 1E A7 84 20 F6 26 C8 1C
00022F90  A8 1E 03 1C 29 A4 70 20 5D 9E 8E A6 40 A3 2B 99
00022FA0  8D 23 80 9C A4 A6 85 1F CD A5 4F 9C DD 2A C3 A6
00022FB0  3A 1C 04 A7 45 1D C3 A0 ED 21 5C 21 4A 1F 8D A9
00022FC0  69 24 05 25 AD 26 64 AA 8F 1D E2 21 14 20 B8 1E
00022FD0  6C 17 07 A3 41 A1 D0 2A 0C A2 0F 22 EF A2 32 21
00022FE0  BC 1D D5 A8 8D 16 A9 A1 89 28 14 A3 EF 2D 8B 9F
00022FF0  35 A8 10 A3 AC 1D AF 9D A9 28 0F A2 89 A1 21 22
00023000  AE A9 15 AB 42 26 9C 29 E4 28 B0 A0 11 23 B6 A6
00023010  0E A8 6B 9C 3D A3 40 1E 14 A4 85 24 E5 2A 61 AA
00023020  46 24 F2 25 C0 27 A0 A6 98 19 44 A6 32 1E 8A 1D
00023030  06 A0 17 98 AC 16 30 2C 90 A0 C5 A4 4C 9C C5 1B
00023040  51 1D A2 1F 32 24 CC 9F 79 A4 A7 93 70 99 EC 1B
00023050  23 A2 5F A4 4B 1D C6 9E 1E 9C 2C 9A 4D 1B 9D A5
00023060  6F 25 7F 21 4B A1 1F A2 28 1E 80 A9 30 20 53 21
00023070  EA 1D 7E 9D 98 19 D2 1E 48 16 DC A1 D0 98 90 9A
00023080  C4 1C 61 A2 2D 21 00 24 BE 14 58 1B 8F 9D 6C 22
00023090  FE A2 9F A0 29 A5 73 25 1B 9F 31 24 7A 98 4D 20
000230A0  5E A3 BE 19 74 95 6F 21 83 96 A5 1C 91 A1 5E 99
000230B0  51 A2 10 9B ED 1C A5 A6 6D 98 3B 22 E0 16 16 1D
000230C0  AE A0 72 A3 16 A7 DF 23 81 9E 0C 22 0E 07 FF FF
000230D0  04 00 00 00 A0 00 00 00 00 00 00 00 00 00 00 00
000230E0  00 00 00 00 00 00 00 00 00 00 00 00 00 00 00 00
000230F0  00 00 00 00 00 00 00 00 00 00 00 00 00 00 00 00
00023100  00 00 00 00 00 00 00 00 00 00 00 00 00 00 00 00
00023110  00 00 00 00 00 00 00 00 00 00 00 00 00 00 00 00
00023120  00 00 00 00 00 00 00 00 00 00 00 00 00 00 00 00
00023130  00 00 00 00 00 00 00 00 00 00 00 00 00 00 00 00
00023140  00 00 00 00 00 00 00 00 00 00 00 00 00 00 00 00
00023150  00 00 00 00 00 00 00 00 00 00 00 00 00 00 00 00
00023160  00 00 00 00 00 00 00 00 00 00 00 00 00 00 00 00
00023170  00 00 00 00 00 00 00 00 BA 07 FF FF 04 00 00 00
00023180  A0 05 00 00 C0 B8 82 3E 97 BA 05 B7 01 BC DA BC
00023190  36 29 B6 B8 C4 AD 40 B1 93 38 9B B4 26 3E 59 95
000231A0  40 C0 82 B5 75 36 35 B3 FF 3B 81 B5 4F 35 8B 2D
000231B0  87 B9 B9 B1 45 B8 E7 BA 01 B0 43 20 46 3C C6 3E
000231C0  19 2D 7C 35 31 BB 5F 30 23 35 46 B9 B9 3A 14 3C
000231D0  17 35 0E BD B9 B2 24 39 C4 34 B0 B9 42 AC 5A 37
000231E0  C9 3D A9 3C A0 3F 21 3C 11 C0 D4 BD 73 34 91 36
000231F0  70 BD 93 35 44 32 3C C2 95 3C B7 BD 14 37 C4 BC
00023200  FA 39 37 32 0F BF BD B9 8E BD 02 C0 7E BE D0 39
00023210  DD 3D 19 BF 22 3A E7 38 52 B8 5C 3D D8 3F 6F BA
00023220  35 C1 FB 3C 76 BD 25 3F E9 B8 68 AD F7 BF A3 BC
00023230  07 38 7A BB FA B0 0D B5 81 38 15 B4 3D 38 E0 33
00023240  D6 C1 90 3A B9 3E 05 34 4D 3E 01 B2 63 31 9E 2C
00023250  51 3C 5D B1 AF BF 2E BA F5 BC 3E BB 39 3D D3 3A
00023260  0F 31 F2 38 48 BB 8F 37 86 2D 1F BD F9 3B F5 3A
00023270  65 BA A5 BE 41 BE AA 38 27 3A EA B9 79 28 BB 3B
00023280  0F 38 CE 35 C7 3D 27 3A 6C C0 D4 BC 9C BA 7C 2A
00023290  58 B1 4E 36 7E 34 A8 C1 60 3C 9B BD AE B9 FB BB
000232A0  07 3D D5 37 35 BF AB C0 68 BA EE AD F9 BC 24 39
000232B0  2C 3D 5C 35 E1 BE 11 3C 21 BD F6 3F 34 3A 83 C2
000232C0  5C B9 85 BD 3A B1 0F 3E 7E B4 DB B4 D3 36 80 BD
000232D0  A0 AB BD BC 93 AF 80 B7 8D BA E7 B1 23 3C 97 AE
000232E0  3F BD 50 31 D3 39 21 34 D6 3A 3B 31 7E 2F 9E B1
000232F0  0D 3C 83 B0 46 C2 9E B8 49 B9 5A BD AA 3C E1 2A
00023300  7A 2F 95 36 1E BC AE 37 78 B4 91 BB 70 3C A4 3C
00023310  34 BF 38 BB 2F B4 93 35 26 37 DD B2 AE 30 71 38
00023320  D5 3A 76 BA B3 3F 3B 37 77 40 59 B8 AE 34 5D B2
00023330  0F BC C2 36 DE 38 56 BF D7 36 DB B8 A2 BD BD BC
00023340  8E 35 06 B7 2F BC 74 BE C9 BE C3 AF 64 BD 39 3B
00023350  17 3B A9 38 D5 C5 CE AB 7E C2 54 39 A3 3C 08 C1
00023360  CD 32 D3 C1 D8 BA 56 3F 49 A2 03 BA 54 BF E9 BC
00023370  DE B1 B7 B8 F0 B6 E6 AC D8 3D F0 B4 A2 34 A3 A5
00023380  BC C3 1B BA 78 3C 6C AA EA 3D 0C B8 DF A8 CD 2C
00023390  40 AC AE B2 7E B4 6D B8 7B BB EA 20 8F 3C 93 42
000233A0  3C 30 19 37 4D 33 4B B6 A5 39 50 B9 D5 37 6F 3B
000233B0  6E 3B 3C BD 96 BC EA 31 03 32 2F BC 3C AC 0B B7
000233C0  D7 34 9E 39 26 3F B0 3C F9 BF 5D BF 07 26 9A B4
000233D0  A4 BA C1 3B 0C BA 3A BC E3 3F 64 BE DA 3A 08 C0
000233E0  F0 35 AD B1 39 BD 40 BD 74 32 24 BD D0 9A B2 3D
000233F0  1D 32 D3 BE 09 A6 DC 34 A1 39 CB 35 5A 3F 4B 3D
00023400  C1 C1 82 3F F7 BB 4D 41 5F BB 85 32 CE BC CD B4
00023410  ED 3F 20 3B B8 B6 CC 42 30 3A D5 41 03 BF 88 3D
00023420  F7 B9 E1 C0 D9 A6 E6 3C 9F 3C 5E B9 ED BD 0D 42
00023430  13 40 B0 40 01 BD A1 B8 F4 BE 33 BA 2D 32 DC 3C
00023440  09 C1 1D 3D B7 28 8E AB 2B 39 56 B9 56 3A E2 3B
00023450  90 38 1A B9 82 41 DC 3D 6B C2 41 B7 73 C0 14 3C
00023460  31 C2 89 38 CB 43 E8 C1 74 C2 07 BD ED B9 14 B6
00023470  11 41 28 39 66 BC 11 BC C8 3D C2 35 23 39 45 BC
00023480  52 3A 82 C2 A3 BC 58 C0 9D 3B E8 2B 7E B1 4F C1
00023490  6A C2 F3 3F 4B BC 4F 41 E6 B4 8A 44 EA 3C 9E B8
000234A0  5D 38 DF C2 4E BD F8 3F 0F B6 9C B6 90 34 BF BD
000234B0  62 34 91 BD FE B6 62 B5 B6 BA FA B3 08 2C 6C B9
000234C0  C4 BD 4A 38 EF 3D A1 38 C8 39 76 36 20 33 3D B1
000234D0  A5 3F 04 AF 27 C0 53 B8 70 B8 64 BE CB 3A B3 38
000234E0  AE 27 48 36 BE BC 21 31 15 2A AB BC C9 3C F0 3B
000234F0  04 B1 F7 BD D4 39 E6 34 BE B0 BA B5 8B 33 62 38
00023500  47 26 FD B2 2F 3F 0B B6 BD 3F 5E B7 9E 3A 4F BC
00023510  53 B8 F0 3A 37 AC 0C C1 19 39 6A BA 02 BF E4 BB
00023520  6A 2C 64 36 E4 B8 90 BE 8D B6 31 40 80 B0 30 3E
00023530  7D BE 5C 38 BC C2 90 B4 14 BF 09 3B 1C 40 53 C1
00023540  AA A7 7E C2 4E B8 AB 3D 68 2C C2 B2 21 3C 25 BC
00023550  AE B5 57 BA CD B9 A5 AC B3 3C D0 B8 C8 3B BC A5
00023560  B0 C0 D9 B4 82 39 DE 2E 00 3B EF B6 E1 B3 48 24
00023570  39 B5 9B B4 AC B8 AD B7 86 BA 2C 19 79 3A 1A 42
00023580  4B 26 5B 32 3A 3A 26 B6 CB 36 E5 BA 82 31 2B 3C
00023590  BD 31 6C B9 0B B8 C9 35 54 2C C2 BC 51 AB 6F B9
000235A0  45 38 B4 35 D4 3E D9 39 E4 3A 42 35 25 33 72 BB
000235B0  5E BC BE 3C DC BD 85 B1 34 36 FD BC 04 26 74 C0
000235C0  D7 BA 74 B4 4A 31 D5 BF 9F AD 0E BD 89 38 39 41
000235D0  0F BA 72 BC A9 BE 26 C1 9A 3B 33 3C E9 3E 14 42
000235E0  D1 C4 29 43 1B BD B7 3F A1 34 6C B7 30 3D 86 BC
000235F0  DB AE 5B BD 7F BB 16 AE FD B4 D6 B4 51 A4 FD B9
00023600  D7 BF 92 B8 E5 3B 48 31 18 39 3B B8 20 2D F3 26
00023610  54 37 D0 B0 3C BC 96 BA 7C BD 0C B5 AA 3B 80 40
00023620  63 1E C1 34 64 34 5D B9 7D 3A AC BC 26 39 B7 3B
00023630  F1 B1 46 BA 93 38 1F 38 BE B8 9B BC 28 30 53 B5
00023640  ED 2C 26 B6 54 40 C1 BA 90 39 10 3B 75 3C 9D BD
00023650  64 2F F4 3B AF C1 16 B4 67 3F F7 BD 73 37 8C BE
00023660  C6 BD 83 AF 78 AE 2C BF 73 22 A5 37 71 A8 AF 3E
00023670  50 C1 BE AC 70 BB E5 C0 6A 36 60 39 D4 41 46 B8
00023680  5E C3 FD 40 32 B9 F6 3D 12 2C 2E B4 A6 3F C5 BA
00023690  5D 31 FB BF BD B9 A2 B3 23 B6 52 B3 52 39 8E B7
000236A0  0B BA 71 2D 04 39 A6 30 06 35 92 34 C3 35 E6 2F
000236B0  39 3B 63 B1 B2 BD D1 B8 16 B9 37 B6 BA 3B 46 3A
000236C0  CB 90 9D AF F1 B7 5E AF CD 35 A9 BB 43 39 E2 3C
000236D0  60 B8 F7 BC 51 B1 7D 39 2F B8 54 BC 94 29 D5 31
000236E0  51 31 CA BA 9F 3D 06 B7 23 3E 85 38 6D 42 18 BE
000236F0  6F B9 D5 37 E4 BC 82 B8 5D 37 66 BC 8E BA 8C BD
00023700  50 BB D1 34 99 3C 1B B8 CD BD A0 3E 94 2C 97 40
00023710  1F BE E2 2C 2B C1 69 C2 38 C0 95 39 3B 43 73 C2
00023720  28 BE 31 B8 66 0D FF FF 04 00 00 00 20 00 00 00
00023730  00 00 00 00 00 00 00 00 00 00 00 00 00 00 00 00
00023740  00 00 00 00 00 00 00 00 00 00 00 00 08 00 00 00
00023750  92 0D FF FF 04 00 00 00 A0 00 00 00 9A 33 9D B8
00023760  05 BB 08 B8 42 B7 7C 1A B2 B2 A7 B5 12 31 43 2E
00023770  E6 B2 9E B8 50 29 BB 37 B1 AF 0E 3A 48 33 56 34
00023780  99 B4 62 BA 5B 37 77 B0 E5 32 22 3C B3 B7 FE 38
00023790  7E AD B8 38 B4 32 8C 29 3A 36 F8 39 85 2F 33 38
000237A0  89 B7 7E BD 1F BB 72 37 19 B4 DA B8 00 C0 67 C1
000237B0  04 2C 3F 32 06 40 31 3B 59 B5 22 C4 E2 B6 B8 B1
000237C0  43 C0 8B 34 CE 37 EF B3 EE B2 E7 2B 09 30 9E BB
000237D0  8B 37 CE 34 B4 35 4A B5 73 3B F6 38 8A AF 22 B6
000237E0  A9 31 8F B4 07 34 DF B5 A6 AC 33 34 F3 31 12 34
000237F0  2A A8 1F 35 8B B0 06 33 E0 2C C3 A8 3E 0E FF FF
00023800  04 00 00 00 00 2D 00 00 68 AB FB 31 53 A0 1B B0
00023810  7D A4 BD A6 F6 30 58 A5 D0 24 55 28 0E B3 EA A8
00023820  C4 25 E1 26 8D 9E 76 AD F1 25 45 AD 5B 2E 63 21
00023830  19 2D 4F 21 19 29 76 14 92 AF E5 99 28 25 D0 A4
00023840  0F A8 87 9B BC 26 B3 2B DC AD 15 29 7F 24 B8 2B
00023850  BF 2D 2F AA FB 2B 9A 25 4C AC 63 A7 12 30 F3 96
00023860  F8 A4 77 A8 35 B1 51 26 A9 B0 F0 2F 67 25 07 B3
00023870  D6 A9 FF AD BA 2D 61 31 2C A6 4E AB DD B0 09 A1
00023880  5A AB BF 2B A4 27 B2 A9 3E 2D 47 8F 91 A4 2D AD
00023890  90 A8 28 A6 48 A4 9A 31 3D 9C 45 2F C5 25 19 AB
000238A0  9E 29 3A A6 79 A3 A7 24 2A 2F EA A5 73 AA 04 A8
000238B0  69 A9 CD 25 25 2E 4F 25 B8 28 10 A9 44 32 96 A9
000238C0  82 26 81 9C 19 B1 2F 25 3E 2E DC A5 33 AA 57 24
000238D0  2D AE 5A 28 51 2C FD 25 86 24 D6 AE 01 26 52 AE
000238E0  73 AC 54 2C CF A0 D6 AA 2C 2C DA A3 08 AC E1 AB
000238F0  92 29 8A A7 5D 1E 3E 2C C9 22 2C 27 58 A0 6F 2E
00023900  3C A8 EC AE E3 25 B5 25 42 A9 2D B1 E9 18 A0 2B
00023910  F5 B2 E2 2D DF 15 C1 A9 DD 25 BA 2A A2 AD 5C B0
00023920  DC AC 8E AF 5A 20 8B A8 FF 23 1F 30 79 B4 DA 9A
00023930  18 AE 76 AE A6 27 95 A9 F9 AD 5A A1 AB 29 2B 1F
00023940  86 AD F8 25 6B 31 35 28 60 30 4D A8 2B 24 43 9C
00023950  6E 29 1F 25 0F 30 CA AC 64 AA A8 2C 46 AF 2F 28
00023960  E7 A2 FD A6 0C 2D BC 25 A2 28 83 A8 63 A6 03 AD
00023970  F0 B3 D6 AF 36 2B D9 B0 33 9D 42 AD FB 28 99 22
00023980  E2 29 F4 AB E7 B0 C2 23 B6 A8 8D AC EF A7 DE 28
00023990  C6 AA 94 AC 09 29 F6 32 BF A8 07 B2 CF B1 15 30
000239A0  50 2F 3E 24 64 AD 85 AB DD 2B 2E AC A9 AC F1 A0
000239B0  3F AD 44 31 8A A8 57 2F B7 2B A8 2C 92 22 97 B2
000239C0  A3 22 C7 1D A1 2D 98 A8 7F 27 10 A1 4D 2B F9 1D
000239D0  0D 29 96 2C F0 2F F6 2C CF 28 86 A4 CD AE 86 21
000239E0  B9 30 C1 03 D4 2C 71 21 5E B0 80 28 32 AA 2A AD
000239F0  F0 A2 99 AE 87 A8 AB A1 74 2D 04 28 BF AF 2F A4
00023A00  C4 2E 9E AC 6B A8 E7 AD 7C 2F AE 26 E6 A2 53 A4
00023A10  99 15 08 A9 D4 35 A1 B2 28 25 EA 27 BD A5 93 2D
00023A20  EF AF 76 20 EA 2C D7 92 6E AD B6 32 69 30 14 B4
00023A30  0B 31 98 1E 41 AC 16 24 56 05 E0 A5 4D 26 02 30
00023A40  1F AC 0F 28 F4 2F 10 29 F2 AA A5 A7 D2 25 03 A1
00023A50  E0 A8 19 96 88 A6 5C 9E C4 93 96 95 F2 24 DA A5
00023A60  5B 1D 26 22 4F 9B 98 1F BA 24 B4 20 22 A6 16 28
00023A70  16 9C FF 26 6B A6 36 9E 8D 9A E4 A9 E5 22 C3 A7
00023A80  82 AA 23 2A 4D 27 22 9E D7 0E 3D 24 1E 2A A9 A6
00023A90  71 AA 17 97 B4 A0 66 28 10 20 66 A2 C4 A3 10 25
00023AA0  A0 A2 97 2B 5F AE 4C 28 46 24 7E A9 67 19 17 15
00023AB0  78 B0 B9 9C E2 28 42 A4 93 8F C3 A5 21 22 79 27
00023AC0  88 22 EB 27 CF 27 E6 A9 27 A0 AD 25 BB A1 2B AC
00023AD0  02 2C 3E 2A 93 9C A7 A8 ED A6 91 15 33 2E 1F A5
00023AE0  BA 1B DA B5 BE 26 C6 2A 94 28 90 1B 4C AC BE 2D
00023AF0  2B AA B5 29 EB 2E 5D A5 ED 1F 15 22 1A 26 01 27
00023B00  D6 1E 7C 25 0C 2D 8E 26 1E 21 D5 AA BF A4 81 25
00023B10  48 AB 55 AD B1 A0 74 26 B3 A8 D6 A8 AC 1C F0 AE
00023B20  E1 2F AA 25 2C 28 5B 2E 35 A4 6D 9C 05 1E DF 25
00023B30  6E 1C EF 1B BB 9E F5 A3 53 A9 EF AA 7A 29 82 B0
00023B40  DC A5 68 33 66 A2 EE A9 6D A5 65 AC A6 24 23 25
00023B50  A1 26 30 B0 D6 2E AD A9 C4 30 74 25 6D 2B 01 AF
00023B60  B4 AA 44 2C 49 20 06 27 93 37 3E A3 39 28 39 2C
00023B70  93 24 A6 9B 71 32 35 2B A0 27 EC AA 7F 25 88 17
00023B80  7F A5 02 AB E5 30 9F 32 64 27 C7 2F 0B 35 A9 17
00023B90  AC AD F1 AC A3 AE A0 AC 6D B0 5A 23 E8 A5 73 30
00023BA0  F6 2C B4 24 1D AC 48 18 8A 1B E0 AD 64 31 8A AF
00023BB0  D5 AE 87 AB 77 29 2D AE 04 AB 50 30 2A A9 FF 30
00023BC0  09 89 5F 2F 30 2A E2 17 58 AA 32 2C A3 2F 32 31
00023BD0  72 AD 1C 34 E6 89 39 28 DD A5 D9 A9 16 30 75 2C
00023BE0  95 2A 3F 32 AB 2C 7D 28 AE 35 F8 1D B2 26 E2 2C
00023BF0  30 A9 30 30 66 2D 04 32 CD 9F 9B A9 73 0C 38 A4
00023C00  C2 B0 0F 98 26 1C BD 32 AC 2B 5C 28 29 2A 66 AA
00023C10  6C 18 5E 27 EE 2C 11 2C 57 A9 2A AA EF 2A 63 A9
00023C20  5A 29 45 20 D9 A7 E5 28 33 A5 54 AC 61 25 EF 2B
00023C30  C9 9E 0D 2A 1A AF 69 25 34 15 C7 9E 99 A0 6F AA
00023C40  5A A8 21 25 66 28 75 A5 A3 A8 46 2C C0 AD 3D 1E
00023C50  FB A7 71 AB 25 A6 A9 2C CD A6 F9 28 EC 2E 79 AF
00023C60  14 AC 00 AC 3F AC 9F AB 96 24 D9 A7 6A A9 C8 2E
00023C70  F7 B2 02 27 88 A4 60 A9 9D 21 FE 24 52 24 BA B0
00023C80  FC 9E 4B A8 30 B1 23 B0 C2 A0 E9 A8 0E 2A 3E 29
00023C90  E2 AF FA A9 D7 A9 EF A4 70 B4 05 AA F9 B0 CE A8
00023CA0  20 B3 42 AA 12 31 C2 29 15 25 40 A2 3F 33 BF 16
00023CB0  96 22 CC A0 08 AC 55 28 89 96 AC 20 04 18 A9 9D
00023CC0  23 AF 71 1E 16 9E EB 28 83 28 6C 27 40 2A 7E 17
00023CD0  46 AA AC 30 F7 A8 2C AE E7 A8 ED 9E 7A 2C F9 AB
00023CE0  E7 A4 12 A5 14 AC B1 2E E7 28 3C 12 A6 27 D7 2C
00023CF0  B8 A0 1D AC CE AA 45 2C B5 A5 81 A8 00 2F 31 2C
00023D00  3F 2D 9B AB E4 2E C3 AF 9F 15 2C 22 59 28 2C B3
00023D10  5B 2C 02 AE 95 A7 63 B2 14 21 4A 2A D0 8E FC 92
00023D20  64 AE F2 2B 87 22 2E 27 6F 28 0D B4 6B 2B 63 A8
00023D30  15 AE 46 AB 00 AE 1C A7 6B AE 81 A8 F2 2B 7A 28
00023D40  92 AC D3 0E 1C A8 D4 A3 6A AB 32 AA E5 AC 78 1D
00023D50  CA AA 45 2A FD 1A 1E 24 40 A5 3D 2C 15 AA FE AA
00023D60  E3 1D 78 A8 C4 99 4C 20 05 28 DB 29 A5 29 43 28
00023D70  DF 26 2C A1 66 9B E8 26 90 A8 C6 A2 FF 2A EB AC
00023D80  69 A2 7C A8 FC 27 96 9C 65 A9 5C A3 F2 AC 33 AC
00023D90  1C 32 00 A0 3C 24 E8 1D C8 AB 8D 98 FB 1E 38 B1
00023DA0  C5 23 D5 25 41 A4 6F 94 53 A9 82 AA 75 A2 50 9C
00023DB0  07 A6 84 A8 0C 14 8E A9 89 A4 DF AA 13 AE 0A A0
00023DC0  C7 1E 3D 2C D0 AD B6 29 62 21 C2 A7 0F 25 44 AA
00023DD0  DE 99 E4 A1 B1 2D 65 A2 1B A8 CC 25 C2 28 14 28
00023DE0  DD 2C 42 9E B1 AA 90 10 47 2C 0A 97 22 28 DB 27
00023DF0  33 AC B6 25 60 9E DC 26 68 AE 9F 24 9E A9 7B 25
00023E00  5D 29 FF A8 30 A4 63 1D 6A 16 47 A4 A0 A5 2C 9D
00023E10  8D 20 3E 2D 90 20 99 29 1E 27 0B A4 62 A3 EF A4
00023E20  09 25 DF 24 AB AA 47 A2 86 AA 68 AE B1 2B 89 28
00023E30  DE A8 62 A0 45 14 30 AD 00 30 D3 A1 D8 28 9B B0
00023E40  24 B3 BA 21 05 32 35 32 6C 2D A1 AC 34 B0 F8 36
00023E50  51 A5 03 1F 1D AB F3 AC 60 B3 C3 33 45 1C 12 AA
00023E60  EE 28 FB 9E 17 2A 0B AC 57 25 E4 A0 84 A5 A2 2F
00023E70  B0 23 1D 20 72 2C C3 2C F5 22 CE A8 B2 28 A9 31
00023E80  AB 24 56 34 3F 2C 79 22 B2 2E 40 2C 43 2E B6 20
00023E90  E4 A8 99 A6 4B A9 A0 31 F9 A2 EA B3 C9 9D EE B0
00023EA0  A6 19 69 26 D0 12 BA AF 59 24 C2 21 74 A2 FC 20
00023EB0  0A B4 B9 28 52 B4 0A AF CE 2D 35 AB 42 2F 27 2D
00023EC0  AC 2C F0 B0 89 2B C2 2D 3B 9E EF A1 21 1A DC A5
00023ED0  A4 23 4E 9F 00 A8 36 A0 48 23 A0 19 A9 97 FA 9C
00023EE0  5F B0 3F 26 02 1D 45 10 33 9B 09 20 F2 12 94 17
00023EF0  08 99 29 22 83 2A 59 A3 33 29 F4 A5 34 9D 06 1C
00023F00  B3 A1 3F 28 08 25 4F 96 BB 24 48 9F F1 26 01 AB
00023F10  34 AA F7 1F 94 1C D4 21 DE 23 2D 12 3D A5 27 28
00023F20  1C 98 B5 A1 F8 AA C7 24 72 24 7C 9B 04 A1 D2 99
00023F30  5E 1D 3D A8 FB 25 B7 28 04 A8 8B A6 F8 A2 C2 2B
00023F40  58 AC 8F 2A D2 22 03 98 83 26 F7 19 AF 2B 95 AC
00023F50  5C 22 8B A8 FB A1 5A 25 1C A7 E9 99 DF A5 C5 91
00023F60  A9 A4 E9 A6 FD 89 E2 0E 0D 27 47 A9 13 AC 44 28
00023F70  AA 1F E7 A4 18 2A C5 9F 05 16 00 A8 E8 28 B0 A1
00023F80  2A 29 DE 23 AA 9C 29 22 92 22 B0 22 AA 23 44 21
00023F90  85 25 C6 9F 07 A7 0B AA B5 AB 0C A8 29 AE AB 2C
00023FA0  89 9C 05 2A 13 A7 14 1C 44 26 03 22 F6 A3 88 1C
00023FB0  D6 A8 1A 31 51 28 A1 A9 9C A5 D7 AC 9C 2A 9D 2C
00023FC0  95 A8 2F A4 E3 AD 6C A8 59 87 8B 31 E7 2B 3F AF
00023FD0  C8 8B 42 AB 79 27 D6 AC A1 A8 01 A6 BE 31 8F A8
00023FE0  3A 10 3F AC ED 25 AC 22 49 A5 75 28 A7 22 9B 98
00023FF0  F7 28 87 A0 C5 A7 0A 26 8A 25 22 A7 79 A1 B8 23
00024000  5F 19 B0 1C 0E A9 CD A1 80 20 02 20 8E 27 4A A1
00024010  8C 22 28 21 12 A1 46 22 DF 9D F2 A1 29 28 BE 93
00024020  67 0D D6 1B 4E 1B A9 96 AE AA 0B 28 5E 21 2F 26
00024030  90 A0 2F 23 AA 24 C0 24 64 28 B0 A8 0B 22 8C 28
00024040  19 A4 F8 25 1C AB D4 1D 49 AD 4D 1C 92 1C E4 84
00024050  81 9E 65 9B 12 22 BE 2D 83 20 B5 A9 F6 9E 3F 2A
00024060  A4 28 FE 0C 46 25 53 A0 F3 26 A0 A3 E0 21 25 A9
00024070  CA 22 FF A1 5C 29 96 26 78 A3 F4 2B D3 96 5C 27
00024080  1D A9 83 AD 49 AC 79 2C 1B 26 27 2A 45 29 48 28
00024090  D4 AF 4F 2E F3 31 79 32 CF A4 9D 27 A7 AC 4D 9C
000240A0  23 A9 E1 19 D6 2C 51 25 BE B2 99 9B 44 2B 5E 2A
000240B0  D3 2E 5A AB 2E 28 3A 24 A7 28 3C 2B 83 A6 0B 30
000240C0  E1 9D 9E AC 21 2B 60 A6 4D 2E 7E A5 DA 2B FA 29
000240D0  96 AB DC A7 F6 30 EC AB 3E 9E A3 2C AE 2E 7C B1
000240E0  7B 28 03 B1 40 AC CD B0 95 A9 39 32 3E A7 06 B6
000240F0  B9 A7 C0 31 AF AB 70 22 18 32 C7 1D 31 2A A3 A5
00024100  A8 A4 BA 29 A8 AB 0F 2D 29 25 14 27 3C A3 53 A3
00024110  A4 A7 11 9B CB A1 91 1D 91 AA 55 A5 DC 2C BE A6
00024120  FC 1D 9D 13 17 AE 26 AD 92 B1 15 AC 19 A8 91 26
00024130  91 2B E4 A5 C6 AE 98 A7 43 2A F0 A1 2F A9 77 24
00024140  60 22 82 29 0C A8 DD A6 24 28 8D 22 98 22 38 9D
00024150  08 25 8E 2C 3D 2B AC 22 74 28 43 A2 1E 2C 80 2D
00024160  AD A4 43 98 03 2B EE A0 E3 28 C1 2A 22 26 0E A4
00024170  70 2F 91 AC 47 2A D9 B0 87 A9 E5 A9 07 A9 86 19
00024180  70 26 81 2E 44 2E D1 A6 CF 25 6A A4 00 30 05 A5
00024190  85 1F F5 2C C2 A8 58 2E A7 33 83 29 C3 27 80 A7
000241A0  73 AE E5 26 A4 9D 18 29 FC A6 55 AD 0D 2C 37 A7
000241B0  2B 22 74 9C B3 2E D6 A8 A2 AA 5F AA D0 2B 52 A5
000241C0  59 A9 85 1A 4A 2E B7 22 D3 A8 51 A8 E7 2C 34 22
000241D0  71 22 B2 A9 FA 96 60 A8 35 A7 1C 2B C3 AC 1A 10
000241E0  57 2A 80 21 43 28 74 13 63 25 9D AC E3 A2 BB 28
000241F0  39 A5 C0 27 31 10 8F 1C AF A7 E1 30 15 21 5D 21
00024200  D6 A6 A0 2A 60 28 68 A9 34 A3 80 27 58 29 37 2C
00024210  70 AD E8 A4 1A 2D CD A2 37 2A 36 26 73 AE 4C A5
00024220  DD AD 4F A5 AE 28 F8 AE E7 2A 78 A5 EF 9D E9 A3
00024230  F6 22 EF 2B 50 28 64 29 9C 28 23 AC F9 2A BD 26
00024240  09 A4 FC 21 5B AC F4 A6 AC 93 8F AA A4 10 77 28
00024250  9B 2C A3 2B A1 27 E9 A4 78 2A 86 99 08 27 8D A5
00024260  ED A7 25 29 0B A1 7A 9C 93 A5 F9 27 A1 19 CE 28
00024270  77 A9 51 A6 DA 29 71 9D C9 AA 40 A8 98 28 7F 28
00024280  FA 24 3A A8 C9 AA 80 1C 96 21 4D AD 10 19 64 AF
00024290  92 9E 8D A7 28 1A 60 1F 26 2E 57 A8 52 25 9C A5
000242A0  DF 9C A1 A2 F5 AC E1 A8 AB 19 2D 25 62 9E 56 AA
000242B0  8C 2B 2E 2C 79 21 2D 2C 81 AC 46 A9 B5 9A 86 A6
000242C0  4F A9 2D 9F A1 A2 05 A6 87 A5 79 A7 BC 90 5F 26
000242D0  48 29 FA 2F 2D 12 E5 25 86 1E B7 AB 72 B0 07 B6
000242E0  21 2B 25 1D D9 A8 C9 AA 8E B0 63 25 BC 23 C5 AC
000242F0  23 26 1C B0 7F A7 20 24 56 2C 3B 28 B3 AB 87 AB
00024300  76 2B 2F 2D BF 2A FF A8 6B 31 B0 25 4E A4 3F AA
00024310  04 AC 7F 2C 85 2B 54 27 66 2B 45 1D 1C 26 2A 2E
00024320  74 AD 2C 31 F8 25 4B 2F 56 27 28 2F 77 28 ED A1
00024330  A2 2B D6 A6 0B A7 B3 25 5C A7 F6 AA 47 29 52 25
00024340  6E 29 86 2C 46 32 4E AD 09 AB 0A 2C 5D 25 5A 13
00024350  19 AB EC A9 59 2D FF A8 A9 A9 5E AB 30 B3 A2 20
00024360  A8 9D 68 28 7B B1 1D 1A 33 2D 07 AB 33 29 11 20
00024370  53 30 94 19 67 AA D0 AE 12 AD 22 23 4D 22 AB 31
00024380  BF 9F E3 A8 86 AC 42 2B E2 2B 6D A7 0B 2F D0 2F
00024390  4C A5 93 27 11 AA 6F A4 74 A0 D0 2F 3A A2 7A 2C
000243A0  36 AC 65 A2 DF 30 7B AA 57 26 ED 24 F3 2F FE A9
000243B0  9F 2B 21 A9 9B A6 D8 2D 8E AF A5 A8 7B B0 87 2D
000243C0  17 2D 66 2F FB AD 25 2A 6B 2A 97 A8 7A A5 B6 26
000243D0  35 B1 E9 B0 AB 9D CD 22 AA 21 F8 95 05 2A 92 28
000243E0  8F B0 AA A1 C9 26 E3 A4 EB 28 3D 20 97 AC AE 9E
000243F0  4F A2 41 B0 23 AB 32 2B 47 1C 27 97 69 A9 C5 A5
00024400  3A A6 05 37 33 A8 90 A9 ED 15 34 20 C4 AD 7A 2E
00024410  47 2C F2 A9 28 B0 41 24 F4 29 5E AB 79 1A 45 AC
00024420  8C A9 00 2A 9A 1D 2B 9B F6 AA FE 29 6C 8C F2 AB
00024430  F2 A3 BB 9C B0 A5 04 25 B4 1B B7 21 BC 30 3F A3
00024440  5A 29 6A 26 CD A6 29 A6 2E 2C C5 28 26 27 BC 28
00024450  86 8B 3F 26 68 A7 AA 2B 33 21 A0 A0 0F 2C B1 2D
00024460  E5 1D 29 AF A7 A9 40 96 33 33 FF 2C 5D AD 9A AC
00024470  6D 2D CE 28 84 AE C7 2C 6D 26 0A AC A1 2F 72 26
00024480  9A AB EE 1C 7E 2D FF 30 90 2B 2D 30 DC 2D 7D 1E
00024490  92 A4 5F 2F AE 34 D9 A4 AB AC A8 1F 87 2D 9B 2F
000244A0  3B 1A D5 2E 17 A8 42 27 82 A1 4D 2E A5 9D 8F AB
000244B0  04 AE 43 9F 5F 2C 9F 9A B9 2D A4 20 40 30 D6 2A
000244C0  4C 26 27 2C 6F AD FC AB 00 AE 5C 30 52 28 A2 27
000244D0  17 AA DB 2A EC AA 19 2D D8 2D 66 AE 23 1B CD 2F
000244E0  9C 2F DB 29 1D 30 3B 1A B7 31 7F 0F 83 29 B1 27
000244F0  8A 28 59 AF 49 2E C1 2C DA AF E5 AC 84 24 8B 2C
00024500  9B 2E 3C 28 93 A4 F0 2A 4E A8 62 AC 32 29 6E 26
00024510  9E 34 95 22 A4 2F 09 2B 91 AB 41 14 4C 1A F4 AE
00024520  7F B3 45 2A 1E 2B D6 B4 5F 2B 98 26 5C AC 69 2C
00024530  71 AE 5B 2D 69 2F 45 30 74 AF 69 AB 9D 9D 3B 30
00024540  F2 2D 18 AC FB 2B 4E B1 96 2B 17 AB 14 28 37 24
00024550  CD A8 D8 AD 2A 29 DA 27 19 AA 41 A9 FF 32 FF AA
00024560  07 A5 52 B4 C1 AD C6 A9 99 25 88 B1 18 AB 05 2D
00024570  0C 27 3B AD FE 24 BD AC 31 30 03 A6 8A 31 8B B0
00024580  5A 32 2B A6 77 B3 AB A8 0C A5 C0 A9 BD A9 B4 26
00024590  84 A9 95 A4 1A 28 FF 20 0A A8 16 29 C2 21 FA A8
000245A0  86 AD D3 A0 DD A8 E3 25 7A AC BB A5 27 AE C0 29
000245B0  3D 25 60 29 ED 27 C1 A8 62 AE AE AD DD 2D 55 A3
000245C0  9D 2B 40 2C 9B 23 38 25 61 21 94 A7 E4 2D 9E A6
000245D0  43 9F E9 A9 0C A0 BF A6 C0 25 23 28 6F 2B 1E A9
000245E0  C1 AA 3E 28 34 1E 2D 28 AE 28 F7 A4 4B 29 45 B0
000245F0  CD A6 5B B0 18 24 9F A9 0A 2C 4A A6 B0 AD 51 A5
00024600  F2 A5 37 2C 28 2A 18 A8 85 A3 75 AA 67 26 46 B2
00024610  DB 9E C0 29 A4 B0 85 29 61 34 2B 20 4E 24 5B A6
00024620  BE 21 CF AA 4B 30 78 29 B8 AC 79 B1 E4 29 9F 2E
00024630  7B AC EC 2B A3 32 E1 A9 32 93 75 B0 02 31 A8 AB
00024640  F4 B0 78 A7 FD AC 44 28 8C 29 D5 B4 A7 2E 28 30
00024650  24 30 8B 24 A6 1C 4E 2D F3 20 E5 A9 5D AF F1 26
00024660  EC A9 F5 33 C4 2F 35 2B E0 9E D2 AE 65 2C 36 31
00024670  F4 A8 85 2B 82 AD D6 A2 0F 1D 9B 1D 54 22 60 A9
00024680  A6 25 16 AE E2 25 1C 2C 49 A9 43 AB 0B 9C 39 2A
00024690  95 B1 04 28 07 32 84 AC 75 33 3E 9E 73 A9 FC AE
000246A0  E5 AB ED 33 FA 30 A1 25 D8 32 9D 2C 29 28 90 A5
000246B0  5F 2C 70 A8 EF A6 F8 30 A2 25 14 24 BB AD 8C A4
000246C0  96 AD 4E A5 21 A9 97 25 E7 A4 EF AB 47 2C 09 24
000246D0  CE 15 26 27 9F 18 92 A9 F9 2C 61 A8 B7 34 DC 31
000246E0  B1 2D 3F 18 EA 1C DC 28 30 28 D4 A9 AA 2C 9D A9
000246F0  35 AC 18 1D 69 28 3C AD C4 2B DF 20 9D 2A 40 2B
00024700  4D A6 75 AD 1A 2E C1 1F 09 20 37 30 83 2D 9B 20
00024710  42 28 79 2E 77 24 D7 AE FE AD 21 AC 84 A8 63 B1
00024720  4D 33 69 AA A9 29 C1 A8 93 30 61 A1 EC 23 23 15
00024730  6F A4 F3 A7 0F 26 47 21 8A AA 30 94 5B 1D 1F A4
00024740  5F A9 C1 28 40 24 2A A7 B0 A8 3A 16 9A 27 98 24
00024750  48 1C E1 24 3E 9F 96 A7 E7 A5 5E 0E CB 2C 3A A2
00024760  C9 9C 6D 9C D6 24 50 22 3F 25 32 1D 84 25 58 31
00024770  4C A0 1A 9F 47 A5 A4 1C 13 9C FD 23 B9 A6 D8 20
00024780  E8 25 BF 26 EB 20 B5 A8 AA 9D 33 A4 EB A3 F8 15
00024790  EB A2 19 A6 1D 20 12 28 44 A1 93 1A 0D 28 10 A8
000247A0  A9 A3 41 A5 CA 24 62 24 FD 1E 36 A9 2E 23 A3 AB
000247B0  5F A5 A7 23 E0 25 DF 9B 6E A9 97 20 91 A2 79 AA
000247C0  FD 29 CF 1D 06 A8 C9 23 E9 2C 75 AD 18 AA B6 9A
000247D0  83 26 F5 A0 3E 1F A6 29 69 19 71 A3 70 24 79 24
000247E0  70 A1 26 28 BB AB AE 0C 50 AD F8 A5 D2 23 79 9D
000247F0  49 9E 46 23 20 1A DB 11 B0 29 C0 A9 17 29 7D A0
00024800  7C 34 3D 9C F9 29 43 21 0A 29 75 A4 09 A9 D4 25
00024810  5E A5 66 A2 78 24 B3 A5 03 1C F1 2A E5 26 1E 23
00024820  57 A3 BB 91 AF A6 A9 26 2D 24 CB AC 43 21 65 AE
00024830  DD A7 BB 27 73 A3 05 AD 26 A4 DE A7 13 9F 63 AA
00024840  BB A9 82 9E 79 9C 1B A5 1C 9F 8C 18 2F 22 2B AF
00024850  AC 9C 45 2E 5D A7 7B 10 C0 A8 4B AA 2A 27 31 A5
00024860  5B 25 7A 24 8E 9D 49 A1 87 20 24 AD 0B 26 B6 26
00024870  23 A6 89 A2 34 26 7D A4 93 AD C2 98 00 2C 2C A6
00024880  0D 95 A4 98 59 26 8E 99 BA 2C 8D 9E 32 98 F9 99
00024890  A0 A5 8C B1 A3 1B DB 91 08 9D 18 29 A8 9F 4D 9E
000248A0  8B A4 37 2A 91 16 BE 24 EC A8 A9 20 CB A7 40 25
000248B0  8C A2 68 AB 5E 25 A5 21 FB 18 66 A6 6C 1E 4E 10
000248C0  82 A6 CF 21 8C 2B 73 A7 9A AC 25 A9 12 A0 47 A0
000248D0  CC A8 2B 25 3F 21 7D A3 2B A5 B7 1D 7E 29 0A AB
000248E0  1F 87 F6 29 D5 AD E5 2B 25 2C 7F AC 7E 2A 09 AA
000248F0  0B A8 4B 29 15 34 29 34 01 2C 79 2C 6B AE 1D B0
00024900  24 2E D4 24 A7 AE 69 AD A7 AC 8A 28 E2 AF C5 24
00024910  AC AC EB A1 B8 AC A8 20 0A A9 19 24 01 B0 12 2C
00024920  BF 33 14 A4 45 B0 1C 2A 1D 31 19 9E 26 AB 33 AC
00024930  B3 2A E4 1C F8 AE 4B AD DE B0 2A 29 37 A0 B6 31
00024940  E8 A9 12 B4 1A 28 38 AC AC AB CE AB 79 2E F9 B4
00024950  BB AC C4 33 B1 AD 9B 2C E1 A7 3A 30 5E 32 AF 31
00024960  68 29 DE AE DD 29 C1 AA 99 2A 12 A5 DC 30 8D 2A
00024970  3A 2B 23 33 8E 1C EA 31 A3 29 C9 AD BA 2B 53 A9
00024980  08 B4 85 2E 82 1E F9 26 91 1C C8 A4 CE 27 42 31
00024990  73 AE C7 A6 31 B1 8F 2A E6 A3 64 AF 0F 2C CC 28
000249A0  C0 24 1A AB 01 2E 1C A9 62 9E BB A3 10 1F 64 24
000249B0  FF 20 65 A5 32 A5 71 30 D9 A9 E9 29 23 2A D8 A6
000249C0  13 34 CF 2F A0 28 51 30 56 AE 02 29 0F 26 7B A9
000249D0  46 24 C0 2F 3B A6 2F AA 8A 1E FC 24 B7 2A 95 20
000249E0  76 A7 12 30 1E B1 9B B4 DB 21 16 B0 94 B0 D8 2A
000249F0  F7 2A 9A B2 9E A5 0C 22 8A 2A FD 1C DB 2C 1E AD
00024A00  38 AE 38 2F 07 0E 0C A8 C2 AC 01 A8 5F 27 9E AB
00024A10  FF 29 10 A3 20 25 A2 28 82 2A 37 A0 6C A7 25 21
00024A20  46 21 A8 28 3D A6 15 1A CD 17 B4 98 21 B0 12 25
00024A30  99 23 25 27 49 2C E0 A8 EB 21 5F 25 4B 21 1E AC
00024A40  40 A8 03 26 97 2D A3 24 1A 34 F3 26 75 1F 48 A3
00024A50  AA 27 FA A1 F7 25 6F 1C DA A8 2A AA 5F 2C 83 2B
00024A60  EE 24 1A AF F5 AC 54 28 92 AE 10 23 4C A4 07 AD
00024A70  CE A8 65 AC C5 28 EB 2C F3 AE E4 A4 E9 9C 89 26
00024A80  80 24 17 AA 0F 23 41 A5 F5 A4 A6 A2 3D 2A 4A A0
00024A90  66 9D 11 2D FA AB 45 30 80 26 92 AD 60 A7 BD 2C
00024AA0  75 29 A5 AC A0 2A B6 28 5F 2A 6F A5 6E 2C 88 21
00024AB0  CC A5 15 AF 73 B0 3D 2D 06 AA 09 A9 6D 2D A7 A9
00024AC0  17 27 82 98 3F 21 76 24 C9 1F 65 A5 E5 9E 7F 1F
00024AD0  E8 AE 51 28 8C 2E AC 21 4C 30 C7 30 DC 24 78 29
00024AE0  B7 A8 55 A7 C7 24 28 2A FD A6 0A 2C 3D 2A 33 A6
00024AF0  EC 9F E1 2C 90 A4 6E A8 AA 2C C8 A8 D1 2A D3 AA
00024B00  04 2C 6D B0 E3 AC C4 AC 63 A9 CA AC 9A AC 1E AA
00024B10  1A B2 4A 21 CC 27 B8 AB 63 2C 27 1D 40 30 4D B3
00024B20  B8 27 08 2F F8 AC 4A 2F CC 1D DA 30 C7 2B 2A 9D
00024B30  2D B5 98 22 2D A8 D8 29 DB 29 DC A9 7F 1F 53 B0
00024B40  15 B1 E7 1E 78 A4 25 AE AA B2 1C B4 8E 2B 6E AC
00024B50  5E AC 15 26 6B 9F 4C 9D 77 AD EC 24 12 98 E3 23
00024B60  AB 26 66 20 71 A5 F6 A0 43 28 35 29 EB B4 2A AA
00024B70  F8 A7 83 A9 9F 30 CE A3 E7 A5 DA 24 F5 A9 A0 2A
00024B80  69 28 C0 A4 4E AD B0 31 8F AD 4C AD 97 27 40 B0
00024B90  06 23 B9 AD 35 2D AC A1 D4 31 7A AF D5 2B 05 B4
00024BA0  68 2E 3B B2 86 28 7B AA 7D 26 26 A4 98 29 5B 2C
00024BB0  FA 24 CD 28 1B B0 FF 30 84 A7 02 A4 3D 2B FC 27
00024BC0  D1 28 58 29 1F 2D 06 27 0D 9C 3E A4 1E A1 8B 2C
00024BD0  91 2E 36 2C FD 2A 78 AC 20 29 04 27 52 1A 51 2C
00024BE0  D0 23 0E A9 B9 A9 79 A8 E4 2C FF A4 56 A4 00 AB
00024BF0  AA AD EF 1F 55 A8 C5 A4 A2 A2 C2 2C BA B0 1F 2E
00024C00  75 1E 31 20 CB A2 44 29 6D 2B 89 2D A0 AA C4 28
00024C10  A1 AA 71 A8 1F A0 AB 2B 9D 26 36 28 35 AB C5 20
00024C20  F3 22 DD A0 3A 2D 16 2B 5A 30 47 AA 83 AB 25 31
00024C30  C8 A9 9F AA FB 25 2D AF 4D AC E4 A8 63 A9 6D A8
00024C40  B0 2C 04 B2 F7 A4 24 2D 67 2D FA A5 38 2C 81 25
00024C50  E2 B0 85 29 AE 20 A8 A8 A7 22 BE A9 34 2E 7F AD
00024C60  D2 AF 7F 22 4D 2A 8D 29 5C 2B 9B 2B 93 2E F9 27
00024C70  DA 1C 7B 29 5D 2C 01 AE 3D 30 83 A2 9F A9 3F A4
00024C80  0B AC E8 25 C6 A0 07 AB 8B 24 84 A1 92 A8 3E A8
00024C90  55 AC 7C 26 C5 A1 A9 A6 23 A8 BE 2C AF AA 40 29
00024CA0  C2 A6 75 23 4B 28 A4 28 C2 A8 1F AF D7 A8 A0 20
00024CB0  46 AC FB 27 25 2D FE AC 1E A6 85 A5 7B 25 6B 2D
00024CC0  65 A2 F3 21 50 2D 2B A6 D0 AB F1 A9 BD 2A A8 B1
00024CD0  0E 27 5D 2E E6 1F 36 27 28 A9 CA 2C 18 9E BF AD
00024CE0  31 2C A1 27 94 2E 5D 2D B7 28 5F AF 00 1E DD 27
00024CF0  29 AE 8C A9 E1 B1 F9 AE CA AA 9D 30 72 31 23 AD
00024D00  2C AD CA AB 52 25 DC 20 18 2D EE A9 BF AA 17 21
00024D10  6A 2B 2D A9 C4 B0 95 26 63 AD 08 2B 7B 21 51 29
00024D20  8A 2D 71 B0 82 25 61 A9 04 14 46 98 6A 24 9E 2F
00024D30  C1 20 90 27 40 AF 9F 2D D6 B0 95 26 21 13 E7 A9
00024D40  51 2E 7C 9F 01 16 20 A9 5E 31 9D 21 BB 28 30 A0
00024D50  D4 B1 61 28 C8 91 FC AF 49 A9 AA 21 16 26 3E AD
00024D60  73 9F FA 29 26 2D DC 27 34 9D F2 A8 7F A0 07 29
00024D70  1F 2B 5E 95 A9 24 39 A3 82 A6 52 A0 F3 22 9B 26
00024D80  9F A1 A8 28 AA 28 EB 28 24 A8 35 A7 8D AB 23 A7
00024D90  3E 9E B1 2A B3 2C 3D A9 51 A9 92 A6 61 A1 68 A0
00024DA0  74 2A F7 A8 2C AD B1 AB BC 2A F4 2C CB 27 FA 2C
00024DB0  2F 25 AA 98 CE 36 31 AF 7D AB 59 24 2B 26 B3 25
00024DC0  64 1D BB 2E F4 AB C2 AE 97 22 9B 24 EB A6 F1 28
00024DD0  4F A5 B8 2C 77 AC 2F AB 97 2A 0E 26 37 15 DD A7
00024DE0  92 AC 57 B2 6A 2E 2B 2C BB 1F 44 A9 3D 2D FC 2D
00024DF0  4F 2C 01 2B D5 28 B3 AE 45 A8 1B 2D 6D 24 21 98
00024E00  DC 29 1C 98 2D 8D 90 9D 19 2E 4C A7 83 24 3C 2E
00024E10  A9 A3 49 2D 41 B0 AC 24 18 AC 88 AA E3 2D 58 AC
00024E20  09 A8 1D 29 D0 AA 25 A8 A8 28 3C 26 10 2B 4A AD
00024E30  0F 28 68 2C 9C A8 B6 2C F4 28 7F AE 23 A7 B6 26
00024E40  26 28 DC A9 AC 2C 6B 27 31 2D 25 AE DC 2C 84 28
00024E50  9D AC B7 AC 85 B0 88 2C 98 AC 10 30 2C 97 60 2B
00024E60  C5 B0 D3 AD A0 2C 1F 2F A0 A5 CA AC DA A3 44 AF
00024E70  51 AA AE B1 5A A9 9D A9 2C AC E7 AB 97 2F A2 2E
00024E80  18 1C 73 A0 5C AC DD 29 3F B1 56 A9 B3 A4 E3 AC
00024E90  14 1E 73 A5 E1 AE AA 2C 62 2A 68 AC 2B 26 0C 28
00024EA0  2B 12 40 9F BE B3 7B A7 B1 AA 6A B1 F4 AE 06 A8
00024EB0  0F 2E 21 25 43 31 FD AE CC 2D CB 2F E1 A4 CE A9
00024EC0  B2 2B C7 A4 6C A4 0F 2D 1B 28 4D 9D ED B1 66 2B
00024ED0  3A 9F 3D 2B E6 26 FB 32 0B 2F E8 A1 96 A5 54 2C
00024EE0  5C B0 41 32 31 2D 86 25 CE A9 7A 30 A4 A8 A3 2E
00024EF0  C5 34 0C AB 4A 89 F0 30 4F 28 CA 16 C2 34 28 AB
00024F00  76 32 B6 27 CA A1 06 25 41 B0 25 AC D9 2F 49 30
00024F10  EC A7 DB B4 B1 29 7F AF 26 32 CC 22 7F 23 97 2E
00024F20  05 B2 A7 A6 F8 B2 23 25 99 B0 E9 27 61 AB 69 29
00024F30  67 32 11 29 8E 28 60 20 40 0F FE AB F5 A4 25 28
00024F40  09 30 0F AA 7A A5 8B A9 DB 8B B2 2A 95 B0 5D 28
00024F50  9F A2 3B B0 EB 2A 6D A8 C4 A2 4C AB 01 31 97 B2
00024F60  E1 AB B3 AB AF 30 43 AF F1 2A D2 B2 6F 29 36 B0
00024F70  70 AB F2 B1 DF 28 3F AE 63 A1 FC AC 1D 2D E1 2E
00024F80  34 9B 09 23 40 24 39 27 89 32 6F 32 69 AD 16 32
00024F90  72 A5 21 B0 B4 AC DA AF 5F 2C F3 1C EC AB 41 A0
00024FA0  87 33 14 32 DA B2 9E A6 67 AA 5F AA 47 AC 10 A0
00024FB0  3E 1B C8 A0 F5 AB 2F 30 05 A7 61 A8 0E 26 F4 A9
00024FC0  2D 1E 36 9C 49 B1 11 A6 21 A4 4E 21 69 AA EF A0
00024FD0  93 29 DE 2C 67 29 C1 A0 5B 25 1C 24 23 A8 44 A0
00024FE0  26 20 FB 27 3A A1 50 A5 81 A5 A0 A0 EF A4 80 28
00024FF0  FB A6 11 9F F0 A0 88 AA A1 2B 57 AA AA A5 E5 2A
00025000  16 9F 2A A8 48 A8 80 A4 ED A7 E5 27 CD 24 15 1E
00025010  38 31 62 9E FC A7 BA 2A F6 26 B4 A1 3C 2F C0 A9
00025020  D3 22 1D A8 3C 2A 54 A9 25 2C 1E AC B3 27 C3 2D
00025030  00 9F 47 21 8F 26 DD 2C 61 25 47 2A 76 A1 A7 A3
00025040  A1 29 FA A5 F8 2C 47 30 E3 AA F6 A5 1A A7 C5 28
00025050  8A 20 FD A8 FB 2B 42 A7 9B 9F 7A 20 04 20 FC 28
00025060  1D 27 4D A1 A1 9C C8 A5 AF 2A A0 26 AB 20 5F A4
00025070  37 18 46 AD 4E 2B 8D 29 4D 27 0C A0 31 9A 23 91
00025080  25 29 F4 A6 B3 1A 24 A9 42 AB B8 A5 38 22 40 2F
00025090  B4 1C D7 AA 1D 1D 43 2D AF AC 83 28 0D 2A 1C AD
000250A0  7B AE 91 28 22 29 71 2A 6D AC BA A0 09 99 6E 22
000250B0  C7 A8 39 A4 20 1E 79 23 E4 A5 32 24 10 9A 72 24
000250C0  3C A8 29 28 B3 22 F8 2A 22 21 D6 AF 69 A3 1C AC
000250D0  1C B1 04 AB 10 AC 0C AB 02 AC 1E AD 07 AC 4A AC
000250E0  5C AE 8B 2C 09 32 B4 A4 52 29 02 25 6B AF 5B 28
000250F0  54 98 05 A7 1F AB F9 AA DB AF 27 AF DE 25 23 25
00025100  B5 28 2B 2D 1C 9F 98 2C 35 2B D3 95 46 2E 51 26
00025110  20 B1 A1 2A 1C 9D 50 2B 61 AC BE A9 BC A2 39 2D
00025120  AA B3 81 9C AE 98 9A A6 67 2B 27 AC 8E A1 2D 1B
00025130  81 31 34 B0 5D A4 DF 2C 96 AA D0 2E 4D AC 83 2F
00025140  40 A5 10 2E 82 9D 42 AD 63 28 B1 97 BF 28 79 B2
00025150  7F 2F 75 28 6C 30 90 1F B2 2D 61 2E 61 AB 1E 92
00025160  36 9C 05 28 64 AB 9B 2C F9 1E 49 9C 55 29 9E A6
00025170  AD 2B A9 28 6D AA 1D 2A 03 28 7C 9D 17 99 39 26
00025180  48 1D 98 28 B1 2C 26 A7 49 A9 AB 1D 91 29 57 2C
00025190  27 1E 2E 25 50 AB 2E 1E 00 26 12 26 A2 AC 9B 21
000251A0  78 15 CE A6 13 27 80 A6 7C A9 22 A1 98 21 47 29
000251B0  41 27 A6 22 10 A9 C1 A3 B9 A8 DB 2D D8 28 98 A7
000251C0  67 A1 70 29 E4 9D 5E A0 F9 1E 62 99 23 28 97 A6
000251D0  11 2A D1 22 5F A4 F9 26 D3 2D 24 8F 7C 2B 42 26
000251E0  E6 25 C4 AC 22 9F 74 2C B0 A7 90 AC 1D AA 8D 24
000251F0  EA A0 41 9C 94 1C 6A 2E 43 AF 95 1A EC 29 94 9F
00025200  16 21 28 A6 29 B0 71 9B 1E 1E 92 2C 95 18 C3 28
00025210  CF 22 24 26 EE AB 86 28 A3 24 F0 A7 21 A7 3A A5
00025220  20 A3 19 96 FD 28 2F 2F 40 24 AF AA 96 2C 70 A6
00025230  3E 24 F8 1D D1 28 E7 AB D5 A7 37 AB 7E A8 9F AB
00025240  96 A4 16 AB CC AC 20 23 6A 94 12 AF 06 28 8D AB
00025250  0A AF CE 2A 12 A5 79 A4 57 2B 75 A6 C4 A9 AB 9D
00025260  2A 16 9C A2 80 A7 C9 A5 9F 9C 4F 1C 46 AC FE 2D
00025270  36 AA 28 91 22 AA E6 A6 1D B0 F1 1C BE 21 DF 1D
00025280  25 AA 8B 28 A8 A2 15 19 48 2D A1 2C DB 27 62 2B
00025290  95 B2 86 29 AA 2A 1C B4 B9 29 FE A7 7C B1 13 9F
000252A0  D7 1E D4 A9 73 AC ED AB 34 2E 98 2E D8 AF 4F A2
000252B0  D4 A9 BB 26 F0 AC 19 2E 78 2E 9A 25 61 AF 4B 29
000252C0  70 2F 53 AC D8 AD E3 A8 3A 2C 05 26 D3 AD C8 9B
000252D0  3C AD 6C 2C 8C 30 B4 A8 E6 AD F6 AD CC 25 C1 1D
000252E0  0D AE 0B AC 88 AD ED 2E 75 2C E4 30 C2 AB E2 B1
000252F0  0B 2F 15 AB 8C 28 31 2D 09 2C 20 AB 47 29 FA 2B
00025300  7D 24 C1 A0 6C A6 58 B0 30 32 7E 2B 12 A4 AC A4
00025310  3E B0 ED 9F 36 20 49 29 B3 2B 96 AB 11 AD 6B A2
00025320  52 AA B4 A9 DA 2C 85 0E 38 AE 6B 9C 96 A5 27 2D
00025330  16 28 98 29 27 2A B0 A3 3E A8 EE 27 24 2C DE 2A
00025340  0E A9 9D A6 53 9D D4 29 75 29 BF 24 28 9E C6 28
00025350  81 A5 9D 29 B2 10 20 A3 0F 23 20 24 1B 2A AF A5
00025360  66 A9 89 24 5F 20 85 22 0E B1 DD A7 0B 1C F3 AA
00025370  1D AB CA A7 8F 29 07 28 6C 2E 11 A2 5D A1 1F 2A
00025380  4D AA F0 AB E6 AE 0F 9D A9 1F 4C 16 29 A4 F8 AB
00025390  B6 2A AE AD 19 2D CF AA 80 AD DA 0D B8 28 D1 A6
000253A0  1F 2C 59 A3 0C 29 D3 23 5F 28 FC 22 1A 9C DE 1E
000253B0  B4 A6 0F A5 FA A9 83 20 0B A4 8C A7 80 A2 C1 19
000253C0  1C 28 5C 1D 93 1B 25 20 EA 29 34 A1 4C 19 3E A6
000253D0  F2 A5 30 19 A6 98 2F 29 58 A8 3E A6 48 A7 CE A7
000253E0  A6 AA 1B 20 F5 1E 0E 9F 9D 21 BB A5 C0 A2 5C 96
000253F0  F8 A2 9F A3 7A A9 98 29 4C 9D 1E 2A DE 9B 14 A0
00025400  77 AA 90 A7 1B 29 9B 2B EE 20 0B AA 0C 1B 55 84
00025410  DE A0 A6 9B 0D 20 05 A3 30 AB AA 89 CC A4 71 A6
00025420  9D 22 3E A5 FA A7 17 16 C9 A9 E7 21 63 9D 83 29
00025430  DB 9D 6A AA B1 AA EA 23 76 A9 B8 29 7C AC 3D A3
00025440  1E A7 23 9E 48 A2 7E 23 36 A9 61 2A 20 AF 20 A7
00025450  0E A6 84 AA B7 AA 42 9C E7 20 9A 29 7E AB DE A6
00025460  B8 A0 5A AC 0F A2 04 9E 81 A8 7E 27 AA A4 89 23
00025470  12 AB 14 A7 70 A5 5F 11 1D 24 08 A9 07 A5 97 A9
00025480  F5 9F F1 AC 5F 28 8F AC 50 25 4B 2B 19 31 0D 2C
00025490  94 95 72 A2 5B 2D 48 2A 12 25 10 2A 2D 2C 76 28
000254A0  46 AB 8C 25 5D A8 B9 A4 D8 A0 CD AF DD A9 9F 2C
000254B0  73 AB AD AF 1F AC 05 AC 71 32 36 2C 78 B0 61 AD
000254C0  6F B1 AF 2B ED 2E 68 A5 EF AC CD 9D C6 24 EC 9E
000254D0  A6 AB 0D AA 61 2E 4F 24 4B 22 E7 2A F9 30 1B 2D
000254E0  05 28 E3 AC E5 25 5E AB DF 2D 5F 29 7E 25 D0 1F
000254F0  B5 30 D9 A8 70 A9 F0 AA B0 2A DD 28 CB 2A CD 29
00025500  FB 9D 52 2C 06 2B 45 9A CE 22 D7 A7 5E A4 B8 30
00025510  1C AD 48 2D BF A0 BC 2C 31 A9 A3 2D FC A7 86 AC
00025520  18 27 FA 2B 28 99 B4 A3 05 2E 9D AF EA 9D 3F 2D
00025530  12 21 DD 2B FA AA 78 A6 FF 2B 7D 22 38 20 F0 B1
00025540  42 17 94 AC 8D 25 5A 29 D7 9C 2E A6 C0 1F 25 13
00025550  1C 28 7C 9D 13 9F 31 26 91 9D 24 19 5D 18 84 15
00025560  16 22 23 27 77 24 3C A5 25 A5 09 25 80 A2 34 9A
00025570  7C 9B FF 22 0E 25 70 9F 30 24 F8 A6 B8 A2 14 99
00025580  16 A1 D6 1D C4 9A 4C 20 31 1F 69 A3 1C 1F 7C A4
00025590  6D 9E 89 19 18 21 2C A0 E9 21 19 A5 B5 26 F9 9E
000255A0  04 16 DC A9 FD A4 79 94 AA A6 ED A4 B5 9B 95 0D
000255B0  4D AE 96 99 D9 A0 21 95 BC A1 B1 A4 85 90 AE 22
000255C0  11 A4 17 1C DA 9D 23 A3 A1 24 65 A1 BB 92 A3 9D
000255D0  B2 26 7E A9 91 A2 EC A4 7A AA 84 2C 39 1D 3F A4
000255E0  EA AA 11 28 5C AB 57 AB E2 AE 61 A6 61 A8 B4 1C
000255F0  3F 0E D0 A4 A1 30 43 9D 4E 2F EA 1C 23 2D 74 29
00025600  66 29 BC A1 D0 A8 71 A8 59 29 EA 20 03 AB 5B 26
00025610  B7 A4 32 15 07 2B AA 9C A2 2B 1E 20 0F 2E 06 27
00025620  16 A9 4B 2D 53 28 C0 95 D5 24 0C AA BD 96 B4 2C
00025630  3C 1C EF 24 1E A8 65 24 50 2A B1 1D 55 92 D0 1F
00025640  6D 26 C2 2C 63 9E D7 9E 80 2B C9 AE A6 B0 3D 29
00025650  04 A9 E5 1D 82 27 3D A5 55 28 CB 26 CE 27 C5 B3
00025660  C4 1C C3 9D 72 28 55 AC 6F A7 30 A6 B5 22 2A AD
00025670  66 A6 F4 25 32 1D 7A A6 BC A8 99 27 45 25 2A 9E
00025680  09 28 A1 22 7C 1E D6 A7 1B 1F 6F 2B B7 20 D0 9C
00025690  82 23 E2 16 69 A0 10 22 38 26 2B 9C 97 A0 4A A4
000256A0  22 A5 79 25 47 20 9B 28 25 25 49 25 C0 A0 79 A6
000256B0  0F 26 0A 28 2D 9C 04 A7 80 18 CE A7 1D 29 2B 20
000256C0  23 19 8A A8 D8 A1 9A 21 39 25 C5 23 B3 A0 3D 26
000256D0  B3 A6 1A AA 7C A8 F1 23 43 A3 37 AB D5 9D 6E A5
000256E0  08 A8 23 A0 24 21 33 A8 26 A5 2D A8 18 A4 3F A0
000256F0  2C A8 69 A5 77 A8 79 A6 2D 33 DB A8 33 A8 9D 95
00025700  D8 AC 4E 28 30 24 26 84 69 2C 33 23 CF AD 12 26
00025710  D7 AB 66 A9 E7 A9 B2 2E FA 1D 0D 21 B5 2C 37 A9
00025720  C3 A5 44 A5 41 23 B8 27 63 A7 B1 A9 CD 28 F8 29
00025730  C6 AC 5A A6 61 A8 95 A1 12 AC 7B 9C 35 AF 30 1E
00025740  DD AB 9D A5 4B 9C 32 A8 19 AF E2 24 24 2A C7 9A
00025750  71 A8 58 AE 5F AD 2A 20 23 AE BA 2B 57 2C 45 AE
00025760  06 AF EE 2A 6F 24 45 2B EF 23 EC A5 FF AB 6A 2C
00025770  E1 AF 99 25 28 30 84 A8 27 29 AC 9B 5A 21 06 AE
00025780  5D A7 DC A6 6A AE A2 27 C6 9C 5E 24 5D 1F A6 1C
00025790  25 A6 50 9E 2B 2B 7D 95 38 20 D0 21 1B A6 7E 22
000257A0  E7 16 B0 21 6A A5 C3 1F 36 82 4C 1E EC 98 3E 8F
000257B0  D6 24 0B 19 69 A0 02 18 60 95 8D A5 E3 1A 30 A1
000257C0  C0 1C 73 A5 29 9C 38 9C 97 A4 4B 0F F0 9C C4 14
000257D0  B8 1E 38 8A 4D 1F ED A1 99 9E 04 96 39 1D 2C 1A
000257E0  81 99 FF 19 55 24 7F 21 27 A8 12 14 42 1A 39 A8
000257F0  9A 1C 08 23 98 A0 28 20 4D AB 44 1D B9 0C 63 A3
00025800  2C 27 D3 25 03 9D 52 9D 1E 26 FB A7 BA 92 09 99
00025810  3A 28 BB 28 FF 28 7F 0A 30 AB 4A AB 41 A8 E1 95
00025820  4D 2C BB 1A 68 A9 E1 1C 40 A1 C5 23 21 23 BB 9A
00025830  4B 1F 62 A9 E3 AA 7C A7 9E 2C 9D 29 99 A6 2F AA
00025840  5E 26 12 1B 92 2A AB 9C DE 2D 3D 9D 2F A8 0A 94
00025850  19 25 68 25 D3 20 B2 94 D2 AA 6E 24 12 2C 80 1E
00025860  EC A7 AB A9 EE 2A 49 AD 1E 29 D4 A8 55 24 B7 26
00025870  CE A7 1D 9B B9 2C 0E 23 FB 24 78 AA 99 0D 2A B0
00025880  0E 2E 75 AD DC 24 31 27 1D 19 C4 9B F8 AD 71 A5
00025890  13 A8 91 28 3C 2B FC 24 82 1A 1F AB CB 25 35 27
000258A0  DC A0 50 2E 27 AE AD 2F 04 A9 14 2C F0 A5 FB AA
000258B0  57 28 42 A8 06 9B 51 A4 E4 1D DA AC E7 2C 84 A4
000258C0  71 A0 14 AA CA 2A 6D 2A 76 28 20 29 18 21 6A 29
000258D0  28 1D EC 9E 76 26 22 27 9F AC 82 28 AC 1D D0 A8
000258E0  A2 19 1C 27 D9 2B 2E 22 E4 28 B5 26 2B A8 C8 29
000258F0  51 31 30 28 26 2A A4 25 A0 A6 89 2C D6 2B C0 2A
00025900  54 A4 0F AC 62 26 01 A3 7A AE 70 26 A4 1C D4 22
00025910  19 AD C0 2C 03 2F FA 2A A1 A5 CB 21 8B 2F 3F 2E
00025920  D3 AD 41 AA AD 29 1F A6 A6 2D 1B 9C 9C 2D 75 2A
00025930  F0 20 90 AB 19 1D F5 31 BD A4 29 94 20 A1 C4 A5
00025940  79 28 23 AA 2A A9 1B 2D 81 28 33 9D 4B 26 7E 27
00025950  4E AD 46 A5 22 2D D6 2A 8D AA 77 2C 57 24 E7 A4
00025960  AC 22 7F 28 AA 21 13 18 49 2C D5 A7 6F A5 9F 2A
00025970  A2 A8 AD 21 DA 27 18 9C CA 2A BB A6 48 29 22 A2
00025980  B7 A1 42 A7 E2 23 F3 29 CE 2A AC 28 BD 27 C8 26
00025990  07 A0 D6 2C 72 1A A2 A3 33 A8 E8 A9 7E 24 7A A1
000259A0  96 A8 C7 27 2A A3 C5 A5 25 AB 90 A5 E9 A8 DB 25
000259B0  BF A4 F4 21 46 2B 73 A7 77 29 A4 A5 59 1F D2 AC
000259C0  CD 21 80 A9 70 1C 63 27 EE 29 9F 15 C2 24 88 9E
000259D0  3E 24 36 18 AA 9C F6 28 75 21 BE 23 CB A8 59 A0
000259E0  E5 9D 39 21 57 99 52 20 91 A2 11 98 8E 27 2E 9D
000259F0  17 1E FF 19 3B A2 67 A1 48 9C 1C A0 E6 A1 D8 29
00025A00  2B 24 22 17 7F A2 1C 9F 0B 20 0E 9C B9 26 2D 17
00025A10  BB A2 00 98 E5 1D 01 A9 D1 20 74 1D FB 9B 8E 22
00025A20  44 9F EA 24 F1 9E 05 14 D3 A2 73 17 57 24 3B 19
00025A30  6F A1 DB 26 0F A4 9E A1 10 A4 6F 21 86 96 85 06
00025A40  D2 29 0C 1E 62 9D E6 82 91 28 BB 21 AC 22 64 A8
00025A50  DA 20 BE A1 AA A6 CD 22 7E A7 AA A4 AE A2 E3 A0
00025A60  D9 A9 A5 A6 B6 20 62 A7 A7 A7 04 AB 62 9B 32 21
00025A70  FB A5 F1 A0 24 2D 91 24 E1 18 BA A6 59 2A 93 0F
00025A80  78 22 38 27 96 1F FE A5 C5 29 26 24 93 AB 82 27
00025A90  5B A5 C5 9B 46 A8 DA 1A C5 11 BA 2C 33 A4 D8 A4
00025AA0  93 2A CF 2C A9 1D 6F 2D 65 18 ED 9D 0A 2E FC 1D
00025AB0  42 28 C7 AA D0 AC 75 A8 0C 27 CE 29 28 A4 46 29
00025AC0  C4 A9 72 8F 08 25 9E 29 BB 28 DE A6 DB A7 6C 2B
00025AD0  54 1F 53 20 DF 27 98 23 C1 96 32 24 54 A3 B6 AD
00025AE0  CE A3 16 29 54 A5 D0 A2 47 2B 11 27 14 9F AD A1
00025AF0  9B AC 00 9E DA 21 0F 20 68 1F 38 9D 50 1A 43 A4
00025B00  B5 26 3F 28 5D A8 13 9C E2 A6 B2 A4 DB 24 95 A0
00025B10  90 18 BA 98 72 AC BD 9B F7 AB 83 21 75 9F 8F 24
00025B20  04 A1 BE A6 38 A4 C1 A0 6C A0 68 A4 5B A0 85 18
00025B30  6E A4 65 A2 4D A2 01 2A DF 9F 83 A2 28 1C 07 16
00025B40  87 A2 0A 23 26 23 8A A6 33 A8 A1 29 C3 2D 7C A4
00025B50  1D 2A 70 28 82 29 B6 9F 54 A4 FE 2B 10 29 73 A8
00025B60  9B A3 59 1F BC B0 39 A8 A2 29 99 22 B9 2B 05 AA
00025B70  00 26 90 20 40 27 5E A0 84 2E 71 2D BA A9 7B 27
00025B80  54 29 70 A5 34 9B AD 2B F0 A8 8D 1C 88 2C 69 24
00025B90  40 A8 72 A8 E2 AF 52 AB 3F 0C 92 1B 48 AC 4F 18
00025BA0  19 2A 6C 25 C6 2C 65 AA 77 18 A2 A1 B8 29 6B A8
00025BB0  C7 24 E2 A7 D3 A2 CD A7 42 2C F4 96 F4 29 31 1C
00025BC0  C7 25 69 AB 12 2A 7C A2 E6 2B 93 A2 7D A3 E6 A8
00025BD0  45 92 2E 24 76 A5 7C 27 97 29 45 AA 80 2C 43 AB
00025BE0  EF AA EC 23 EA A4 F3 AA 3C 24 22 28 36 28 CA AC
00025BF0  CF A4 0E 26 D3 A9 D5 AE 1C 25 9C 1F 45 26 3C 22
00025C00  C2 27 72 2A FD A2 AC 97 14 AD 1D A9 69 A4 18 26
00025C10  48 AA 87 28 2C AA 8A A9 08 9D 4D 0D D0 A9 23 28
00025C20  26 A8 A2 A4 89 AC 06 26 2E 26 0E A3 76 06 CF A1
00025C30  1B 1E E2 9D 7E 24 AE 20 81 29 49 A9 74 24 40 20
00025C40  3F A6 2A 21 24 23 7F 29 59 A9 2B 22 A7 18 B1 A6
00025C50  B1 AA 1B 24 0E A6 5C 26 80 A8 85 24 6F AB 0C 23
00025C60  32 A1 21 AC 3F A8 90 A6 4C 21 F3 2B 7D 27 06 AB
00025C70  BA A4 CB AD 28 A5 0A 26 37 A8 63 AA BA B0 F3 2D
00025C80  F5 AC 5D 1F B2 27 3A 9A 53 9F C4 A8 C3 A6 C7 B1
00025C90  04 A5 97 20 B3 AF 50 20 6A A9 F7 24 48 A0 4B A1
00025CA0  9B AC 93 A4 54 2D 7D A6 3B 2B 8C AA E6 27 F9 A6
00025CB0  BC A5 12 20 46 29 80 A6 44 AC 73 A5 47 2C 6D 25
00025CC0  AB 25 7C 26 03 24 2F 23 9D 22 10 A6 40 1D 35 AC
00025CD0  91 AA 44 2D 86 A7 AF A3 08 29 B5 A0 E9 AB 9C 21
00025CE0  55 A9 EA 2B 35 24 73 9F A0 20 B0 20 39 AA 95 23
00025CF0  86 A5 75 16 EB A6 23 29 5D 1D 86 AF 10 AB 9E AA
00025D00  82 A2 34 B0 DD 24 79 98 21 2E 1F AC 19 AD 03 A8
00025D10  36 AB 52 22 D5 AC 30 AB 9C AC 11 A6 35 24 07 B2
00025D20  4C 27 E5 28 51 AB F6 2D 4E AC F1 23 3C 98 E1 1C
00025D30  39 25 35 1D 45 1F 7C 22 F4 99 98 9C 07 A8 90 9F
00025D40  2E 2C D3 A6 90 1E 70 25 7C A6 E4 A4 93 97 F8 9C
00025D50  25 A8 90 14 44 20 E0 27 7F 26 26 A0 CB 18 BC 26
00025D60  CF 9E AC A4 73 21 18 28 BD A5 5C A9 C2 9C 59 A3
00025D70  9E 2B 08 A6 3D 22 B9 24 F9 A4 BC A1 AE AB C3 23
00025D80  67 A6 A8 1C F7 99 CF 24 BD AA FB 9E DE 2A 84 1E
00025D90  D4 A7 85 A6 FC 21 30 24 9F 29 69 A4 87 9F 19 24
00025DA0  26 27 5B A6 39 A5 FF 1C 6C A3 E0 20 A6 21 01 26
00025DB0  FD 20 E1 98 B1 14 CD A2 1F A3 4D AA EA 98 49 9C
00025DC0  37 A0 F2 21 54 9E 3B 2F C1 9D 6A 11 F9 A9 EC A8
00025DD0  12 A1 73 25 3C AC B6 92 6F A9 05 11 6A 90 45 21
00025DE0  A2 1E 6C 8C 0B A7 D7 A4 85 25 20 A9 FC A5 B3 28
00025DF0  8D A8 B7 A9 9D 24 65 27 05 A8 6E 9F CD 2A 74 A9
00025E00  74 AC BC 9C 8F 9B 54 A0 CE 9B 25 25 BD 1E 73 A1
00025E10  DC 9C 17 AD 7A AC 83 A5 09 24 E7 AA 07 29 02 A2
00025E20  BF A2 4F 2C C9 9F 77 AB 1B AA 6A A4 86 A9 0F 2C
00025E30  31 29 33 23 51 A0 6C A3 74 23 3C A8 69 27 35 AA
00025E40  78 A4 14 2E 42 AB 5E 2C EC 21 22 29 8C A7 DB 18
00025E50  3C 28 37 25 F6 28 A2 28 FB 28 5F 28 66 A8 95 24
00025E60  9D A9 40 A8 38 A7 A6 18 ED A8 2F 28 F7 15 D8 21
00025E70  C4 28 7A 24 01 29 F1 98 83 AD BA A0 4C 27 4E A9
00025E80  91 28 6D A4 EB A5 1C 82 46 9C 04 AB 03 A9 1F 21
00025E90  47 2C 40 AC B9 1D 1A A9 A5 26 12 AA B8 AC 0B 0F
00025EA0  7C A3 3C A8 C1 A4 A9 A4 A0 A8 79 A9 CA 26 B8 A8
00025EB0  BE AA 72 23 D4 29 F9 A2 15 29 4C 2B 2F 2A 61 2A
00025EC0  D7 20 03 AC DF 99 1A 1C 9A A3 0B A0 C2 23 AC 28
00025ED0  1D 29 F7 29 97 AA 92 29 15 A3 A8 9C D2 1B 04 A1
00025EE0  50 24 9F 9A 3A 21 8C 1C 4B 1A 02 A4 2A 1B 1D A2
00025EF0  66 A4 56 0E 00 15 A3 17 D1 9C 75 A5 22 A1 3D 1F
00025F00  13 29 94 17 25 A7 81 1F D9 20 C7 9F 7F 9B 68 A2
00025F10  7A 23 5A 25 45 22 40 98 4B 1C 87 20 B2 23 B1 9C
00025F20  BF 92 2C 25 82 9F FB 24 42 A4 7B 9C C4 23 0B 26
00025F30  53 99 8F 9C 3F A0 13 22 59 1C B8 9D C1 90 3F A6
00025F40  18 A5 E2 9D 93 05 A1 1B 8A A2 98 A8 8B A1 23 27
00025F50  4F A0 2B 20 A9 A3 E1 A0 25 22 D0 A5 83 18 05 AC
00025F60  A4 22 38 1C 83 13 03 9D BB 28 4B A3 36 A7 03 24
00025F70  7E A7 FB 23 02 9E C4 23 18 28 96 A8 BA 28 42 99
00025F80  73 0B FD 24 DB 21 2A 2B 19 AB EF A9 70 28 28 A4
00025F90  5B 21 A9 A1 97 24 BF 26 1B 25 1A A5 B2 28 3A 21
00025FA0  D1 24 F5 8E C1 1D 07 1B 03 A7 94 21 B8 AC 7D 22
00025FB0  9C A5 E3 A2 C1 22 6C A6 2C AB A8 29 B5 A6 03 21
00025FC0  F6 A1 67 26 21 9E 69 21 E0 16 FA 27 67 27 56 AD
00025FD0  A9 2A EF A5 11 2B A1 1D 0B AA 34 24 2F 23 4A A6
00025FE0  42 AF 0D 28 37 29 01 A3 44 28 A5 92 9A 27 79 AD
00025FF0  5A 26 C1 1C 6A 29 07 24 C1 25 3C A2 DF 1E D9 A1
00026000  44 9E 59 9B E2 9E C7 1F D2 14 64 A2 E0 27 37 1C
00026010  B3 20 CC 91 84 A9 BC 98 6D 1C E1 A4 C5 9A 1F 9E
00026020  02 A1 FD 88 D7 28 77 99 68 A7 85 1C 07 23 79 A0
00026030  70 25 2D 1F 05 9D 3D 28 9A 1D A5 9C 6F 96 C8 1C
00026040  1D A3 C9 9C 57 21 FD A5 8B 9F 17 98 BF 20 49 A3
00026050  C6 99 25 AA 11 24 B4 A6 88 1E 9D 19 25 1E 27 20
00026060  B2 27 5B A8 56 25 88 21 BF 1F AC A2 CF 05 0B A7
00026070  F2 15 F9 22 B3 A5 A7 20 A8 96 B4 22 7E A4 01 24
00026080  53 A7 E6 A6 B3 A9 57 A0 40 24 B6 26 8C 9E 98 16
00026090  10 1D 43 18 D3 1F 3C 1D 10 98 C3 20 80 9C FA 17
000260A0  B3 0E 0D A1 7F 26 6F 21 AD 15 A6 9C 0F 20 46 9C
000260B0  01 1F 3B 9D 2D 22 2B 18 A0 A0 47 22 84 98 43 1D
000260C0  B2 22 5D 9D 11 9F FF 9E 3D 1D 12 A4 CA A0 13 24
000260D0  7F 25 BB 9A EA 1A 1E 1D 11 88 9A 20 4F 98 48 1C
000260E0  C1 9A 85 9B 7E 24 B7 1D B4 96 EF 1B 76 16 62 0F
000260F0  95 A0 F4 94 4E 9D FF 20 07 9D CC 23 4F 1F DB 9F
00026100  25 1E 6F 9E 5A 9B BF 1C 13 20 3E 21 7B 25 2E 1A
00026110  EE 19 AE 9F 62 18 2F 20 73 97 B2 20 E8 14 BA 8B
00026120  6B 23 95 11 C4 14 0C 97 07 8B C3 12 46 1C 90 9C
00026130  5B 26 8E 14 CD 24 D2 93 5E 1B 74 16 7A 1E 6C 9D
00026140  7F A1 01 91 7B A2 11 A0 C1 96 08 A0 97 01 DF 99
00026150  AC A2 13 94 FB 9A C9 14 30 1E 90 9E E1 99 C5 96
00026160  32 A0 DA 19 B6 A1 A9 28 44 1E 63 1C 42 85 14 A6
00026170  9B 21 42 25 7B 24 B1 20 F8 96 E9 A4 DA 92 20 20
00026180  0A 29 FD 1A 61 22 17 1A B7 8B 79 25 00 1E 19 13
00026190  96 A5 B0 8D 7A 22 44 A2 80 9E 89 A0 84 A6 ED A2
000261A0  EB 29 3D 24 10 28 7E A7 43 A8 E6 25 09 A0 50 A5
000261B0  37 24 D2 9D 4D 18 4D 9D 5D 20 3D 25 74 9E 9E A3
000261C0  D4 17 10 9D AE A4 5F A3 65 27 4E 24 21 20 17 24
000261D0  E1 A1 8B 1C 54 A5 0F 19 3C 1F C5 A5 00 24 B2 A2
000261E0  89 9E 47 9E 31 24 43 20 E8 A4 1F 21 45 23 35 9D
000261F0  9C A5 33 9C 89 1E 17 A8 86 29 DD A3 45 21 92 A8
00026200  57 A5 CE 28 17 A4 85 24 3D 9F 06 A9 7D 9D 2E A7
00026210  6C A4 29 A2 10 25 23 27 FC A4 AA A5 24 A5 6C 23
00026220  8B A3 30 A1 62 24 55 1E 81 A0 44 1F 16 AA 0E A4
00026230  78 22 5C A1 24 9C 67 22 26 A5 98 24 A2 90 F9 1D
00026240  07 9C 08 20 1B A4 E8 1C 1D 9F 83 A0 AA 1B 34 16
00026250  EE 9E 28 20 C8 A0 0E A4 C2 20 17 A2 2F A3 C0 1E
00026260  3C 22 F7 9C 80 24 AC A0 5B A8 65 9E 80 9C 1F 12
00026270  11 20 A0 A5 B9 A0 C5 A3 06 26 50 A4 0C 27 02 23
00026280  00 1C 90 24 A1 1C 1F 9D 51 22 FE 1B 92 24 7C 19
00026290  CC A2 6B 26 04 1C DC A7 A5 9D 34 20 7A 1B 12 80
000262A0  17 A0 AB 20 79 18 80 98 71 A4 A6 21 71 24 7B 1A
000262B0  E5 A1 F2 9E B9 22 CA 9A 6C 24 BC 9B E5 1C 4C A8
000262C0  8D 1E 2B 24 35 20 31 24 A5 A3 F7 A1 9A 9C BC 9D
000262D0  6F A0 A3 24 A4 1E 0D 9C 94 21 4B 95 AB 24 F3 9A
000262E0  DB 8C 51 27 CE 20 CD 22 70 27 D1 99 EA 28 F4 1F
000262F0  58 26 9E 99 9D A3 01 24 1E 27 67 20 A3 09 22 9A
00026300  03 A3 97 1E EF 1C 5F 9C AB A2 E2 18 75 26 3A 9D
00026310  16 22 47 19 34 A6 97 2D 21 A7 B1 1E 6A 28 13 A4
00026320  E9 23 B5 21 47 24 E9 1C F5 9F AB A4 49 14 1A 20
00026330  50 A9 F5 23 B4 98 13 A4 C1 A1 29 A0 78 A0 5D 28
00026340  91 A4 7F 94 F0 95 F0 9E 14 24 F3 A0 CA 24 31 A8
00026350  76 20 D7 28 1C 1D F4 A3 C1 19 4A 1C 0B 18 00 9C
00026360  F3 A1 27 18 05 1B 27 14 AE 8B 3E 17 AD 1A 3F 95
00026370  99 24 A1 9A F7 13 21 1B 97 10 7A A1 4D 1E CE 19
00026380  B6 0C AB 0E EC A0 46 1E C1 9D 2E 18 21 9D 37 14
00026390  FB 1B DB A0 0A 9C F8 93 A8 93 95 1A A9 A2 75 1E
000263A0  07 24 0F 17 16 94 F9 1A 16 1B 88 0F 2B 11 89 A1
000263B0  21 96 47 1C 88 05 42 91 CC 95 39 9F 7F 20 26 A2
000263C0  B3 90 42 24 AB 24 59 94 B6 9D F5 15 90 20 DE 98
000263D0  02 1F 6E A0 1F 9D D0 9C FC 20 45 21 5F 20 20 9E
000263E0  63 20 C6 99 17 19 88 05 86 9F 18 A3 5F 9A 5A A9
000263F0  41 24 58 9A 07 A0 6F 9E E3 23 8B A0 C5 9E 16 23
00026400  25 99 0F 10 8D 27 A9 A2 A7 A0 3E A5 E9 9E EC 14
00026410  54 9E 5C 18 4C A1 A2 18 4E 9D 0E 20 9D A1 D9 1D
00026420  30 9B A7 1D 6A 23 E6 26 45 A0 4E A1 3E 16 80 A4
00026430  73 A1 F2 1F 98 10 1D 9B B0 A4 4F 12 5F 9D F2 1B
00026440  7F 22 F7 AA 3F 20 06 A9 5C 20 DD 18 DD 1E 38 22
00026450  DB 1C 1B A4 A2 20 F1 1B 5C A1 CB 24 E1 8F 27 A1
00026460  94 A3 7D 21 FD A3 2C A6 D7 A6 65 24 56 9F 68 1E
00026470  0A A1 C0 21 69 1F 8D 18 16 28 3A A0 33 1E 0B 9E
00026480  62 9F 13 23 2D 99 C0 A0 0A 1C B3 A2 C1 1E 99 9C
00026490  70 8E 38 15 1D 86 34 23 A0 21 0B 24 06 22 01 9B
000264A0  15 1F EF 9C 63 9D D1 98 A0 1D 2C 20 53 99 A1 23
000264B0  BE 21 4D 19 E6 9F 8A 9F 90 1C DC 98 EA 1E 49 9E
000264C0  66 A3 58 21 DC 9F 71 1A 37 9D F3 1C DB A1 0B 17
000264D0  52 1C 72 1E 27 9E 5B 1B CA 9C E2 18 23 98 D8 24
000264E0  00 9C 85 1D 5E 9B 68 A3 01 A0 C7 A5 DF 1E BB 25
000264F0  02 20 5B 9C 86 18 3D 9E A1 20 B7 A5 F6 1C C7 20
00026500  62 A0 B3 9D 0F 1D 65 A1 4A 3B FF FF 04 00 00 00
00026510  90 00 00 00 00 00 00 00 00 00 00 00 00 00 00 00
00026520  00 00 00 00 00 00 00 00 00 00 00 00 00 00 00 00
00026530  00 00 00 00 00 00 00 00 00 00 00 00 00 00 00 00
00026540  00 00 00 00 00 00 00 00 00 00 00 00 00 00 00 00
00026550  00 00 00 00 00 00 00 00 00 00 00 00 00 00 00 00
00026560  00 00 00 00 00 00 00 00 00 00 00 00 00 00 00 00
00026570  00 00 00 00 00 00 00 00 00 00 00 00 00 00 00 00
00026580  00 00 00 00 00 00 00 00 00 00 00 00 00 00 00 00
00026590  00 00 00 00 00 00 00 00 00 00 00 00 00 00 00 00
000265A0  00 00 00 00 E6 3B FF FF 04 00 00 00 10 05 00 00
000265B0  5F BC 87 B7 A5 3A 88 3A 25 3F 54 B5 F2 AE BE B3
000265C0  62 3C F9 2D 1D 37 FC 39 38 BD 01 31 82 C2 5E B8
000265D0  1F 29 44 BB 86 BA 08 B3 41 33 86 34 99 B2 09 2C
000265E0  19 3B 62 30 1F B5 89 BA 22 38 3E AE A4 31 E4 BC
000265F0  05 32 9C B0 EA B7 FA AC D4 BB 99 BB C1 B4 B6 33
00026600  1F 3D E4 39 2F BF 51 1D FF 3A D1 21 0F 2B 7C AF
00026610  51 34 94 3D 8B BD 97 3D 38 3B A8 25 6F C0 76 40
00026620  4E 40 F1 3A 67 3F F8 B7 2F 43 57 38 3A C1 B0 3F
00026630  DD C0 D6 C4 3E BF 6A 44 3D C1 C5 C0 D5 28 2D 40
00026640  19 BE 64 B0 D3 37 83 33 4B 3F 0F B8 87 BA E6 AE
00026650  79 39 ED 39 AA 35 C0 AC DD 26 DD B5 53 BD 65 B3
00026660  32 32 38 B9 FD BD 32 30 82 B6 F1 2F 6D B8 95 37
00026670  C5 B8 B4 38 03 34 43 BC 8C 32 2F 3D A7 AA 7C BD
00026680  BC B4 01 AE 85 32 76 33 D4 BC A3 BA 15 B1 74 B8
00026690  F7 39 E6 AE E9 BD 81 B7 97 2D 52 B0 95 3C A0 26
000266A0  D6 B4 6A BC 2B BE 49 B6 34 39 0C C0 1B B9 26 39
000266B0  2F 39 F6 3E EA A6 87 BC 4F 36 93 3D 25 B0 85 41
000266C0  91 C0 3E C2 30 BC 8B 41 5D BD 1A A2 1E 3A CD 36
000266D0  C2 B6 92 B3 D5 B1 12 22 60 2F 45 B6 60 BB 31 B7
000266E0  36 2E 1A 3B FA 35 EE 22 8A BD D4 BD 8B 38 14 34
000266F0  92 3C 6C BB 31 BC 1D B4 A0 B1 57 33 15 BB CE 38
00026700  98 B9 6B 3A F9 34 DC B4 5B 37 EF 3A 00 A2 E2 BA
00026710  4F B2 0E A4 A5 3A C1 39 DB BE 4D C0 48 2D 05 BC
00026720  C4 38 1F BE 70 B9 35 BE 77 28 7A 39 63 3E 38 30
00026730  74 2C 04 BF 30 B7 19 B6 89 B7 E4 BF 16 3D F4 2D
00026740  04 B9 CF 39 27 BC 00 B6 3B B4 71 3E 24 39 27 40
00026750  A5 B9 A2 38 6F BD 56 3C CA B9 4B 40 36 B2 9F BD
00026760  DB B3 A7 B5 38 AC D3 30 A7 42 EF AE 2B AD 9B BC
00026770  51 39 71 B4 A3 3D 47 34 37 35 37 3B 85 34 11 34
00026780  03 30 8B 9C D7 B4 37 B0 33 27 09 21 9A B6 88 35
00026790  49 40 FE 98 78 B3 91 BA A8 B3 18 AD D2 2C 76 B5
000267A0  6D 32 F0 B4 AC B7 D6 BC 3E 38 AA 36 3F B4 81 AA
000267B0  CA 34 93 35 92 BB C2 2F 92 38 B9 BB F0 3C C7 37
000267C0  20 3D 7D 38 4B BD 95 3E 8F 3C D2 2A 54 B1 FA 3E
000267D0  FB 40 51 C0 3D 3F E4 3C 2E 42 A6 39 5C B9 FA 3C
000267E0  D7 BE 19 C5 40 B8 9B 41 E2 C0 1D BE 84 38 F1 3E
000267F0  31 BC EE BB 72 39 80 3D A9 2E 95 40 36 B9 12 C3
00026800  7B 3B 5D 3C 83 35 4B BC 4D 41 35 31 5D B4 86 BF
00026810  3B 41 E2 3D E2 B5 B3 3D 56 BB 44 C0 A6 BC 1E 3C
00026820  83 34 0D 3D DF C0 11 C4 6C C1 0A 42 23 36 C7 BE
00026830  95 C0 B9 BB 0A 34 F9 BC C8 3C 6B 3C 79 BF A8 B6
00026840  65 B9 7E 3A CF 3A 68 BD 01 3E 0B 31 F7 35 76 B0
00026850  43 41 F8 BF 78 C0 F6 38 F5 40 28 B8 96 38 5D B7
00026860  F7 41 67 BD F4 BB D4 32 1E BE 1D B5 9F 40 21 3D
00026870  40 BA 16 C2 33 B9 C3 33 66 BA 2C 35 03 BC B0 BC
00026880  D4 BC 33 BC 57 38 8B 31 C0 30 42 B1 D9 2C AD B7
00026890  67 A6 8A 3C B2 BA 89 B1 7F B6 4A B8 8B 30 26 2A
000268A0  B9 3C 30 37 BA B4 A7 B1 E9 B4 E1 32 D5 BA 5B 33
000268B0  77 BC BF 3A 85 36 C1 A5 19 2E E7 3D FF 34 93 BC
000268C0  AD B8 0E AC F9 3A DA 38 16 1A 57 B5 D3 31 A1 BA
000268D0  38 31 DB B5 14 3C 6A BC 35 38 05 39 E3 B4 BE B7
000268E0  D2 39 51 C0 9D B0 5E B3 BB B4 F5 BD 81 40 0E B7
000268F0  FD BC 3C 40 98 C1 AD BD 56 BF F5 B2 15 2D 37 40
00026900  6F BE 8C 34 E2 C1 2C BC F0 BA 3D 40 18 BC E9 C1
00026910  52 32 F1 2A 0A B4 81 36 19 3C D5 A7 DA B2 4D BB
00026920  3E B7 EA A6 6D 3F 42 B0 DA BA 91 38 11 44 F5 3D
00026930  6A 3C 8F B9 C9 3B 2D B9 A7 3C 4B 31 29 B8 BF B5
00026940  2D 3A F2 A8 28 B4 D9 35 A4 B8 9D B7 AC 35 95 B8
00026950  BB B5 62 B6 A3 22 66 BD 7C 29 64 33 E2 B0 DD B7
00026960  34 B7 F1 31 E4 2D 29 B2 04 3B 24 C1 B7 3D 67 3C
00026970  B0 3F 4F 32 23 BB A3 3D F2 C0 17 34 43 C0 A2 3B
00026980  BD 3D 33 C0 0D 3B 89 41 B7 3C CF 39 E8 BE B3 38
00026990  FB BC 43 C0 24 BD 5D 3E CB C0 9D 3E A3 BF B1 C0
000269A0  B5 B6 4A B9 D4 B6 A6 34 5F B7 58 2C 97 2A C8 B9
000269B0  40 AB 54 A0 A8 B9 1F B2 1F B8 08 3A 1D 3E C3 3A
000269C0  8D 3D DE 1D 26 3A E8 B5 4D 39 AD 33 83 B5 A4 B0
000269D0  44 38 4F 32 E0 AC B3 A8 A6 B0 64 34 10 3C 52 BC
000269E0  28 B1 4C BA C0 39 1C BC 9B 31 0A 36 A9 A2 B5 AC
000269F0  05 B8 0E B4 36 1C FB B9 31 3A EE B1 03 B5 8F 36
00026A00  0F 38 C2 BB 9B BD C3 3E 07 C0 57 B5 5F B7 56 AC
00026A10  17 B2 D2 C0 42 B8 47 40 CE 32 56 BC F0 BA 4C 38
00026A20  6B BE 63 BD 75 BD EB BC C5 BC 0E 38 4B C1 98 C3
00026A30  34 B8 4D BD 66 39 12 35 3B B4 92 2E 4D A0 FD 29
00026A40  A0 A1 D2 36 99 C0 B4 B0 3E BE 59 35 BE BB B6 2D
00026A50  12 3C B5 34 33 33 23 B8 8D 36 95 31 0F B5 A9 B5
00026A60  2A B8 98 36 90 31 50 AD 04 30 8E 3C A5 35 4B B1
00026A70  42 B8 59 B5 60 3A 41 36 04 AD 57 32 C6 A5 09 BA
00026A80  39 2E 35 34 49 B1 07 BE B1 3D B5 3D 4C C1 6A B8
00026A90  D8 35 18 B7 47 BA 8C 3C 27 C0 D5 32 9A 3C 78 34
00026AA0  7A BD 6B 3C 54 B5 B9 B0 41 3E 90 BC 96 B5 01 3D
00026AB0  AF BC EA 3A B8 C3 DE BD 61 BD 5C 3D 5C BE E8 C0
00026AC0  02 41 FF FF 04 00 00 00 20 00 00 00 00 00 00 00
00026AD0  00 00 00 00 00 00 00 00 00 00 00 00 00 00 00 00
00026AE0  00 00 00 00 00 00 00 00 08 00 00 00 2E 41 FF FF
00026AF0  04 00 00 00 90 00 00 00 3A AF 78 38 24 AD AF B7
00026B00  12 B0 A1 3C DE BA ED B9 1F BE 72 B1 DF 39 65 42
00026B10  2C 27 39 3E F9 32 8F 39 B0 BC 21 3A 4F BB 24 BA
00026B20  27 9A DD B9 96 B4 21 BB D6 B8 B1 3C BA 3E BF 37
00026B30  09 3B 3F B4 1F BD 23 B7 DD 3A 4D B0 CA BA 76 BC
00026B40  29 34 98 3C 14 BE 15 3C 51 BE D2 B4 B1 B5 C7 39
00026B50  46 31 05 3A 1E 34 16 BB CC 34 AF 26 79 B5 5F B8
00026B60  3E 2F 58 3B 7F B4 01 3B 99 36 9A B7 BA B7 96 AD
00026B70  29 32 C2 35 66 36 B1 BA 3E 39 32 C3 C3 37 0F 9E
00026B80  D4 24 1D 31 73 36 98 32 CA 41 FF FF 04 00 00 00
00026B90  00 24 00 00 73 AF 0E 28 D2 2C 76 AF D9 34 14 B1
00026BA0  18 31 B6 AD 07 30 4B A6 0B A9 70 A4 F1 A4 20 A8
00026BB0  78 2C 1B AE 21 2C 78 B3 7B 31 70 AD 04 99 39 19
00026BC0  60 29 2B A2 BD 2D 69 A5 5B B0 69 A0 52 AD A3 A2
00026BD0  AB AE 19 28 9F 30 0A 2D EF A8 58 2C 0A 2D 68 31
00026BE0  64 A9 05 AC 29 A8 F3 B2 09 2C 3C 21 15 2A 43 A8
00026BF0  77 2F AF A6 90 A6 8D 2F 6E 9F 0E 30 9E B0 9A AD
00026C00  BA 19 0F 9A 54 B2 1E 28 89 28 07 AC 8A B2 83 32
00026C10  75 AA CB AC BE 31 9E B5 F9 AB 96 AA 0B 33 1E B1
00026C20  27 1F 74 A3 DB 1D 41 25 FD 9C CE A9 AF 2B 4B 27
00026C30  C2 89 D2 B1 17 28 CA A7 04 AD EA 29 54 22 96 91
00026C40  2A 27 08 2F 8B 31 73 27 42 AF A7 A4 D2 31 61 B0
00026C50  72 A8 D5 2D 45 AD A0 A5 91 29 F6 A4 2C 27 EE 26
00026C60  8E 31 6C AF B4 96 93 AD 7A AE 0C A5 2C 2F 3C 27
00026C70  36 A2 66 A4 09 A8 94 A9 6B 29 5A A5 A3 AA B3 28
00026C80  5B AD BF 21 CA AB 41 27 67 20 F3 A2 AF 27 98 96
00026C90  27 AB 1C B1 91 30 8A 2E C1 26 E0 2C B6 26 A9 2D
00026CA0  AC 2E 51 A4 96 27 90 AF 4D AC 83 AC 7B 26 AF AD
00026CB0  AA 28 8C 9B 65 28 35 A9 EA 10 5C 29 30 29 1F 28
00026CC0  54 B0 3E A8 2B 32 06 2C 09 A2 13 A5 F8 26 F5 20
00026CD0  2E 0A FA 24 32 AF 86 A7 C0 A5 B0 26 32 A7 80 29
00026CE0  22 A8 5C 27 73 24 34 AB 86 A1 EF A8 B4 A7 77 28
00026CF0  7E 2C 6C 2F E8 28 02 B3 BC 27 71 B1 C3 A9 F1 AA
00026D00  A2 20 63 29 27 2A 10 2B C3 A2 BE AB D0 21 CD A0
00026D10  F6 31 B3 AD 77 A8 79 A1 6F AA 3D AF 4B A7 94 A9
00026D20  7F A4 4E B3 28 A5 E8 AA 55 2C 6D 1E E9 A8 18 9C
00026D30  39 AE F6 A2 DC 21 4E AB 25 27 A8 AD 45 A4 EE AD
00026D40  47 2A 61 2B BC A6 CA 10 37 0E 75 2C 18 2B 7E AF
00026D50  30 AA 76 A4 0E 20 31 A8 E9 2D AC 24 DB 1F AF 29
00026D60  CD 1D E5 AD 6F A9 F3 AC 3C 2D 79 26 B4 8D 35 31
00026D70  B7 29 42 31 8E B1 D9 27 3F 2F C1 1B 8A A5 0C 27
00026D80  85 23 D6 AD 9D 2D 2A A9 4B AF BA A4 85 2F 8F AE
00026D90  10 26 97 2F 95 24 0A 22 10 23 E2 1A 37 2C 54 A5
00026DA0  B9 21 FF 20 C3 A7 D3 A5 3A 24 B9 A6 C5 A9 83 A8
00026DB0  B8 25 F2 24 D2 0E 76 22 B9 1D 6D 9D 92 29 B6 23
00026DC0  43 A9 83 28 2B A5 F1 A4 43 A8 FC 12 B5 29 E2 A3
00026DD0  A6 20 EB 29 5C 26 1B 25 DF A2 FA 1D F8 22 EF A0
00026DE0  3A 26 FA 29 39 A8 7F A5 25 A6 CA A2 74 A0 AD A0
00026DF0  35 AC C9 A1 AC A6 9C 18 5F AC C5 98 F8 A4 BC 23
00026E00  A6 A7 87 A9 14 1E AF A9 39 A0 6A 14 DF AD 39 90
00026E10  79 1E 27 AA 2D 2E 7C A6 85 21 11 AF 0F 32 51 21
00026E20  DA 27 AF 1C 84 2D 7A A8 0C A2 41 2C E3 AA 3A B1
00026E30  09 21 9C AF 18 2A 67 32 24 23 B2 20 44 2E 03 A8
00026E40  A5 AE 0C 2F 86 2A 8A 28 30 AC 71 A3 A9 27 AF B1
00026E50  D6 B0 1E 22 6D AE 07 2E 48 AE 98 31 12 B0 46 28
00026E60  B2 A7 69 B0 81 A9 C5 AA 10 29 BB 30 5D 2E D0 28
00026E70  4B 30 57 1A 37 A9 71 34 0A 2E BB 2E F9 AE 90 31
00026E80  71 A2 A7 24 BD 23 C8 2C 2A 28 91 26 95 A8 84 A9
00026E90  1B AC 0A 2D 53 B1 C3 AC F9 2E C6 2C 45 A5 6F 33
00026EA0  2C B1 C3 30 83 1D 1E A4 C5 25 44 AD A8 A3 61 B1
00026EB0  88 B2 4B AD A9 2C 4F B0 06 2D 67 2F 49 AD 37 1C
00026EC0  A4 AD 41 2C 4F 29 E8 2D A9 33 16 2E 12 AB 59 A9
00026ED0  4D 2B 45 31 B0 2D C7 2A 1B 2E 23 29 FE 2C 8F AE
00026EE0  C1 31 F1 A7 82 2E 71 32 45 A9 90 AD 44 31 76 AE
00026EF0  82 B1 3F 2C 29 A9 6A 2D 26 A4 B2 B2 64 32 F9 32
00026F00  91 30 83 B1 1F B4 D9 AB 0A AE 5E AD 44 2E 10 AA
00026F10  52 B3 AC B1 47 2D 7C AA 2D AA 17 A4 D1 2C 2C 31
00026F20  A0 AD 4D 30 AA AA C8 21 51 AC 03 A8 00 28 30 29
00026F30  09 AD E2 A8 7A 2A 9C AD D3 28 4A A4 AA A6 1B B0
00026F40  17 AB 68 A4 8C 31 DE A7 30 AC 29 25 3D A8 49 30
00026F50  AA 2A 35 9B D5 2F E5 9F 2B AF 69 31 17 A8 2C 31
00026F60  4A 28 36 B2 0A A5 58 A4 55 33 84 A9 E2 AB 1B AA
00026F70  97 30 68 AB 58 26 D4 AE A1 29 B3 AF 46 AA 87 B1
00026F80  0B 29 55 33 F0 AC 61 2B C6 26 66 2F 8F 33 49 2F
00026F90  1B B1 C0 AD 8A A6 4D 2A D8 28 8B AA E2 2C C0 A6
00026FA0  24 AC 6A 2C C9 A3 04 20 BA 15 CD 2A 02 AA 0E 27
00026FB0  D9 A7 80 2B 5E 29 29 2D E1 A9 36 2A 40 24 CC 2A
00026FC0  17 30 8C 1C B5 2E B2 A9 EB A7 CD A9 12 AC 7C 1E
00026FD0  5A 2A 5A 2C E2 29 E5 29 E0 AA 68 2D 3C AB CC 9D
00026FE0  A3 B1 31 20 1D AC 10 A0 E4 18 45 A4 06 AA A5 2A
00026FF0  E8 A5 F7 1C AF 21 06 30 4E AC D3 A1 BD 27 F1 AC
00027000  7A 29 1D AA 30 AD 97 A8 1B AB 85 29 2D 31 2A 9B
00027010  CD A8 09 2A EA AE B4 1F 39 AA 0F AB F6 25 23 29
00027020  EE A4 36 A9 FD A8 0F B3 5B 20 95 AB 3F AC D1 24
00027030  1F 2E C6 A8 31 2C D3 AE D3 A4 2D A4 26 2D D3 2B
00027040  73 91 D5 27 BF AD 77 27 31 29 14 1D D4 AD FE AD
00027050  6D A7 CE 21 57 AB 6B A9 CD 2B 55 23 51 23 60 A5
00027060  B0 2C AD A5 BD A8 73 1D 66 2C 84 27 5B 9C CC AB
00027070  C0 26 1F 1E 3F A3 36 2E 61 AC 07 30 19 AD 09 B1
00027080  DE A9 9A A9 62 A9 8C A4 33 9C D2 2C C3 32 54 A9
00027090  80 2C 03 AA AD 2B 52 18 59 A2 60 9D 3C 94 2E 18
000270A0  2C 0C 9D 1D B8 A0 95 A9 9B AF B7 A4 C9 08 52 A4
000270B0  34 9F 9B 1E 01 1F 5B AC AE 2E CA 25 17 28 81 9C
000270C0  28 A4 91 25 8C 28 3F 9E 74 A5 F2 A9 72 22 50 A4
000270D0  6B AC 66 0C 01 A3 7B 22 55 20 44 A5 05 AC 0D 25
000270E0  92 A5 E4 AB 5F A7 18 20 D4 AA 24 2A 3A A5 14 21
000270F0  6E 28 B9 A3 C9 A6 A4 9E 64 99 70 AB D7 A8 F4 A6
00027100  94 24 38 A3 4D 16 31 26 2F A6 8A 28 3E A5 52 29
00027110  85 2A 25 A5 A3 A0 70 27 1E A9 5E 26 3E 2E 75 AA
00027120  49 AE D9 2F FE 29 8B 28 05 98 14 B4 BC B2 9B A8
00027130  E9 30 41 B1 D5 A1 25 AD 85 2E C6 17 13 AA 23 AF
00027140  1F 30 B2 AB A8 A8 29 26 4E 2A D3 2D 5A AC 81 A2
00027150  D9 A6 EE 31 5E 29 DC AA BE 2C B2 AE F1 28 86 24
00027160  8F A1 36 B1 F2 A8 3E A6 18 1D 26 2A BE B0 FF 2C
00027170  F2 2C 87 2C CD A9 9A A9 97 2F 46 AE 33 AD F5 B1
00027180  C6 A0 26 2D 3F B5 59 2F 20 AF 50 32 C6 30 06 2B
00027190  D4 24 C3 A8 76 11 AC 9C 6C 09 73 A1 FC 26 B3 A0
000271A0  5E 13 67 28 97 24 F8 25 84 9E 09 20 05 AC 55 A4
000271B0  AF 21 DB A0 0C 1D 9C A0 0F 1C AF 12 A2 20 43 28
000271C0  34 A4 6F 0F 3C 1A F5 9A 69 1C 4E A5 66 9A CE A2
000271D0  3D A0 36 20 72 A8 48 1D 79 24 13 A5 4E 20 C3 1D
000271E0  78 98 C9 20 BB 9F 24 1A DA A4 0E A5 2B 15 8E 24
000271F0  D3 27 AB 9E 57 A9 72 A5 2F A6 47 AB EF A3 5D 96
00027200  75 27 84 9C 68 1A 87 28 CC A8 1A 2A A4 A8 A2 28
00027210  A8 25 55 A8 57 A6 B0 A1 33 A2 62 21 D7 AA F2 9F
00027220  C5 28 83 A5 08 28 2C A4 42 28 FF A8 75 25 15 B6
00027230  8E AD 02 AB 91 27 41 23 08 A4 F4 20 97 A3 8C A7
00027240  22 A4 1C 25 FC A6 F1 9E 6F AC 8F 21 C5 25 F5 25
00027250  85 21 70 A4 C5 2A D4 1D 97 A0 4E 9D 7D 28 3C 16
00027260  A7 A6 C7 A8 D4 9F 1A 21 87 27 E3 A6 4A 23 01 AA
00027270  5B A8 B0 21 17 25 69 1D 53 29 01 32 FB 28 CC 22
00027280  CA 1C 70 A1 31 AF EA A0 D4 26 77 99 9A 26 E3 AF
00027290  4D A5 85 2D FF 20 9F 18 11 24 10 22 78 25 78 15
000272A0  13 22 41 22 2D A8 C2 0B F7 18 E3 A4 DA 19 0A 99
000272B0  DB 23 14 9F 66 1A E8 10 44 15 3B 24 E6 25 AA 19
000272C0  F6 25 06 1F D3 A3 16 1B F7 9B 53 95 81 98 B6 9F
000272D0  80 24 50 25 E3 A1 35 19 E1 A4 43 A0 E9 A3 0E A1
000272E0  4D 10 CD 26 93 A2 EF A4 E1 12 1A 9D 73 A5 49 9E
000272F0  2E A5 C6 A4 E1 95 5F 27 75 A7 40 A0 E9 23 B5 9F
00027300  09 94 57 A8 1D 9D CA A0 BB 97 EE 22 07 A5 6B A5
00027310  D2 21 B4 A8 61 2F 48 A2 65 2C 07 27 8E 2A B3 A8
00027320  A1 AE AC 2C 38 2C 19 A7 2F 30 4C A4 B8 A6 EA AC
00027330  3D A6 61 B1 C6 2B 06 28 9A 30 8D A8 24 2D 74 26
00027340  92 22 ED 28 28 2D A3 A9 D7 AB A5 A1 5F A8 00 B0
00027350  43 A2 86 29 20 11 6D 26 80 A5 ED 99 6B AE D8 2C
00027360  26 29 D6 A8 CB 2A 0D 2F 0C AF D1 29 20 2D 95 23
00027370  E9 26 B7 2F 82 AC FF 0E EE 1C 0B AE 4D A9 9B 2A
00027380  86 28 67 A9 B1 AC D8 AC D0 2C 47 23 A9 2F 56 AB
00027390  FF AE E3 26 BB AB CB 22 EC 2C 83 2B 27 2C 0F B0
000273A0  CB AD 12 29 5C 33 B0 A3 A7 98 2A A8 59 AB 44 28
000273B0  A9 32 CD 2F 08 33 27 27 43 2D 13 28 4C 2E 65 2C
000273C0  50 AC AC 2C D5 28 46 A5 99 9F 65 AC 6C A9 67 A5
000273D0  77 25 AF 2D 54 2F 95 27 B3 24 D8 A9 4B 2C F8 23
000273E0  07 2E DA A8 CD 98 E6 29 98 AF 39 1D 80 1C D2 A2
000273F0  D6 2E FE 30 68 AA 2F 25 1B AD 31 2A B4 2D 04 A8
00027400  79 2C 64 31 C7 9F E4 25 C3 A6 B7 2C BD 98 74 28
00027410  C5 AE 65 AD 14 1C D8 27 CC A1 1F 9A 3D A8 DC 23
00027420  05 23 C2 2B 8C 9C 51 A9 F0 A2 07 21 79 A4 3B 28
00027430  0D 30 B7 A4 B0 20 76 B0 36 28 49 21 12 A7 D2 A0
00027440  A2 A4 B7 27 09 2C D6 A4 1A 25 E8 A5 13 29 23 25
00027450  C1 A9 47 29 52 21 AA AA 64 AC 95 A7 C2 A6 A2 28
00027460  C1 A8 57 2B B1 2A AD 24 22 1F EE AB 37 25 ED A7
00027470  FE A9 D2 A8 00 12 3F A5 98 2C 34 94 AC 2A 4C 29
00027480  B0 24 E2 A5 79 24 8B 9E E7 A1 8E AF 76 99 71 2B
00027490  07 AD 36 2A 9B A7 7F A9 DD A6 D9 24 14 A8 22 A4
000274A0  59 23 89 2A AA AA EB 1F B4 A0 BF A5 38 A9 2A A6
000274B0  39 A4 10 98 98 20 F5 28 E1 2C A3 1C 45 1B 9D 29
000274C0  CB A5 8B 0A 62 AE 85 21 F6 A8 D5 97 B1 21 C6 22
000274D0  6E 28 6B A6 49 28 39 A8 5F AA B5 1C 18 27 47 2B
000274E0  59 2C 26 1D 00 A6 90 9B 89 1E C9 2A B4 2D 4A A9
000274F0  64 A9 18 A7 86 2A 7F 2B 97 A8 AE 9B 01 A1 B8 2B
00027500  CD 97 3F A5 DA 9F D0 1D D2 A1 54 31 17 AC 0D 2C
00027510  AE 20 06 27 55 2A 26 28 3F AD 20 29 B6 AA 55 24
00027520  B2 26 BB A9 EC A9 6D 27 91 A5 D9 28 06 27 B5 AA
00027530  BD AB FF 25 2B 21 92 24 33 A3 B1 30 23 AC E6 A5
00027540  65 2A B5 15 4E 26 5B 23 43 A6 3A 2B BA 28 48 B0
00027550  D0 30 1A 2B 02 27 36 AE AD 28 75 30 EB 2E 52 A7
00027560  F1 A9 08 2D 58 2C 58 1A C0 29 9F AD 5A 28 0E 23
00027570  66 AD 66 2F E8 A2 6E AB E6 A8 11 2A F9 2A 3A 26
00027580  00 2A B2 30 0E 25 43 29 28 A9 EE 25 2A 2A 6A AF
00027590  8F 31 39 AC D5 AF 20 2D D4 AC 16 9F 1B 22 E8 1C
000275A0  EC 2C 49 9B D5 2A 54 9D 65 AC 05 A6 5F A4 84 1F
000275B0  A1 26 56 AE 4D A3 6A 2A 9E AD 56 28 F1 22 0A 30
000275C0  53 2F FF 2A 34 27 0C 2B 67 A8 0A 20 9D A9 54 28
000275D0  5B 2C CC 1D 40 26 7A A9 2E A8 40 30 4F A5 2E 29
000275E0  EC A5 E2 AC 12 A3 53 28 61 04 6E 28 CB AC 93 2E
000275F0  43 2C 95 24 91 A2 80 2B 8A 29 02 21 50 28 7C AF
00027600  EB 24 EC A7 72 2B E0 2A 00 B0 0D 2B F8 AE 04 2C
00027610  AC AE 47 A8 5D AF 38 9A 75 A7 BC AA 2E 2C B2 22
00027620  2B AC F7 A2 B2 24 32 2D FB 27 46 A9 FD 18 F7 2F
00027630  76 17 3C 2A A5 2B B8 AC 13 AF 3A 2C D2 B0 09 B1
00027640  8B 2F 2B 2E 6E 32 65 22 8B 2A C8 AD E3 32 3D 31
00027650  1D 9F D7 AC E0 2A D2 AB 67 2D 95 25 38 AD A2 16
00027660  F0 27 14 A2 88 31 0C A8 16 A9 33 A6 97 13 B9 2B
00027670  D9 30 7E 2E 05 2D 1C B0 66 2D AA A0 58 AD 16 AC
00027680  DA 29 5F 2E AB 2F FE A6 78 B0 E0 25 0A A7 AA 2F
00027690  2C 21 92 1C BA 28 83 2C 75 2F 37 9E 68 2A 9C 2D
000276A0  85 2F 39 2D 9F 2B 89 2B 7B A9 3C AC 0B 17 15 30
000276B0  EC 29 AA AC C3 2D 62 2F FE 96 84 AC 45 98 27 A4
000276C0  36 AF 9F A4 04 24 7F 99 8C B3 57 AF 83 2C CE 2B
000276D0  19 A9 F3 2D 6A A7 D1 AC 94 A5 FB AC F8 A3 F9 24
000276E0  78 2E 38 B1 0A 2E 69 AD 59 B0 09 AA 0F 32 69 A8
000276F0  47 2A 05 2C 29 AB 53 AD 33 28 C4 2E 07 B1 82 2D
00027700  AE AB 78 AD BC 2D 1B 21 B1 30 85 2C EE AF B1 B3
00027710  9F B0 13 2D 25 2E BE AC B1 A4 30 AD 5F B1 E5 2E
00027720  13 AD 2F B0 7D AC 1D AA 1E 2B 5A AF 2C 2B 58 B0
00027730  0C B2 BA B1 E2 AA 87 30 4D 2C AD 2F 85 B4 96 A0
00027740  7E AA 37 30 57 AB 1B AF 52 2E 1E 30 05 AE 23 A7
00027750  AB 25 F0 AC 63 31 A3 AC 1D B0 0F 2A 54 26 40 A1
00027760  6C A9 9C 27 D3 A1 4C 25 09 9C 22 B4 3B 2F 6E 18
00027770  7B AF 3E 2D F2 2D 98 B3 85 30 34 A6 3E 2E F7 A3
00027780  18 B3 44 29 F0 A2 FF A9 92 9E B2 AC AB B0 CC 25
00027790  51 A2 FA 2D 5E 2A C5 AC A9 A6 49 99 B3 2A 03 25
000277A0  33 21 27 AA 3E A4 4E A9 24 A8 8B 22 0F A8 FD A2
000277B0  92 A4 4C AD 07 20 54 28 45 A8 99 1C 43 1A D3 24
000277C0  08 A4 68 25 F5 9D 7D 08 6F 26 D7 20 4E 2B EB A8
000277D0  C2 AC B8 A9 F5 9B 35 A1 BB 28 9B 1F 7E 22 E3 9A
000277E0  85 A8 DE 2A 93 AD B7 9F DE 22 D7 26 0D 28 3E 20
000277F0  43 A9 91 A6 DC A1 3F AA 01 25 41 24 37 9D 2B 29
00027800  54 28 D0 A8 16 27 43 2A 8F A3 97 29 2E A8 D6 A9
00027810  07 B0 EF AA 29 A5 1D 28 08 1C F5 2C F0 31 80 A6
00027820  9B 2D 97 2C 03 1C 79 28 DE A6 FE 24 7A AC BA AD
00027830  AF 16 B4 96 38 2C 06 A8 35 B0 BA AD 3A 2D 44 A8
00027840  27 AE EC 27 C6 28 FE 36 23 A9 FA 2E 51 AB F3 A9
00027850  C7 2B 30 2D 4B 2F 85 AB FC 2A D5 AE E3 15 24 1F
00027860  6A AC 0D 97 A3 A7 8E 27 FE 33 41 29 F1 26 C4 26
00027870  F6 28 28 AC 52 B1 84 30 5B 2D 18 31 63 A7 91 2C
00027880  F2 32 45 AD 59 1F 53 A9 52 B3 AA A4 07 2E 4D B0
00027890  BD A1 4C 2F 51 29 B5 1C 55 AB D9 AC 5A 2F 5D AC
000278A0  55 2D 60 AE 73 2D 82 A8 C0 AA 15 A8 02 1D 0B AC
000278B0  41 2D D8 AF 0C 26 3B B0 E7 9C B7 A8 C3 B0 E6 A8
000278C0  46 2C 4B 19 35 32 1D 22 F2 AF F3 A1 2F 29 EF 2D
000278D0  4E 9C 9B AA DF B1 BF 28 7C B3 05 AE 58 B0 69 2E
000278E0  AD A7 8D AC B0 1A 81 AC 13 12 42 AF B0 2A 6F 26
000278F0  8C AE B4 AC 38 A7 86 B2 80 A9 97 AD 75 B4 33 2D
00027900  04 2E 44 AD 66 AD B0 29 6A 24 EE 2D 29 2C BC 2F
00027910  5E 31 95 AC 8E 28 C4 23 7B A3 F2 24 FF 28 D2 2B
00027920  F1 2A 27 98 91 2C 31 22 3E 2A 97 A8 1E 26 A2 24
00027930  7E A4 90 AB 6A 1A 7B AC 64 30 6A 20 22 AC 6D 25
00027940  2D 2E D2 A4 68 A6 FB 2A 33 A8 92 B5 AC A7 9C 9C
00027950  CD 28 A5 16 B9 9E D4 2A B4 A8 CE A9 46 97 6B A6
00027960  51 AC 07 AC 49 AC FE A7 12 20 3C A5 03 26 38 A5
00027970  8A A3 79 28 B5 21 1C 1F EA 2B 41 A7 18 AC 7E AC
00027980  FB 26 D0 A9 56 AD 26 2C 89 9D CC 2C 0F 31 E7 2B
00027990  BA 2E AC A4 08 31 E0 B1 34 24 22 B1 2E 31 B2 2C
000279A0  1E AE 31 2C 9E 2C 86 2E 6B 24 FA A6 73 A6 21 AD
000279B0  82 29 F8 AE 46 2B C0 30 48 2C CB 29 32 32 4F 28
000279C0  DE 2E 05 29 D7 AF 78 28 43 A7 62 2E 78 AC 07 B2
000279D0  5B A8 96 29 CD A6 3B AF FB 31 7E B1 38 B3 F7 1D
000279E0  A8 2C 04 AC 54 AF 77 A9 5B 30 E1 A1 F5 A4 E0 23
000279F0  9B 28 6F B0 83 AC F9 30 F0 A4 1F 2F CE AE 43 AA
00027A00  F1 31 50 B0 20 A9 37 B4 46 2D 72 94 9C 2D 5C AE
00027A10  CC AF D1 26 0D A8 27 A5 22 A0 C0 20 CF 26 36 26
00027A20  E0 A3 0E 29 A1 A3 D8 8C 14 A9 A6 99 10 A2 2F A5
00027A30  87 28 D8 AA 8C 27 C9 9F 18 AB 33 1B 70 A9 C1 24
00027A40  B6 25 EA A3 6C 24 DE 26 38 20 C7 AA DE A4 E8 95
00027A50  A5 28 F7 2A 22 23 2B AF 99 1C EC A9 EE A4 0F 26
00027A60  56 A6 86 29 C7 AF 57 AC CE A1 7E AC B8 2C 5E A9
00027A70  8A 9B CB A7 83 24 37 2C 15 AD 25 A0 9D 22 1E A8
00027A80  BA A9 9F AB 9C 23 EE 9D D7 AC F1 26 A1 2D 00 2E
00027A90  71 21 2D 98 0A AE FC AC F4 A1 6B 1C 6E 2B 83 B0
00027AA0  5E AD BB 2B 29 A5 C6 A9 91 29 CF 2B 24 AA 29 2A
00027AB0  E8 22 8E 24 0F 22 C1 B0 4B AE 4A 9C 8D 1F 54 23
00027AC0  D1 20 1A 2D ED 19 4A 9E 47 9D 5E 15 A9 2C 19 28
00027AD0  7A AE 13 A8 47 2A 56 AD 8A AB BC 2F EA 30 B6 30
00027AE0  AF 2F CC 2B 0D AC A0 20 32 A8 6D 27 0F 24 D7 1F
00027AF0  54 2C 0C 2E 10 2E 98 2D 31 2B AB 2D EA AE 61 29
00027B00  E9 AF 5C A4 BE B0 0D 23 C6 A5 6F B0 60 2D 1E 2A
00027B10  60 B0 09 2D 31 24 A8 A1 37 AA 63 2C DB 9E 2B 24
00027B20  EA A5 13 B1 E0 29 23 2A E7 21 47 A7 43 AE C4 26
00027B30  95 24 3A A5 6D A1 95 28 5A 31 E8 24 BF AD 07 1E
00027B40  96 2D DD 13 31 2C 49 1D 56 A0 C4 26 2E AC D1 2B
00027B50  48 28 58 2E A2 AD 2E 9A FA A7 8E 2C 9F A9 19 A0
00027B60  2C 27 90 26 7D 27 84 2C 34 A9 F9 2C E0 AF 6D 24
00027B70  D7 27 B5 22 6D A8 C4 A9 9A 2F 3E 26 6B AB E1 AB
00027B80  51 2E 19 94 03 A8 C9 A9 FA AC 2C 31 51 9F 2F A7
00027B90  D0 AB 8B A8 DA 2E 0E 29 09 27 3F 21 20 AB 2B 28
00027BA0  C1 A8 76 28 5A AB 4F B2 0A 2D 0D 1A EB 24 0F AA
00027BB0  14 AC 53 2A 66 2C 42 9A 00 2B 96 A1 18 31 69 22
00027BC0  11 AA 88 2D 53 2B A5 A4 4E A3 81 25 23 2A 95 A8
00027BD0  26 AA 6A 25 4C 2C AD 26 4C 28 75 A2 9F A4 9A 25
00027BE0  80 2C 36 B2 91 20 A2 A2 7F AF 72 2A 5C 28 BE 2C
00027BF0  91 A8 DE AD 5C A7 DF 24 52 2C 82 AA 51 94 E4 29
00027C00  E0 A4 87 98 7B AA 59 A1 FA 29 96 2D D5 28 E7 1E
00027C10  F6 2C E6 AA 96 2A AD 22 BF A6 24 A9 2E 22 C8 2C
00027C20  94 1C EA A3 BB A7 48 27 70 13 56 A9 9A A6 8E AC
00027C30  A9 AA B7 A5 FD 28 2C A6 9C A5 EF 27 48 2C 04 1F
00027C40  82 A4 20 29 FA 24 95 A5 4D A6 59 2D A8 2D 52 2B
00027C50  24 A3 69 24 B4 28 F3 1E 45 AE 88 25 4C AA EF 24
00027C60  BB 24 FA 1B 9C AD 24 98 74 A3 D8 21 D8 2A 5A 2A
00027C70  DA A8 F7 A9 7E 29 56 32 23 A7 5A 2A F9 29 D5 A6
00027C80  37 B0 DF AE B4 27 4C AD D9 1B 25 AD 0B AD E2 2E
00027C90  C4 AA 16 AC 0F AB 4D A7 45 A9 CA 20 5B 2E 48 21
00027CA0  74 A5 D5 26 C8 9B C4 27 F0 AA B5 A1 C9 A9 1E 25
00027CB0  25 26 6B 25 A2 2B 85 A9 B8 A6 16 2B A0 A3 E0 A8
00027CC0  59 9D C5 29 F9 2C 40 2C A9 30 FA A9 AB 29 CC 24
00027CD0  17 23 F8 2D 38 AE C5 A1 66 B2 31 AD D5 A7 65 30
00027CE0  05 24 EA 27 18 A8 D3 A7 5C A7 46 AE 0A A6 88 AE
00027CF0  DB 24 B7 29 73 2F 23 99 0E AF 18 B0 EE AE 4D 1F
00027D00  27 2B F9 27 5B 23 45 A8 DA AB 56 25 F3 AC 0D 31
00027D10  23 2F AF B1 E2 A6 42 26 DC AA 64 26 1B 2E 6E AA
00027D20  30 2A 15 2C 27 AC 4B 2C B0 A1 AD AA 5B 29 18 26
00027D30  C3 A5 29 27 39 21 32 9B 8C A9 61 29 7E A9 4B 22
00027D40  B3 A5 1B 29 88 A8 9D 29 E0 29 6C A0 E7 A3 0B 28
00027D50  BD 90 26 98 D6 27 6B 22 7C 27 E9 90 6D 1A 55 08
00027D60  BC 1E ED 20 36 A9 5B 28 A4 2C D1 28 28 1C 03 AB
00027D70  5C AA 53 A8 40 2D 96 1A D6 21 2C 30 64 2B 6C AA
00027D80  93 28 F3 9D DA 20 14 2A 34 28 39 AC E6 9A C2 AE
00027D90  50 24 72 27 A9 A8 4B A5 86 26 DB 97 A0 25 BD 26
00027DA0  33 AA E5 2D D4 A6 CB A5 6F A6 87 AC 9E A9 38 A0
00027DB0  81 25 1A A7 C5 28 79 1A 20 A2 C2 24 AE A0 BE 23
00027DC0  74 21 7B 29 81 23 DD 25 10 18 5C A5 A9 1E 16 24
00027DD0  52 13 B6 28 46 A8 D4 AB EF 26 5F A2 62 2C 75 99
00027DE0  BE 1C 3A 1F D7 9D 2B 22 B5 9C 87 AA EC 90 3D A7
00027DF0  2D A4 1C A8 B1 2B DA AD 86 A8 3A AE 1A A6 BB A0
00027E00  85 AC 48 2D 89 28 FA 15 E4 9C CB AA AB 1E F0 2A
00027E10  5B 26 85 AA A1 A7 98 AE DA A4 0B A6 78 AC 63 22
00027E20  5F 29 1E 24 5E A8 54 9C 00 AB 00 AA 4E A9 84 9C
00027E30  89 26 56 AC 72 24 FA 25 CA 26 BD 2C B5 AA 2C 21
00027E40  46 A8 76 24 8C AA 62 9A CC 2A A3 A5 F8 0C BE 2B
00027E50  0C AA 00 AB 01 20 21 2E FD 2C 4A A5 42 A1 81 2F
00027E60  61 28 02 28 0A AE A9 A4 DB 9C 94 28 10 9E A7 2E
00027E70  C4 29 8D 1A D1 A9 FA 2C 49 AD 02 18 FF 21 51 AE
00027E80  92 A8 BA A9 2B AB DA AC 0A AA 86 2C E9 25 E5 24
00027E90  2E 98 BA 2C 71 AC 54 2C 84 1C FF 26 36 17 56 31
00027EA0  5E 2B 1E 1B C2 2E 3B 25 75 14 96 30 7D 27 20 2C
00027EB0  14 21 C1 29 6C 16 E9 21 13 2F 48 1D 71 24 C9 1B
00027EC0  A3 AD 4F AB E0 31 87 AB 29 2D A8 A6 52 A8 38 31
00027ED0  2A 31 D9 AC 37 2B 17 A9 95 2A D4 2E 6D 9D 65 A4
00027EE0  42 A6 7D 28 10 30 26 30 78 29 CB 30 16 24 6C A8
00027EF0  B8 A8 66 30 24 AC BA AC AD 2D EA 30 E7 22 2C A9
00027F00  2D 2F 16 B0 B0 24 80 93 7F 26 40 2E 61 0D 25 AE
00027F10  B2 B1 EF 30 9E 25 FC 20 BD 22 96 AE B0 9C 7F 26
00027F20  CF 29 97 9E 9F 29 56 AD 90 1F 07 1F C8 8E 46 A9
00027F30  69 A5 FC 9F 78 A1 F3 1D 44 2C 09 2F E3 23 4B AA
00027F40  E4 1F 2D 2A D8 A5 93 A8 BD 9F 69 AB BA 20 1A AD
00027F50  3B 20 34 29 D0 28 C1 26 F1 18 7E AF CE 2E B3 1D
00027F60  F1 A1 85 AA FF A8 2C 1F C4 AC 84 AC 9F 2C D3 A6
00027F70  5D A4 C6 9C 51 A8 69 A8 7F 89 A4 AC D1 24 A2 9E
00027F80  B4 25 13 2E 24 A6 94 23 8E AE EB A2 BB 9F 5B A8
00027F90  99 2C FA A9 F9 AC A8 21 94 AF 11 2C 76 30 B8 AF
00027FA0  07 1F FD AC 91 2A C9 A1 C4 B3 AD A7 18 9F FE 21
00027FB0  3B 2D D2 A8 FE 26 FA A1 5A 2F DE AC DD B3 28 A1
00027FC0  EF 2A 54 2B 9E 32 A2 A4 21 24 12 AD 1A 2B 4B 28
00027FD0  43 AD 31 25 C4 2B F6 AE CD 2D 0A 9C 1D A5 4B 29
00027FE0  0B 98 A4 10 B5 B0 30 82 0B AC 28 1C 13 A8 E6 A3
00027FF0  17 AD E1 32 3F 22 E5 B1 70 2D A4 AD A6 94 7B 16
00028000  0A 2A 74 2A 2B 31 4D A1 F9 20 2C 2E F3 AD F6 AD
00028010  A8 AD 2D 1F 23 B0 1D 28 1F 2B 84 24 BA AC 8C A9
00028020  40 18 92 A7 93 24 15 A6 86 20 72 AA 9C 9C 55 A2
00028030  D6 AC CD 28 90 22 9B 25 D8 28 E4 26 C9 AB 74 2B
00028040  C1 AB 4E 29 60 AC B9 A2 F1 1E E5 AA C9 9D ED 29
00028050  C8 A5 F1 A4 35 2F 79 2C F5 28 12 AA D3 28 3D AC
00028060  7D 29 20 29 D5 B0 B4 29 60 28 17 2A D3 8E 01 A5
00028070  3D A9 8C AC 73 A2 19 31 0C 28 38 2E 46 30 23 AF
00028080  00 AB CD AD 8B 2F 17 AC 3A B0 B0 24 E2 2E 07 2C
00028090  21 27 12 30 4C A1 5B 20 ED 94 1B A6 76 A5 CF 9F
000280A0  1B 93 D1 24 70 AD 9E 2A 2E A3 46 A2 95 A1 69 A4
000280B0  CF 26 7D 24 EF 02 ED 1C 8E 1C 3A 12 63 AC BF 0E
000280C0  96 A0 E1 25 14 AA 76 A3 70 9C F1 25 23 98 99 A5
000280D0  DD A1 70 25 C7 9F 1D 26 39 26 8C 27 4B A3 81 A9
000280E0  91 14 79 24 74 27 6E 26 5A 2B 8B 2C 72 27 41 21
000280F0  92 29 10 21 A9 28 D5 24 2E 20 5A A7 3B 23 08 1D
00028100  E3 AB 65 22 9D 25 FD 9C CA A9 23 2C C7 A4 6E 29
00028110  1F 20 C6 28 02 AD BE AC 04 97 99 A0 38 2D F1 9E
00028120  CE A5 E8 2A B0 2C 55 A4 8F 20 76 A4 FF AA 30 A1
00028130  EF B0 DE AB D4 24 F6 29 42 A2 FF 29 B3 27 10 21
00028140  17 28 CF 19 AC 2C 12 9B B6 9D AF 28 5C 26 BC 29
00028150  FD A4 D4 2A 12 19 3C A4 B5 2A 99 26 52 2C 05 AD
00028160  4A A4 2D A8 7D AA 62 1C 02 2A 2C 92 95 AB 6D A8
00028170  07 2C E7 9C 89 25 F2 A8 C2 A8 24 29 78 2C BF AF
00028180  9C 28 D4 A8 63 A8 BD 21 8E 20 1D 2F 97 36 C0 B1
00028190  E8 AE 8C 16 8B 9F BA A2 E0 2A D0 AD 80 AA C4 0D
000281A0  D5 27 D1 25 B5 20 09 AD B0 1D 9E 28 80 27 A0 1D
000281B0  94 1E 5D 28 60 95 BF A2 C6 2C 2F 28 0B 2C 4E 28
000281C0  4A A5 DD 29 3B A9 69 A1 80 28 12 A0 8C 2B 55 A9
000281D0  01 28 68 27 B2 A6 F8 9C E2 AC 18 25 23 B1 01 2C
000281E0  97 A8 5A 2D 91 14 90 9B 45 26 E6 AE DB 2A 22 AB
000281F0  06 AD 85 A8 EA 2B 9D AA 03 A8 23 1D 47 2D 02 AE
00028200  5C B2 12 27 66 A4 7E B0 59 34 ED A7 8B B0 E9 31
00028210  99 2D 5C 23 D7 A8 50 26 1C 2B DC AA 08 30 3C 9B
00028220  48 90 AC 17 43 A1 17 A7 F6 11 A0 A7 A7 A7 41 1C
00028230  F2 1D 9E A6 BC 25 D3 A3 97 26 CD 24 D3 15 CD A9
00028240  54 2A A9 A1 88 A5 45 A4 98 96 88 91 50 1F 8F A7
00028250  B5 AD 0F 2A 6D 2B F0 21 DB A8 74 A3 73 28 73 24
00028260  9E A1 97 2B 0A A8 B5 9B 42 A5 E5 A8 9F A7 AD 31
00028270  4A 0B 2F A5 19 9B A9 29 AB 1A E5 A4 12 11 F4 A8
00028280  80 28 6C A5 55 A1 11 25 09 2A 11 AA 51 AA 9F AC
00028290  D3 28 28 AD 04 2C 51 22 52 27 05 A4 5A AB BE 28
000282A0  60 A5 33 24 5A 24 D9 27 2D AD EC A6 EE 1D 6E A2
000282B0  A2 25 23 23 F6 8E A4 26 43 2B 98 26 F2 24 2C AE
000282C0  AD A9 D1 21 C8 22 31 24 CB AA 78 A9 08 B0 33 8D
000282D0  7E AD AD 28 5E 9C 45 A4 DA A8 10 A3 A6 21 1C 29
000282E0  1C A9 15 AE FE 25 AC A5 67 AC 38 25 F2 2E 4A AB
000282F0  6D 2C 76 8F CD A9 43 A6 84 1E 35 23 4A 1E EF 2F
00028300  C6 29 5D A8 DC 28 8D 29 37 AC 47 2B B6 AC 70 24
00028310  1C 2E EF 23 42 2A 1D 1A EC B0 73 26 3E A7 BC 0C
00028320  61 A6 D6 2C A2 9C B4 A2 B4 17 97 AD 46 25 FA 22
00028330  E0 26 DB AD 51 29 24 AA 39 9D 28 24 8F 26 88 27
00028340  B7 26 25 9A 38 25 7A 2D 05 AF B2 A5 79 1D BC A4
00028350  92 AC E9 30 D6 AB 3E A8 57 28 B4 2D 4F 2D 0F A9
00028360  2C 26 16 25 9A AC 24 21 A6 AA 1B 29 5A AB 8F 21
00028370  4C AA 1F 2E 5D 26 79 2C D3 95 D4 A5 E3 A8 3E 9D
00028380  4C AC D9 2A A2 30 13 30 EB 25 2E A0 18 9B 2E 19
00028390  51 A5 01 AC 8E 25 76 A8 42 A7 2F 26 66 14 11 28
000283A0  BE 1B AD 21 12 20 0E 1B 6F A2 95 98 16 28 A9 27
000283B0  26 31 73 AA 89 27 4F 22 33 A5 E5 29 F2 AD 96 99
000283C0  70 21 C7 28 95 2A E8 9B 3D 2D 46 AA 3D 2D 41 21
000283D0  0D A1 20 A6 52 B0 FA AF B7 9B 08 A9 41 28 80 AA
000283E0  BB A6 E6 28 8B A6 4B A1 77 A2 07 AB 24 2A 01 23
000283F0  73 26 6F AC 78 AE 5B A9 67 2B 6D AD D2 A6 DA 29
00028400  4C A9 73 9C 85 1E BE 29 EA A3 85 AC 36 2C 06 9B
00028410  41 24 86 19 00 9C DF 9E 23 A1 26 21 F8 2B F9 A6
00028420  93 27 D1 27 9B A9 FA A3 51 A8 31 9E 16 9D C0 24
00028430  09 22 33 A1 FB 24 50 9D AB 21 84 24 90 AA 68 20
00028440  F0 A7 8B 23 30 95 71 A8 DB A6 8E A4 7A 25 9F 15
00028450  87 A7 7E 26 BC 1C BD A3 80 9B 5D 17 86 28 9C 24
00028460  D9 25 21 27 85 A2 CD A6 20 A4 12 9F C6 9C EE A6
00028470  5E 24 47 1C 8C A6 D2 1C 32 13 53 A8 77 A6 3F 1D
00028480  85 9F 76 1F 3C A4 10 A5 48 20 67 A5 F2 9E 46 AA
00028490  BC 11 4B A2 D4 28 76 A4 13 2B 96 25 35 AA 92 AB
000284A0  08 22 FA 30 DA AE 30 1E 19 2D F3 A5 71 97 A4 A4
000284B0  5B AA 9C 2C 59 1E D9 28 96 2F EC 2C CE 29 AB A1
000284C0  0A AB D9 26 1E 28 08 A5 4F AC 80 AC 12 26 38 A4
000284D0  F8 AA 15 2C B6 28 E3 93 44 A9 6C A7 FC 2C C1 29
000284E0  8F 2A 76 2C 6F AA 1B A6 DF AC 07 9F E1 27 94 AD
000284F0  B4 AC A6 A9 D5 A6 05 AB 89 AE C0 A8 F7 AA AB 2B
00028500  FB 21 A3 97 33 AB 0A 28 39 22 F9 2A 30 AE AE 25
00028510  F2 2B AC AC 97 AA 86 29 7B A1 E6 26 47 A6 5C 27
00028520  CE AB AF 29 7F 25 82 9C 16 9E F9 A5 49 A7 36 A8
00028530  29 24 BF A9 F0 19 B3 29 47 28 A9 A8 24 AB C9 A8
00028540  29 A5 36 29 90 2E AD 29 12 29 75 AA 0F 29 19 97
00028550  D6 2A 9F 87 82 A0 E5 AC 7F A8 54 A8 3E A9 90 17
00028560  61 1A F1 8C 5D 2A B5 22 21 2A A8 A8 9A 24 73 A3
00028570  C8 AE 04 23 EF A6 8E AF 36 A9 BF A5 CD 9F 1A A8
00028580  97 2A 5D A1 0D 21 4E A3 69 A6 18 B4 CF AA 75 29
00028590  92 AD 86 AC 52 19 0E A4 27 9D 74 99 59 1F 13 18
000285A0  07 9C 3E 22 DB 9F C5 21 58 A3 4C 9C 17 A3 89 11
000285B0  C7 24 AA A0 90 1E 42 22 8B A4 54 1A 05 28 FB 9A
000285C0  8B 20 3F 9C 79 A5 F5 1C 0B 9E B0 21 95 A4 9A 91
000285D0  D1 AA 66 1F 81 A1 6B 1A 83 1F 3A A3 84 2A DD 90
000285E0  79 22 BA A2 C4 9B 48 18 A0 A7 EC 21 14 28 7D 20
000285F0  89 98 D6 9B 23 1D AC 1D 1C A2 46 1A 11 AE A9 27
00028600  A7 10 76 A3 4E A4 0E 28 78 A2 2F 25 1F 28 81 A5
00028610  49 A7 C0 A9 F3 A0 90 87 66 A8 51 22 ED A3 3C 26
00028620  34 1E C2 20 40 27 96 1A EE AA AA AB F5 A9 FC A4
00028630  AE 27 22 A1 F0 25 4C A6 09 29 21 23 CE 23 A9 A8
00028640  87 A5 9E 9D B2 2C 7D 1E 9A AE B9 A5 DE 95 21 93
00028650  BC 28 2A 22 CD 2C 0D A8 1E A6 4F 1B C2 A6 06 29
00028660  E6 A8 EC A8 DB A8 E1 11 8B 2E 62 AA 68 29 C2 AB
00028670  43 2A 5D 9C DD A7 2C 2C 15 A6 97 A2 97 A9 97 AE
00028680  E6 10 46 A6 26 25 8E 15 0B 26 C2 A7 B9 AB 22 30
00028690  6C 26 02 A8 FF A7 79 AA F1 26 06 A9 82 A0 AC A4
000286A0  D0 1B B8 AA 67 2C CA 24 45 29 0D AC 99 2E C8 98
000286B0  E6 AA 2B 2C 17 2A 26 2D 0C 24 81 24 3C A9 1F AD
000286C0  8C 29 D3 15 8D A9 70 20 BE AA 92 26 13 A9 E0 A6
000286D0  57 28 1D A8 4F 25 5D 98 FC 27 24 A6 B8 28 02 93
000286E0  57 29 CF 26 46 A3 FA AA 91 A6 AD A7 0A AB 80 9D
000286F0  B3 9C 55 A6 33 A2 DE A8 1A 28 F8 A7 25 2C 76 AC
00028700  9F A7 78 24 7E AC 39 25 AF 2F 4E A7 3E 1C BD 2C
00028710  DB 12 56 21 3B 24 37 A3 77 27 6D A5 0A A1 CE 18
00028720  18 A8 CE 2C AE 2B DF A6 A5 A6 63 A9 0C A4 4D 1E
00028730  7F 23 D3 9C 9B 1D FC A8 2F A4 69 26 90 2C EB 1B
00028740  B5 A4 91 23 59 22 20 9E C0 A6 96 A3 6C A4 38 29
00028750  D4 25 B4 2C E6 17 80 23 0D 28 BF A2 48 1E 49 25
00028760  97 9E 3C A4 98 16 01 A9 6F 97 5B A1 90 03 1F A5
00028770  AD 2B 6A 20 44 95 56 24 C3 20 7E A2 8E 24 EA A6
00028780  D0 19 C1 A5 18 A4 1D 28 7A A1 B0 A6 7D 94 B5 27
00028790  36 A3 66 A8 7F A4 A9 21 49 1A F2 1D A1 9C C3 96
000287A0  DC A1 8B 18 02 9F B1 97 5E A1 28 97 D5 A1 95 92
000287B0  A8 21 57 95 7A 1B 2C 9F 8D 1C 49 1B 2E 9F B0 A2
000287C0  03 26 DB 1E AC 92 AB 1B FD 1C 75 9C 57 A2 48 97
000287D0  0F A2 AE 25 A1 21 83 9F 7B 9B CD 99 69 A2 40 23
000287E0  39 9F C6 A9 D5 1A 4B 20 C0 1D 5D 20 7E A1 33 24
000287F0  49 25 DC 24 58 A0 BB 24 B9 10 B2 9C 51 A2 44 1E
00028800  8D 1F 1B A0 97 AA C4 1C C5 9F 16 22 8F A0 AA 95
00028810  A2 24 15 03 2F 27 F5 21 02 AC 29 20 A2 28 67 28
00028820  66 A7 64 A5 B4 26 1F 1D 58 23 06 9D 9A A2 C5 9E
00028830  82 28 55 A3 16 1E 4B 2A 75 A8 21 A4 68 A7 E4 1A
00028840  14 19 84 9A 4F 26 4E 29 40 9D 2A AB C7 A5 6A 1F
00028850  CF 25 18 A8 BE 23 0D 23 31 1C DC AC 00 AB 7E 25
00028860  2F 20 38 AC BC A9 A0 2B C9 A9 13 2E 3C 2D B4 8F
00028870  35 26 5D 24 C1 A6 55 28 2A A6 9F AD 16 A7 5B 2B
00028880  AC 28 6C 23 5F A6 93 AE 25 25 17 2C D8 A5 2B A4
00028890  33 A4 C8 28 DC 2B 00 A5 30 2D 2C 29 43 26 BA AC
000288A0  9A 20 00 21 D5 2C D8 24 D4 24 1B 24 25 1E 76 AA
000288B0  28 A1 5E 28 21 18 79 1D 32 26 3F 0C DB 20 02 29
000288C0  DD AC E3 A9 00 30 EA 26 DB A1 21 AD F7 A6 E3 29
000288D0  B5 A2 17 96 36 23 C1 1C 9C A7 02 AC 19 AC 91 24
000288E0  AC 1A 40 AB EF 26 52 AE 93 25 70 2E C3 2D AE 28
000288F0  10 A8 D6 A6 2B 93 25 2D 41 29 08 30 FD 25 70 2D
00028900  42 27 1A AC 03 A9 67 2C 65 94 78 2E 6E 28 C5 AD
00028910  EA AD 92 A7 9A 1E D4 9E A5 1D 3E 1C B8 2B 2C AB
00028920  32 A6 43 2A A0 27 0F A3 A6 A7 47 A9 EA 9A 92 A1
00028930  23 21 11 29 55 1F 4F A3 06 29 F6 24 3A 28 0F 25
00028940  45 A9 4A 28 A3 27 81 A6 4C A6 A6 AA 69 11 E5 9E
00028950  B9 25 AB 29 6F 20 5A 26 45 27 01 27 B9 23 9D 8F
00028960  B0 9D EB A5 09 28 00 20 A1 AC CC A5 9E 23 33 2C
00028970  99 26 AC 28 BF A8 BE 23 A3 A6 A6 28 71 21 18 24
00028980  3B 1B D2 1E B2 AB 2E A5 F1 AA 39 28 61 21 61 A6
00028990  79 20 76 AB EE 9E 3B 84 B1 9E 56 08 4D 9C 5B 15
000289A0  E9 1F ED A1 F7 15 6D 14 B3 20 1E 9D 30 95 A1 99
000289B0  36 A2 9E 9D A0 96 3D 9E 22 A7 3B 98 21 9F 3E 99
000289C0  9C 1A 6E 9A 10 20 2D 98 EA 99 A4 99 E5 1B 25 A5
000289D0  2F 9E 4D 9F 49 9E 6C 1C D6 99 DB 92 D8 21 6C 25
000289E0  E3 23 D1 10 1E 1D 8D 94 A6 9D 23 97 55 22 E5 96
000289F0  8B A0 EF 23 50 A0 45 99 94 A4 75 1C 3A A1 EC 25
00028A00  8C A3 64 24 3D A1 CF 99 59 18 9C 9C 84 23 56 1A
00028A10  52 A4 6A 91 31 A1 97 A2 62 28 AD A5 DA 2C D5 26
00028A20  E2 AA F7 28 79 19 9D 21 C8 26 5D A8 BD A8 77 A5
00028A30  E9 29 F8 06 1D 22 59 24 4E 9E 3A 29 5A A1 2F 2A
00028A40  F9 1B 20 1C 28 9C 4C 1E F4 28 C2 1B 20 20 BD 2A
00028A50  C5 24 A1 2A 45 A8 7B 93 68 A8 D9 9E 6F 29 46 A3
00028A60  02 20 7F 25 A2 28 4F A5 05 28 00 24 CB 28 B4 A5
00028A70  66 9C CA A7 A8 28 47 25 75 A4 BE A2 C9 A5 29 A4
00028A80  C8 A2 C6 26 3B 9C EE 2A 7D 22 3D 9B 45 29 56 28
00028A90  2F 9D 5E AA 59 1A BA A2 01 24 31 9D 7A 9F 48 9C
00028AA0  8C A4 73 26 33 A7 A7 22 D1 28 19 A4 BE 95 FB 9E
00028AB0  2A A7 F3 AB 9E 19 3A 2A 21 A6 CE 1F 0C 27 17 A3
00028AC0  A5 2A 25 20 0C 0C DF 23 6A 1E 15 9E 75 24 6D AB
00028AD0  1E A8 8E 22 CF A7 AF 17 D8 22 30 14 0F 1D A8 1A
00028AE0  73 16 4F 13 96 1C 3B 1C FE 8D 27 22 F0 25 4E 9E
00028AF0  7E A5 7A A0 C9 A1 38 AA B5 94 67 A4 3D 1E EA 24
00028B00  5C 24 C2 A7 8F 25 64 11 90 27 D9 21 2C 9F 18 A6
00028B10  E4 A8 94 20 00 A9 7A A4 6C A4 4F 1B DE A3 C5 A0
00028B20  E7 A6 7E 26 3D A4 6F 9E FA A6 FB A7 36 A1 DA A0
00028B30  D1 2B 6A A8 82 18 44 2A 5A AC E4 9B 2F A2 66 21
00028B40  B2 A7 34 9C DA AB EC A4 9A 26 B3 A4 72 A5 E2 A7
00028B50  C0 AB DB 0E 0A 16 16 20 AB 26 9A 20 BA 2D 4A A1
00028B60  60 A2 71 A9 69 A9 8C 25 17 AB 14 2D A0 2C 26 A7
00028B70  77 1C 20 2A 79 A4 A7 26 DE A1 B0 96 98 9E E1 2D
00028B80  28 9D 4C A7 71 20 AC 29 48 AB EA A2 34 1C BD 9D
00028B90  59 A2 11 2B 46 2A FB A2 FE 28 37 A9 F0 29 71 28
00028BA0  04 9C E7 1D 7B 27 45 0D 1E 21 FD 98 E7 A4 CB A2
00028BB0  5F A6 8F AC 6A 20 01 29 69 2C 04 A1 BB A4 23 24
00028BC0  4D 2D D0 21 98 A9 B4 23 09 18 DF 95 57 A6 C7 9D
00028BD0  9F 24 A0 29 13 A8 CD A4 8A 26 5E AC 6F A6 7F A7
00028BE0  F4 A1 7F A1 5F A9 16 A8 82 28 44 A8 22 28 6B A1
00028BF0  9D 25 D5 9A 48 AA CC A8 3F 25 B5 A6 49 AC 80 AD
00028C00  FB A9 C9 A7 EF AA D5 A8 B3 2C 92 2D 2E 2D B3 9D
00028C10  3D 2A CB AA D8 1A 37 18 EC 92 64 20 32 8A 5E 1F
00028C20  0F A2 18 1B 26 20 C6 A6 A2 AC 26 99 64 1C 22 9B
00028C30  06 C1 23 99 58 92 91 20 B6 A2 24 A1 3E A2 80 1D
00028C40  9D 21 1B 08 6A A0 CF 9D 7A 24 FE 21 3E A1 9E 96
00028C50  3D 24 7A 9C 72 A2 D0 1F B1 98 6B 23 14 A1 E4 84
00028C60  3F 93 BA 9E 29 12 0B A0 C9 1B B2 A4 ED 1B 18 A5
00028C70  79 A1 18 A0 0C 1F E7 A0 3D 9F 9E A4 22 22 4E 9E
00028C80  5B 1A 6C 0E 95 9E 32 1E 69 A5 47 A4 6C 26 E9 24
00028C90  03 2A 3D 20 15 1E CA 24 54 27 70 A9 D0 2C 74 1D
00028CA0  D3 2A 13 20 B7 A4 08 A8 11 94 7C A8 8C 21 9B 25
00028CB0  8A 0D 78 11 BD 1D A1 22 8E 23 03 9C B8 28 00 A5
00028CC0  7D 20 93 19 D6 A0 23 15 30 A5 78 A4 84 25 6A 19
00028CD0  CC 99 2B 2A 6B 26 A9 24 A3 21 DD 22 62 20 09 A4
00028CE0  62 9D CE 29 C5 A3 51 20 4C AB D6 A1 64 A2 F0 95
00028CF0  1B A7 07 91 7A 91 8B 2B 6B A9 AF A2 33 28 40 A9
00028D00  3B 27 F5 83 EA A5 60 A0 44 29 D0 9A AB A9 FA AA
00028D10  27 2B 39 AC 01 88 26 A5 AC 24 FA 19 C4 A4 F7 9C
00028D20  52 A4 22 1A BB A3 99 94 43 A4 3C 17 98 A0 99 A1
00028D30  4C 1F DE 20 DC 19 92 1A F0 9B D1 1E 59 22 A1 A4
00028D40  34 A0 D7 25 C4 99 11 20 61 23 68 9C 84 18 FF A3
00028D50  BF 95 74 24 A1 A4 70 21 A4 9D 1D 9F 5A 1F 13 23
00028D60  90 1D 3B 21 3A 18 12 19 C3 A7 90 1E 92 1D 1D 94
00028D70  A9 A4 F7 1D FB 24 32 1E 10 A0 5C A0 42 27 95 9E
00028D80  3E A2 41 A8 BF 9D 64 22 34 A2 EA 93 8A A8 09 22
00028D90  AA 29 56 A0 3B 27 0C A7 EB A1 AA A8 E4 A3 85 1F
00028DA0  15 24 9E 24 F9 A0 6A 24 0B A4 40 21 58 A8 34 A9
00028DB0  5E 26 78 A0 24 1E F1 1C BE A8 85 1D 4F 24 39 A5
00028DC0  92 A4 7D 9D 45 24 37 A8 25 28 FE A1 1D 1E 3F 9E
00028DD0  4D A7 87 22 BC A8 E3 22 04 29 1E AA D2 29 14 A8
00028DE0  C4 21 F5 11 7E 10 01 A3 05 AD 28 8D 81 2A D6 22
00028DF0  FC 1C B8 A2 DC A6 A0 9B 3E A2 BA 0B A6 1F 60 28
00028E00  52 1D 1B AA 08 21 1A 2A CC A9 5D 1C 03 A4 44 1A
00028E10  68 25 DE A9 24 9E 7A 20 C7 20 58 A0 13 21 2A 97
00028E20  11 A1 1A 1A D1 99 2C 9C 4D 22 00 9D 9E A3 D7 1D
00028E30  C2 91 E1 1C 42 19 C4 21 39 0D AB 13 D5 20 F5 24
00028E40  6A 1C 13 20 CB 18 93 15 4D A6 72 1C 42 1C 84 9A
00028E50  78 A1 55 20 C7 9E FB 9E 3F A0 0D A0 C2 9C AB 1C
00028E60  CE 20 47 20 37 1A A7 A2 04 A1 5E 9A DA 15 D1 A2
00028E70  86 14 FA A2 B5 A4 E6 21 23 A5 C7 1D 40 A2 2F 20
00028E80  59 A4 37 19 74 19 E5 17 7D 1E 47 94 8A A0 1B 24
00028E90  28 1B 33 A0 F3 28 CE A6 3C 20 EB A3 5C 26 9E 25
00028EA0  AE 1C 2F A0 E6 19 F3 21 9B 23 A6 A5 60 A2 AE 23
00028EB0  60 20 EF A3 3E 28 2C A5 76 A1 68 A1 EB 21 B5 1C
00028EC0  5E 99 AF 98 57 23 26 A9 64 A5 02 A6 12 23 D1 A1
00028ED0  E7 26 CD 1D 4F 94 2A A6 76 29 0B A8 EC 0A 2B A6
00028EE0  AE AA AC A8 D3 A1 14 28 07 A0 13 26 F4 29 F8 27
00028EF0  2A A1 76 19 CC AA 32 24 55 24 00 18 7E A8 7F 2B
00028F00  B0 99 63 A6 93 A5 02 0F E6 9B 46 1B 70 A6 39 23
00028F10  8F 9B 26 9D 9B 18 F9 9F 34 94 89 9F 52 1D D5 1D
00028F20  FF 96 84 A2 67 1F 07 97 D2 9E F4 1E 21 1E 44 22
00028F30  86 28 A7 94 89 20 04 98 B9 1E 5C 9C E2 1D E1 22
00028F40  99 1C 9C 1A 5A 20 29 21 BE 21 88 1C 91 9E F8 20
00028F50  5D 92 55 98 0D 9D FF 9C 7C 9A 71 82 3C 95 A6 9E
00028F60  C6 15 19 A1 1E 24 32 9D A8 19 22 A5 76 A2 DE 21
00028F70  C6 21 43 A2 9A 9C 3D A2 33 96 4F 9E 9D 1E 52 A3
00028F80  92 1F 22 25 2A 8F AB 9D 21 29 85 A4 8B 97 76 18
00028F90  B9 A1 2C 1F D6 65 FF FF 04 00 00 00 80 00 00 00
00028FA0  00 00 00 00 00 00 00 00 00 00 00 00 00 00 00 00
00028FB0  00 00 00 00 00 00 00 00 00 00 00 00 00 00 00 00
00028FC0  00 00 00 00 00 00 00 00 00 00 00 00 00 00 00 00
00028FD0  00 00 00 00 00 00 00 00 00 00 00 00 00 00 00 00
00028FE0  00 00 00 00 00 00 00 00 00 00 00 00 00 00 00 00
00028FF0  00 00 00 00 00 00 00 00 00 00 00 00 00 00 00 00
00029000  00 00 00 00 00 00 00 00 00 00 00 00 00 00 00 00
00029010  00 00 00 00 00 00 00 00 00 00 00 00 00 00 00 00
00029020  62 66 FF FF 04 00 00 00 80 04 00 00 57 B6 A5 3B
00029030  C8 B8 4E 3A DA BB 52 BD AF B2 02 3E B5 BE C0 38
00029040  4D 3E AA 39 AC 3E 26 33 2D C3 6B 33 A3 BB 15 BA
00029050  00 BB F1 B4 B3 24 6D 38 4B 3C C9 B6 D2 C0 33 35
00029060  6D 33 BF 2A 29 39 1B BF D2 B1 19 34 C2 24 F6 35
00029070  A6 3D 74 B9 CB 39 39 B3 CD B9 02 38 F4 B3 56 3A
00029080  12 3D 6C BD 73 AE 89 36 48 38 9A 3F 9B 34 7E C3
00029090  B0 C0 DE 2C 77 3D 21 B7 97 3D C2 C0 04 BD 15 34
000290A0  15 BA F9 36 9E 2F C0 38 D9 B8 0A 42 9F B9 C5 B6
000290B0  90 32 CB AF FA BE DD B9 3D BC 44 B8 F7 B7 99 34
000290C0  92 3D 26 3B 27 3F 00 A6 C2 C1 07 2F F2 B6 E5 38
000290D0  16 BE D8 B8 01 3B ED 37 58 3C 58 BC D9 C0 26 AB
000290E0  C1 B0 DC 34 49 38 D1 BE 8E 34 37 BF 03 B8 1E 3C
000290F0  48 3C 59 B8 03 3C A6 B9 67 B7 66 B3 AC BB C0 37
00029100  4F 32 E0 BE E8 38 12 36 01 AC 17 39 11 3E D7 C2
00029110  98 B9 F5 BC 52 B8 73 3C 5D 30 23 B1 E2 3D 7A B1
00029120  90 39 A3 3F D7 39 F4 40 22 2A 35 40 A1 BD EA B8
00029130  D5 27 F3 2E 7A C1 D1 36 A2 BC C1 B9 E9 33 19 B9
00029140  3B 3C A1 32 FE 38 98 AE E1 BA DF 38 AE B9 83 2F
00029150  74 BC B8 B8 B3 3E E6 35 30 B8 18 B3 44 BD 24 AF
00029160  24 B8 4D 3A 42 34 26 B5 26 36 B1 BA 65 BE E3 3E
00029170  97 B1 20 31 C1 B8 95 AF EF 3B FB 2E 02 BC 08 38
00029180  85 34 81 BC 57 BC A7 35 31 B4 71 B2 08 3C 1B BB
00029190  BD 3C BD BF 3A 30 AF 3D 97 C0 1B 3C 77 40 2E A9
000291A0  43 BC 1D B5 EA C2 65 42 C3 28 CD 3F 5E A2 D1 33
000291B0  3E BE 25 3C AD B4 F4 B8 49 23 EF 35 B5 BD 90 3B
000291C0  18 3D 24 35 AD 40 40 A1 11 C4 50 3B 9C B9 EE BE
000291D0  68 C0 96 23 8B 37 EA 39 1B 3A 10 A6 D1 BB 63 AC
000291E0  D6 3B D6 AD F0 3A AF BD 41 38 25 A8 58 2F 7C 3A
000291F0  D8 B0 96 BA 57 34 A1 BC E1 BB 38 3C 74 3C 53 3A
00029200  61 3E BF B8 9A 3D 27 2D 54 BD 0A 3B 2A 3B 62 BB
00029210  83 B9 2F 35 55 33 33 3E 22 3B 7B B6 A7 BF 3C 40
00029220  1E B3 A9 C1 1D 3E 3A BA 5D 3C BF 36 39 3C CC 3D
00029230  EC 36 6F 38 F7 B4 8D B6 EA 30 D3 BA 0B 3D 85 3E
00029240  F4 40 3B 3D A8 42 A4 40 FC C2 F3 3D 23 C2 8E 40
00029250  4E BE 70 B9 23 AD 73 38 0B 38 C5 BE 2C B8 45 BE
00029260  91 3D 8D 40 26 37 44 33 30 1F CD C0 BC B6 B9 B5
00029270  B5 38 83 28 2B B5 95 C0 33 B8 E1 3E 74 3E D0 BC
00029280  AD BD BF B5 A8 3D 72 C2 3F C0 EA B7 D2 40 91 C1
00029290  5A 3B 5A 34 FE 43 2C 3E EC 38 BD 41 04 42 87 40
000292A0  F6 3D 78 BB 9D BD F7 38 A3 40 BC 37 56 BE 7F BA
000292B0  BC 34 FA B2 29 B6 E3 38 F5 B1 57 2C 83 30 AE B9
000292C0  91 36 5E 33 A8 3F BE B3 2A BA 81 37 1A B9 D0 3D
000292D0  27 38 C2 BA 36 B3 38 B4 93 B3 B2 B4 A2 BA 52 AB
000292E0  D4 B6 FE 35 81 B6 45 3B 7C AC 56 B3 2A BE 6A 34
000292F0  D2 B6 E8 3B AE BD 04 BB 22 3D E8 36 9F B9 65 34
00029300  2E C0 FC BA 26 BF 63 2E BF 2B A9 B3 90 39 F9 35
00029310  34 3E A5 BE 35 3D CC B6 D6 B8 CE 3D 80 41 0E B4
00029320  AB BA 24 3F 08 C5 32 2F 73 40 03 3E 43 B1 25 AB
00029330  F1 25 06 3A B8 BC 22 36 03 35 98 2D EB B8 51 32
00029340  05 3C 19 35 29 38 D4 28 27 C0 B8 39 93 B4 8A BA
00029350  C1 B0 21 AE 78 3F BE 39 2D B7 72 B0 2E 35 38 A9
00029360  0A 3A C1 AC 68 B0 E8 B2 40 B9 40 BC D7 2D 87 B2
00029370  C1 BD DF 2A EA 3E DC BA 16 B4 FD 3E 17 38 A4 3D
00029380  9F 3B 80 2F 58 B8 0B AF EB C1 04 B9 0A 3E 49 B5
00029390  0A 39 8C AD 14 40 4E B9 AD B9 CA 3C 34 C1 91 3B
000293A0  3F BF AA C3 6E 2D 4C BC 33 40 B3 BE 55 30 94 34
000293B0  83 B9 66 26 54 B1 41 38 DE 2F 80 31 13 AF 30 30
000293C0  E3 33 E6 34 12 3D BE 99 74 BE 9B 3C 8F B5 BB 2E
000293D0  CE 38 2A AF D0 35 54 37 1C B8 F8 B4 C2 3C F1 B5
000293E0  90 38 0A A6 7A BA 2A 3E ED BD A1 B9 BE 38 34 BC
000293F0  B5 B8 6E 3D 78 3C FF B9 12 B4 FF 3F 0D 3D 9D B0
00029400  F2 3D 08 3C 41 BE 3C BB 45 BC D2 B3 90 39 35 B1
00029410  C7 3D 66 B8 4A 41 00 C0 D4 B6 C5 3D AB 3F 69 3C
00029420  3D C0 DC BD 68 C1 69 B4 3B 41 7F BD 2B B8 00 B9
00029430  BD B4 3D B5 89 B3 30 AF 3E 31 F9 2E 1C 2A D4 BC
00029440  A8 2F A2 2E 7A 38 8C B4 7D BA 84 3A 1F B5 99 3A
00029450  5E 3D E3 B0 72 38 3E 30 3E 31 E0 B8 D5 35 D4 A5
00029460  7F 2F 7D 39 3F BB 49 A9 86 B7 F7 AD 94 BC 64 BC
00029470  42 33 57 3D 8B 3A F4 2C 7D 37 BC 3D 92 38 F1 2E
00029480  FB 38 41 2B BC BD 0E B7 9B BD 93 3B FA 37 30 B9
00029490  81 3B 79 BA 31 42 F7 C0 10 C0 DC 3A 4C 44 97 B5
000294A0  2A BF 55 38 D9 C5 40 3F B7 3F 78 B7 EE 6A FF FF
000294B0  04 00 00 00 20 00 00 00 00 00 00 00 00 00 00 00
000294C0  00 00 00 00 00 00 00 00 00 00 00 00 00 00 00 00
000294D0  00 00 00 00 08 00 00 00 1A 6B FF FF 04 00 00 00
000294E0  80 00 00 00 75 BD 2A 34 FA 31 03 39 00 C1 84 38
000294F0  A9 3E 2B 3F 7F 3E A5 34 0C C2 6A BA 06 33 41 A3
00029500  4E C5 BB 3A EB C0 82 36 55 B4 BB B8 D3 B9 00 40
00029510  51 3F 7D BC 41 2C CC 3D A8 BB 23 BF 3D B8 F9 B9
00029520  6C 3F B4 BA 40 3A 78 2C 99 31 C1 3C C4 B6 E6 B9
00029530  46 3D 63 33 1E 36 D3 2C DB B8 92 BB 49 35 8A 2C
00029540  92 34 C3 3C 9D 38 7F AE 6C 3A F3 3A 90 BC 24 B8
00029550  93 AD 91 B9 0C AE EF 38 11 3D FE 36 5E 31 5B 2F
00029560  0A 30 6E B4 A6 6B FF FF 04 00 00 00 00 1C 00 00
00029570  77 25 4E A4 2E AF 65 A8 A8 AA 63 28 B5 A8 A6 2B
00029580  7C AA F2 24 40 2C B6 A3 91 AB 8B AA 28 A8 A5 97
00029590  F5 2D A7 28 DD 2C BD A4 EB 2A 78 20 DB 20 22 23
000295A0  AE 21 63 A8 E5 A1 2B AB ED AA 5F A2 10 25 28 A6
000295B0  7D A8 FC AD 3A 9F 9B AA C1 A5 04 26 67 2A 63 2A
000295C0  0D AC 3E 2A CA 2A AC A8 DA AD 7B 29 0A 2F 11 2D
000295D0  75 A9 E7 A4 FE A7 48 AD B7 2D DF 26 47 A8 6A 30
000295E0  2E AA 14 24 59 31 66 28 93 99 14 AC CB 30 DA 21
000295F0  C7 23 A7 29 D5 2B 86 24 17 2D CF 95 CE AA E3 A2
00029600  57 30 65 23 04 AD 63 1D 39 2A 85 A1 14 2A 36 2C
00029610  71 A3 6E 1C B3 22 7D AD 7F A8 5B AE 73 2D 42 21
00029620  C7 A8 77 2D 3C 2F 2D 30 2D AB 52 B0 76 A8 1D 24
00029630  D8 23 D2 A4 B1 24 21 2A 98 24 39 31 BB 2A A1 2B
00029640  C0 AA 7E 26 C4 A6 23 24 8A B0 E9 2B 03 31 A7 AD
00029650  8C 26 E8 AB 63 B1 83 A4 5D A7 B5 AA C4 2C F7 27
00029660  3E A7 80 29 48 A4 37 29 AE A6 79 B0 41 A8 53 A6
00029670  A8 AC 33 A3 71 2C D2 2F 3D 28 FD 28 12 29 62 28
00029680  13 94 0F 12 0E 1D BD AB 75 29 52 2B E8 28 90 AD
00029690  31 1E 0D A0 09 30 33 2A A8 A5 62 2F 13 A5 D7 AD
000296A0  A4 A9 61 2B 9B A6 E1 2B 99 A8 8B 91 5F 9C 60 AE
000296B0  34 A5 5E AB 12 AD 0D A6 00 2B 15 2C 9B 32 E0 19
000296C0  09 AE 1C A9 94 2C D0 AE E8 2A 3C A8 6E A7 FA 29
000296D0  48 2B 36 AD 0C A7 E6 28 0E 9C 48 28 CF 0C 98 A4
000296E0  3E A2 67 18 9E A9 1E 2B 87 A9 4A 25 BC 2D 19 19
000296F0  27 25 D9 20 4B 2B A9 A1 35 26 B6 2B 8D 25 46 AC
00029700  CA 25 64 AB E8 2C 9C 29 1D AB EF 27 EA 24 5F 22
00029710  AA 2B 0F 28 3B 2A 7E AA 96 AD 6C 25 EA 1E 25 A9
00029720  B4 24 AC A7 3C 9F 98 28 06 2B F8 AF 00 2C 08 2A
00029730  AE 28 D6 27 6F 2C A9 28 65 B5 39 A5 DC 9E 32 26
00029740  63 9D 83 24 02 2A 7C A4 A7 AB 00 AE 06 22 72 AC
00029750  66 17 17 23 1B 28 72 AC 83 2A 0A 23 6F 29 15 AC
00029760  D4 A5 37 21 08 AC 14 2E 4A A5 80 A0 BC 25 34 1A
00029770  FD 9D 74 AA 86 23 58 29 CA A8 83 27 74 2C B2 2C
00029780  3C 2B 06 AB C1 20 AF 2B 40 A6 32 AC AA A5 84 24
00029790  F6 2D E1 2C 68 2B F8 A0 F8 29 A5 AB 2F AA 98 2D
000297A0  C7 26 24 AD CE AB 13 27 C9 A7 CD A1 84 2B F2 A6
000297B0  53 A8 69 AF 08 23 95 AB 02 AA 74 A4 E5 AD CC A8
000297C0  07 A9 B3 9B 5A 22 32 2A 31 28 82 25 D8 22 FD A7
000297D0  1F 2E 56 9C 00 29 65 AD 6D AE F6 22 67 2C 00 21
000297E0  EF AB 50 20 BD AD 4F 2A 8D 9A 6F AA 92 A5 3D AA
000297F0  36 A8 AD B0 BC A8 F6 A0 28 2A 32 AD DD AD AF 2C
00029800  8B 29 26 AC 3D AF B5 AB D4 29 77 27 63 A4 9A 9C
00029810  22 29 B1 A6 62 B1 9D A6 84 A4 D0 AE FD 31 31 A9
00029820  7B AA 93 AA 6D 2E AB A8 2C A3 53 21 21 29 63 29
00029830  F8 1F 9F 30 BA 2F DA AE 97 2F 93 2F 9B 2D F3 23
00029840  1E 2C 87 2A CA 2C DD 26 3B 29 24 A4 26 29 5A A0
00029850  43 B0 DB AC 11 2C F4 AA FB A7 89 B2 E0 AC 3D 33
00029860  26 29 8B B1 E9 2A 8E 1E 85 33 1C 2D D0 1C E1 AA
00029870  56 29 B8 B0 4C A8 2C AD 6B 2A 2E 26 BB 1D 4D A9
00029880  0A 33 0D 2B AD A5 14 A4 D6 A8 8C AB 44 0A B7 B4
00029890  DC 29 A7 A5 25 2A 83 2F F6 24 30 A4 30 AD F7 A6
000298A0  D3 1D 1A A9 5B 2A 8A AC D1 A9 96 AC 9D AA BF 28
000298B0  77 1D 99 22 48 A9 A8 AC F8 23 5F AD 73 A6 E0 2E
000298C0  57 AD BD 2D 8E 9B A0 23 21 2E FA AC FE 2D D5 24
000298D0  C2 25 84 9F 88 AD 43 AC D3 1A 57 29 4F 25 04 2D
000298E0  C7 A6 D5 B0 4E B0 DA 9C 23 28 8D 29 74 2E BA 2C
000298F0  24 AC 73 27 9D A3 CC A9 DF AF E4 29 11 A2 60 31
00029900  4B B2 08 25 9D 27 5E 28 0B 2F BA A2 7F 18 9C 17
00029910  49 AA BE A8 94 25 3B 9E DE 1C F5 2D A1 A5 B5 24
00029920  38 A4 9A 28 53 A8 8B A0 13 A6 D4 18 57 25 C8 28
00029930  9D A9 21 A8 6F 92 FD AB 99 A8 00 AC 09 2A 20 A8
00029940  D7 28 50 A8 5E A4 35 30 79 26 38 1F 47 1C AB 27
00029950  14 27 02 2A B6 2C 79 2B F0 1E 52 2D D3 A7 7F AE
00029960  71 AC 73 AD 53 14 51 25 DB 28 BD 26 68 A9 4F A1
00029970  23 AC BD AD 7D 29 91 A5 66 26 00 98 74 A7 3F 24
00029980  CD A0 37 2A 2A 21 F9 2F 52 A0 8D A6 7A 2A 14 2C
00029990  AE 2A 67 21 BB A6 AC 27 58 A6 1E 20 0F A9 FF 25
000299A0  CB 2B 2A 27 41 22 4B 28 2E 28 77 20 21 AA 93 25
000299B0  D3 22 D9 A4 E1 26 93 28 37 B0 C0 21 22 2B 67 1E
000299C0  E3 AB 2A 2C 20 A5 46 17 51 9E 52 21 D2 23 FC 2C
000299D0  DA 22 76 A3 87 29 91 2C E0 2F E1 A5 07 A8 4D B3
000299E0  86 B3 51 2C 19 2C 9D A4 C8 B1 6B AF A6 9D 1B 2B
000299F0  30 A2 EA 2D 86 A8 74 30 1B B0 E1 12 15 33 B6 AE
00029A00  41 25 B7 A2 4A A5 DB A4 34 27 12 2B 6D AE D8 A4
00029A10  71 25 D2 A9 F2 AF 61 B1 BE AF C7 2F 2D B0 DD 31
00029A20  B6 2F E6 B4 7F AC 36 AF 55 32 C0 B6 63 AD BC 15
00029A30  09 2B EE 21 7E 30 60 2D 68 30 66 24 61 2F DA 29
00029A40  10 B2 BA 85 B0 26 62 31 29 29 72 A8 E2 A5 6C A7
00029A50  1E AF F7 A9 96 2C 5F 31 EE AF 16 A3 19 2C 1C AE
00029A60  6E A5 97 25 B3 2C 8F A8 6A 23 F9 28 2E A4 F4 A1
00029A70  84 A8 D7 1E F3 26 CA A8 03 2C 5E 30 A1 AF 33 B1
00029A80  E7 29 EE A4 25 29 0F 9D 77 28 D8 25 2A A5 1D 2D
00029A90  93 AB 33 9D 6C 2D E4 2B 44 AC 69 2D 81 A6 8C AB
00029AA0  CB 32 B0 A4 AE A9 1C 22 3D 2D 13 B3 58 A6 CC A5
00029AB0  C2 A6 F3 AC 7B AA 1C A1 FB 9D B0 25 81 2A 53 22
00029AC0  0C A9 30 A8 7D A4 62 2A 40 A3 C5 2D E4 24 20 29
00029AD0  C7 24 70 24 F7 20 09 26 5B A9 E0 27 CF 1E 56 A6
00029AE0  DE 20 6E 23 89 AC AE 18 B7 28 76 15 9B A1 2E A9
00029AF0  89 A1 C4 A7 98 A6 74 A8 04 AC 9C A7 00 2A 57 A6
00029B00  3F 27 98 A8 39 A4 61 AA AA A5 0F A8 9E 27 68 95
00029B10  63 26 74 21 C2 14 4A 24 F3 2A 4D A4 A2 22 1D A9
00029B20  4C A4 13 AA 3E A5 0E A7 5E 20 02 29 5D A0 D3 20
00029B30  C4 29 56 A8 69 A6 E4 AA F6 A7 7C 2E A0 2C 86 A5
00029B40  60 28 DE 19 4C 2B 22 A6 D5 29 C1 A6 BC 2D DD 1D
00029B50  2D A7 C8 14 A5 30 13 A6 C5 25 28 AC A2 A5 3F AA
00029B60  C3 27 88 A4 8E A8 3B 9D 26 A6 03 29 CD 27 5F 2D
00029B70  CE 2B C2 A8 5B AC EF AD 83 AC DE 22 90 A7 FE AA
00029B80  62 A5 57 97 7E 9F 0B A7 F4 2A 7E A2 22 A9 B5 A4
00029B90  32 2F E4 2E B1 30 C6 2B C2 27 E4 AA 8E 21 F9 A1
00029BA0  61 AB 40 31 A7 2A 08 9E 8B B4 A1 29 EE B4 A7 A6
00029BB0  35 AA 26 29 D0 A1 23 30 8F AB A9 2E B0 AF D4 A9
00029BC0  76 26 F4 AF 3C 2B 55 9E D4 29 24 A2 51 AC F8 A0
00029BD0  4C 27 D2 AB C5 AA 41 AF 3D 2E A1 2F 7C AD 85 31
00029BE0  79 A7 8A AD F3 24 68 1C 2F 25 4E AE 32 AD 23 AD
00029BF0  DB AE B3 AE 96 31 24 2D 1B 2C 9B 2A BF 2A 80 31
00029C00  72 2C E5 26 E6 AE 48 AC 95 9B 65 27 D0 A9 A7 2D
00029C10  66 2A AB 26 D6 AA A2 2C 15 1E C7 95 30 9D E9 B4
00029C20  81 A9 0C AB 09 2E 30 A3 4F A4 AC A2 BE 2A 24 28
00029C30  C6 1C 5B A4 26 29 2F 23 E4 25 0E AC 9E AA 40 A9
00029C40  5F A3 DB A8 91 2F D7 2C 84 AE 87 A5 9E 2E DB 27
00029C50  4A AD 49 AE CC 9F 95 AC C3 AA 89 18 8C 9C 3F 2E
00029C60  02 2D FD AE BB 21 83 2A 37 2C D6 2B AF 20 5F A8
00029C70  D3 92 A5 A8 1D 15 84 A9 B5 AC D6 2B 66 A4 F7 2B
00029C80  BF AE 9B 2C 0D 83 A5 28 3D A5 69 22 68 A5 69 28
00029C90  0F 1F 86 94 D1 28 80 21 3B 2D 48 28 8A 27 13 2C
00029CA0  C5 9C 86 AF DF AC 7A A8 9C A9 F3 A9 59 2A 43 2B
00029CB0  E9 2B 1A AA E7 AE 3F A7 0F 2C 70 25 45 29 88 9E
00029CC0  2E 9D E7 24 B6 2A E2 25 2E AF BB AE B6 2E 38 20
00029CD0  A7 2C 22 AD 93 2E 6E AD C3 20 88 26 1D AC C7 2A
00029CE0  32 2B E4 9C 20 88 FC 26 FA A4 90 92 11 A7 ED A8
00029CF0  13 22 BF A0 35 A3 16 16 2B 28 98 A6 C7 A0 EF 24
00029D00  42 29 00 B1 7A A8 1C A4 1D 8E 63 A4 12 25 00 9E
00029D10  FC 24 83 A4 10 1D E0 21 7C 21 40 9D 58 A2 6F 27
00029D20  20 A5 D4 15 58 29 D0 1D 39 25 D3 1B DD 1F 96 A8
00029D30  C3 23 EE 9A F4 20 D8 29 59 25 AD 22 09 26 E4 9D
00029D40  E5 23 47 1B BB A6 BD 95 51 A8 7F A6 7E 24 75 2A
00029D50  F1 A8 FC 23 56 A6 AC 2A 3D 22 1E 2B C3 25 E4 A8
00029D60  99 A9 87 A5 B5 AC E6 26 2F A7 8B 23 81 A9 02 1C
00029D70  09 21 E0 2A 5B B1 2B 25 6F 2B C1 25 2C A0 1A A5
00029D80  93 2B A3 AA 83 1D 25 9F 76 2B 6C 28 06 2C CB 24
00029D90  9E AA C9 27 8E 99 5A A5 80 23 78 A5 98 29 47 29
00029DA0  6A 22 E1 A9 C6 2C 8E 2A EB 20 6E A7 BF AA 2B 27
00029DB0  3B A4 A4 20 96 A6 36 AF FF AA 08 A7 D1 A4 49 1A
00029DC0  03 A8 52 24 2D 1F 8E 2C 08 90 0C AA C9 A7 C1 2A
00029DD0  59 2B 56 1D 07 2C 10 2D C0 AB E2 29 1D 27 2A 2B
00029DE0  95 A8 81 29 7C A5 C5 95 3E 27 A5 2C 13 26 2E A0
00029DF0  72 A6 E7 28 B1 2A 80 29 86 26 C5 29 DC 2C BE A4
00029E00  BE 21 05 2D 87 AB 8C 22 DC AF 3D 92 F8 A5 B4 16
00029E10  CA A6 D4 A5 01 B1 E2 AE EC A9 70 A8 57 A8 F2 28
00029E20  53 24 55 24 33 24 13 24 E2 29 62 AD 45 A7 CB 2A
00029E30  4B AA 0C A3 5B AD 5D AA 06 AC 8A 2D 7B 29 66 2B
00029E40  F6 A8 66 26 29 2E 26 A9 26 26 FC 1E E9 2B 54 21
00029E50  35 2D B9 A1 42 A1 B8 A7 E6 A2 33 1B 30 A4 65 28
00029E60  C8 2A 9B A5 F3 2A 4A 9D B2 A6 DB AD 04 24 B6 A7
00029E70  33 AE 8B 26 3F 1E 16 30 63 21 8C 17 85 A4 45 2F
00029E80  14 A0 6F AF C5 AC FD AC 07 25 02 2A 14 A9 0B 2E
00029E90  51 2C 25 A1 7B 2F CA A4 E5 24 07 28 94 A7 A5 1B
00029EA0  B0 2D 0A A8 8F 23 3B 9A 8A AB 5C A8 B3 28 9B A4
00029EB0  98 2A F0 AC D0 26 51 29 02 A1 ED A9 96 AC D8 A8
00029EC0  6C 98 57 20 12 24 0D A5 2E A0 5F 2D B8 9F AB 22
00029ED0  2D 2C AA A6 10 2E 47 A8 53 13 76 AC CE 29 F3 2A
00029EE0  00 AC 46 26 05 A9 C8 29 2B 9E ED AD 78 2A B1 21
00029EF0  2F 2E CD AB 86 25 6A 1D 36 A3 7C A9 9A A5 6D 25
00029F00  21 17 02 B1 B3 AD 0B 20 5A AA 0A 2F 1D A1 26 A7
00029F10  85 23 C4 A6 5D 95 E8 18 C2 A9 86 AB F0 2A 26 20
00029F20  24 A9 A4 29 A8 2B 26 2C 2C AB 91 28 AF AE 21 2C
00029F30  58 2B 6B AC D1 A2 61 0B B9 91 FA A7 5D 2E 8A A8
00029F40  C3 28 22 27 65 AC CC 9B 64 2D 87 28 28 A1 82 2B
00029F50  D8 A0 70 A9 AB A9 85 A3 D8 27 46 2C C0 2C A2 26
00029F60  40 2D 6C AB EA A8 AA B0 E0 A7 03 29 28 A0 A3 9D
00029F70  F9 2C E6 A9 73 2B D3 A5 AA 26 C4 2D 1E 2F 6B 29
00029F80  1D 30 9D 28 F4 A9 57 18 3E 28 2A B0 A9 21 A7 19
00029F90  97 30 D3 1D 19 AD 3E 10 62 A5 AE 2C 5E A2 37 A8
00029FA0  98 2C 6B 93 F2 AC BF AA DB A4 6A 1C EB 2E 19 2E
00029FB0  2B 23 7F 26 29 30 76 AE 88 25 4C A0 BD 26 D0 2A
00029FC0  D9 2B 68 28 D5 AC E3 A8 8B A0 9E 28 17 25 FA A9
00029FD0  29 A8 1A 18 E2 2E 71 A8 B6 30 6D A7 6D 2D 0C 2C
00029FE0  53 A0 75 A9 B3 86 3D 1A EB A8 40 2A C1 AC E9 2D
00029FF0  F1 A4 F5 A5 81 A4 B7 25 7E A5 6E 9A 14 23 E7 24
0002A000  F0 A8 95 A9 07 99 55 1A ED 24 4F 9F FE 9E 47 A6
0002A010  70 A3 31 07 7B 1B 55 A0 6B 21 93 22 3D 2C 9C 9A
0002A020  A1 33 8F 18 E2 AC 30 21 F1 28 36 25 DF A0 A4 26
0002A030  61 9C 59 2C BB AA 0F A6 86 9E 82 A8 EE 9E EE A3
0002A040  B5 28 F2 1E 88 23 04 A8 AB A2 33 AC 7E 23 33 2A
0002A050  04 AD 8A A3 A5 2D F1 A2 A6 2C 9F 29 84 AB F9 98
0002A060  81 2E AE AE D9 32 05 AC 90 2C 67 2F 4F A9 B3 B0
0002A070  AA 2C 6A AD 70 20 ED 27 1F 32 A2 A5 3C 1E D6 A6
0002A080  12 16 96 2D 05 B0 09 2A 4C 29 3C 26 9B 30 00 29
0002A090  16 21 53 AE 61 28 DE A4 0B A1 EE A5 E2 AD 20 AF
0002A0A0  52 1C 46 2D 9D 30 2F 2E B6 2B 77 27 2A AB ED AA
0002A0B0  AC B0 A9 AF 34 91 3D 2E 65 31 9D AE A8 2A B4 B1
0002A0C0  24 31 FA A8 21 AD D0 2A E9 2E AD A2 0A 1B E9 AF
0002A0D0  A7 B1 66 28 28 AF E1 A4 B9 1E 20 AC 84 31 59 A3
0002A0E0  AB 9D 4D A1 3D 32 BE 21 A6 24 C6 1D 2A 26 D4 28
0002A0F0  E5 2E 7A 2E 62 29 3E 2D C8 33 78 30 C4 AD 09 2D
0002A100  18 AC C0 AC 45 AF 86 2A 98 AE F7 A3 86 AF BC 2B
0002A110  7A A0 4E 31 57 2E AD 1B A0 B0 52 2C 18 31 04 2D
0002A120  50 AD E6 9C D0 2C 74 29 A4 2D 87 30 3F A1 E2 16
0002A130  DB AE 9D A9 61 A4 B8 29 57 A6 52 AD 7F 98 D2 AD
0002A140  C8 2C 32 2F 70 2E 62 34 35 28 47 AE B1 AC 36 B0
0002A150  3B AC FA 29 EF 27 0E A7 1A AC 15 B0 AE 2E 5F AE
0002A160  B5 AF 03 30 48 B2 59 A3 49 B0 32 29 53 AC 03 28
0002A170  CF 30 4D AC 41 A6 F9 34 66 B2 CC B0 F3 AD 29 A4
0002A180  58 2F BF B2 71 AA 3D 33 F9 25 96 2E 4A 2D 40 30
0002A190  D5 A4 18 B1 65 B1 D3 35 60 A5 F2 A9 E0 A9 D8 2C
0002A1A0  08 AC C5 AD D3 29 9E A4 68 B0 17 30 D3 A8 AC A8
0002A1B0  1D B0 E3 9F 30 AB 05 2E F9 AA 1A 18 E8 8C 81 AB
0002A1C0  C3 23 85 A6 66 A1 38 22 F1 2C 3A A8 7E A9 70 A0
0002A1D0  E0 A9 36 AE 60 29 94 24 4F 2D 34 AD A5 23 5D AA
0002A1E0  A1 AA 7F A3 FB 1A 62 AC 24 B4 2B 2C D1 AC A0 28
0002A1F0  47 20 83 2E 50 AE 89 2B 39 21 D9 28 CD AA EE 2C
0002A200  55 30 96 AD 89 A8 44 2C 1B 2C 61 2B 76 AA FE 8B
0002A210  24 B2 9A 1F E8 AA 62 25 F9 A0 2E AB 86 30 D9 27
0002A220  53 25 D5 A8 A0 1A 87 A6 71 29 7E A5 91 1C 02 A8
0002A230  09 A0 3B 2B 51 22 51 22 55 A7 73 A8 5E A2 A5 A9
0002A240  4B 2A 1D 27 E6 A3 C8 20 88 28 23 26 03 A7 9D A4
0002A250  96 A4 52 2A D1 21 05 A9 AA A2 5A 31 5E 99 96 A8
0002A260  43 98 C7 A8 0F A6 F5 15 71 28 72 A4 11 21 C2 25
0002A270  23 2A 4D 25 8D AC 88 2A AD 2B 89 2D B5 A5 59 AA
0002A280  DF 1D DB 2C F0 A1 7A 2A D9 2A E6 23 41 25 CB 29
0002A290  69 AC 49 AE A0 24 0C 25 3E 21 F1 24 12 25 7D A8
0002A2A0  C0 29 4D 2B D9 A4 39 28 DD 05 4F 2D 46 A7 30 22
0002A2B0  21 25 0C A6 66 21 0D 27 A9 1C 19 A8 5F 2D 6F 29
0002A2C0  B1 1D 59 AD 61 2A 77 1A 58 AA 13 AC 30 30 9C 26
0002A2D0  3E AB 25 2A F4 1D C3 2E 19 1A AE 28 A8 A2 B9 20
0002A2E0  A7 A2 B1 A7 2B 9E 32 27 ED 28 5F 2F B9 A6 27 AB
0002A2F0  11 28 52 A9 7F 2D 02 AD EE A8 25 A3 19 24 F6 1B
0002A300  63 A3 E5 A7 2B 27 25 29 0A 2C F1 2A 0E 1F E2 A1
0002A310  AC 2D 9F AF AD 2A 0C AC 07 A2 DD A4 48 AC 03 25
0002A320  44 31 31 A4 A4 A8 17 2F 02 28 E2 2C 14 A5 38 AC
0002A330  0B A4 FB 2C 38 98 56 21 B6 2B 25 2F D8 20 62 B5
0002A340  EE 22 B6 2B E5 A1 B8 30 AC 2A 4D B0 6A AA 58 AC
0002A350  29 AC 90 A4 D3 2B D1 29 56 A5 5B 2C E1 A5 CC AC
0002A360  3E AC DB 20 78 B0 D0 27 B4 2C 35 22 11 31 06 AF
0002A370  96 A6 2E 23 09 2F 83 1A 8D A8 FA A4 AA A9 F1 25
0002A380  18 A0 2B A8 65 23 99 2A A8 21 5F A8 2D 23 9F 9C
0002A390  28 2C 4C A0 A4 AC 9C 2B BA AD 65 26 DC 2A 16 26
0002A3A0  3B 25 8F 2A 22 2D 43 AD BE A4 5C A8 33 A4 22 28
0002A3B0  19 B4 42 2F 44 24 BD 2F EE A9 35 AE 49 AD CF A1
0002A3C0  2A A1 6E AE C1 2F 57 25 10 2D BD 9F 43 26 2D A9
0002A3D0  E8 A9 6C 18 CA A9 91 28 68 AC 1D 2B 29 2B 56 AD
0002A3E0  7F 24 87 29 62 AC 2D 28 7E A4 F6 2C 3D 24 6A 91
0002A3F0  5B A6 CF 9C A4 AB 7C A8 70 29 40 28 AC 9A 6E 21
0002A400  40 A9 21 24 13 28 AE A4 FA 2B D4 27 40 2B 0D 9D
0002A410  EA 29 9A AA 7E 15 19 24 78 AB 88 24 7F 27 4F A5
0002A420  15 A4 BF 22 54 28 BB A9 C6 22 5E 2B 46 2C 01 2A
0002A430  46 11 C2 29 6E 24 71 AA 31 28 59 29 98 1E C8 AB
0002A440  08 24 A0 90 4B AC 22 2B 5F 30 FD 21 17 A5 3C 27
0002A450  81 24 48 2B C2 AD 94 A1 A4 28 37 26 94 2B 9E AC
0002A460  76 AB 9F A8 A5 24 CF 24 E1 2A 2B 2A F1 29 F4 A3
0002A470  E1 25 A8 2D F4 2A DE 26 2C 1F FF 2E 0D 1F 0D 25
0002A480  05 A4 A9 A4 63 A4 8E 24 80 AD B5 2B 94 A4 01 2D
0002A490  A8 A2 43 16 F6 2A 78 AE 06 AE 08 22 D9 1F 3B 14
0002A4A0  4B 2A 21 2A BE 2A 77 22 63 91 A7 A4 4A 1C 9E A0
0002A4B0  A9 AD 29 AA 15 AD 7E 27 5D 2D 61 29 BB 23 76 A8
0002A4C0  F3 29 18 2A F3 27 96 96 C9 9F 63 A9 3C 1E 1E A2
0002A4D0  CD 29 A5 A9 2E A2 21 28 56 24 8F 2E 09 21 BA 23
0002A4E0  46 23 7A 13 E4 AD 47 25 92 AC AC 19 D0 1F AF AA
0002A4F0  4D A7 FC 28 9B 25 3C 1F 96 A6 90 27 84 20 DF 27
0002A500  0B A9 72 28 B4 AB 8E 2C 82 AA 97 24 34 26 DE 29
0002A510  E2 AC 3D AA EF 29 03 2B 64 2E C2 2B F7 99 17 A1
0002A520  DB A0 85 A5 1D 2D D2 29 59 28 0B 28 30 2D 8C AA
0002A530  BD 18 C4 A6 E6 A6 CB 1D 7D A5 6E A8 0D A3 DB A6
0002A540  8B A0 78 AA DD 1B 64 A4 23 26 9B A9 F5 A9 0E A4
0002A550  5D AD D3 21 B4 28 A9 A0 D8 22 C5 2A E4 27 BE 26
0002A560  E1 24 26 A7 46 A4 C9 24 63 28 8C A8 7B 27 E3 A2
0002A570  36 21 8D 1E DF A2 A1 A7 0D B0 04 9F 16 AB C8 A7
0002A580  7E 98 51 AA 28 AE 2A 21 98 A8 E0 20 99 25 94 AC
0002A590  92 28 F0 94 5D 25 EE A2 E1 A7 29 15 00 2A 71 2D
0002A5A0  8C 1E A0 2A D1 29 D5 AD 16 29 5D 9E C4 A4 8A A6
0002A5B0  DA A7 27 12 49 2B F3 27 11 A0 90 A8 6D A3 E6 AA
0002A5C0  3B AA 1A 25 D8 2D 23 A4 9E 2B 27 2D FB 9E 15 2E
0002A5D0  2C AC A0 12 37 24 E7 A7 7C A7 A1 9A 7C AB 9E A8
0002A5E0  A0 9A A3 A4 6E AE 48 A0 AA 21 78 B0 FF A3 1B A2
0002A5F0  3C 2B 85 A2 45 A9 53 AA E0 24 4A 29 62 A6 70 28
0002A600  BC A5 37 0D 11 A5 C3 2C 4D 2C AC 2C E7 11 E0 A0
0002A610  D9 2D C8 AD F3 A3 22 06 B1 AB 4F 9C CA 2B A8 A8
0002A620  76 28 1A 25 E1 2E 36 29 B2 2E D1 AA A9 AB 35 AA
0002A630  6E AC BD A8 F9 2D C7 2E EA 26 C3 AB C9 B2 54 2D
0002A640  AA 2A EE 27 19 22 60 AB E3 2E 26 29 79 2B 0B A4
0002A650  18 AA EC 28 1E A8 10 AE 38 26 83 AC DF 2E 9F 29
0002A660  67 29 78 AA 82 27 F5 AC 43 2C 40 30 4E AD B4 25
0002A670  A3 30 3D 21 74 AF 78 A3 60 AF 5E 2F 1A AA 66 2F
0002A680  AE A8 00 29 97 9C 16 1B C1 A0 05 1D 51 27 1F A2
0002A690  0E 24 A1 A9 33 A8 B9 1D E2 1B 48 27 C0 A4 E8 AA
0002A6A0  C5 28 8E 27 32 A6 76 1E 7B A8 D1 19 11 29 05 18
0002A6B0  CC 29 14 AE 60 AA 6B 29 95 AB 15 25 3B 2B 78 26
0002A6C0  2B A9 F2 2D A6 A0 00 A7 62 21 64 25 1F 24 C9 29
0002A6D0  7A A0 1F 28 16 2A 7B 27 35 2A F2 AC ED AB A9 A4
0002A6E0  27 2C 88 A6 F1 A2 67 AC DD 21 40 AB 87 1F 8E A9
0002A6F0  55 21 08 AC C3 2C 47 1F 17 20 66 AE 72 9E 56 08
0002A700  0B 30 48 17 C4 1E 37 2B 84 28 2D A8 4F AA FC 25
0002A710  2A 2F EF AD C6 AC 2A 28 78 AC 2A B0 D3 25 C7 A8
0002A720  79 29 14 A4 DD 1D 6B AE 1B 2F A8 AA F0 AC 55 2C
0002A730  6B AD 6F AE E0 2E C8 27 7C 2C 3D 25 FE 9D 81 26
0002A740  EC 2A 92 24 05 2B 55 2E 7D 29 D9 1B E4 26 F6 AC
0002A750  D1 A7 59 A4 48 AD 82 A9 51 AF 1A 28 ED 31 9A 9D
0002A760  D2 AB 28 9A 95 1F B9 A9 2F AB 1F 24 29 30 A4 21
0002A770  27 A6 A8 29 6C 2C 4E AC 7E 9D F4 26 1A A8 0B 28
0002A780  A7 25 90 2C 85 19 FC 21 9A 26 FA 2A 04 A3 CA A9
0002A790  8C 22 C0 26 1F 2A 32 2A 41 20 0E 2B 14 AD 8B A9
0002A7A0  96 2A 12 A6 2F AC 38 22 C4 1D 9A A9 5D 98 B9 A8
0002A7B0  38 99 E9 27 82 2A B4 1D B0 A8 C7 AE EC 24 E8 A9
0002A7C0  1A 28 FB A8 EC 2B A5 A9 2A 90 48 1F 6F 16 89 AE
0002A7D0  12 9F A2 23 C6 21 B5 A4 A6 1E 57 A7 89 A1 0B 1D
0002A7E0  D0 A8 A9 A2 D5 A3 B9 A4 C4 A3 E9 18 5C 1A C6 27
0002A7F0  98 29 90 1C 7F 29 1E AA B9 A2 42 28 13 1F 00 AB
0002A800  F4 A1 30 22 6D 27 03 AB D8 A4 07 2C DD A4 0A 2A
0002A810  5A A7 03 A6 63 A6 30 9F A8 A7 28 25 00 28 4C 9F
0002A820  F4 24 14 20 BE AF 3C 2D 99 19 59 28 66 A3 42 A4
0002A830  A1 1C 14 24 E3 A3 85 AC 0D 2A 0E A9 D0 1F 6B 29
0002A840  01 1D 92 AA D4 26 DA A5 CC A8 07 AD 69 20 CB 89
0002A850  86 1D FB 98 17 A8 DE AA 63 25 BA A5 12 23 9A A2
0002A860  68 24 1D 1F 4E 2B 10 14 8C 2C 27 27 43 28 AD 98
0002A870  F7 A7 71 24 4A 1C 3C A2 AD 25 C2 A7 F7 A4 C6 A3
0002A880  53 9E 06 A7 21 A6 DE 26 26 28 2B 9B 41 2B 20 29
0002A890  54 A8 91 17 13 A5 98 AB 61 26 26 1E 9A 24 47 25
0002A8A0  85 23 53 A0 C8 AA 71 AA CA AD F9 A8 5C A7 75 A2
0002A8B0  B1 25 A3 1E AA A5 9D A4 A0 A3 09 A2 63 A5 08 22
0002A8C0  22 15 CF A3 4A 1B 4B 8D 55 A8 0B 9D 5B 99 4C 23
0002A8D0  93 9E 0C 18 00 25 6D 97 2C A7 B7 95 67 21 B1 2C
0002A8E0  C0 23 B6 1E 35 27 05 A4 8E A3 F8 A0 19 A4 0F 22
0002A8F0  6E A2 33 A8 FF A3 06 AA 8A A6 3C A9 7C 99 24 AC
0002A900  DA 9F B5 94 65 A9 1E 9C AC 26 0F A8 27 2B 49 27
0002A910  88 A9 53 9C A2 A8 FF 1C 8A A5 12 1D A1 1E 83 22
0002A920  8C AA 9E AA 61 21 E2 28 CC A7 9B 22 3D A0 DA 2C
0002A930  06 1C 80 A0 19 A7 A7 A2 6E 9D 77 A8 2F 25 1A 22
0002A940  C6 A8 71 A9 C3 A9 4A 26 5B A6 FC 24 B9 28 91 29
0002A950  3A 97 33 28 F8 26 26 29 8D 28 16 24 18 A8 79 AA
0002A960  D2 1F B8 26 F1 27 CB 9D 6C A9 95 9F A5 A9 0F AA
0002A970  39 2C 79 23 53 AB 23 A8 A0 1E DB 28 CC 9E 02 27
0002A980  CD 24 43 29 FD 27 81 A0 43 28 19 A8 C6 A9 3B 2E
0002A990  67 A4 EC 28 0D 2A 52 A9 D7 98 72 24 3B 22 C9 24
0002A9A0  3E 9F EA 28 BA 29 8B 25 C7 A6 DC 2A 82 A8 A3 1F
0002A9B0  7D 9D C5 2C A1 A9 68 2D BA 24 16 A9 07 A8 56 1C
0002A9C0  C6 A1 1E A0 5B 22 77 2C 8A AB BF 22 A6 2A BE 2A
0002A9D0  C1 A7 3C 29 4B 26 CF AC 00 A9 7B 2B 54 29 03 20
0002A9E0  FE 21 46 AA 1A 9F 68 23 64 2E DA AA D8 B1 73 2B
0002A9F0  8E A1 D9 A1 3B 2C 05 AB 72 A8 68 A5 7B 22 E6 AC
0002AA00  10 28 3D 30 8A AA EC A7 45 20 8D 1F DE A8 56 A3
0002AA10  ED 26 40 93 39 20 56 2F D5 9A 26 2B 5C A7 68 9F
0002AA20  1E A8 53 9D 58 AA CC 95 1D 99 2A A9 5D 9B D3 1E
0002AA30  A7 A4 5C AB 4E AB 52 2C 06 95 4E A8 40 A1 74 9C
0002AA40  0F A4 D8 A6 08 AC B4 A7 05 28 91 28 BD 2C B7 A6
0002AA50  C3 A6 70 1C 69 AB E4 9B 3C A5 0A AC 3A 9C 0E 96
0002AA60  B5 2C 25 30 53 27 23 AC 36 2B F2 25 11 2A 4E A5
0002AA70  00 28 8B A6 8A 9D 0B A9 5C 1E 7F 09 18 26 63 AB
0002AA80  2D A6 02 26 3B 2A 31 29 47 A5 45 28 CE 29 A7 A0
0002AA90  9D 28 8F A8 39 9F BB 28 74 A8 D8 A1 1C 28 B1 26
0002AAA0  47 25 3D 29 09 A4 09 28 B9 A5 21 A8 9B 2A 38 25
0002AAB0  DF 9F C7 23 2A 29 D3 1A 86 AB 0B 21 59 A8 2D 2D
0002AAC0  73 A8 33 23 51 A5 9D 1E AD 29 77 2C D9 25 D2 9B
0002AAD0  A0 A8 CA 2D D8 25 79 A8 51 A5 B7 29 33 A5 78 29
0002AAE0  18 1C 61 2B C9 25 75 9D 82 1F 44 A9 E5 26 6B A6
0002AAF0  13 1E B7 28 04 A1 33 27 30 25 7B 20 EA 95 FB 96
0002AB00  13 2C 89 A3 D2 A2 43 10 7A 21 85 15 71 97 A9 25
0002AB10  A5 A5 F0 26 10 A5 C9 A4 AE 9A 4E A2 83 A1 58 21
0002AB20  DA 26 26 25 3C 0F 00 26 50 A9 85 9F 2F 99 10 9A
0002AB30  A6 26 80 21 42 A5 56 28 7D 1F F7 AA 5A AC 53 A6
0002AB40  E3 24 A6 AB 81 A5 77 A7 2D 1B 9F 29 03 20 48 29
0002AB50  6A 29 40 A6 1C 24 71 AA 5E AA 4D AD 75 A1 17 2D
0002AB60  25 30 49 9F 77 B0 E9 29 BE AA C2 27 14 A9 A8 29
0002AB70  05 25 D2 1D 14 A5 7E 2C C2 A5 B9 28 71 2D D1 18
0002AB80  47 A6 3F AA E3 24 F3 25 12 9B 8C A5 58 A8 E8 25
0002AB90  3D A6 02 A6 75 2D C4 16 3F A6 61 AA 99 2C 3D A9
0002ABA0  0E 24 71 A2 60 A5 07 A9 94 2B 08 A8 95 AD BF 28
0002ABB0  8F AC 83 A7 CD B0 D1 22 20 A9 8E 95 4E 2E C6 A5
0002ABC0  15 25 8E 22 CF A7 B1 1F 9E A9 2F A5 5B 9D C8 1F
0002ABD0  56 28 F3 25 92 A0 36 26 58 28 04 28 8F 22 6A 21
0002ABE0  95 25 8E A4 B9 22 6F 9C 62 A9 CD 25 2C 27 73 20
0002ABF0  FE 1D 9E A2 57 22 FB 25 3F 0B B5 23 D1 1B 1A 26
0002AC00  8D AA B8 A1 5B 21 F6 22 1F 26 1F A1 E2 25 27 25
0002AC10  1A 8F D1 9E 8A 28 31 A8 AB 29 48 28 C3 A6 4C A6
0002AC20  95 A9 47 AA A7 90 94 AB CF AE DD 20 C9 27 7E A2
0002AC30  AE A1 54 1F 7E 26 BA A3 BF 22 54 A4 2D 15 75 29
0002AC40  06 28 2F 24 F6 2B 67 94 F7 A6 47 A3 6E A8 D2 18
0002AC50  C9 0F FA 29 1B A4 BA 25 22 2B DB A1 2C A4 9E 98
0002AC60  A7 A5 2E 21 06 22 65 26 27 27 14 25 A2 A2 CB A8
0002AC70  EC 16 59 24 59 1D B6 A8 36 21 E0 27 AC 14 C8 22
0002AC80  49 28 87 A9 A2 99 39 A9 CA A3 FE 1D 2C AA 6D 29
0002AC90  62 27 83 24 10 AB 7D 26 9C A7 90 A8 42 24 2B 1C
0002ACA0  70 22 CC 25 34 A0 65 1A 9C 24 B5 21 98 26 E1 8C
0002ACB0  90 23 4A A8 BA 97 CD 1D F0 A4 9F A5 CE A3 D8 A2
0002ACC0  29 28 7E AB 78 1B 64 A0 09 9E 5B 25 9C A2 70 A7
0002ACD0  9E 9E FB 99 3B 23 F0 26 88 23 FC 25 4B A3 59 22
0002ACE0  B8 AA C0 29 E9 A6 AA 25 44 2B 01 20 05 2A 22 29
0002ACF0  87 A2 42 23 36 21 B0 26 0B 23 81 A4 E9 93 C0 1C
0002AD00  19 9F EA A9 4D 06 67 AA 5A 25 41 2C 20 25 A5 A5
0002AD10  61 A5 81 A5 0F 1F E0 28 56 A0 E7 9E 8C 2A 4A A4
0002AD20  91 24 29 A5 8C 22 0E A8 75 A5 BF A2 5F 9C AE A0
0002AD30  42 A8 56 A7 ED A3 4C 27 2A A1 BC A2 18 A4 32 AA
0002AD40  E8 9C 80 A6 E5 18 57 18 EF 25 1B 28 11 9C FD 96
0002AD50  FA 1F 10 A5 23 A2 3B A1 D7 24 3B 27 F0 A6 BF A1
0002AD60  4F A4 CB 9D 9F 2A 62 15 B0 99 E3 AB 0B 24 13 A6
0002AD70  8B A9 4F 9D 4C 29 37 A6 A8 A7 C9 1C 7B 24 4B 93
0002AD80  C8 12 73 18 3E 23 78 A4 EA 27 09 91 3F 28 E3 A5
0002AD90  F4 29 B2 2A D1 A9 6C A8 7B 1F 29 9E 49 A5 1D 9E
0002ADA0  05 26 CB 12 11 A0 86 26 A4 25 44 A4 0B A6 8A A3
0002ADB0  F9 95 31 A5 1F A0 20 A2 A3 A1 9A 22 DC A7 D7 A8
0002ADC0  EB 22 13 1F EA 2A 37 A4 61 29 45 19 6E 28 1C 25
0002ADD0  2D A5 D4 24 4E 16 7F A8 9B 22 49 1E 20 A5 F5 9F
0002ADE0  E1 9B 11 A0 86 A5 89 A8 97 A5 C3 A8 AB A7 A7 14
0002ADF0  75 22 F0 9F 99 99 C1 1E CD 1B 44 A4 BB 1C 9E 1A
0002AE00  8D 9C 17 25 F1 24 9C 9A 8E 22 26 9A 74 21 24 A3
0002AE10  29 8D 15 19 00 1D 72 99 60 9C 83 15 D7 1A 8C 0F
0002AE20  AA 0B 22 20 C7 12 32 0A 7C 20 B8 80 7C A0 82 9E
0002AE30  A3 13 1D 18 A4 25 89 1C 3E A0 52 9C 99 14 02 23
0002AE40  E5 1F D5 18 28 19 22 19 BD 21 40 23 1F A1 7D 9F
0002AE50  4F A0 24 1F 12 92 02 23 D4 A2 63 A6 1E A8 89 1E
0002AE60  B9 27 29 28 B3 9D 4B A9 EB 10 DF 27 7C A7 DD 18
0002AE70  E8 9E 07 A2 F6 90 45 2B 4D 1F FA 1F 7C A7 DC 95
0002AE80  BC 25 CE 19 F8 2A 43 A3 0B 2A DC A5 B9 A1 09 21
0002AE90  0D A6 DA AB 95 20 A4 A6 04 A7 39 22 D0 8F 4D A6
0002AEA0  C1 A8 8B AA 28 A0 1C A0 30 1B 33 A2 5E 2A 40 21
0002AEB0  61 A8 E2 A3 4D 27 B4 23 C0 AE 1D 2A 14 91 90 B0
0002AEC0  AB 25 05 94 D7 A0 B4 97 09 27 C2 96 5A 2B 11 AC
0002AED0  86 28 46 A2 65 25 56 A5 BD A8 9F 18 59 A7 FC A1
0002AEE0  B0 9B 53 21 91 22 1F 9A 8A 15 EB A6 F2 9C 22 1A
0002AEF0  C8 01 01 A4 E0 1C 8F A5 35 25 99 A0 0F 24 1B 9C
0002AF00  70 12 B5 A6 05 24 9D 15 F4 20 01 23 7F 23 10 A1
0002AF10  D6 A6 2B 1D C5 9C C1 28 14 18 8B A0 DF 29 20 2A
0002AF20  91 A6 5F A4 C8 A1 9A 16 03 A9 2C 1B 52 A0 76 A7
0002AF30  BD 25 CC A1 99 A0 A3 A8 12 24 E1 1B 35 1E 78 A8
0002AF40  78 20 B6 1F 40 20 1F 98 D5 9C 1D A4 94 22 A0 22
0002AF50  78 1E 9D 23 9C A5 8A 99 CF 20 A5 24 93 1B A4 A6
0002AF60  9B 96 9A 22 CC A3 50 20 B7 9C 3A 17 05 1E 88 25
0002AF70  0E 21 7C A0 1C A3 D3 A0 45 A8 2C 18 6C 15 34 98
0002AF80  B5 16 41 24 8A 20 29 A4 ED 0C 20 A0 10 20 85 A6
0002AF90  46 20 B9 99 D0 A6 FC 1D 48 25 0F 24 F1 A3 BE A5
0002AFA0  F2 28 B5 27 A7 A6 BE 26 3C A1 D9 9D A4 9C EF A3
0002AFB0  17 9D 9F 1C 20 9E 43 12 09 A1 29 9E 98 07 7E 99
0002AFC0  2B 19 E7 1E 27 1F CF 11 DC 98 AE 0E F4 9C B7 1A
0002AFD0  CD 18 B1 20 47 13 C4 1E 39 9C A7 9B 5A A0 00 1B
0002AFE0  5A 1B 27 1D F3 0C B0 1D 08 9D 18 9A 7D 20 3E 95
0002AFF0  A3 18 EF 1C DE 1F 1A 19 CF 9D F8 0B CC 21 70 0A
0002B000  A0 0A F0 1D 93 1F 78 A1 C3 1B 4F 18 C5 A0 B4 1E
0002B010  26 1F 47 1B AF 9B 57 A0 18 A4 0F 15 24 18 38 A1
0002B020  A4 25 AF A0 CF 23 A5 24 50 A3 2C A3 BB 24 0D 22
0002B030  95 25 F9 A3 04 9B 8F A5 F4 12 2C 12 0E A1 34 A7
0002B040  95 A8 00 A2 4D 26 80 A8 43 20 A2 A4 54 20 A4 A5
0002B050  E6 1E AC 98 48 26 55 A3 70 99 64 28 05 18 9F 9B
0002B060  68 A2 03 28 2C 24 C8 23 9E A4 36 A8 11 24 B3 28
0002B070  6F A4 F1 A8 48 21 76 86 D0 20 28 A0 63 A6 39 23
0002B080  1C 27 F0 A4 0B 20 36 8E C4 23 D5 A5 6D A0 7A 25
0002B090  4E A1 1A 1E 6C A6 F7 9E CC 1B C2 9B 50 24 3C A4
0002B0A0  7A A5 0E 21 51 22 E9 21 14 9D 85 10 47 9C 07 9C
0002B0B0  04 A4 DF A5 E2 25 2D 96 A1 A1 56 A6 3F A5 43 18
0002B0C0  03 A4 9A A5 A7 A8 0D A1 5F A5 4D 29 EA A3 29 A4
0002B0D0  64 A5 DB 24 80 9F 4B 2C DB A4 F5 A6 DF 27 52 A5
0002B0E0  A8 A4 45 A6 89 23 B2 A4 54 A0 D7 AA 25 25 45 28
0002B0F0  3C A6 A7 A3 7B 29 3B A3 C4 24 3E 28 9D 9F 0A 21
0002B100  32 1F AC 1D 88 24 5D A0 0A 0F 5F 26 1D A0 56 1C
0002B110  81 A5 67 1D B8 24 A1 21 18 20 E2 A8 7B 9A 13 24
0002B120  A0 A3 2C 93 15 25 AB 9A 5E 24 21 22 A3 A4 EC A3
0002B130  84 A1 9C A4 28 19 53 1F A7 8E 75 21 2E A0 39 20
0002B140  10 9F 26 A9 98 9E 7D 22 29 24 DC 23 CC 26 E7 1D
0002B150  0D A4 B5 23 32 20 A7 23 8D A9 02 27 22 1E 25 A8
0002B160  14 18 B9 28 9F 1C DE A9 66 27 9C 20 CA 27 95 A3
0002B170  B2 87 FF FF 04 00 00 00 70 00 00 00 00 00 00 00
0002B180  00 00 00 00 00 00 00 00 00 00 00 00 00 00 00 00
0002B190  00 00 00 00 00 00 00 00 00 00 00 00 00 00 00 00
0002B1A0  00 00 00 00 00 00 00 00 00 00 00 00 00 00 00 00
0002B1B0  00 00 00 00 00 00 00 00 00 00 00 00 00 00 00 00
0002B1C0  00 00 00 00 00 00 00 00 00 00 00 00 00 00 00 00
0002B1D0  00 00 00 00 00 00 00 00 00 00 00 00 00 00 00 00
0002B1E0  00 00 00 00 00 00 00 00 00 00 00 00 2E 88 FF FF
0002B1F0  04 00 00 00 F0 03 00 00 DF 3D 06 31 8F 32 E3 31
0002B200  27 AC 51 3C 72 35 A6 3C EA B7 26 3A 10 3B 07 3A
0002B210  2A BA B7 BB 78 35 E4 09 31 B2 E3 25 61 36 DC 3C
0002B220  CA 30 7E 29 FD B7 A1 AB F6 2B 96 39 9C 3B 6A 34
0002B230  02 B0 BF BD 3D B7 0C 3F 6A 38 87 3B A0 30 04 3A
0002B240  A8 32 EF 3D B1 BD 07 B7 D1 BC 3F 3C A1 AC AD BD
0002B250  61 BC C9 A7 01 2F 23 29 E6 BD F1 43 9B BA 35 36
0002B260  B8 B7 89 C3 5B C1 F9 3D 08 40 D6 2D DE 30 00 3C
0002B270  09 33 E8 3D DC 3C 14 3B 24 BE 2D A5 15 B6 94 BD
0002B280  B0 AC 5D 36 3A 38 A1 AD BF BE AC B8 A0 3B 07 A8
0002B290  2A B5 F8 39 57 3A C6 BD 37 B3 FF B1 0D 3F DB 2D
0002B2A0  44 34 48 BF 90 BC A7 38 4A 39 9F 3C 64 37 73 B4
0002B2B0  69 3B 4A 3C 95 B9 61 30 F5 BD 25 3F E1 AB FE BC
0002B2C0  FA BC F8 3A E5 3C 59 B1 4B 3F 2C 40 95 BF A2 BE
0002B2D0  B0 C0 60 B6 16 B7 09 B4 82 B5 32 31 06 BC E9 36
0002B2E0  0D 34 27 3C 08 B6 C4 35 D5 B4 B5 38 CE BB 90 B3
0002B2F0  9F BE A3 2D E7 31 11 2E 4C B9 DE 29 80 3A 9A B8
0002B300  8A B0 0F 3C CD 3C 46 BB 94 2A 2E 38 DB 35 98 B4
0002B310  4A 36 14 36 0E B8 B5 B8 FC B2 99 38 45 B5 3A BD
0002B320  53 3A C9 3C E2 B8 1D B5 E9 AE 4C 40 5A 39 19 3C
0002B330  F3 BA 4B 3A 4C 40 DC A0 F4 40 CB 3F 46 BF 5D 3B
0002B340  1D C4 C2 3C 2F B6 4F B1 FE 3D 4F 3C E3 35 07 B6
0002B350  76 27 15 A6 53 B7 02 40 52 AE 1C 38 2E 34 CA AB
0002B360  4B B5 B7 BB 57 37 EE 36 62 39 A8 9E 87 2D 03 39
0002B370  7D 3C 45 B1 41 AD 54 2E 82 36 7E 39 E0 34 38 AF
0002B380  1F BB FB BB 08 BB 6D 3D 43 3A B8 38 E2 C0 81 3D
0002B390  B4 B4 FA 3B 15 BD 08 39 B2 2B 45 39 76 B8 19 BE
0002B3A0  95 38 00 C2 A7 32 7D 3D 34 BC 7B 3B A9 36 CD 3E
0002B3B0  F5 38 C6 C1 98 BF 48 40 27 B8 0B 29 92 3D 51 38
0002B3C0  FE 3F D1 BA C8 B8 7E 3F D6 3F 71 39 F7 30 AB BD
0002B3D0  4E 30 5D B1 DE 3F 86 40 3D B5 2A 42 7C 41 A6 38
0002B3E0  A5 2D CE BD CB BD 35 BD 0D C3 9C B3 78 3C 10 BC
0002B3F0  03 3E 9A BE C5 B7 C1 38 8E 3F 41 30 3A BA 3D BC
0002B400  17 3F 83 3E 6F B3 89 B8 2A BD 10 B9 5A 42 5E B8
0002B410  9E BF C3 C0 49 3E 3C B4 1C B4 57 B5 13 3C A3 3D
0002B420  60 3A 55 39 59 B8 0B B8 50 BA 37 33 87 BE AF 3A
0002B430  0B 34 61 38 3D B5 7E B4 D1 3B 6A 37 2D BE 8A B3
0002B440  46 B8 06 B6 88 35 AF B4 4A B9 9C 2F 08 40 E2 BC
0002B450  D2 B8 82 38 32 3B 63 A9 B8 B4 53 BC 70 34 D3 2A
0002B460  60 39 AB B1 6B 34 4B AB 24 35 D9 38 9B B4 B4 BA
0002B470  E8 3D A9 B7 8E A7 5F BF 37 B6 5E 3B C2 3F F1 40
0002B480  C0 BD D8 BC B7 3D 75 AE 05 3F 3D BA 36 3E B9 40
0002B490  77 BE E0 38 22 BB 4F 29 B2 39 08 3B C9 2D C1 B8
0002B4A0  7C 36 D8 30 43 B1 86 35 FC 34 82 3C 7E B8 50 AC
0002B4B0  0C 38 67 B8 21 35 79 B1 44 37 B2 36 95 B8 32 AD
0002B4C0  9D 3C FA B6 C7 B6 F6 B6 3F A2 16 3A 02 B0 40 B4
0002B4D0  BD B8 A6 B8 A0 1D 3A A7 0E 35 3F C0 22 BD AD 39
0002B4E0  99 3E 21 37 6F BC 2B 2F 6F 32 12 36 87 36 BC B8
0002B4F0  BF 39 50 BC 8A 30 16 41 7B BD 56 3F 3F 38 A2 3E
0002B500  14 BB 0E BC DE BF DD 41 7E B1 8A 3A B3 32 E2 B9
0002B510  30 33 8D 34 D9 BA C3 B7 68 3B 0B 39 C7 B6 64 23
0002B520  81 36 1F B8 8A 35 9F 35 67 3A 36 3C 90 B2 32 BB
0002B530  CE 3D 5D B3 75 B8 FB B4 C6 B0 C3 30 D7 B8 12 BD
0002B540  3B BA 4E 31 87 3C 1E B7 81 36 FB BE 08 B2 8F A1
0002B550  CB 3B FA 30 5F BD 30 BC F7 39 EC AC 0D 3F CB 3B
0002B560  1A 3F C5 BC B7 39 B9 40 08 B8 2A 2D FE 3C 7A 41
0002B570  D9 32 B9 B8 EB C0 67 3D 52 36 75 31 69 B8 1A 32
0002B580  67 3C 7B 37 16 B4 C7 B4 3E 33 2D 3A 8F AC 5E A4
0002B590  8C 35 F0 B0 95 2E D9 B4 3E A4 7F 35 C5 38 F3 BB
0002B5A0  05 3C 54 30 69 32 1D B3 54 A4 09 B6 57 AD F5 BD
0002B5B0  62 31 FA B2 7C 3C 1C AA 51 B2 EA 35 91 27 98 37
0002B5C0  80 AE 96 35 0F BB B8 C0 2D 34 AE 3A 64 35 A2 3E
0002B5D0  E6 32 00 BD 21 3D B2 3E 1B 35 ED 30 C6 3D 9F 3E
0002B5E0  A5 B9 39 BA 31 BD EB 41 2A 8C FF FF 04 00 00 00
0002B5F0  20 00 00 00 00 00 00 00 00 00 00 00 00 00 00 00
0002B600  00 00 00 00 00 00 00 00 00 00 00 00 00 00 00 00
0002B610  08 00 00 00 56 8C FF FF 04 00 00 00 70 00 00 00
0002B620  8B B5 82 B8 6E 3E 73 34 F3 3D 3C B5 3B B6 81 38
0002B630  97 B8 79 38 D0 B5 D9 B1 5A 40 C4 22 B2 C1 8E AF
0002B640  37 BC 2A BC E9 B1 27 3E CB 3D 6A 3C D1 3F 7E B4
0002B650  5A 30 9C 3B 5E 32 2E A9 64 31 34 37 D2 3A 44 B6
0002B660  0D BC 5C 30 03 3D F1 26 B2 BB 5F 31 2F 3A 1B 3C
0002B670  9B 31 5B AE 3D BB EF 3A E1 35 E7 36 67 31 E4 A7
0002B680  59 39 60 28 B5 3C 51 2C BD 38 25 39 01 35 8B 39
0002B690  D2 8C FF FF 04 00 00 00 00 15 00 00 0E 30 BA A9
0002B6A0  87 25 AA 2A 88 A4 16 2B A7 A9 A8 A5 A1 A4 2B 2E
0002B6B0  16 2C D5 A4 DA A8 E0 AB AE 2B EE AB C2 30 BD 27
0002B6C0  DD 28 D8 1D 95 A4 2A AA 69 A6 39 A9 5C A5 6E 26
0002B6D0  BA A7 40 2F 39 28 4C 0D AC A8 35 28 4D AE 7F AC
0002B6E0  1F 24 3B 23 C4 21 11 29 1E A4 3D B0 52 1F A3 AC
0002B6F0  75 A4 DB AA 0C 2C D5 18 7F A5 12 A5 E6 90 44 B2
0002B700  1D AC 65 2A 0F A9 98 A5 09 30 57 28 D0 8C D8 30
0002B710  58 A5 24 2A 22 9D B3 2A B4 A1 67 A1 FE 2B 38 A6
0002B720  DA AC 09 29 1B A8 AD A5 B9 2A 3C 2B 44 2B 78 24
0002B730  CA AD 52 A8 FC AC 11 2E 6A 2A 3A 2C EC A1 68 28
0002B740  31 31 09 2B 4A AC 5C AD 8C 2D 92 AE 97 B3 EB AB
0002B750  77 32 A9 A8 00 A5 57 AB D9 A9 19 32 61 A2 BB A2
0002B760  69 B2 A2 1C 40 29 45 A2 B2 2C 82 A2 72 A6 0E A3
0002B770  24 9D 13 1F A1 26 E8 26 C2 2E 11 99 B5 23 41 AC
0002B780  41 A7 AC 2C 68 24 3C A7 B0 A2 95 99 1C 29 38 27
0002B790  E5 25 3E 27 0B A0 30 9C ED AB 4D 2B 70 2D 6C 2C
0002B7A0  3D AE 3E 2C 02 20 53 2C EE A5 AA AC 8B 1C 71 AB
0002B7B0  25 A9 3B 2C 72 2A F7 28 C7 20 0D 9E 84 25 81 27
0002B7C0  9A A8 74 AE 1E 1C 6B 13 32 A6 9B 9F C7 A9 82 A4
0002B7D0  3C A8 0B 24 D8 A5 5D A3 4B 9F 9B A1 3F 2A 1E 23
0002B7E0  2E A4 F1 9D 4C 2A 72 A7 2B A9 F3 9B 48 A4 87 95
0002B7F0  0D A9 FC 9A BD A4 E7 A5 C8 AD BC A9 DF A8 02 AC
0002B800  B9 A9 D9 28 A4 AA 63 23 C2 28 7E 25 F2 A1 58 2B
0002B810  64 A9 14 2F 00 A9 47 24 9A 2F 5A 2B 02 AE 29 AC
0002B820  65 A6 8B 9C 4F AC C1 AD 2A AD 16 B0 D3 2B DE 2B
0002B830  1A 2B 4A 22 89 9E 3A AA 68 A5 28 A9 4C 1C CB AD
0002B840  BF 1F AD 2E 63 A6 70 A1 EC 2D 43 A8 C3 2D 06 2B
0002B850  B4 22 B7 34 4C A8 76 AE E5 26 F6 2F 40 A8 E8 B3
0002B860  DA AB 45 AB 47 2A 31 A6 2E A0 69 B0 BF 2F F2 29
0002B870  2B AD 6B 2D D4 26 DD 2A 27 AD E7 27 6E 28 AE 2C
0002B880  3D A3 3C 20 CF 25 C3 33 F6 A5 0E AD D3 A8 E6 20
0002B890  4D 24 87 A1 9D AA 2F 27 15 A9 60 2E B9 21 10 2B
0002B8A0  76 2C 11 1F 09 AC E5 A9 06 29 3F 20 07 A4 F0 25
0002B8B0  4C 20 57 A9 88 26 DA 97 16 2C 9C AB CE A9 5D 9E
0002B8C0  02 2D EA A8 7B 28 12 21 35 AB AE 1B 47 2F 7B A8
0002B8D0  A4 2A 5E 1A 24 A5 CF 26 EA 30 D0 A8 5A 26 0B 2D
0002B8E0  03 2B A2 AC 83 A2 EE 28 FF A8 F9 A1 FB AA 4D AA
0002B8F0  27 2C 65 29 51 2E 67 A1 A2 23 75 0E 5B 2E 7D 9C
0002B900  75 AB 9D A8 1A 2B 80 A6 07 9D 72 AC 08 1C 03 9E
0002B910  29 99 66 28 DC 99 76 23 46 AA A7 9E F1 AA 6C A7
0002B920  DC 9B 16 A9 5D 29 B3 2C C2 26 51 AC E9 28 47 29
0002B930  8F A4 55 A6 A5 AD 2C 28 0F AD 04 A8 10 27 7C AB
0002B940  F1 AB A0 9C D5 27 75 A6 BB 21 EE 2E 6E 28 56 A6
0002B950  F0 1E A4 A5 DE 1E 19 9F 4E A1 4C A6 E7 A8 5E 89
0002B960  76 AC C7 27 EB 28 99 29 38 22 DF 2D 82 A8 B9 2D
0002B970  69 AD 12 2B 2C 21 6E 2D C9 A6 18 AA 44 AF F5 AD
0002B980  CA 2E 9F 2C F6 25 D3 AC 98 A8 91 A8 80 2E 8F AC
0002B990  4C AA 17 A4 33 A6 7C AF 29 27 44 2A 13 29 80 98
0002B9A0  2D 99 C7 1C D3 2F 98 2A 77 25 CA A5 47 32 88 A2
0002B9B0  B4 A4 E1 2C E4 A5 EF 98 E2 1C B4 AC AA 23 BA 9F
0002B9C0  D2 28 3E A4 D5 27 2A A8 91 AA 0A 28 3E AC A5 2A
0002B9D0  55 1D 62 A7 B6 2D E9 AA 5E 27 54 A2 25 AC 1D 28
0002B9E0  6E 2F 5A 2D 6D 2A 13 2B B8 2B BB 29 4B 26 47 AB
0002B9F0  01 23 A3 1C 88 A8 45 AC F5 2B 92 2A 74 29 54 AB
0002BA00  B2 1F F8 A8 09 24 04 26 FD 21 AA A9 95 26 83 A1
0002BA10  2E 1B B2 99 94 2D E7 26 3E 27 6F 26 68 AC AA A0
0002BA20  17 A6 F7 2E 7C 2D F4 29 D0 21 29 A8 ED 14 4C A0
0002BA30  43 22 06 1C 2C 2B 30 24 DC 2C 7D 24 93 2C 85 A5
0002BA40  75 91 32 A5 E7 A2 28 AA C0 AD 1C B0 B7 25 EB AA
0002BA50  BF 2B FD AE 22 A6 DD 29 F1 27 AC A5 D7 A5 27 A8
0002BA60  F3 2B D6 9E BA 2C B6 AC C8 2E FC 13 22 A9 7F 23
0002BA70  26 31 82 26 F2 AE BC 1F E1 2E FC AF F0 2C 42 30
0002BA80  09 9F C9 21 BE AD 13 A9 FF 24 C0 9D 47 AB FD AA
0002BA90  2B 1C 9E 28 80 2A 62 AF A4 22 B6 17 82 B0 F9 A9
0002BAA0  F4 AC B0 B2 45 28 42 AE 43 AA 51 31 DE 18 93 A5
0002BAB0  0D 24 60 B0 6F AC 40 B0 18 2F 7A 2F 75 AC AB 24
0002BAC0  20 29 4E 2B 05 31 4E AA FF 2B 96 27 C4 A5 E2 24
0002BAD0  2B 1C DF AE 4A 2C 03 2F C9 29 E8 AE 77 29 5F AD
0002BAE0  5B 2A D9 A4 60 A3 10 A6 4B AA DE A8 20 2A 94 24
0002BAF0  2F 9C 39 25 BA AB 84 9D 46 2B 86 A8 58 2E 1D A7
0002BB00  3E AF A6 AE 9C 1D 60 22 7C 2C 80 2B 09 AB 21 A4
0002BB10  74 B0 D3 A5 30 2B 46 2D 86 30 A9 2B B6 2A DE AD
0002BB20  FC 28 8E A8 B0 A9 49 29 FA AD A4 29 AB 2E AD 28
0002BB30  07 2B C5 29 F0 32 88 AB 61 28 2A A7 BF AE CF A4
0002BB40  88 2D 6F 26 18 30 26 A5 94 B0 85 A9 33 2B 53 96
0002BB50  79 AC 85 28 1A AC 48 B0 30 AF 4A 26 6B 28 5A A2
0002BB60  8D 2C 46 A4 59 2D A4 99 88 A5 23 A1 68 1E BF 29
0002BB70  A5 A5 69 AC A4 AA 8D A2 A5 A2 3A A2 F7 AD D8 2A
0002BB80  39 A3 9E 97 70 9F 95 A0 8C 2C 92 A2 04 2C 61 AC
0002BB90  33 2C 6F AB 8A A8 F4 25 E7 23 C5 AC 43 2F 1C 2A
0002BBA0  B7 A0 37 AD 67 AB 8C 2F 43 AB 28 A5 EE A6 B4 AB
0002BBB0  19 A8 4B 2D 8A A6 60 2E 3F AE A4 85 CC A5 38 A0
0002BBC0  2D AD A1 25 B0 AB 51 28 1B 1C D8 24 0A A8 7D 9E
0002BBD0  E6 AE AA A0 A2 9F 7F 1B 1F 1A DF 26 65 2C 73 AB
0002BBE0  A8 25 FE 2C C0 A9 59 9B 01 2F BB AC BE 20 CE 30
0002BBF0  4C A4 8C AC 06 AD 0E 25 4B 28 92 30 9A 2F FD A1
0002BC00  A8 25 12 29 39 23 BF B0 8C 24 79 AE 71 20 08 2C
0002BC10  9D 2F 48 A8 40 A7 6A 20 A3 2B F4 A6 7C 26 EF 2B
0002BC20  DA 1E FE 2D 54 24 D7 A5 38 2A F3 16 83 AE 06 29
0002BC30  E9 28 02 AA E2 30 F4 AF 12 1C 4E AD 9B 2A AD 29
0002BC40  32 26 07 9C A5 26 B2 A0 97 30 75 B0 B6 A9 13 2C
0002BC50  49 2A 1B 28 43 2B 5C 29 07 2B 21 A3 5A AD FF 9B
0002BC60  08 AD 65 2F 5B 24 7C A5 3D B3 C7 28 51 AC D2 27
0002BC70  72 29 B5 1F 67 2B C7 AC 5F 33 47 19 3E 2B 4C AC
0002BC80  01 A1 19 2A 7D 24 C9 A4 D9 AF 5B A4 EE 2B 76 1F
0002BC90  F5 30 3A 27 22 AD B7 AC 1F A9 61 30 96 A4 65 29
0002BCA0  E6 AA E8 A6 4B 31 C8 A1 67 A2 26 A8 8B A1 E2 A0
0002BCB0  FB A5 C8 27 C3 28 E2 A3 D4 A0 A2 AB B0 AA A5 21
0002BCC0  A4 2D 5D 23 D0 A8 FC 9F 02 A5 35 26 AC 2A A5 20
0002BCD0  B2 22 35 9E 29 2B D3 AA 62 A6 BC AA 88 A5 E2 2D
0002BCE0  8E 2C 06 2C 52 AC 44 29 17 A8 05 30 D8 AB 05 A5
0002BCF0  AE 26 E6 AC CD AC F4 A5 CA 2C 6C A0 2F 9C B5 24
0002BD00  14 24 EF 25 E4 9C 4C 24 CE 1D 70 26 62 AB 76 1F
0002BD10  0F 27 C8 1F EC 9C FD 25 F7 1D 76 AD 49 AA C4 A1
0002BD20  08 2C C0 A8 1C 9B 00 9E AF 1A FD 20 DC AA 6A A4
0002BD30  6D 29 B1 2A 81 28 38 AB E8 2A F8 28 00 2D A4 2A
0002BD40  B6 A0 5D 2B F7 20 AF AA 6D 2C BF AC 62 22 52 A7
0002BD50  4A 26 07 AB 74 AA E8 23 C0 A6 0B 20 EF 27 9F 15
0002BD60  FE A3 9A 27 85 A4 CB AA 15 29 82 2D 09 21 E2 19
0002BD70  8B 2B 75 20 78 A2 A3 2D FC 2A AE A2 5D 23 45 AB
0002BD80  6E AC D7 26 B7 A8 27 24 AE 9D 46 8C 06 A4 2F AD
0002BD90  14 20 5F A8 15 9F E8 A9 72 2E 21 27 A7 A2 C5 2B
0002BDA0  16 9F 7E A6 38 A2 8B A7 D1 A0 8C A5 FD 25 91 A5
0002BDB0  36 A8 87 AA 16 2F F3 B0 5E 29 A6 9C 36 2C 42 27
0002BDC0  84 29 35 25 FC 2C 5B 1E 39 A8 E6 25 8A 14 2B A8
0002BDD0  16 A5 52 A4 4F 2D 6E A8 83 2E 27 A5 6C 21 45 AC
0002BDE0  84 A4 A4 2F C9 A6 38 AA 3C A9 1D 2A 90 A0 54 1B
0002BDF0  F4 2C 02 22 08 1D 8C 2C 16 AD 51 A7 48 25 FF A4
0002BE00  05 A6 32 A1 0A A8 D7 26 08 AD C9 2C C9 28 16 2D
0002BE10  A6 B0 9A AC 8B A9 DC 28 4D 2D D6 2F DE 2B A4 A5
0002BE20  33 A6 F8 26 FD 2C 8A A9 69 1B F2 A4 EB 1E 24 A5
0002BE30  3D 19 D3 25 32 25 91 A4 AD 24 81 22 68 A9 73 2D
0002BE40  52 A2 B0 21 53 31 EE 9E 92 22 FC A9 CC 28 30 9B
0002BE50  ED A9 A6 29 03 A6 34 21 97 A5 08 22 37 AD 47 1C
0002BE60  E1 AB D8 28 6C 1E 56 A8 24 27 37 A9 2D 1E C6 AA
0002BE70  5D A1 39 A9 81 92 BF A8 02 29 52 24 68 21 C8 9A
0002BE80  64 25 5E A4 10 A7 23 AB 1F 29 86 27 89 A3 7C 2C
0002BE90  C5 22 76 1F 63 2D 30 2D 60 A9 56 AC 86 29 6C AB
0002BEA0  83 2A 54 A6 E9 2A 8C 30 4F AB E7 26 51 29 0D 23
0002BEB0  0F 2C E0 A8 9E AA 3A A8 33 A7 21 2C 51 A9 88 9F
0002BEC0  A4 2B 8B 24 CB A6 24 A8 55 2D BC 20 C3 25 8B A0
0002BED0  33 A5 3A 9C 94 A8 AB A4 4F A8 45 9F 1C 2C FF A9
0002BEE0  5F 26 98 AA 40 2D 07 24 55 27 9E AC 84 2C 28 24
0002BEF0  FF A9 32 A3 F0 AC F9 AB 96 2D 28 2A 6E A5 7E AA
0002BF00  F8 24 22 A9 95 20 79 99 5A A5 2D A5 A9 27 C0 AC
0002BF10  00 28 48 19 02 AC FB AC F8 A3 A9 29 D7 AB E8 A6
0002BF20  67 29 6B 28 B8 23 AC AD 35 1A 83 2E 54 26 7D 25
0002BF30  2C A5 48 B0 94 9E 9A AB C2 2C 9A 25 57 99 64 AB
0002BF40  19 AC 6B 2D 2A 2D F2 9C C4 A2 7F 21 E5 A4 DD A0
0002BF50  49 22 44 AB CF 25 00 30 68 99 45 AA A1 9A E9 B0
0002BF60  03 21 24 B0 41 AC 2E AA D0 B0 CB 32 EC 28 23 A5
0002BF70  DB 1F AC AD 63 A6 3E AE 04 AC 0F 29 A1 AB 72 27
0002BF80  8C 2C AD A9 83 2D F7 A8 34 29 13 A8 D5 A9 A3 29
0002BF90  92 B3 FD AC C2 A6 D0 21 5C A5 66 31 18 AB A0 28
0002BFA0  38 1C 45 9D 0D 9C 1F A5 F1 A7 C1 23 25 1E 4F 2A
0002BFB0  B8 29 26 23 16 22 76 24 AE 27 26 2C 2D A2 BC 30
0002BFC0  01 16 28 2A F3 2B 72 AD A1 AC F9 A1 69 B0 6C AC
0002BFD0  99 28 B5 A4 90 AA 84 A8 66 28 A5 2F BE 2C 5F 2B
0002BFE0  6F AA 6C 26 62 2B 48 28 55 21 BD AC 34 22 AA B0
0002BFF0  73 22 D9 9D F4 AD 16 19 8C 2B 4B 31 DF 20 ED AC
0002C000  96 2B 56 1F 78 AD 3A AB 9B 26 33 30 33 29 FB 9D
0002C010  E2 2A DF AE A8 24 D7 2B 33 B1 F5 26 E1 AD 69 AE
0002C020  78 AC AE 28 0B B2 5A AD 49 A5 45 29 B5 2C 7C AC
0002C030  DD 2B 81 A9 BE 28 75 24 72 A3 8C 30 2D AF F4 2E
0002C040  5E A1 08 A6 6C 25 4F A9 27 2C 43 2F 21 24 20 AA
0002C050  9C 9F 25 AB 8C 28 F3 AE CC A9 3A 2B 3A A1 5B A6
0002C060  62 AA 43 AA F8 AC 5B A5 12 2C A7 A1 E7 24 E5 A9
0002C070  31 2E 1A 27 FE 1A A4 26 56 2E 43 AD 33 A9 58 29
0002C080  C1 A3 03 B2 10 AB B8 A4 F6 1C 74 AB A9 AA 37 A1
0002C090  6A B3 29 2B 0B 24 C1 A9 77 2C AB A9 EB AE FD 25
0002C0A0  33 98 09 A0 EE 2A B5 26 CC AA 7E AE 9E A4 3A 22
0002C0B0  7D B0 96 A3 15 A8 A0 AC 19 27 84 30 5E 23 37 A8
0002C0C0  30 25 E1 2C CF 9A CB 21 41 24 BA 25 43 A5 0A AD
0002C0D0  D2 20 F2 0E AA 1D 1C AF 91 A8 CC 22 7C 2D 43 A8
0002C0E0  E4 14 93 1D C2 A9 FA AA 86 9D 81 B0 D0 29 8E 29
0002C0F0  8B 27 29 2D BC AA 5A 8C 6C 2B CB 2E 43 B0 B4 A4
0002C100  AB 10 F7 A5 02 2C CB B0 4F 2B 3A A6 07 AC 43 A8
0002C110  0D 2B 9C AA B1 25 A2 AC 88 26 9D 2F A5 26 A4 2C
0002C120  65 A9 9C A0 DD 26 2E 29 A5 22 9E 26 B8 1D EC 2B
0002C130  87 29 B8 1F DD 29 3C 23 F1 AB 22 2B 92 25 EF 25
0002C140  27 2E E1 29 EC 98 B7 26 19 2C A5 A4 23 99 3E AC
0002C150  60 2D E8 29 4A 30 D8 28 6F 2D 34 AC 19 9C 2D 21
0002C160  16 28 F2 A2 18 AC B8 2C F6 AF 36 B0 BE 2D B4 A9
0002C170  42 20 CC AA AE 2B 7A A9 74 AA 25 29 32 2D D1 A7
0002C180  9F 93 AD 22 76 AB 55 23 A0 9F 94 AC 2F 2C 35 2D
0002C190  3B 2B DA 83 64 A5 AB 29 03 21 C8 25 FF A1 CB 2B
0002C1A0  1F 2B 72 29 96 A7 1C 2D 4F 2C 7B A4 8C 8D 36 AA
0002C1B0  E5 2A 6E 20 EC AA F3 B1 32 2B DD 26 CB AA 2B AB
0002C1C0  39 2E C7 25 D9 28 C9 12 74 2D 91 A9 89 A9 03 9C
0002C1D0  26 AA ED A6 89 9E F3 A6 15 AA 93 A9 E5 22 28 A4
0002C1E0  E5 AC 37 03 F5 A8 FE 14 02 A4 F2 27 70 1F BA A9
0002C1F0  63 21 D3 26 EF 25 7C AD 82 25 CD 98 82 29 C6 A8
0002C200  FF 1F 93 26 17 28 B8 28 42 2C A3 1A D7 23 00 92
0002C210  11 A8 BC 20 03 18 E1 1D DA 98 6D 20 64 28 D0 2D
0002C220  E8 29 A0 1A 55 22 D1 A8 40 27 18 A8 42 28 03 A4
0002C230  19 2C 11 2B 1C 2F 9F A9 02 A6 69 21 73 1F 83 A8
0002C240  24 AC 64 AC D1 B0 30 29 88 22 F1 9C 37 A1 A2 2A
0002C250  12 29 B1 2F 21 2C 2D 21 52 A6 37 A9 09 23 34 AE
0002C260  EE 2A 2D 27 14 A1 FB AA E7 1D 7F 28 A3 27 0F AB
0002C270  DE 2F 86 2E 1B AC 26 A9 A2 2C 8B 32 B9 24 FA 29
0002C280  17 1E 43 2C 4F B1 3A 2C 9E 2E FA 2A C0 AE 2B B0
0002C290  BF 21 1D 28 7C 2C A9 AB E0 25 D3 2A E6 2A CB 9C
0002C2A0  32 B1 1A AE DF 2D D9 A9 7E 30 96 1D 39 2E 47 1B
0002C2B0  11 29 72 2A B7 28 4B AC F3 A9 52 AC 4D AE 38 2F
0002C2C0  9E AB FC A3 91 1F D5 2F 42 AD 9E 23 0A 30 E3 10
0002C2D0  70 2D 03 2A 7F A4 4F 2B 5F 26 74 A5 17 92 FF 2E
0002C2E0  4C 2E 59 2E CE AE B1 2B 05 AC 78 B4 50 A7 86 2C
0002C2F0  07 20 62 2D A5 32 26 28 67 2E 49 9D BB 98 40 9A
0002C300  E7 A0 9E AA B8 A3 AA 25 1C A5 5B 25 46 1F 9D 20
0002C310  61 9D 28 1D 86 18 47 20 69 28 86 9F 2F A5 09 9A
0002C320  98 26 5D A2 0E A0 BA 9A B2 25 25 93 9D 1E 06 A0
0002C330  63 25 DA 93 5A 20 91 21 D4 A4 A7 98 90 9E A5 24
0002C340  42 21 5B 2C 75 A8 76 A0 01 A8 A9 18 4B 26 F3 A8
0002C350  01 27 30 9D 7B A5 D6 A9 F0 28 88 19 0A 21 5F A7
0002C360  3E A9 A2 AC 70 8D BD A1 DB 93 23 2F EC 2A 5B 28
0002C370  1D 2A 07 1E D8 A8 40 29 A1 17 E8 A6 F2 AC C2 A1
0002C380  99 80 54 93 9E 2D FA 29 E2 A0 67 A7 F2 A2 20 A0
0002C390  77 28 8C AA AC A9 6C 9A ED 29 04 2A 55 25 D2 AA
0002C3A0  E2 2B 94 A9 2F AC 78 2B 50 30 24 1E D0 2A 15 AD
0002C3B0  06 2B 76 A2 FC 26 0C A7 B4 A7 C5 2B 7A 2C 09 0B
0002C3C0  FE A9 E8 25 00 2A C8 1D D0 26 D3 A9 64 A1 0E A3
0002C3D0  9B 25 0F A9 45 A9 7B AC 88 A4 33 AB A6 A1 4F 27
0002C3E0  95 AA FC 28 D6 A9 05 A2 6A 26 7B 9C D3 28 EA 99
0002C3F0  1E 22 E6 28 5F 20 D7 21 6A A2 9E 24 72 1F 52 A3
0002C400  B1 A8 8C AE BB 1F 31 A5 18 2C A9 28 FD 29 37 A7
0002C410  1C A8 4B 9E B7 2D 90 98 C9 28 BE A6 1C 2A 0F 2A
0002C420  27 A2 2A 2E D3 A6 20 A7 63 AB CF A8 B8 1C B0 22
0002C430  BD 23 64 AC 18 9B 6F 95 33 A0 0B A5 5A 29 4E A6
0002C440  27 29 20 2A 55 18 04 28 D8 A3 5B AC 70 26 03 9E
0002C450  B0 26 65 1E 94 A5 D6 20 4A 1E 32 28 1B 2A 54 2C
0002C460  1E A7 C8 A7 99 2C 7F 9F CD 27 C4 A5 0B 2D AB 28
0002C470  C3 A3 5D 22 EA 14 08 AA 24 A4 44 28 53 A4 F3 25
0002C480  8F 95 BC 99 C7 2A E6 21 74 27 97 26 C8 22 C5 A8
0002C490  B3 26 1D 29 F4 28 E2 24 A2 AB 3E 25 0F 21 0D 2D
0002C4A0  40 26 CD 2B D1 A8 38 A4 1E AB 6B 27 72 24 E0 A9
0002C4B0  FA A8 C1 18 C3 A8 CA A8 86 2A E8 27 42 A6 74 A9
0002C4C0  0A 28 B1 2D D1 23 EF AB C2 15 AA 8B 02 2B 4E A8
0002C4D0  66 AB 86 A8 DF A6 29 1E 69 2A E5 A1 7C 28 26 2A
0002C4E0  A2 14 96 2B F2 21 4B 9C 7B A9 BC A6 10 22 4E 22
0002C4F0  A8 2A 93 A9 04 24 D3 1E F2 26 F8 29 04 AA 8D A8
0002C500  35 13 9F 2A F3 29 CA A7 B8 AB BD A8 06 A5 AC AA
0002C510  1B 26 63 A8 44 2A 8F 29 0E 24 26 2C 9A 2C 93 A6
0002C520  49 AD 8D A6 F7 26 62 AD EC AD E1 1F ED 23 97 A4
0002C530  75 A8 AA 9F 73 AC 85 29 68 21 42 A3 FA 26 47 22
0002C540  76 A3 EA A7 7C 20 19 13 12 A7 E3 9F 78 26 52 A9
0002C550  8B 20 25 A3 40 2A 2E AC 53 2A D8 2C B5 28 7E A5
0002C560  84 2B 57 15 28 1E 56 1F 34 2C 8F 22 C2 28 43 AB
0002C570  34 24 8F 27 88 96 DE 23 99 16 89 A5 44 A8 73 A7
0002C580  A3 8F 0A 21 F7 A5 E3 AC 60 A8 F5 22 B3 A0 AC A8
0002C590  22 2E 27 A7 F5 A8 65 26 64 29 C3 25 5A 1A 61 29
0002C5A0  69 AE F0 22 BA AB E0 22 9E 2E 52 23 99 A9 86 2F
0002C5B0  EA 2A 46 28 1B 22 DB A2 B5 24 5F A9 18 29 A7 AE
0002C5C0  8B 15 87 9D 56 29 AE A4 A2 2D 6E A2 05 28 A5 23
0002C5D0  1E A7 F3 26 07 2C 3F A3 F7 1C 0B AA 00 29 DA AD
0002C5E0  DC 9F 2F 2B 69 29 BF 1B 64 9C 37 AD 1C AA 3D 2A
0002C5F0  2A 30 5D B0 98 98 66 26 88 AA D6 2C 1C A4 11 AA
0002C600  04 A1 38 29 84 27 9D 25 0B A9 87 A6 8F A9 74 A5
0002C610  A5 9B 8A 1E 92 25 A2 88 42 A9 41 A5 01 28 46 A2
0002C620  F4 1D 0B 26 BB 15 AA A3 9D 25 2C A8 F7 27 C7 1E
0002C630  54 96 0D A4 2D 29 87 AA EA A5 69 A6 C2 A9 BD 26
0002C640  5D 29 D7 A4 05 A0 38 2C CF AA A8 2B 1E 2C 3E AC
0002C650  2B 9E 3A A7 06 9B 59 23 26 A6 07 1B 64 A4 37 20
0002C660  17 1F 11 28 5D 9E 60 24 84 17 AE 25 0C A0 81 8C
0002C670  FC 27 B1 28 97 A6 24 A5 6F A7 E4 A3 8A 2C 42 1D
0002C680  1D 22 30 9F 31 A1 94 A6 5D 21 BE A6 C6 22 12 18
0002C690  72 A8 C1 9E 0D 29 9E 21 E3 22 D3 20 66 A3 7E 2C
0002C6A0  72 A8 22 A1 BD 27 66 A8 A2 24 32 22 08 A5 3F AC
0002C6B0  14 A8 BA A3 6D 1D 57 A6 C9 22 8A 2B BA 29 51 A4
0002C6C0  91 AC 3A A1 62 24 D5 1D 03 9D 47 23 1B 93 94 26
0002C6D0  3C 22 14 A3 D3 A5 A8 A7 C2 20 3F 8E E9 20 19 A0
0002C6E0  50 25 FF 20 A1 9D C9 28 98 2B 52 99 81 20 36 27
0002C6F0  72 22 D3 28 2A A8 02 9E AB 1F C6 9F 70 24 80 A8
0002C700  69 26 33 28 16 A1 6C 26 60 21 26 A5 40 96 BD A4
0002C710  50 25 3D 25 5A 29 8E AC 3D 10 92 A6 E7 18 DD A4
0002C720  FE 24 A0 A0 0B 26 57 A6 23 A9 A7 A4 15 A6 DC 23
0002C730  5A A8 BE 9C A0 1D B4 A3 F9 26 EE A4 B4 24 C3 28
0002C740  8D 22 D9 A2 4C 22 01 25 60 25 BB 27 6B A8 81 A7
0002C750  72 18 A2 A4 58 95 46 1A 6E 2B 82 0C 4E 9D 17 A8
0002C760  F4 28 8D A5 08 27 95 A8 A1 A4 75 1D 9F 25 F3 A7
0002C770  97 27 EF A1 B7 28 C4 AA 86 29 77 29 F7 27 F0 A9
0002C780  39 AB 32 A9 CE 26 F5 24 BD 19 DB A7 5A 23 A1 21
0002C790  7A 22 9B 24 F1 97 15 2B 84 21 17 2C 72 1B 69 25
0002C7A0  18 15 92 A8 31 98 EC A0 54 A8 35 1E CB 1D 51 AD
0002C7B0  F1 A4 42 A6 A4 26 67 A5 77 28 E6 28 69 25 6A 28
0002C7C0  99 2A E8 2C FB 28 DA 9C FE 2C 09 AB 77 9E C6 A9
0002C7D0  5F 23 4C A6 D9 A0 A8 A1 55 2C 90 27 61 28 BB 26
0002C7E0  94 AB DF A8 43 27 DB 28 AA 13 16 1A 60 28 C2 29
0002C7F0  07 9C 43 A3 49 1A 50 1D B8 2B 60 25 2E A5 00 2A
0002C800  2E AB B1 A6 94 1F 16 9E 14 1F 39 AC F6 9C 39 2E
0002C810  02 26 BA 14 27 AE F4 A0 E1 26 5A 1A E6 A6 32 A9
0002C820  CD A0 D6 9C 4B AA 14 22 73 1F BD 2C 29 30 C0 A4
0002C830  A8 26 AC 28 82 26 00 29 C1 2E E6 1E BB 08 C1 1C
0002C840  D7 18 29 26 03 A1 FA A2 33 8A 4F 1A 3D 21 F0 2C
0002C850  1C A3 13 27 A3 AB 6D 20 95 A2 61 A8 89 16 23 28
0002C860  62 22 5C 29 5D 26 42 97 15 25 30 A4 42 A8 CA 29
0002C870  75 29 A3 A4 2E A9 A8 A0 AA 25 38 A4 F2 20 03 18
0002C880  ED 25 7E AC 0A 2C FC A8 84 A7 AA A8 8B 19 80 A1
0002C890  E7 18 B5 A8 59 21 16 A4 38 29 95 2C F4 1B 15 A9
0002C8A0  83 9D D1 28 14 26 78 9C 72 A5 F3 29 68 26 75 1E
0002C8B0  C1 9D CF 18 43 21 D0 25 2E 22 7E 9D 1F A8 7D 23
0002C8C0  D8 1D BC 25 73 14 48 28 96 A5 09 26 71 28 B6 28
0002C8D0  62 99 42 28 5F A4 90 24 EF A6 5A 28 64 24 21 24
0002C8E0  99 24 6D A5 FD 9D AC 8B F9 22 33 A7 1B 16 4C 23
0002C8F0  1C 9E 64 2A C0 24 04 28 7E 20 FA 28 32 29 0E 27
0002C900  16 1D 45 9A C8 26 5D 1F 55 26 93 2A 1E A1 25 1E
0002C910  74 24 25 9C 2B 1C B5 A9 A8 A6 76 A2 9F 21 AC 9A
0002C920  B9 A1 01 A4 96 20 DD 1D 52 A2 52 27 15 A2 94 24
0002C930  6A A4 33 A7 2E 23 5A 99 82 1F F8 A1 7F 93 B4 90
0002C940  C6 1F 19 A0 32 9B 17 23 37 9F 07 99 F6 A6 CD A3
0002C950  03 A1 17 29 6C 23 2C 1E EE A4 F4 A6 2F 28 1D AC
0002C960  64 A9 CA A1 A0 A8 5E 24 B3 25 76 25 04 28 F6 2A
0002C970  05 20 80 A4 7D 9B C0 26 BF 9E AC 28 C9 24 41 21
0002C980  7D 8C 83 1F 1E 1F 47 28 9C 25 2D 23 8D 24 CD 26
0002C990  9C 21 07 21 F3 A4 09 A8 5F 29 4A 84 90 21 EE A8
0002C9A0  B7 A2 7B 20 45 14 68 A0 4E 28 E0 9D 10 1C 29 1B
0002C9B0  2D 9E C6 94 CC 28 3F 25 22 98 3B 29 66 9A 0F A8
0002C9C0  49 AA 03 A4 AA 1D E4 A8 8A 29 00 A4 8A 1C E2 14
0002C9D0  A0 A4 E5 A0 CE 27 10 1F CF 27 1B A6 2D 23 29 25
0002C9E0  FD 2C 43 94 3B 24 05 A8 98 1E 32 A9 19 24 C0 9D
0002C9F0  11 95 17 20 C1 A0 5E 15 B0 16 34 A4 CA 26 E6 9D
0002CA00  40 28 9F 2A 76 1E 30 9F AB A8 88 15 1E A0 06 A9
0002CA10  0F 25 B2 A0 76 A9 C2 A9 1E AA 66 1C 0B 9D 43 99
0002CA20  DE A0 B3 9A 65 A0 89 24 D2 26 C8 13 2F 24 59 A4
0002CA30  EB 24 31 A6 E0 19 73 A2 76 28 9E 1D 5A 91 AB 8E
0002CA40  76 21 8A 22 E3 25 B9 25 3D 28 2B A7 69 24 A4 A6
0002CA50  89 A7 57 A2 DA 22 4F 23 83 A1 0A A5 36 A2 21 26
0002CA60  85 23 2C 24 5B 28 8B A0 2E 98 CF A8 8B A3 E3 A4
0002CA70  23 29 64 27 D9 28 D1 24 FE 1F 18 1E 23 97 58 A4
0002CA80  BA A1 BD 9B 78 A0 C1 A1 26 26 FA 1D 91 A0 B5 A0
0002CA90  A5 A1 89 A6 54 29 35 A5 CC 22 7D 23 8C 99 9E 21
0002CAA0  CA 2C 16 A2 53 25 E7 9C 3C 21 11 A3 4C 21 73 A0
0002CAB0  1F 9D 17 A3 87 23 BD A3 14 25 20 A9 09 A5 24 24
0002CAC0  2E A9 BA 26 3C 1E 17 A5 84 A0 08 24 9F 1E 96 A5
0002CAD0  3E 1C D8 20 33 AC B4 A6 8A 98 D4 28 9D 1F 0F 21
0002CAE0  EB A2 06 9C CE 1B F6 24 E5 29 BC 13 27 1C 47 A5
0002CAF0  8D A5 CA A6 10 9D A1 A7 44 1F 81 23 76 A5 17 A1
0002CB00  34 20 4F A1 CC A1 AE 25 3F 26 EA A6 7C A7 19 A7
0002CB10  2B 84 27 24 67 29 66 25 A5 9F D5 A3 93 98 6F 1D
0002CB20  CE A4 09 19 1D 27 6B 81 6D 9E E2 9E F0 25 25 9E
0002CB30  BA 1F 7A 9C 0C 18 A9 28 63 A6 57 A6 A1 9E B5 90
0002CB40  05 A0 3A A8 72 98 30 23 41 22 CC A4 1C A4 96 20
0002CB50  4A 1B 4F A1 AD 25 08 26 7B 21 A1 1B DB 98 B4 A2
0002CB60  58 98 11 23 A9 97 49 A3 61 21 AE 9E EB A6 0C A1
0002CB70  09 9E 7B 8C 91 A1 9E A1 2C 26 20 24 42 24 22 A5
0002CB80  21 23 17 A3 E1 28 86 25 43 A8 19 A4 49 22 2B 1D
0002CB90  2A 26 B8 1B 8F A2 50 A5 59 A5 99 A0 DE A1 FF FF
0002CBA0  04 00 00 00 60 00 00 00 00 00 00 00 00 00 00 00
0002CBB0  00 00 00 00 00 00 00 00 00 00 00 00 00 00 00 00
0002CBC0  00 00 00 00 00 00 00 00 00 00 00 00 00 00 00 00
0002CBD0  00 00 00 00 00 00 00 00 00 00 00 00 00 00 00 00
0002CBE0  00 00 00 00 00 00 00 00 00 00 00 00 00 00 00 00
0002CBF0  00 00 00 00 00 00 00 00 00 00 00 00 00 00 00 00
0002CC00  00 00 00 00 00 00 00 00 4A A2 FF FF 04 00 00 00
0002CC10  60 03 00 00 D7 3B C4 39 98 31 9B A8 05 BA 0F B5
0002CC20  C6 A8 A5 38 EF B6 23 BA 10 BB 0A 3D 02 39 A6 38
0002CC30  3B BA 0B 26 35 3C 7B 3D 1C A3 36 B8 8A 39 C4 B7
0002CC40  B5 3D 2E 3A 45 B8 08 B5 42 B0 00 BD FE 3D 06 3A
0002CC50  65 32 AA 3D A0 3E 90 B8 A7 3E 91 B8 5F C0 C8 33
0002CC60  37 3A B2 3C 81 BD AC B6 30 B9 A6 BB D9 B1 ED 3E
0002CC70  73 BB 54 BD 12 3A 32 3C 0F 3C 75 BC A8 C0 39 31
0002CC80  4E 3D E9 B4 B6 BC 45 35 72 BB A9 39 78 3A 52 3A
0002CC90  0E BB 52 3B 5C 3C 04 3C 27 B4 1A BD E4 A8 22 B9
0002CCA0  75 3D C3 3C 3B 32 55 32 E9 3B 58 BE 59 36 37 3C
0002CCB0  2A B3 A2 3B 9F 3E E8 BE 52 38 A1 37 06 37 C7 2F
0002CCC0  DF B6 FD 43 DE 3A 92 3E B5 B3 03 B5 54 B7 1A 2B
0002CCD0  33 C0 76 C0 D8 B8 A0 39 5B 33 B2 38 41 BC 20 33
0002CCE0  95 3D 18 B7 F0 B7 F4 B6 A1 2B B9 2C 61 39 40 3C
0002CCF0  CB BD EE AE CD 3B 46 33 7B B5 C3 B0 7B BA F2 30
0002CD00  AD 39 DA B3 4B B7 B5 3D 41 3E 6E 2B 91 BA 42 36
0002CD10  BE 37 E9 B5 6C B2 93 34 B0 35 7D 3A 01 31 B3 37
0002CD20  B4 B0 F9 40 41 3E 47 40 01 35 37 3C 94 B9 0B 39
0002CD30  3E BD DA BD 04 B1 BF 37 F5 3B F3 AD 04 B0 C3 B4
0002CD40  23 B7 19 38 01 B6 48 BE 05 BC E0 35 50 A4 22 39
0002CD50  09 B0 D9 B8 A9 3B 48 3B D6 AF F3 34 21 29 15 BA
0002CD60  CB 3B 0B 32 5D 3A E9 B4 30 B8 D9 BC 9C 3D 7C 38
0002CD70  26 B6 3D 39 F6 2C 3A BA 53 3D C8 BC 1D BC 3E BE
0002CD80  CA B8 24 38 F2 BF DA 33 6B 32 85 3C D5 C0 F0 41
0002CD90  10 BF 0D BD BB BC B5 3B DB 3F 19 3C D0 33 A5 C0
0002CDA0  D5 32 FD BA 93 C0 77 3C 07 BC 17 3A 71 C0 E5 34
0002CDB0  4E B6 8A 3D 59 37 56 3B 51 B3 DF BF 7F BF 76 BF
0002CDC0  B3 A4 9B B9 AD 3C 15 38 85 3A 26 B5 3E BC 75 41
0002CDD0  2C AA FB BF 40 29 66 B2 2D BA E6 3F CD BC 5E 35
0002CDE0  8C 40 A3 38 D5 2C DA 40 39 C0 B7 36 6B C1 53 3A
0002CDF0  A3 C2 C0 C3 CC B7 93 2D BF 2C F4 3B 68 30 58 B1
0002CE00  6C 3A 48 BE 21 AE 8A 3E FB B8 EC 34 46 33 17 B3
0002CE10  30 BA D8 B3 3B 35 AB B5 25 BA 1C B3 88 BC 85 B4
0002CE20  BD 38 0C BD B3 34 2B 3E 0C 3D 38 32 B8 B4 10 34
0002CE30  AE AC 34 B4 EB B9 EF 39 3F 36 AD 3B 9F BE 35 3B
0002CE40  67 3B F5 34 D1 3D 52 3C F0 40 AA 3F F1 B4 AF 3D
0002CE50  9F BB D1 BF AA BC BC A8 42 36 FF 31 CF 3A C9 B8
0002CE60  5F 2D 3A 35 31 B7 2F BA 86 B6 06 37 C7 BB CB 30
0002CE70  FC AF 00 BC 19 37 DB BD 74 3B 39 36 3D 2E FD B3
0002CE80  B7 37 23 35 16 3A 1E 38 AC B0 D5 B6 38 36 ED AE
0002CE90  C1 34 2A 2C C7 B8 14 3B 06 3C D1 BA D5 3C 9C 40
0002CEA0  4C C0 9C B5 B0 B9 66 3A F4 BC CF 42 B6 C1 FB 3C
0002CEB0  B4 BA 4B C0 27 BD A0 B3 AF 35 18 3C F1 34 39 B5
0002CEC0  1C AD 91 2B 60 B1 D0 BA D9 B1 23 37 7B B6 BE BE
0002CED0  3A 32 9B BD E8 2D 46 BB E5 40 B9 37 F2 34 15 B6
0002CEE0  3A 34 48 28 71 27 46 A5 43 B6 55 2C 61 B0 E7 31
0002CEF0  81 40 13 2D 3A BD FA 3E B0 34 B9 BC 41 B5 20 40
0002CF00  D6 33 D5 C0 40 BA 0F 3C 45 2B 88 40 7B BD D5 3D
0002CF10  61 B9 20 BC D0 B4 1C A2 14 B1 86 B0 B9 27 6B B7
0002CF20  F1 AA 7D B7 A9 AC B3 30 82 BA 7E 34 01 2C 77 B8
0002CF30  96 35 E0 B6 E3 AC 4D 35 2B B8 72 39 7A 38 9E AE
0002CF40  23 33 DB B8 DD B5 0B AC 32 38 BE 36 77 A5 BB 9E
0002CF50  18 39 0C B4 BE B4 CF 40 AE BA BA BC 5E B4 01 3C
0002CF60  2A 3E 9C BC DA 38 39 31 93 3F B3 3E 58 38 AD 35
0002CF70  53 BA 4F B8 B6 A5 FF FF 04 00 00 00 20 00 00 00
0002CF80  00 00 00 00 00 00 00 00 00 00 00 00 00 00 00 00
0002CF90  00 00 00 00 00 00 00 00 00 00 00 00 06 00 00 00
0002CFA0  E2 A5 FF FF 04 00 00 00 60 00 00 00 10 B4 0D B4
0002CFB0  92 2E 83 B7 E9 B6 43 3C EC 3A 2D 32 88 3D 36 3A
0002CFC0  AB C0 F9 2E 63 A9 72 37 50 36 8C 3C 0F 38 81 3E
0002CFD0  74 2D 26 3D 8F B1 6E 3C 6F B4 AD 38 BE B7 FA 3A
0002CFE0  A8 BA 9D 36 7E 34 86 BC 68 3B F5 3C 40 18 FC 39
0002CFF0  EC B9 72 33 2D 2F D5 B8 FF 2C 7D B5 C9 36 55 BD
0002D000  67 38 A1 33 D8 36 40 28 3C 2E 36 B6 4E A6 FF FF
0002D010  04 00 00 00 C0 0F 00 00 A9 95 F2 1C 1E 9D B3 AB
0002D020  19 AE 1E A7 B9 AB 4A 29 6A 24 29 AD 75 A8 8C 28
0002D030  EC 9D FC 97 72 AC 35 1E 90 24 83 26 24 A9 04 1C
0002D040  29 AA 37 1F D2 A5 C8 A4 1B 27 A6 23 7E A3 AB 1D
0002D050  9B 90 58 A2 5E 25 8A 28 4E A8 51 25 29 2C 9C 2F
0002D060  58 20 90 A7 C8 28 9D 28 96 20 F8 A8 ED 1B 04 2D
0002D070  50 A8 0C 2D 4E 2E 78 26 5B 20 E6 A8 17 22 70 27
0002D080  C9 A9 9A AA 68 26 12 21 E2 2A 69 A4 23 25 74 2B
0002D090  F3 A8 17 A2 B2 AB EF 0D 15 AC 38 1C 7E 25 5C AB
0002D0A0  30 23 97 AC 2F 28 07 AA 47 2C B7 26 E4 A1 1E 26
0002D0B0  76 31 DB A3 B0 93 5A 2A 46 AA AB AA B3 A5 B4 A9
0002D0C0  07 29 88 A7 1F AA A3 26 30 99 F2 2E 56 2E 67 2F
0002D0D0  A0 A6 BC 98 AE 20 E3 A9 97 2C 70 AA 12 A1 57 25
0002D0E0  A8 2D C3 A5 03 A9 86 A6 AB 1F E5 24 54 A5 BB A4
0002D0F0  12 A7 E2 AC 32 AD B7 A0 78 2D 5A A4 4B 31 3C 2C
0002D100  14 22 0F AD 16 A1 22 25 7B 26 28 AB A0 A0 77 2D
0002D110  58 A6 43 2D 95 21 7D A4 33 2B 65 21 08 A9 3D 23
0002D120  0F 29 4D 26 45 25 00 21 3A A9 53 A3 7B A3 73 A7
0002D130  A2 9B D5 AC 2E 9E 67 A3 68 27 74 A9 AA 28 79 A0
0002D140  FA A0 3F 16 FE A8 A5 28 36 A9 A7 9F DF 12 33 1C
0002D150  BD 27 CE 1F AB 27 FC 24 88 24 F6 A5 60 A4 40 23
0002D160  B3 28 6F A3 28 2B 6F 24 4F AE A9 A8 0E 26 F8 9E
0002D170  F9 9D 67 28 34 2D 5F AC 10 AC AC AE 0F 2E AA AC
0002D180  8E 27 9B A4 7A A9 B0 28 49 2C 3C AC A3 2C 6E A9
0002D190  C4 AA F1 27 0C 30 F5 A0 CF AE 2C AC 9A A9 1F 2D
0002D1A0  86 AD 5D AB D1 28 04 26 54 9E A6 9E 6F A6 40 24
0002D1B0  87 B1 47 2C CA AD 36 28 52 9F 0A A1 38 9D C3 22
0002D1C0  E4 AD 79 AF 6A 21 4B A0 4E 9D CA 2E 05 AB 57 A5
0002D1D0  D4 2D 07 AA 57 AF 77 A1 0F A7 2D 23 5A B0 38 2F
0002D1E0  66 A5 6D AE 8E 2B 7B 2D A7 2E 29 A9 79 AC 59 30
0002D1F0  74 A7 75 28 B1 1F 39 A6 04 A5 68 28 36 AD A0 2A
0002D200  33 AD D1 25 D2 AD 63 2C 61 27 48 AD AC 9F 73 2F
0002D210  EC 9C 39 A6 0C 2B 10 A5 12 2C A7 28 B0 28 2D A3
0002D220  29 AC 69 AA 66 A8 16 24 EC 2F 99 2C 20 28 D0 0E
0002D230  7F 28 52 2C 13 21 18 18 AB A3 13 A0 39 AE 99 A4
0002D240  75 2F 2C AA 88 AE A3 14 42 2E 2A AB 80 A1 48 24
0002D250  24 A4 E3 A2 95 22 A9 24 CE B1 E7 17 A8 9E 17 A7
0002D260  FB 9E 24 A5 7B A8 63 2B B8 27 0F A0 5C A7 02 30
0002D270  7D AB 7F 1C 62 30 DA 2A 06 AF 5F 2B 1D 2E 7A AB
0002D280  4C 24 7C AE 93 A4 AD 26 31 AB B1 23 A6 23 29 A9
0002D290  CF A0 03 94 59 A4 22 A1 25 AB 4A 29 8E A9 79 26
0002D2A0  0D 2A 55 A9 1B AB 20 AD 43 9C 63 26 11 AD 01 AA
0002D2B0  85 A7 A5 B1 0F AA 5B 2D 64 A9 50 1F 68 A9 CC AD
0002D2C0  B2 A8 8D AC 9A 2A BC AD 0E AE 6A AE 4F 30 F0 2D
0002D2D0  27 27 2E 2D 40 23 43 A6 E9 AE 13 2E BB A8 54 2B
0002D2E0  C8 26 E9 30 1B A6 86 26 2D 25 3B AB 73 A7 91 AA
0002D2F0  66 2C 5E 2C 5F 15 F3 A8 D4 AF 26 A4 94 AB 94 2C
0002D300  87 AD 88 2A 19 A9 06 26 16 B1 52 2D D7 9A A1 AE
0002D310  72 2E FC 91 24 26 F1 A5 31 A9 98 2C 2A 23 5A AA
0002D320  18 AC F9 A6 F9 27 53 AE 2F 29 C7 28 19 96 1B 21
0002D330  4E 27 56 20 4E 29 CF A1 8F 24 90 AC 50 2D 03 2F
0002D340  6E 28 6B 28 21 A6 54 2C AD A9 1C 22 47 A5 58 A9
0002D350  88 98 EC AC 59 A2 F0 2E E6 2F F4 28 0D AC 32 12
0002D360  8D 29 77 A3 F1 AD D0 2D AC 2B A2 29 56 23 95 31
0002D370  53 2C DF 2B 8D AA F7 27 7A 2F 9B A5 8D 1E 32 1C
0002D380  10 AB 8B 27 9A 0D D3 A0 E5 A1 8B A9 AD A7 14 2B
0002D390  36 2C 99 26 36 98 31 2C B9 AF DA A0 A2 AA 41 22
0002D3A0  6A B0 F0 15 0A A4 8A 1C F3 2E 6D B1 56 B0 AC 1F
0002D3B0  7E 28 A2 A8 F2 31 E5 2D 35 1A 79 2F BA A8 4F 2C
0002D3C0  14 AC 7E A5 63 1F EF B1 C7 2A 66 2B 45 31 4B A4
0002D3D0  6B 29 F7 B0 FB AC AD AE 98 21 F4 AD F6 2F 81 9C
0002D3E0  80 A4 64 AB C5 A0 5A AF 25 B2 AB A6 63 33 37 20
0002D3F0  38 A7 EA 27 E5 28 8A A4 83 28 54 29 D7 B0 92 9B
0002D400  8C 24 00 A8 6C 2D D2 94 79 2A 5B 22 ED AF A0 2E
0002D410  B4 24 62 A9 18 A6 B3 AE 66 AC 64 20 99 A8 9D 2B
0002D420  60 AA 29 AE E9 2B 70 29 F2 2D 87 A7 B4 23 9B 16
0002D430  EA 23 56 AF 6E 2B 02 A6 59 2D 07 2B 85 2A 03 AC
0002D440  07 A4 39 28 27 AE 0A A2 1A 25 E9 28 22 27 33 AD
0002D450  19 2E E7 24 B3 AD 56 AD A3 B0 0F 2F 37 A6 03 A9
0002D460  73 28 CC 2D B3 26 5B 0A F5 A8 95 2C 0F 9C 9A 29
0002D470  70 97 C6 2D 94 2B 23 18 16 A1 42 22 45 2B FF 24
0002D480  2F 22 1D 21 D0 20 2D 29 5B AA F6 9C C6 A5 19 25
0002D490  65 1D 28 A5 8C 28 D2 2A 21 A5 E3 2A 1A 29 F3 27
0002D4A0  1A 26 EB AB BC 20 8C 26 FB 29 BA 1E 2C 29 65 26
0002D4B0  89 25 0F AE 3B 9E 91 A6 A7 A9 C4 A8 6D A3 79 AF
0002D4C0  B0 A6 02 2C E1 AD 8F 2A D7 9A AA 27 90 28 C2 29
0002D4D0  45 2F 1F AB 0D 2A A7 2A 8A 2A 15 24 0F A1 E6 AD
0002D4E0  DC A6 EC 24 55 28 66 A8 23 A8 C7 24 A7 2F D9 2B
0002D4F0  88 A5 4E A9 8F 20 37 2C 7E 24 9B 9C D5 AD 50 AD
0002D500  54 2C FA A7 29 29 C0 2E 58 2C 4B 1C 97 22 02 25
0002D510  B7 2A F8 AD 2D AA 5A 99 20 AA 2E 2F C2 A0 51 21
0002D520  1F A8 03 AA BE 2C 57 A8 B1 AA 21 AB 40 2D 13 2D
0002D530  B1 B0 D2 AC 3C 20 F4 9D 4C AC 68 28 A1 21 E7 AA
0002D540  09 A1 A9 A4 3F 24 08 AA 8E AD E8 25 10 AC 3D 9C
0002D550  2F 1C 1B 2B 80 A6 94 32 BE 22 CE A5 4D A5 92 A1
0002D560  72 9D 8B A5 14 A8 32 28 3B 28 94 A9 6A 9E FA AA
0002D570  37 2B EB A7 A3 2C 20 A8 C3 A7 5D 9B A8 A9 55 29
0002D580  24 AB 52 A3 67 23 E5 A7 9E 2D E5 AB 7F AC 0A AD
0002D590  E9 29 4E 22 A6 25 87 28 AA 24 36 2B A0 2C 02 29
0002D5A0  35 2A F6 AA E7 AD A8 22 70 2E 1B AA 60 2C EC A2
0002D5B0  35 AC 56 A9 E4 20 66 9E 41 25 9F 29 A0 2D 0F A0
0002D5C0  78 21 F6 1D 52 1F 3E AB 33 1E 77 1D C4 9F 98 2D
0002D5D0  7B 2A 0F 2C 6D 9E AE AB 67 A8 2E 20 B5 9D E7 2E
0002D5E0  6B 2B 0E AC F0 A7 12 9E 3D 25 7B A7 D6 A7 15 28
0002D5F0  27 2C F8 2A F2 A4 23 9C EB 9B 4C AC 39 29 96 94
0002D600  5D 9F E8 1D AB 24 95 2C 1F 9D EA 28 61 28 BC A4
0002D610  33 21 4E AA 33 19 F9 1A FE 2F 26 A5 D9 11 57 27
0002D620  FB A6 10 2D F7 2C EB 26 4E AB 25 2B A8 28 05 A4
0002D630  49 2E 28 28 D7 A9 5F A5 20 28 CB 26 28 2D 70 AB
0002D640  7B AD 85 A8 11 13 25 28 CF AC 79 85 5D 2A 21 A5
0002D650  08 AF 66 AD 11 2A 2F 24 1C A6 F7 AA 0F AC 73 8B
0002D660  27 2B 25 07 3D A7 B3 A4 84 AB BB 24 F9 24 7B 28
0002D670  AA A9 4B AD 60 2A EB 28 87 A7 68 A5 6D 19 18 A4
0002D680  1B 21 EA 27 BF 2E 89 A8 73 A8 12 25 F6 2C 5D 1E
0002D690  9A 9D F6 2F D6 25 4B 2A B6 2B 9E AE 9D A7 BB 28
0002D6A0  27 2C 33 2F CC A8 31 A9 A6 AC 14 A8 6C 23 61 19
0002D6B0  84 27 EC A5 C5 2A 4D AE 12 22 2A A8 E3 AA B8 AA
0002D6C0  52 AD 16 18 37 AE CF AA 74 22 89 1F E2 A8 3A AB
0002D6D0  81 2C 8B 24 10 2B F1 A9 B4 2D 49 A4 DF 28 E0 AB
0002D6E0  C5 2A A5 A7 6A A6 C9 0E 45 A3 DB 26 EF AD 87 29
0002D6F0  13 A7 D6 19 A5 A7 C6 2D 73 A5 EB A4 59 95 07 AA
0002D700  33 23 17 AA 53 24 81 AC 4A A9 BE 28 F1 24 AD A2
0002D710  4C 2B 76 2C CD A8 79 2F B4 27 9B A8 5B AF 26 28
0002D720  DE A6 27 AA E1 27 B0 29 4C 28 E4 AA 0C AE C6 A4
0002D730  D5 AA EA 2A 6A AD 13 30 BA 2A 4F 2D C4 AE 48 AA
0002D740  95 21 42 9F B4 AF 16 2C 40 B0 73 AA B8 A9 3F 23
0002D750  60 24 6A A9 B8 A1 0B 22 01 2F AC 84 35 AD 18 AE
0002D760  35 A0 90 A7 7F AC 31 A9 C4 29 C4 2B CD 9A F2 A8
0002D770  C6 9F 1E AC 30 2C 4C 29 6A 2C EB A7 83 1E E9 9F
0002D780  DF A9 82 AC 03 2B 3C 28 27 AD 37 23 A7 AB BE A7
0002D790  AA A7 92 2B E5 A0 AC AC 3B 2D D5 AA 5B AD EB AE
0002D7A0  3F 2C B4 20 71 AA 7E A8 D2 2F 08 AF F3 8F 34 AB
0002D7B0  65 B1 BE 27 7E AE 6B A6 1F 20 40 2A 2B 24 82 30
0002D7C0  CD 2C AA 2C 3D A9 49 26 47 30 7D A0 9D 33 24 2B
0002D7D0  99 AE B6 25 1C 9E 8A 9F 30 9E 68 A9 8F 2C 6A A8
0002D7E0  02 A5 25 2D 14 AE D9 24 A5 2C 6C 22 52 B0 6A 94
0002D7F0  6E 26 F8 AB 46 A6 03 AB 21 AC 62 AC D3 2A 58 22
0002D800  70 AB A8 AB F2 2B B5 AC 53 B0 8D 19 DF 99 B7 2F
0002D810  6A A5 41 99 6B A7 9D 91 AE AC A5 AA 31 AC 59 A5
0002D820  67 2A 5C 2C E7 A6 BF A1 F4 2A 35 2E 4C 20 8F A8
0002D830  07 AD 20 A8 D6 2D 17 A4 01 A8 FD 32 9D 29 C6 A8
0002D840  4B 2D 43 25 B5 2C 4C 17 7A 2D AA A2 B0 AB 88 AE
0002D850  89 28 13 20 A0 A4 AF 1E 93 2A 50 AA 86 AB B8 A8
0002D860  8E 14 30 9D B4 1A F5 AA F4 AE 28 95 55 AD 2F 2C
0002D870  BF 20 CC 9C EC 22 55 9F 55 23 4B A8 FC 2B B9 2B
0002D880  F1 2A 96 1F 25 2C 33 9C 7F 2C 9C 22 2F 23 48 AB
0002D890  93 2A 74 A1 9D A7 53 98 E0 22 50 2C 99 2A C4 AC
0002D8A0  BB A5 94 A8 46 26 D1 28 6E AF F7 27 12 9F 4F 29
0002D8B0  35 A3 C5 25 CF 29 EC AA 56 2C F3 AE FC AC 69 A8
0002D8C0  56 27 CE 9C F5 2E EA 28 BF 99 EC 1B 3A 2C 4A AA
0002D8D0  03 AC 02 A8 04 9C 46 90 9E A3 4B AD EA A4 20 AC
0002D8E0  87 AA 72 1E 9F AC 1F 25 E0 A7 12 28 CD 2A 3F 2C
0002D8F0  6C 30 7C A9 3B A8 31 A9 F6 A7 24 AB 9C 10 D0 A3
0002D900  18 AE 1C 26 3E 17 B6 29 AD A4 6E 21 ED AD C1 28
0002D910  D2 21 00 A6 B9 A9 7A 2D 27 AC 5F 2B E5 A5 58 25
0002D920  8C AE 61 24 46 26 42 2C 17 9F B3 2F E4 AA CB 2A
0002D930  FE 98 32 A7 9C A5 AB A5 08 2A 24 AC 83 2A C0 A7
0002D940  09 B1 3D AC AE A6 4C 2B 16 A5 28 2E AF AB E2 A4
0002D950  72 A9 6B 26 6F A6 E0 31 B8 A5 0D 9D 05 23 9A 9B
0002D960  05 A2 5C 9F CD 27 D0 AA 7E 9C 3C A9 18 23 A1 A9
0002D970  12 A9 EF 29 D8 2C 2B AC 6C 26 2D A1 2A AC 7F AE
0002D980  46 AC 98 2A EF 21 54 A3 71 AC DF 9F F2 AE 0D 26
0002D990  25 24 F1 1B AA 2A 6D A8 A1 AE 4F 96 92 A3 4C 2D
0002D9A0  3F A5 79 2B D2 A1 79 A7 44 26 00 A4 0C A4 83 2C
0002D9B0  8E AD 4A AF FF AC 58 AA 4A 2A FC 22 B3 A9 DB 2A
0002D9C0  1F AD 47 27 32 B0 27 A8 03 A3 BC 19 C7 A7 5E 29
0002D9D0  AB A5 70 AC 1B AE 49 A2 E0 2A F6 2C 70 B1 D8 98
0002D9E0  19 2B 78 A6 81 AC C1 29 3A 22 2A AF 65 2C 42 AC
0002D9F0  F9 2C 45 AB B3 A8 6B 24 90 2D 08 2D 91 A7 AF A8
0002DA00  8D AA DB A9 4E A6 C2 AC 9B A8 AA 23 B4 A1 70 A5
0002DA10  F4 2C D6 A5 90 25 B6 27 BD 1C 24 A9 45 2E EF 2A
0002DA20  6C 31 B0 27 E0 A2 58 24 7F A9 B0 28 93 A9 80 20
0002DA30  13 AC C0 AD 1A 29 10 AE 0A AC 23 2F ED AC 20 B2
0002DA40  3F AB 2C 2C 23 AC 7C A4 FC AD 71 AB BB 26 38 AB
0002DA50  06 A7 1E 24 93 A4 05 B0 B8 30 7E AC 81 1E 7F AD
0002DA60  70 12 59 A2 4C A9 57 A9 FE 27 CC 2E AE A5 F0 30
0002DA70  BD A4 7A AC 08 A6 02 AC 69 27 2D 9F B0 AF 82 30
0002DA80  10 2F EE A4 4A AF F9 AD 0C 2C 78 29 CF AE 35 A0
0002DA90  07 2F 88 A2 45 AC 42 A8 CD A5 6C 0C 2C 9D 33 2C
0002DAA0  95 2A 4E AC AB 25 CB AC 34 21 41 99 2F A0 54 A5
0002DAB0  3F 28 B8 9A 52 9E 3E 25 9B A4 84 A0 F9 A5 44 9C
0002DAC0  32 2D 36 AA C2 A9 1A 2A C1 A6 07 AE 3B AB 56 A0
0002DAD0  1A AC 9B A6 26 AB 75 2A B7 20 FC 2E DC A7 91 A9
0002DAE0  8F 2C D9 AF 05 A2 5D 28 06 AE E4 AD FA A5 2A 9F
0002DAF0  2F 9F E2 1A 79 A4 32 A0 77 0A 05 A6 DE A1 BA 23
0002DB00  E9 9E E0 AA 42 A8 D3 A8 89 2C 67 9A F1 9C 26 AB
0002DB10  C3 9D 6E A5 A0 24 20 A6 D4 24 D6 9D B9 9F 59 9C
0002DB20  FE 9C 46 AB 00 A8 17 AB EF 99 D8 22 D4 26 24 20
0002DB30  83 A6 F8 2D D5 27 B3 A7 52 26 A7 91 A4 29 2E 2C
0002DB40  96 A6 DF 26 15 AA E0 2B 1C A2 D6 26 6B A4 FC AA
0002DB50  91 A4 66 AE 67 29 D6 A4 F6 25 8F 9D 49 A9 06 A6
0002DB60  4D 9C F7 A6 D2 A6 8F 29 D7 A4 8A 19 30 25 D6 A8
0002DB70  47 11 B0 26 B7 A7 F0 A8 0E A9 F8 21 6A A8 DD A7
0002DB80  B3 AC 78 2B 6F 27 22 2B E7 28 CA A9 78 A2 27 A7
0002DB90  70 29 50 A0 73 A5 A0 98 F2 A8 98 A5 9B 23 09 23
0002DBA0  58 24 92 A0 E3 25 D3 9B E7 24 11 A7 DB 21 E3 25
0002DBB0  A1 AA C8 1E 97 28 0A 95 E2 9F 31 29 68 24 09 1E
0002DBC0  FA 21 12 20 DB 28 07 AA 98 25 3B 1B 12 95 19 A9
0002DBD0  A5 20 94 20 09 A4 11 24 E5 AA ED A4 A8 A4 7F AD
0002DBE0  24 A7 77 25 CC 9E 8D 27 DD 22 F7 27 F2 23 D2 0B
0002DBF0  65 1C 4D 27 29 A1 28 A8 A4 A3 B4 A0 5F 1E 8C 20
0002DC00  E9 A2 63 A5 4F 26 13 AC 27 A3 24 A7 5F 22 BE A9
0002DC10  E2 A9 A2 A4 78 1F 2D 23 76 28 5C 28 5C A3 59 22
0002DC20  86 1B F1 22 6D 20 D1 1B 83 26 7E 29 15 A4 F2 AC
0002DC30  84 28 28 27 98 A8 4F A2 3C A8 02 29 63 A6 59 27
0002DC40  F8 22 72 19 F0 23 1B A7 F9 2A 8C A8 32 AA 9D 98
0002DC50  79 28 92 25 03 A2 24 28 E4 29 EC A9 AA A1 FD 9E
0002DC60  97 94 9D 29 9E 97 D3 29 BD 99 1D 2A A7 22 B7 AA
0002DC70  8D 1B 8E 9F CB 24 CD A5 3C A4 D1 9C 1D 9F 87 18
0002DC80  8C 2C 8E 2D A3 22 66 A9 A8 A9 7B 29 72 25 42 1B
0002DC90  FE A7 27 28 6C AA 44 27 99 9C BE A6 2A 21 9B 28
0002DCA0  9B 25 0F 12 0B 28 2D A7 3C A9 0C 29 63 A4 0B AD
0002DCB0  87 1D 8E 28 48 A7 79 28 B5 AB A9 27 8D A5 C9 26
0002DCC0  D6 9D 97 A8 90 AA B1 1E 5C A5 D1 92 12 2D E5 99
0002DCD0  38 AB D9 A7 45 A1 C3 A4 3C 25 4A 21 A1 27 25 1E
0002DCE0  77 2D 2E B1 8E A6 92 20 17 A9 AA A2 F8 28 0E A5
0002DCF0  EB A9 DA 2D CC A4 E4 A0 6A A8 EB AA 16 21 02 24
0002DD00  6A 20 2F AC 7D 96 06 A7 31 28 5A A6 28 18 06 26
0002DD10  26 1C 31 1E DB A3 D2 24 01 19 3B 25 BF A8 18 2C
0002DD20  9F A1 23 20 5B AB 32 21 01 23 97 A6 63 9B 98 A4
0002DD30  85 A7 68 A8 5A 29 6C 28 06 2D 14 29 BA 27 E8 A5
0002DD40  DC 25 36 2C 1A 22 AF 28 6A A1 24 98 8A 21 60 20
0002DD50  0F A2 E7 16 C3 A1 4C AA 57 AB D1 26 F2 11 2B 19
0002DD60  DC 2B E3 24 94 25 6C 2D 43 A8 04 2C D9 17 16 2C
0002DD70  76 28 26 2B B5 29 D2 2C 08 AB 62 2A 49 27 D9 25
0002DD80  E2 26 72 2A BC A6 17 9D 05 A9 96 29 8B A1 2E AD
0002DD90  8B A8 27 9B AF A1 CB 9E CE A2 26 2B E4 A9 CE 22
0002DDA0  92 A8 D5 8F 09 A8 6D AF D6 29 31 27 42 AC 46 AC
0002DDB0  11 2A D6 A5 20 2A 87 AA D6 1E 41 97 40 29 C7 2B
0002DDC0  ED 27 D0 27 81 25 C1 AA 80 A6 9F 1D C0 28 C0 2C
0002DDD0  50 23 79 8E FA 26 B4 A4 AD 2A C7 28 2A 27 25 2D
0002DDE0  16 2A B7 A4 31 A4 B8 1C ED 27 A1 22 C5 A4 8E 24
0002DDF0  D9 06 34 A2 CA A1 A5 26 AD 2A 12 84 45 2C 09 21
0002DE00  7E 20 B8 A8 49 25 AC 28 09 A7 03 1A 9F A8 3B 2A
0002DE10  D9 1A F9 28 24 92 87 22 1A 1B 8D A0 3C A3 EB 97
0002DE20  AA A7 0D A1 25 9E D7 AB 12 22 64 29 2B 9D 0D AE
0002DE30  ED A8 FB A3 73 9D 10 A4 55 A8 42 A5 F5 A3 5F 29
0002DE40  CD 28 C2 28 5A A6 54 1B 54 21 FC A5 47 26 F5 A1
0002DE50  84 A0 37 A6 98 26 1B 25 15 26 E4 20 A7 A9 01 28
0002DE60  94 A9 5F A5 92 A4 B0 17 DE 9C D7 2A D0 A3 B9 20
0002DE70  2D 23 FA A1 CE 9B 80 A9 98 94 4F 96 13 02 32 1A
0002DE80  BC 23 28 28 01 27 BA 20 C6 A0 AD 22 4E A1 72 25
0002DE90  67 A8 A5 A5 94 99 8D AB 4E 93 D9 AB D1 1D 33 0E
0002DEA0  E4 19 71 29 73 A5 46 A3 58 A9 61 2C 29 AE 3D 1E
0002DEB0  28 A0 BC 2C 71 A1 32 20 AE 23 3D 27 B5 A9 62 18
0002DEC0  8A A5 F4 26 5E AC 81 AD 59 A7 D3 25 41 AC AF 2B
0002DED0  A1 9D 83 28 B4 2C 32 A9 48 AC 66 AC 4C 26 E8 9E
0002DEE0  14 26 55 A0 CD 25 CB 95 CB 1F E3 A8 A0 14 21 9E
0002DEF0  35 23 D0 A7 23 2A 31 A5 24 A7 A8 A6 E9 20 89 AB
0002DF00  5D 27 F3 A4 90 A7 34 23 81 28 7A 26 9F 21 36 A5
0002DF10  DA 2A 72 A9 E5 A7 0A A4 6B A1 3C AA 4F 26 DA AC
0002DF20  A6 A8 38 A0 57 A8 9B 25 54 2E 74 2A 1D A6 40 AC
0002DF30  3C AA 5F A9 1D A9 59 A9 8F 2C 35 28 F5 27 15 22
0002DF40  2B 25 96 2B 4A 28 40 12 47 A5 0C A0 ED A0 EA 18
0002DF50  84 2C CD 2C A2 A0 3F 2D 43 A4 66 20 47 2D 6A A4
0002DF60  BB 29 F8 A8 37 22 8C 26 7C 2B 35 1B BD AA E9 94
0002DF70  5A 27 7D A2 AA A8 48 94 A2 9C 83 15 1E 2E E1 29
0002DF80  3E AC 27 2B 46 A8 9D 27 C1 A7 97 98 C0 21 84 A7
0002DF90  CE 18 65 0E AD 15 D7 A1 21 A6 01 29 6C 24 1C 9D
0002DFA0  A3 A6 5D 24 5F A4 56 1C 33 24 CA A4 0E 20 0F A4
0002DFB0  CC 20 5B 22 6D 22 A0 A6 45 A2 DF 19 C9 10 DF 25
0002DFC0  94 2C 19 A3 09 A4 0F 23 4C 1E 06 A5 20 22 29 A6
0002DFD0  B9 AC 7C 1F 9B 29 EE 1E 1A B6 FF FF 04 00 00 00
0002DFE0  54 00 00 00 00 00 00 00 00 00 00 00 00 00 00 00
0002DFF0  00 00 00 00 00 00 00 00 00 00 00 00 00 00 00 00
0002E000  00 00 00 00 00 00 00 00 00 00 00 00 00 00 00 00
0002E010  00 00 00 00 00 00 00 00 00 00 00 00 00 00 00 00
0002E020  00 00 00 00 00 00 00 00 00 00 00 00 00 00 00 00
0002E030  00 00 00 00 00 00 00 00 7A B6 FF FF 04 00 00 00
0002E040  F4 02 00 00 7D BD EC 3A 6B 3D A7 36 12 BE CB 2D
0002E050  B1 B5 51 35 A7 A7 31 3D 42 B8 99 34 48 AC CB BC
0002E060  77 3B 23 3C F6 38 4B BF D2 39 A5 B0 2B 3D 3E 3B
0002E070  53 37 B1 2E 14 3B 00 3C 76 3C 93 2E E2 BF 28 B7
0002E080  E5 3E 4E BC 5A 38 7F 41 49 3E 9E BD EA 3C 61 B7
0002E090  81 BF B8 B4 06 41 5D C1 46 BC 5A 3C 3B 3E 6C 32
0002E0A0  89 BF 83 37 7E B9 3B 3E EB 35 41 3D 74 B8 53 3C
0002E0B0  03 39 C6 BC 08 3F D2 3B 98 3F 21 BF 80 3B 92 B8
0002E0C0  13 40 0E 3D B8 39 AE 3C 66 3D 60 3C 5B 39 95 AE
0002E0D0  8A B5 49 B9 36 40 6E BE 79 3F 55 42 5F 40 7E BC
0002E0E0  1D 3F 6D B2 24 C3 B0 3C E1 41 59 C0 BE B3 7E 3C
0002E0F0  41 39 21 AA 0C BB 8D 38 BD A1 CA 3E F2 37 AA 39
0002E100  1F B8 45 38 F0 3A 73 B1 2D 3C 9B 35 13 3C 07 B9
0002E110  FE 3A 5A BA 55 3C 9F 39 8C 3A EE 3C 92 39 ED 36
0002E120  34 2B 66 B0 D1 3A 6A B5 D6 3A 62 BB 10 40 88 40
0002E130  34 3C 94 3A CD 3D FE BA E9 C0 98 41 FE 3A 4F BA
0002E140  7A B9 1C 3C 50 3B 11 3B C8 BE 70 38 0E B5 C5 3C
0002E150  B4 36 8F 3E 82 BC 9F 3A 3B 3C 3D BD 8C 3C 16 3D
0002E160  08 3D 15 BF 80 36 15 BB 93 36 A9 3C 02 34 54 34
0002E170  58 3E 92 3F 0F 39 1D 37 28 BC 50 B8 66 3F C8 35
0002E180  5A 3C 27 40 7D 3B 87 C1 88 3F 71 BF 82 B4 86 3D
0002E190  3C 41 AC C3 3C B9 7C 3F 08 3D 0F 3C 12 BF 0F 3C
0002E1A0  5A 39 8D 41 D4 3C 54 40 BD BD 94 3D 07 40 02 BD
0002E1B0  C2 3F 04 3F FB 3E 2E C0 E6 B6 99 BE 54 3B D3 3E
0002E1C0  A0 3C ED 39 EE 40 BB 40 54 3D FB 3C CE B4 D8 BC
0002E1D0  B4 40 4C B6 5F 40 32 41 FC 3F F9 BC AF 40 B3 C0
0002E1E0  96 BF 60 42 85 43 BD C2 C7 AC 3F 3D F8 3B DE 34
0002E1F0  50 B9 67 3B 5F 3C 17 41 5B 3B 2A 39 B9 B8 0C 3B
0002E200  CD 3E 00 B5 6E 3D 32 36 7E 3C 56 B5 7C BB 82 BC
0002E210  CC 3C 6A 3B 32 3D 82 39 C3 3D 53 3E C0 3B F6 3B
0002E220  36 3C 99 B8 8E 3D 8F BA 20 3F 4B 3D 8F 3D 02 3D
0002E230  76 3F 6A BC 94 BD A0 42 0C 3E B9 BD A2 2C 47 3A
0002E240  2E A4 59 39 D2 B8 1A 3A 71 39 0E 3C 0E 3A 37 37
0002E250  E0 BC AF 3A 92 3C 4E B8 48 39 15 39 B8 38 DD B7
0002E260  B3 B4 11 BC 73 2E 1C 38 A6 3B AF 23 5F 3C 58 3C
0002E270  6F 31 E9 3A B1 B5 93 AE 7F 3B 03 3B 8B 38 61 3B
0002E280  7F B8 C4 C0 A3 3B C7 C1 00 3E 86 40 C6 3B 13 C1
0002E290  D1 30 3D 3D 01 36 11 39 3C B7 56 3D ED 3D 9C 3F
0002E2A0  6E 3C 34 3D E2 BB AD 3B 68 3E 85 B8 0F 3D F9 3D
0002E2B0  F8 3A 32 BC 7D BC 07 BD 59 35 2F 3B 3F 3C FB 2B
0002E2C0  7E 3E 4A 3F E6 3A AE 3E 68 B8 68 B8 FE 3C 75 3A
0002E2D0  FF 3B 28 3B D1 30 5F B4 A7 40 BC C1 4D 39 D8 40
0002E2E0  79 3C 77 C0 1A 2A F0 39 FA 37 CC 33 FF B2 2D 3B
0002E2F0  AB 3B 9F 3D C8 39 76 37 E9 B1 86 35 19 3B 4D AD
0002E300  C1 3B 23 39 90 38 9B 3A DA BD 9D B8 91 37 03 39
0002E310  20 38 F4 2F 4E 3C 7D 3E 81 39 60 3D 39 39 87 B8
0002E320  B4 3D F3 31 73 39 54 1E 16 35 BF 3A CF 3D 95 BD
0002E330  C7 2D 4A 3C FD 3A EC B7 7A B9 FF FF 04 00 00 00
0002E340  20 00 00 00 00 00 00 00 00 00 00 00 00 00 00 00
0002E350  00 00 00 00 00 00 00 00 00 00 00 00 00 00 00 00
0002E360  06 00 00 00 A6 B9 FF FF 04 00 00 00 54 00 00 00
0002E370  CC 34 26 3A 87 3B B3 A6 5C 3D 17 35 1D B8 7C AD
0002E380  8C BD 57 B1 0E 38 FC B5 CD B3 BE 33 C7 30 00 B9
0002E390  98 3B FD 35 FE 35 37 B8 C9 B1 4C 40 25 3A 4F B5
0002E3A0  86 BB 3E 2A 75 B1 27 BC F4 3A 9B 3D 23 BF DC 3C
0002E3B0  3E 2A 32 AF 79 B0 35 39 06 B7 17 38 7E B0 81 29
0002E3C0  84 2E DC B7 06 BA FF FF 04 00 00 00 D0 0B 00 00
0002E3D0  E6 B0 54 AC 32 28 28 1C 05 2C B5 AA F6 2B D0 A6
0002E3E0  08 2C 38 28 EB A2 26 30 87 91 65 AC F3 AC B0 A1
0002E3F0  9A 16 7F 29 29 A3 5F 22 21 AF D7 2E AA 26 0B 9A
0002E400  D5 A4 97 A3 F2 A8 75 A4 10 AA 48 2C 09 A4 B7 26
0002E410  E0 24 B3 AC A5 28 9E 30 83 A3 70 34 9C AA 1F 2F
0002E420  7A 29 33 A5 69 AB 99 25 FD AE 1C B2 40 27 11 AD
0002E430  13 2D 31 2D 01 25 F1 AE 3B 2C 41 2C 61 A9 E3 A7
0002E440  36 AD D4 9D 3D A3 09 2F EF 9F E9 2C DF AD 31 2B
0002E450  84 28 84 9F 59 2D 31 31 C5 22 26 B1 DF AF 50 A9
0002E460  BF AE B3 20 5F B0 17 A9 A4 A4 2F 28 03 2E 37 AE
0002E470  97 2D 0D A9 57 A7 C0 22 D5 24 F2 2B B7 9C 20 AC
0002E480  65 AD B5 28 BB 2C 22 1D E7 AD 08 AF BF AF 0B 30
0002E490  80 28 CA A8 29 2E FF AB A1 28 18 B0 26 A6 92 30
0002E4A0  36 25 88 AE 37 A2 16 2E 40 AC A0 A6 58 A9 96 26
0002E4B0  CB 27 8A A9 C3 A4 58 25 14 24 5E 25 09 2A 08 29
0002E4C0  B4 2A 4B 30 86 2A CD AD AC AE 20 9A 07 25 1A 28
0002E4D0  7F A3 48 28 0D 24 C4 2A 18 AD 17 14 24 21 D7 25
0002E4E0  0F AB 89 21 11 22 D1 27 C4 1B 7F AD F0 28 46 23
0002E4F0  1A 34 77 2C FA A9 87 27 B5 22 1E 2E 53 32 C2 A4
0002E500  4F 2F 5B AC 3E B0 B3 B1 C6 9D C5 18 02 A5 6E A5
0002E510  E9 28 2A 2C 01 B2 19 30 6E A6 FF 29 8B A6 76 2D
0002E520  0A 31 2F A9 E8 2B 47 B0 6E 9C 47 30 8B B1 9E 29
0002E530  FF AD E9 2B FC 2A CD 25 65 A9 C0 AC 59 A2 09 27
0002E540  90 28 42 34 B7 2A BA AC EB AF 81 AF 28 A5 B1 2F
0002E550  83 2C 44 B1 40 AD E5 A2 9B A7 49 2B 8A 2E F1 27
0002E560  49 29 74 AA 2D 2E 9C A9 20 9E 8C 28 61 29 CE A7
0002E570  44 A0 AC 97 B6 28 8F 2D 37 24 5A A9 8D AC A4 A8
0002E580  FF A9 CE 28 BD AE 0A B0 C6 A8 E4 25 65 30 7F A9
0002E590  8E AE CC 24 6A A5 6E 26 C2 28 56 2B 99 A9 51 2B
0002E5A0  25 26 C4 26 BD 21 E7 2D 39 2C 24 A8 0A 2E 6A 28
0002E5B0  5C 9E 85 B1 BC 2B F1 2D B7 A7 CD 1E 26 AC FA A0
0002E5C0  30 B0 BC 29 41 AF 1C 2D 69 2E F9 25 39 AE B3 A9
0002E5D0  81 31 C9 25 F8 AC 32 B4 69 2E 07 AE D9 AE 47 AC
0002E5E0  07 2E 45 B1 1F 26 43 A6 B6 29 8C 2B 12 22 9C A9
0002E5F0  31 AD F7 A1 ED 30 69 2B 00 2E 89 2A 09 A3 5D 2F
0002E600  50 AD 14 A8 D5 2E 90 31 40 2E 41 30 1A A5 5A 2B
0002E610  59 27 4E AC E6 AC 91 A9 E4 2C F6 29 53 B0 CB 30
0002E620  C4 A4 54 30 BC A6 02 AA A8 30 0D 25 1E A6 E6 AA
0002E630  1F 2D 4B 2A 76 29 DB AB 48 AD 97 AF B2 29 61 A8
0002E640  0F AD 1D 9F BA AD 78 31 81 30 31 34 6B 30 31 30
0002E650  AF 31 97 AD 13 28 DA 30 D8 28 8B 2B 32 2C 6B A8
0002E660  4B A0 E0 25 91 AA B4 29 17 2C 87 AE E7 AE 9D 28
0002E670  64 9E CB A5 0B A9 A5 A9 65 26 67 29 3A 2E 69 AD
0002E680  33 A9 D2 24 76 AD 0C 2C 99 22 96 AD 01 A8 9F 2A
0002E690  62 AF 51 28 8D AA A5 AD D9 30 25 A8 5A AB 6E 26
0002E6A0  E1 25 CC A0 69 B0 4F B0 01 2D F8 AD 4A 2E 62 2D
0002E6B0  98 2F CA 12 FB B1 78 B0 ED 2C 26 A8 2F 2B 64 B0
0002E6C0  10 12 43 2B 8C 2F CC AF AC AF AD AA D3 2D 1D 28
0002E6D0  2F 2F 03 22 C0 28 35 B3 49 A1 FF A5 B1 A2 5E 34
0002E6E0  18 28 B2 2C 5F 2D A3 2B 2E B0 62 1C 85 AC A4 31
0002E6F0  1F AF 14 AD C6 26 B9 A6 08 AD 36 27 93 17 81 27
0002E700  C4 27 FC 30 04 2C 13 1F 72 2B 43 2E 1B A1 1B 9D
0002E710  9C 2E 91 2F 9A AF E7 AA 7E B2 BE AA 41 32 88 AD
0002E720  D0 2B A3 2F FD A9 BA AE AA 29 F7 28 1B 2C ED 28
0002E730  1F A9 01 2D 72 21 4A AB BA 2D 38 29 6D 20 9F 2D
0002E740  04 2F 05 28 25 AB A6 AA 8A 33 42 A9 AB AC 9A 29
0002E750  17 AB 3B 28 63 B0 96 AD BE A7 86 AD AF AE A2 26
0002E760  75 A5 34 AB E6 30 6F 9B EE 19 95 A8 BF 35 86 2D
0002E770  3F 28 40 31 3F 31 32 31 1F AD 99 2B 51 A2 1F 2E
0002E780  D9 A4 54 2B E3 2C 78 23 E7 AC 49 A2 F1 28 B5 9E
0002E790  71 A6 A8 22 4F A9 96 A1 A7 A2 D5 A3 26 2C 4B A7
0002E7A0  0F 29 5E 28 84 A6 BB 26 33 A5 05 28 F0 29 C8 B1
0002E7B0  BA A4 0C AD 43 2A 04 9B F2 2C F3 A9 ED AE 57 AB
0002E7C0  47 A4 6A 29 77 A8 26 AE D5 9B 75 2C 1D 2A 00 23
0002E7D0  CC B0 05 25 96 A0 DA 2A 67 2B 9B 2D 8B 31 03 29
0002E7E0  15 25 EA 28 2F A8 8E 2C F4 A2 4F 29 20 AB FE 02
0002E7F0  05 AD 5C AA 15 23 EA 2A 35 A8 B3 19 A2 B1 95 AA
0002E800  04 25 54 29 21 AD C2 32 F1 2B 0E 2E F2 B0 EE 27
0002E810  4F A9 BA 2F 18 2F F6 29 4B 30 BD A8 43 AE CB A5
0002E820  A9 2C 44 2A 8E AC C9 AA 8C 32 81 27 CB 2F EF 21
0002E830  9F 1D B0 AC 4D AD 00 1E 5F 28 E1 A5 C7 A0 FC 9F
0002E840  E7 AA 40 AD 53 AA 2C 2B 3A 1F A8 96 20 31 32 2C
0002E850  17 29 EA 0E 45 AD 10 26 7F 29 8A 26 69 1B 74 A5
0002E860  36 28 FC A3 34 AC 41 25 5D 2E 37 A1 DE 2A 68 AC
0002E870  23 AF 16 2F 2E AC 67 A5 08 AD 49 AD 2A 2F 62 25
0002E880  1E 99 0E A1 B4 2C 98 9D 14 A9 2E AD 53 A6 62 AC
0002E890  70 AB 89 AB 74 AA 7A 28 D4 A1 92 98 B5 A8 48 2D
0002E8A0  47 A9 3F 9C 94 2C F1 2A 7D 1A 66 A4 7F 24 60 AE
0002E8B0  9F 23 D9 A0 86 AD 0D 8F 99 26 7F 35 F4 2C AD A5
0002E8C0  88 95 37 2D 80 9F 20 1C 00 26 AB 28 AC 2B 44 A6
0002E8D0  49 A5 44 A5 1F 2D 56 2C 02 A9 C0 A7 DD A1 95 A4
0002E8E0  07 A8 0D 26 D7 AC 0D 97 EC 1F F8 28 B0 26 C7 AC
0002E8F0  4D 28 0B 99 9D AD EB A9 A3 A8 1D A8 A6 A9 33 AC
0002E900  CC B0 F0 2B 09 B0 E1 A4 20 A2 70 A9 63 B0 5D 27
0002E910  EB 2B 2B 28 D9 2C D5 A4 B3 25 A7 AE 6C 2E 8C A4
0002E920  37 2B 24 A7 CB 2F 08 A8 92 AC A4 2B A4 A0 85 A5
0002E930  79 25 25 AD 79 2A 17 A2 D7 A5 C0 B1 B4 A8 EA A9
0002E940  A9 2E 96 2F 2F 1F 39 AC 35 2A 43 2C 06 28 8F B0
0002E950  64 2A 0D 2C C7 AA 91 AD 70 29 97 1E 55 AE C1 27
0002E960  11 2F BE 2C 93 A6 CA 2D A9 24 FB AD A2 2C CE 1C
0002E970  56 AB 13 A9 10 22 AF 30 BA 2E 40 24 9E A7 C0 2C
0002E980  3F 2A 91 2A B2 A0 95 AB 3E A7 81 A8 9D 22 5E A6
0002E990  EC A6 28 1D C3 AA A2 AE 7E B2 31 A8 30 2A A0 2A
0002E9A0  88 33 55 AB 5E A6 93 1E 39 13 B5 28 B0 2B F1 25
0002E9B0  CA 25 57 AD 32 A5 33 A5 6C 26 1E A8 90 AE 91 98
0002E9C0  02 A7 FE 27 C6 28 F9 2A 27 30 E9 AD 9E AE A4 B0
0002E9D0  9C 31 AA 92 CE A6 F0 A2 96 AA BF 2D CD 2D 80 2B
0002E9E0  E5 B1 06 33 F5 A4 6D 1F D4 28 B3 2A E9 33 59 2D
0002E9F0  C1 2A 15 B4 AA 2F 4E 32 63 31 EE 2C B4 A8 10 9D
0002EA00  82 AE 99 22 C1 A5 C0 28 48 2D 42 A8 97 A9 8A A8
0002EA10  FF 29 FF 27 8B A9 BD A7 66 2D 1B 2A 61 30 6C 2D
0002EA20  DB A9 8B 29 04 AC 0D AA F8 A9 81 A3 65 A7 09 1C
0002EA30  18 AB CE 22 2A A6 D4 20 9C AA 4C 27 D6 2D AA A4
0002EA40  C1 A4 CF 9E B5 A0 83 25 75 28 58 A9 7B 9F 0A B2
0002EA50  83 AC BB AB 08 AB 54 A6 C2 A8 22 1B D2 AD 1E 24
0002EA60  83 1D 63 A8 A4 25 BF 22 9A 2A BD A9 A3 26 03 30
0002EA70  61 28 BF AA 0E A7 0D 34 55 B1 AD AC 17 2E DB A4
0002EA80  4C 32 B6 A8 8C 29 DD A7 C7 2E 0D AE E3 A2 AB 35
0002EA90  C1 28 99 A8 21 25 8A 28 5C 9B AF A6 2A A1 4C A4
0002EAA0  67 2D D3 A1 1A A0 B0 21 DE 2A 85 29 71 29 1A B0
0002EAB0  D2 A8 9B 28 F0 A5 B5 2B 8E A9 48 A2 04 2B 45 2E
0002EAC0  60 28 35 28 92 AA FC A1 1B 29 94 A9 9C 2B DD 2A
0002EAD0  64 25 15 A6 2E 1D 2E A6 61 A2 F4 A6 43 AB 6E A8
0002EAE0  2B AA 6B A4 DF 2C 39 25 2A A0 C9 AD 55 A5 68 A9
0002EAF0  76 2E F7 AA 81 26 3D AE 40 2B 0D 2C 1C AE CD 2F
0002EB00  D1 AC 8B A5 7A AA F4 2B 67 AC AB B0 04 1E 2B 2C
0002EB10  C0 A2 F3 25 AA AE 46 2F CC 15 87 A4 24 25 7F 2B
0002EB20  75 B1 B7 28 3E 96 C4 A8 67 29 66 A7 B8 2C 47 23
0002EB30  97 AA 43 A2 86 99 6F 2B B7 26 6D AD 4D AC 8B 2B
0002EB40  81 21 51 21 F7 25 55 AA 33 AB 39 2C E4 AA DE 20
0002EB50  C9 20 3A 25 E3 2C CE AB 82 2F 7D 26 7A 23 F8 18
0002EB60  0A A8 E3 2C 2F 2E 19 9F 4A A1 D3 9C AC AC 0C AA
0002EB70  D5 A8 3E A9 4B A4 64 2B 49 29 44 30 C7 2A 96 28
0002EB80  25 26 A2 2C 0A A7 BC 2B 9F 2B 37 2A 39 30 BE 25
0002EB90  C2 AB 42 29 D4 2A 55 97 8E 99 0E 27 C9 2E 76 21
0002EBA0  54 29 D2 28 76 9D FD A5 07 A9 3C 31 9F 20 03 2F
0002EBB0  72 19 DE A3 41 27 68 2D 9D 2A 00 08 67 2C D3 AA
0002EBC0  30 29 5F A7 7C AA 04 A4 27 1C 00 AD AE 2C E1 A6
0002EBD0  44 2A 09 24 FC 21 06 2A DF 1A 6B A9 8F A7 4D AC
0002EBE0  E6 2B 06 2C 34 A8 08 AC CA 30 F8 26 C5 20 02 29
0002EBF0  33 AA A0 AC 6E AA 65 2E 88 2E 2F AE CF AD B1 2C
0002EC00  2A A9 B9 2D 16 A6 C0 B1 91 AA 1B B0 71 A6 2F A8
0002EC10  26 A1 2C AE 25 AA 2C 31 E5 B0 68 AB 4D A8 6F AF
0002EC20  0F AB B9 A2 9F B4 CF AF D2 AF 3F A9 57 26 96 A0
0002EC30  E0 29 2D AB 0C 31 93 B0 84 A5 3B B0 9D A7 E2 2D
0002EC40  8D 29 A0 26 64 A0 A0 1B 2A A1 AA AB 18 A7 DB 2B
0002EC50  58 28 6F 28 F4 AB 9D B0 48 A2 F0 2D C8 22 71 A8
0002EC60  23 29 31 28 28 B2 7C 1F C9 1D 06 A7 79 A9 AB 25
0002EC70  B1 2D 66 25 8A 2A 85 26 D9 AC CC 19 7F 2D 69 AA
0002EC80  77 2E 17 2A A5 2D 07 2B 75 A7 85 19 B6 26 69 26
0002EC90  03 13 5F A1 94 28 3D 2C 68 28 78 24 31 B0 77 A9
0002ECA0  B9 29 17 24 9D A2 B5 2C 0D A8 3C 2A 03 2C 7C 22
0002ECB0  41 AD E8 A9 27 AD B2 A5 CE 23 64 26 9E 24 52 2F
0002ECC0  2E 28 46 25 84 25 09 29 EF 2B 59 A3 F3 AB 0F 31
0002ECD0  E5 2C EF 26 91 94 F8 27 71 AC E9 AA 14 AC 52 27
0002ECE0  10 20 6D 24 AC AB 38 2E 85 26 4C A8 36 A6 69 28
0002ECF0  12 AF 38 AA 97 AE C3 27 B8 AD 66 B0 40 AC 81 20
0002ED00  F6 A7 15 A4 D6 25 26 B0 40 B1 BA A2 D6 27 F6 AD
0002ED10  25 31 D7 2D E5 AC AF 1C D0 9E 23 A2 16 AC 25 AB
0002ED20  55 25 0A 1E FB A4 9D 26 24 2C 2E 29 1B A9 2B 29
0002ED30  3B 1D E7 A5 D0 24 BD 2B 9C 21 46 A4 A7 24 2E A5
0002ED40  26 A4 91 1C 37 A3 2F A7 D5 A9 3D AA 0B A3 3F A4
0002ED50  DE AA 8F A0 CF 26 C7 A5 2A 1C 48 A6 14 A9 B0 9C
0002ED60  E1 A4 8A AC A5 21 11 2E 65 30 CA A1 B4 1A 9D 29
0002ED70  7F 27 49 25 C2 24 8E 2C 84 A8 F6 A6 E6 23 99 25
0002ED80  01 21 23 A6 D8 A6 54 AA 59 A8 05 20 63 9C B1 27
0002ED90  30 27 7B 96 9A 24 A9 A9 12 23 B7 29 51 A8 D3 A6
0002EDA0  32 21 A2 B0 1D AD A1 1F FC 28 07 A5 1D AC 14 23
0002EDB0  59 24 E6 2C 16 A7 41 AC 61 A2 0B AE 42 23 16 2B
0002EDC0  D0 2B 0D 26 1D 29 95 A9 FD A6 E8 A3 F8 A6 24 2D
0002EDD0  66 A2 CB A3 C3 26 36 2E F7 A9 93 21 21 AD 41 AC
0002EDE0  C2 2D 30 28 25 A4 8F 28 4B A7 CA A3 1E A8 BA 2D
0002EDF0  DB 26 81 27 3F 22 5E 25 5A 28 C4 1A D8 AD CC A5
0002EE00  A1 28 FB 9E B7 25 E5 A9 1F 27 52 2E FF 17 23 16
0002EE10  F9 24 93 25 11 26 D3 23 44 20 62 A5 F4 28 FA 21
0002EE20  33 23 D9 A3 19 19 0C 24 F9 25 1D AD D5 1C BB 24
0002EE30  DB 24 6A 2C 72 A5 99 A4 0A 1F CF A8 27 22 78 A4
0002EE40  10 2A 05 27 B6 0C 2A 1B 24 AB E6 24 3A 1F 53 22
0002EE50  BD 25 0F A6 9D 1D 8E A4 5A A0 8B 20 FA 29 09 1A
0002EE60  C4 A4 28 20 98 A9 C8 21 37 25 A8 AC F7 21 A6 29
0002EE70  D4 AB 61 26 0E A0 B7 A4 2A 22 55 A9 2B 27 4F A3
0002EE80  39 A8 78 95 C6 95 7F A6 08 2C 68 29 75 AA D0 A0
0002EE90  59 2A E5 28 85 AD 49 AE A3 A1 26 1B 8B A6 FB 1D
0002EEA0  2D 28 BA 28 D4 24 62 AF 73 A9 A7 A8 40 2C 35 92
0002EEB0  65 24 74 A3 A2 28 29 AC 35 1C 82 AD AD 29 78 2D
0002EEC0  0B 29 55 2C E7 2A F6 27 FD 21 59 A3 06 A8 56 27
0002EED0  78 A2 C2 28 1F AB B2 A8 4B 20 38 1F A4 A7 0E 24
0002EEE0  77 A4 B1 A4 25 2A 71 99 6B A9 4E A5 D9 9A 73 27
0002EEF0  7E 25 9E A5 1B 28 2A 29 FC 19 F3 24 5B 9C 5C A9
0002EF00  94 27 88 A0 36 29 BF 9A E7 28 97 2A C5 A5 9E A7
0002EF10  3C 25 02 25 33 28 E4 9C AE A2 0C 23 89 28 64 A7
0002EF20  21 9B 4D A0 09 A3 F4 26 E1 25 41 A9 E8 98 AD 9E
0002EF30  41 12 C3 1F 0F 07 DC 2B AB 1B D9 1F 7B A6 54 A7
0002EF40  23 28 90 28 5D 1F CF 21 F1 01 AC A3 17 98 21 A3
0002EF50  1C 1F E7 28 E2 A6 D6 9D 1A AD 67 26 3A A1 C9 A6
0002EF60  A9 2B AE 2A 90 A6 D0 AE A6 21 DB A1 2F A2 FB A9
0002EF70  56 A6 68 A1 0E A7 31 AC A4 A6 54 2B DB 27 69 24
0002EF80  97 25 0D AB 67 AC 33 1C 03 9E FF AB FF 2C 06 A1
0002EF90  F4 2A 3B A1 CC 2E 67 28 3D A4 21 A4 52 31 11 A9
0002EFA0  E2 C5 FF FF 04 00 00 00 48 00 00 00 00 00 00 00
0002EFB0  00 00 00 00 00 00 00 00 00 00 00 00 00 00 00 00
0002EFC0  00 00 00 00 00 00 00 00 00 00 00 00 00 00 00 00
0002EFD0  00 00 00 00 00 00 00 00 00 00 00 00 00 00 00 00
0002EFE0  00 00 00 00 00 00 00 00 00 00 00 00 00 00 00 00
0002EFF0  00 00 00 00 36 C6 FF FF 04 00 00 00 88 02 00 00
0002F000  EE BB D8 35 68 3C A2 3B CB 3B 1B A8 71 35 77 3C
0002F010  45 B8 84 38 85 36 9D BB 68 2F 57 BE F9 36 0A BA
0002F020  E2 37 9E 2E EB BC 84 BD 10 3E E8 B8 AE 3C 0A 38
0002F030  37 BC F0 30 C3 B0 AF 39 56 40 8E B3 BF C0 73 BC
0002F040  A5 B5 4A 41 38 39 79 B4 81 BE 0F 29 66 3C C7 2F
0002F050  75 B4 D2 BB E6 BC F8 3E F6 34 CA 3D 13 3D 6C B5
0002F060  C0 24 4B BF 5A 3A 57 BC 3A 3B 80 98 09 BD 9E A8
0002F070  33 38 EF B3 B8 2D 70 39 F5 B7 94 3C E2 BD 21 3E
0002F080  82 3D FD BA BE BD 94 C0 0E C0 D7 3D 3B BD 42 BE
0002F090  46 BC 11 34 FE B2 09 BB 6F BB FF B6 F6 B7 26 3C
0002F0A0  8B 2C 05 34 0D 34 D7 39 6D B5 DF B0 44 38 7D BC
0002F0B0  E7 2C B7 B4 03 B8 B4 3C 61 B5 8A 24 6E BB 85 3C
0002F0C0  FA 36 3F 26 5E BB BE 3D 67 3D CE B1 7A 3B 21 BC
0002F0D0  7D BB 66 BE 62 BB FD C0 8F BC 36 B5 74 39 35 3B
0002F0E0  7D 3B 70 2F 09 BC CF 37 16 BD A4 AC 60 36 01 BE
0002F0F0  28 B8 91 AD 41 B8 80 38 2E 3D 56 23 3C 34 28 BC
0002F100  A3 3C 89 BC B1 3E 89 AF 6A BE 58 B6 85 33 2F 3C
0002F110  F3 3D AD BC 25 BB DA 34 46 B8 AC 40 11 40 41 38
0002F120  C2 36 7B BF 14 3C 51 B1 60 B9 61 BF 07 BE 90 3E
0002F130  38 37 C8 3D 81 3E 6A B7 89 BF 42 35 C6 BB EB A1
0002F140  59 3E 3C C1 B3 3D 72 AA 08 40 57 B8 B6 35 30 C0
0002F150  19 3B 5C 41 A5 BF 00 3F D9 25 0A 35 64 2F 2C C0
0002F160  83 C0 AA 3F A5 3A D1 BF 2E 24 71 2B AC B9 2C BE
0002F170  1C BD 1D BC EC 36 52 33 33 3B B2 38 CB 3E F4 3C
0002F180  C4 B9 9A 38 02 BB 5B B8 69 9D 86 AA B1 38 80 3E
0002F190  F6 2D 05 AC B9 BB D3 B8 F0 39 AC 37 1E B9 15 3C
0002F1A0  77 3F B5 3E 3B 3E F8 29 06 C0 AE BC 0B B8 02 C0
0002F1B0  81 25 B0 B9 F2 10 A1 36 38 B4 97 32 C4 B6 B6 B5
0002F1C0  77 BC 72 B9 F0 30 D4 37 A4 B3 5F 3C 3D B9 7C 3C
0002F1D0  B3 3C F7 AD 2C 39 89 30 DC B0 A4 B7 B6 3E 97 B0
0002F1E0  0D B8 BA B8 11 AE 91 B7 DF 3A 70 BA 70 AB 1D AC
0002F1F0  8E B3 75 3C 21 40 3F B4 57 3A 9A B9 08 35 CA 37
0002F200  A9 B8 D4 39 48 37 C7 B9 B2 38 78 BC BA B0 96 3B
0002F210  82 B8 40 39 B8 BB B3 3C 93 3F 23 B3 EC 3A 77 34
0002F220  69 2E 85 B6 B0 3F 48 B5 87 3D A3 39 06 35 36 38
0002F230  DF A8 EB 38 1E 3B 47 36 01 3A 79 37 6B 3F 49 BE
0002F240  B5 AF DF 2A 71 B9 71 B9 6C BC 00 2E 0E 39 57 B8
0002F250  30 3A BF B8 89 38 F2 39 AA B4 71 35 C5 B4 E4 38
0002F260  DD 33 34 B0 13 36 5C 3A 76 B4 27 AF 0A B6 7D A9
0002F270  B0 38 40 39 06 27 BA 38 9C 3B 73 3A 98 33 7A 34
0002F280  E2 B7 1F BA 88 34 C7 BD CA C8 FF FF 04 00 00 00
0002F290  20 00 00 00 00 00 00 00 00 00 00 00 00 00 00 00
0002F2A0  00 00 00 00 00 00 00 00 00 00 00 00 00 00 00 00
0002F2B0  04 00 00 00 F6 C8 FF FF 04 00 00 00 48 00 00 00
0002F2C0  7B 25 C0 BD BB 2D AB 37 DA BD 98 38 A9 38 66 B2
0002F2D0  29 3C B2 3E E0 3B 25 BB A5 B9 05 3A 1F B8 5C 37
0002F2E0  18 3F 17 41 BB 33 DD B9 81 32 DA 1F 7E B4 A5 3E
0002F2F0  18 3F F8 BA E2 3C 29 B2 11 B8 80 31 84 37 60 3C
0002F300  0A 35 5A 32 16 39 0B 31 4A C9 FF FF 04 00 00 00
0002F310  00 09 00 00 9B B1 33 25 AF 28 36 2E 7E 29 4F A5
0002F320  C3 29 68 1E B5 A9 BA A5 D5 A6 EB 18 ED 25 C6 22
0002F330  DF A3 6A 2A 57 2E 2A 21 5B 21 98 A5 21 29 76 AA
0002F340  8B 02 A7 A6 8E 1C 52 A4 9E AE B1 AA 6E 98 23 2A
0002F350  CB 28 0C A6 93 AA 84 2E 50 31 46 17 EF A3 7F A8
0002F360  06 2F 46 AE 37 29 0E 28 57 A9 FD 2E DC AA D7 A9
0002F370  11 2D 8C 2D 94 30 1F 2B 49 AA B0 2F B1 A2 60 AA
0002F380  ED 27 61 28 27 A1 3A 23 7A B3 34 AE 9E 2F 7B B6
0002F390  5E AC E2 2C AC A9 A2 2D A8 AD D8 AD 1B 9B FC AA
0002F3A0  DD 2A E1 27 7C 2B 40 29 5A 1F 63 2D 7A 23 4E 2C
0002F3B0  1E AC 09 AF EE 2A A8 2A 09 B1 7C 1C EB A5 35 94
0002F3C0  03 AB 84 22 D0 28 5D 27 C6 B0 38 1E DB A9 8E 25
0002F3D0  7F 2C 14 1F D5 27 80 A3 4C A5 A2 A4 A3 AA 7D 28
0002F3E0  05 28 83 21 CA AC 84 AC C9 28 1C 2A 9B AB 75 21
0002F3F0  74 A5 CB 24 80 1B 61 2A A9 22 AE 24 D2 A7 84 99
0002F400  0F AC FD 22 3F 9C 2C 26 3F AE 36 2B 03 A7 B9 A6
0002F410  40 1D 8D 2D 6A AE 3B AA 2B B0 56 30 4F B2 07 AC
0002F420  10 2D 69 A2 3A 2C 98 0E 79 28 EB 28 34 A2 27 A3
0002F430  B8 31 E7 28 67 2F 2C 26 2B AF 8B 33 82 AD 6C A9
0002F440  E7 AB 2C A6 B7 AD 39 2F 41 B2 C9 2F 2B 28 E9 B0
0002F450  27 B3 BE 33 A6 24 68 A0 B0 AA 8E A9 2F A9 48 2F
0002F460  E9 AC 69 AD 27 2C 14 AD A8 AC 18 9C 70 AC CA 2B
0002F470  DB AC 8D AF 3B A6 E1 A5 D8 2E 53 AA 50 B0 FF 1A
0002F480  E3 AA 5E A6 AD A5 D9 A9 E5 A0 50 20 DE AB C6 2A
0002F490  83 2C 4B AD 3C A5 94 AC 16 2D F3 1E 8D A6 BE 2C
0002F4A0  06 24 64 20 CD B0 1D 32 41 AB 8B 24 E9 A2 3E AE
0002F4B0  ED 25 60 22 88 AA 12 98 EE 28 C9 A9 D5 25 B3 A4
0002F4C0  46 01 74 A6 04 AA FC 2E DF AB AA A8 16 A2 9D 10
0002F4D0  37 2B EC AD 2D B0 ED A3 E7 0A 53 2C FE A9 B0 A2
0002F4E0  4E AD C2 33 1F 2B 72 91 B2 A9 4F 1E 94 9F 33 AF
0002F4F0  7B AB 48 32 F7 2B 7C 26 08 20 DD 2D D2 AA EF 17
0002F500  F0 AB 39 98 29 25 9E 2C 7B AA D0 A8 89 14 DA B0
0002F510  6D 2C B4 30 D7 28 8E 2D 66 2D 69 2A 99 A0 15 A8
0002F520  CD A8 B3 2A A0 AC 30 A5 C1 29 74 B1 9F A9 2C AD
0002F530  AA 21 99 2E F6 A1 7A A2 1F A8 AE AC 64 AD 74 AF
0002F540  C9 2B 93 AE 2B A3 12 B1 A8 A8 D5 2C A4 A0 AB A6
0002F550  37 30 7B 30 4B 28 1A AB A2 2E 29 28 A8 27 74 0D
0002F560  38 AC A6 AE EE AB 4B 34 81 B1 DD 29 24 93 0E 22
0002F570  FA A6 2A 91 9D A3 A9 2C CE 2C 71 AC EE AE F4 A9
0002F580  69 18 8A 20 65 2C CF 2B C5 A9 E7 28 0A B2 BF AC
0002F590  91 30 37 26 C0 2E 45 2F 79 AC 7B A0 7A 29 42 29
0002F5A0  37 B2 32 30 56 AB 83 2C 88 B4 45 A8 44 AA 60 34
0002F5B0  07 AA A0 2F 5F AC 76 A8 27 2B 42 AC 9B 29 1D 2B
0002F5C0  78 2A 1F AD 3F 30 E9 2A CF 23 A1 AF 22 2D 8A 2C
0002F5D0  F9 1B 84 AD 0A 30 8B 24 20 24 A3 AA 26 25 D5 A9
0002F5E0  89 AE 9C A3 A6 AA 9E A9 22 23 27 B4 C0 A6 73 26
0002F5F0  1A B0 AD AA 78 30 3C 2D 36 32 A4 A5 88 A8 BA 30
0002F600  0C AA F7 2B 91 AC 43 2C 5E AE E8 AD 89 30 39 A3
0002F610  16 29 A9 B4 8E AD 6A 32 42 A9 F5 2A ED 2B D8 B1
0002F620  71 2D EB B0 24 30 D6 1B FF A8 C2 AF C9 34 9B 29
0002F630  34 B0 9E B0 14 1E 37 2F 79 25 D3 2C CD 33 7D 2D
0002F640  5D 24 80 AE 94 B0 C7 AE 0D 30 31 32 4C A8 83 2E
0002F650  19 31 33 B4 D4 A8 1D 23 FF 2B 2B AB 5D 9B D9 9F
0002F660  1E 2D 26 AB 93 20 4E 27 99 29 84 AB 83 27 84 90
0002F670  65 28 1D A8 95 2B E5 20 C5 A2 1A AA EB A0 D8 A7
0002F680  1C 27 38 AF 6C A3 55 AD 35 AF 93 25 2C 2D 9B 21
0002F690  90 AB 2F AA 07 31 36 25 18 2A B9 17 EA AF A5 25
0002F6A0  64 28 8C A8 BC 25 E3 AE ED 21 1E 21 8A A6 F4 20
0002F6B0  84 28 2E 29 46 21 8A 2A 85 AD E6 A4 67 9A 66 2D
0002F6C0  A4 A7 DD A7 68 2D C5 2A 16 AA D4 AB 11 AA EE 9A
0002F6D0  A9 2C A0 30 B2 2A 0B A6 5B 1C 5A AA 88 2F C8 AB
0002F6E0  0D B3 4F 25 D3 2C 54 A9 AD AC 05 2A B0 29 A9 22
0002F6F0  F7 AE B7 93 34 32 02 2E 51 29 94 2C DC AF 31 AB
0002F700  80 AC C6 A2 F1 2F C5 95 EB 23 0D 31 1C 2E 0A 29
0002F710  B6 AD 37 21 FB 28 75 28 8B AA E9 94 F0 22 B4 2E
0002F720  89 24 1A 25 60 99 50 15 B5 A9 CE A7 C6 25 E4 A9
0002F730  1D 16 47 A3 01 18 8A 2C 24 28 EB A5 00 A5 86 A4
0002F740  E2 A0 D0 A9 A6 29 CE A3 C5 21 C3 28 F0 AD 0D 92
0002F750  7F AA E2 28 8E B1 1A 34 15 32 46 AE 13 AB C7 2C
0002F760  EC AC 78 1B C3 AE A3 A8 FB 28 24 2C E8 B0 28 30
0002F770  39 AC 3C 30 B6 28 39 32 A7 98 8B A6 53 AF 81 A8
0002F780  DC 2C 01 AD CA 2C 17 3B 1F 2B 7A 32 82 B0 7F 36
0002F790  47 A6 3E 2E C7 A6 37 A4 E4 A8 D5 1D D9 23 9A 20
0002F7A0  73 AB EB 28 EE 9E 8A 28 AF 29 57 23 1D 2A C9 9E
0002F7B0  37 9C C7 97 15 26 CF 25 00 A6 E3 A8 16 A9 E6 21
0002F7C0  63 AB 6F 23 88 AD 6A 11 0D 24 1F 1C 5A A8 A0 9F
0002F7D0  B1 A8 3A 14 DD 25 36 17 DC A4 25 A9 C4 A8 EF A4
0002F7E0  23 A2 06 28 D1 2D 18 2B A8 15 DC 22 7E 15 B3 A6
0002F7F0  C2 13 22 A6 7B 26 8A 29 37 AB 9F AE 37 2B BC 21
0002F800  54 A8 2A A4 65 AD 5B A8 52 AE CF AA 9F 28 5F AE
0002F810  75 8A 99 A8 5A A6 AB 1E F7 A9 F7 A3 E4 1F FF 2D
0002F820  9C 2C A0 95 99 29 B8 2E 3A 9B 3F 2C A1 A8 99 B1
0002F830  C4 30 C3 A5 73 AC B4 97 2D A9 F2 AC 6C B1 EA A4
0002F840  C4 A1 17 26 BB 27 49 28 A4 A7 2D A2 7F 28 1E 2B
0002F850  49 9E 73 26 40 24 FF 29 AA A9 3A AF 79 AD C1 AC
0002F860  7D B2 7A 27 34 2A A1 1D 6C 2C 17 29 A0 2D 7B 2A
0002F870  18 B1 44 21 D2 A8 07 2F 29 9F 1C 2F 58 2A 49 B2
0002F880  25 AC 26 A1 E7 A4 46 2E 10 A4 5F AE 72 A2 65 A7
0002F890  82 2F 31 2C 02 2C AA 29 45 28 8E 2C F5 A9 77 A3
0002F8A0  F7 A7 16 29 C2 A7 D1 A1 30 A8 36 28 2D AA 8B 29
0002F8B0  15 A7 B4 2F 55 9E 5C 28 A9 AD CB B0 64 23 10 25
0002F8C0  97 B1 F8 A8 B8 26 CE A8 73 0A 59 AC 83 1C 5A 26
0002F8D0  2F 32 B5 93 5C A6 F6 B0 25 29 04 AE 1C A6 5C 2F
0002F8E0  83 B0 C6 10 80 AA 32 A6 79 AD 4D 2C D0 2A 2C AB
0002F8F0  1C 29 FC 2D DB 29 9F 2C D4 A9 39 AE C3 AD 4B AD
0002F900  B1 A7 15 B4 D2 2B 42 AC A2 AB 17 AB AB AA 33 A0
0002F910  E5 2E 52 2B 06 29 34 2D 67 2C A2 2A 7F 9C 1E 2C
0002F920  34 AD 1F 24 C8 2A 26 2D 05 2C 3C AD 6C 2C 29 27
0002F930  E0 26 25 29 D6 2D 7E 22 03 A9 CD A4 DB 9E D5 28
0002F940  07 23 4C B0 51 2D F5 A9 34 A8 07 24 07 2D CC A1
0002F950  43 AA 54 23 49 2C 54 A2 ED 2D C2 AA 50 28 68 AC
0002F960  81 1A 40 A5 DF 30 D8 28 6C 22 0D 27 AD A9 EA 12
0002F970  68 A6 25 AE F1 2E 15 2B AF 29 9B 29 44 28 E9 2D
0002F980  50 24 D2 1F AA 0E 23 2D A0 B0 71 24 E0 2D 9F 27
0002F990  1D 31 55 B1 C0 AC 30 99 06 A8 8B AD 12 AF EE 28
0002F9A0  F8 25 66 AB 98 92 17 AB 64 A8 66 AD FE 2D 34 1C
0002F9B0  52 2A 92 2B D0 27 2A 26 76 29 94 22 60 23 D6 A8
0002F9C0  30 12 52 AC D9 22 36 A6 37 AD 3D AC 25 28 94 2E
0002F9D0  5D AC 5C 2E D5 A4 8F 1E B4 1C 1A A5 21 25 45 27
0002F9E0  50 2A 29 A5 BD 20 C6 A1 B2 A8 3F 9D 38 A3 E2 A3
0002F9F0  C9 28 41 2C D2 A4 AD 2B E1 A8 8E AD 13 9B 0C 26
0002FA00  1E A1 3E 29 CE 1C 9A A7 9F 19 5A 2E 88 2B FD 33
0002FA10  83 24 4E A1 5F A0 FF 28 83 26 40 18 61 21 F1 24
0002FA20  DB A2 27 AB 67 26 3C 93 24 28 33 9F 88 21 24 11
0002FA30  A5 9C 82 A8 F6 1D 47 20 5C AA 97 2A 44 22 67 2A
0002FA40  0A 9B 33 A4 60 A1 69 9F 8F A7 89 A1 5C AF 36 A8
0002FA50  D3 AF 49 1F 6B AC 6F A7 FA 29 FA AA ED 28 7E 2F
0002FA60  DF AC 49 1D 01 2F 76 1A 2D A4 04 29 FC 2F 24 AA
0002FA70  2F AB 27 AE 24 30 3A 27 24 30 C7 A8 2B 2C AB 29
0002FA80  6A AB 45 25 EB 1F C6 9D 0B A8 2A 20 2B 2E FE A4
0002FA90  65 A7 75 A8 1C 2A 7E AA 35 AD 9F AD 92 AF 97 26
0002FAA0  59 AA 1D 1A 50 AA 87 A0 0C AB E0 24 D3 22 AA 29
0002FAB0  35 19 59 23 12 28 2A A0 1D AF C1 24 2B AB 8C 9C
0002FAC0  05 AC 36 25 82 04 79 22 08 A1 90 AB B4 2C AB A5
0002FAD0  9F AD 0F 2B E6 28 4A 28 F4 9F EF 28 A2 24 08 1F
0002FAE0  67 AA AC 2A D0 2A 52 22 07 B0 16 29 2F 2D 9D 23
0002FAF0  50 1E C8 2D 46 29 20 25 DF 20 1E AB BB 98 45 9F
0002FB00  C9 A1 1F AC D2 30 C0 9C 88 A8 48 24 9B A5 19 A1
0002FB10  63 AD C5 AC 49 A9 2C A8 B9 2E 21 2A 11 1F F6 26
0002FB20  08 A4 9E 21 8B 9D 7E 2D 23 25 51 AD 0D 24 0F 98
0002FB30  38 23 37 2A A3 2D 05 2A 37 AA 82 AF 28 A2 D8 28
0002FB40  80 9C E4 A2 4B 25 78 AF D4 A9 CD AE 92 9A 59 1E
0002FB50  3C 28 74 24 4D 07 A4 2C 14 20 55 A1 C4 94 CF A5
0002FB60  FF A0 BC 21 D9 24 2E A4 4B A1 B6 A7 B5 A5 D5 28
0002FB70  0C AA CD 9A 9F 29 BE 1A 6C A5 D7 A5 EE 28 8D 26
0002FB80  07 20 A0 A8 BA A1 FB A3 37 A4 BB A5 46 27 62 27
0002FB90  13 88 EF AB 02 AA B4 A4 BE AB 78 A8 B9 AE 4C 29
0002FBA0  1B AA 7F 84 0A 9C E4 23 A0 1D 67 9D 7B 26 A0 2B
0002FBB0  59 A6 4E 28 48 27 F1 29 FC 2C FD AA D5 8D 09 A1
0002FBC0  B4 AD BC 21 C1 A0 0D 26 03 28 45 94 C1 29 16 26
0002FBD0  2B 1D 36 A3 9E A6 CD 1C D6 9E 08 23 D1 27 06 2C
0002FBE0  64 A8 C9 94 38 1D 97 25 47 A5 88 29 ED 24 F8 2E
0002FBF0  F8 AD A9 AB 9D A4 DE 28 1A 9A 9E 15 A2 AC 54 20
0002FC00  5C A7 3B 27 F4 26 E0 1C 70 25 A1 95 71 AD 17 AA
0002FC10  89 9C BB 29 56 D2 FF FF 04 00 00 00 40 00 00 00
0002FC20  00 00 00 00 00 00 00 00 00 00 00 00 00 00 00 00
0002FC30  00 00 00 00 00 00 00 00 00 00 00 00 00 00 00 00
0002FC40  00 00 00 00 00 00 00 00 00 00 00 00 00 00 00 00
0002FC50  00 00 00 00 00 00 00 00 00 00 00 00 00 00 00 00
0002FC60  A2 D2 FF FF 04 00 00 00 40 02 00 00 3D B8 FE B9
0002FC70  63 B7 97 3B E2 B9 28 36 1A 39 FE B4 CB 3A 31 AE
0002FC80  35 31 96 31 66 B0 D8 B7 12 BC 88 38 BE B8 B4 BB
0002FC90  CC B6 53 35 8E B1 F9 B5 0D 3A A1 B4 18 B9 53 BB
0002FCA0  52 34 DC A8 5F A9 08 BB 5B BB B9 BC B9 B9 E1 B9
0002FCB0  9E BD C9 3C AA BB 1A BB FB 32 6B B3 60 3D 2D B6
0002FCC0  E7 37 8E 3A 8D 32 99 3F BB B9 98 41 84 33 85 BC
0002FCD0  45 3C 11 BD 39 39 6B BB A8 39 CC B7 A7 BE FC BD
0002FCE0  D2 3B 7B B6 31 40 3C 40 C7 C1 8E 40 F0 38 09 B8
0002FCF0  45 B3 D8 B4 DE BA F6 36 71 B9 87 34 CA 2E BA B5
0002FD00  23 28 F3 2C 3F A9 3D 3B 99 39 23 33 C6 3D 2A 34
0002FD10  EA 3A 43 B9 39 39 D7 32 55 38 B8 27 AD BD 08 B9
0002FD20  7D 3A 03 B7 60 B5 BF 31 C4 C0 CD 40 AD BB A7 AB
0002FD30  37 32 15 3D A0 34 BF B8 F0 BF A1 BA F2 36 C7 B9
0002FD40  19 36 7F 37 01 AB FF BB B7 B9 50 3C E0 BD F1 BA
0002FD50  47 BD 11 3A 4F B8 AC A3 66 2D C9 AE BB B9 45 BC
0002FD60  A3 40 40 B6 FB 38 F8 C1 2C 39 DA BC 89 3C 74 BD
0002FD70  4A AD 6F 37 F6 3E 67 C0 09 30 E7 B7 11 37 DA C0
0002FD80  4F 41 36 41 9E BF 93 B1 2A B8 A7 B3 C1 B9 F7 BC
0002FD90  5B B3 1A 40 70 3E 88 3D 21 43 26 42 AF B1 5E C0
0002FDA0  9D 40 36 BF 75 42 6C 3F 04 41 3E 39 22 3E 77 BA
0002FDB0  19 35 B9 B8 E5 B5 9E 31 FB 3C 24 32 25 B7 01 BA
0002FDC0  0F AA 86 25 9E B9 7D 3B 8F B6 3A B3 77 3C 51 2B
0002FDD0  DC 3D CD BE B1 3C C5 35 D0 33 97 2A 61 BA 7E BA
0002FDE0  64 3B 4C B7 91 B9 09 35 F6 A7 5A 3C B4 AD C2 B5
0002FDF0  7E 3B E4 AF 99 38 1D 37 FF B5 1B BA 88 B8 95 AA
0002FE00  52 2C CD A8 B3 B4 7B 24 74 35 39 38 2B B8 A0 B1
0002FE10  0E BC 3A 31 09 BC F6 26 00 A2 0F A5 13 B9 C6 23
0002FE20  91 3B 39 B8 49 35 F5 B9 7B AC D4 BC 73 3A A0 36
0002FE30  99 3D 0F B8 A9 3D 00 AB B4 36 D1 BD 9D B5 B0 B3
0002FE40  15 AC FE A6 AA B9 B9 BA C8 3C E6 31 3D B7 25 19
0002FE50  58 B7 E9 3B 64 35 62 34 20 B5 4D B0 8A BF DF B7
0002FE60  42 37 C0 BC 6C 33 0E BB A0 2D C6 AC E4 38 26 B1
0002FE70  A8 39 F6 B8 A2 3C 65 B0 B3 3A 55 BB 27 AA C2 B7
0002FE80  81 30 A0 B3 B2 AF E8 28 E5 34 88 AD EC 2C 6B 2B
0002FE90  59 39 DB 31 12 AC 88 33 B3 A2 27 2C A5 B3 85 29
0002FEA0  18 BB 11 B5 12 B6 FE 36 B3 39 F2 37 EE D4 FF FF
0002FEB0  04 00 00 00 20 00 00 00 00 00 00 00 00 00 00 00
0002FEC0  00 00 00 00 00 00 00 00 00 00 00 00 00 00 00 00
0002FED0  00 00 00 00 04 00 00 00 1A D5 FF FF 04 00 00 00
0002FEE0  40 00 00 00 92 40 13 B9 51 BD 51 3C 4D 38 93 3E
0002FEF0  82 3E 69 B8 8F 39 67 B9 85 BA 98 42 7D 2F 37 3C
0002FF00  03 3D B6 38 A3 3C 9A 37 03 38 4F 3C F5 3E FA 41
0002FF10  5B BE D5 B2 6B 2F 4C 3C E2 BF 36 2F 61 39 41 39
0002FF20  0E 37 A9 37 66 D5 FF FF 04 00 00 00 00 07 00 00
0002FF30  4F B0 EF 9A E9 2F 84 B0 8D 9D FB 33 62 A0 9B 31
0002FF40  8C B0 61 AB FB 2C 81 24 FD 20 70 AC 1E 2A 31 AF
0002FF50  AB 2C 1A 21 83 32 7C 31 67 AB A2 1B 5D A5 2A 1C
0002FF60  A6 2E 92 27 B4 AF 72 AC 92 2B 73 9D 5B AE 1E AE
0002FF70  73 A9 0B AC 6D 2E EB A7 59 2F 0A 2E E3 2C 86 A7
0002FF80  D7 24 DB AC C6 AC 9C 9C FC 32 C8 21 67 28 2C 2E
0002FF90  B9 1E 01 2C 78 90 A2 30 B2 2B 0C A5 3A B4 30 AE
0002FFA0  DC 23 DD A9 38 A8 3B 32 CB B0 F6 A4 82 AC BC 94
0002FFB0  81 26 87 AA 12 20 D0 AA 9E B0 01 2C 57 AB AA 2B
0002FFC0  65 AC 0B 2C 24 28 D6 A8 09 2D 95 2B F1 08 B6 AA
0002FFD0  63 AB 59 21 32 A5 B3 AA A5 26 39 A4 2D AB B6 28
0002FFE0  CF AD 85 9F FF A7 24 23 D0 26 10 AB 6A A8 42 A0
0002FFF0  E0 AE B4 AC 86 A7 26 2B FB 2A 79 29 44 29 F1 A3
00030000  D0 A8 D1 29 0B A7 B6 2C 6A AB 01 2B E4 AF 6C A4
00030010  47 2A 97 21 6E A1 71 A4 85 2B 80 A3 89 A1 37 AC
00030020  F3 28 9E 23 2F A9 78 28 70 30 3D 14 73 9E A1 2B
00030030  BB AC 83 AA 7C 22 B1 B2 E9 AF 45 A9 04 22 34 24
00030040  8E AF EF AA 9C 2D 59 A5 B2 2F 56 2F 47 14 A9 A0
00030050  6A 2A 84 33 AF A9 9D 2D 01 B6 BE B0 B4 AB C4 A7
00030060  B1 28 50 2A 73 AF F0 A8 CF 29 59 30 5A 9E E4 A8
00030070  36 A4 16 AB A4 2F 8D A8 3C 99 98 9E 50 24 0E 1D
00030080  9C B5 DB B0 4A 28 2E AA 71 25 1C 2D 9E AC CE A2
00030090  8C 30 3D 2C 13 2D 12 26 66 1C 9C 28 4B A8 6E AE
000300A0  27 AD 32 AF 8D 2B 12 25 3E 29 54 A9 53 B1 31 AB
000300B0  1A AC 98 2F E3 B0 94 AD 1D 28 CA AA 61 2B C8 AD
000300C0  6B 28 9C 25 7F 29 A6 21 92 A7 31 A4 6F 30 45 AC
000300D0  8C 9D 60 AF DF A5 76 B0 0D 9B BE 20 C3 2E B2 30
000300E0  0D B1 2A 2F 3A 2E A9 1E 50 AA 8E A5 D3 B1 89 2C
000300F0  45 2E DC 2C C6 A9 0B AF 9A 2B A1 AA 8C AD E6 AF
00030100  63 A0 23 AA 3B 26 36 9E 6C 2E 7A A3 1C B1 2E B1
00030110  E9 2D 2B A6 1B A9 11 29 DF 29 E0 AC B5 2F 47 2C
00030120  D6 A4 82 2E 4C AC 3F A4 45 2C 74 2A 7C 27 85 AD
00030130  93 28 E1 AF CE 2A A8 B1 7E 25 B7 AB A4 AC 77 2A
00030140  ED A4 77 33 6F A9 3B AE 26 29 58 25 8F 27 24 9C
00030150  F7 26 29 25 08 2B 59 2B 83 26 64 29 4F 30 19 2F
00030160  EB 29 3B 27 D4 36 BF 2B 67 AF 2A A5 7A 28 91 A6
00030170  72 A3 BE A9 76 29 E2 2A 03 A8 F3 A0 3B B0 20 28
00030180  C0 29 E0 A3 88 35 98 9E 05 2F 66 A6 B3 24 27 25
00030190  6F AF BE 2A B0 9D F8 A7 44 B5 34 AC AD 29 14 AC
000301A0  79 2A EF 2D C0 AE B1 28 08 2B 6D B0 16 2E 7C 34
000301B0  92 2A 26 23 41 A5 C7 9E 2C 9E 69 A9 50 28 A3 AD
000301C0  05 9B 63 29 F8 2F 50 AF D2 B1 EF A8 45 AC 8B 32
000301D0  CA AD FA 29 C1 31 0D 22 A8 A9 8A 22 35 AD 33 2C
000301E0  F0 2C D0 1F 5D B2 4D AD 21 32 8C 1E 69 33 9F 2B
000301F0  05 2A 15 30 38 AA A7 2D 93 2D 98 2D 88 23 99 29
00030200  6E 2F E0 29 9F 2F EB 2D 27 30 48 31 F3 A0 37 AC
00030210  BF A9 02 14 6B 1F 4A 26 70 AD B1 A5 1E 9F 0D A7
00030220  D5 22 71 2B 07 2B 76 A4 04 25 BC 30 29 1B 0A 9E
00030230  E4 AA 71 30 4A 2C 08 2B AD 2D D4 A6 65 AF 89 23
00030240  1B 26 98 9B BD 99 15 24 8D AC D2 25 B3 24 31 9E
00030250  71 20 F4 B0 AF 25 FA AF A8 28 18 AF B4 A9 19 A9
00030260  07 AD A1 33 1B 9B CF AD 82 B3 D1 31 1E 34 9B A9
00030270  5A 2C 29 9B C5 B0 4C 29 DC AC 5C AB 16 A4 83 AE
00030280  1F 8C 61 21 8D 30 86 2E CD AA 42 A2 DE 2A 04 2A
00030290  39 94 2E 2B 9F 17 C2 B0 C2 1E FF 1C 64 24 A1 A4
000302A0  FE AD 4F 20 1A A8 EA 2C 74 A8 59 21 BD A8 86 AD
000302B0  3E 2C 6D 26 D7 1F 22 B0 73 02 96 27 15 9C 69 9B
000302C0  B8 29 C6 A5 53 AE F6 28 03 30 4E 2E 88 2B 17 2D
000302D0  EF 31 4A A8 2F 30 93 B1 D3 AE 18 1C 3D 26 D6 25
000302E0  36 A8 46 AF 23 2C F1 AC 34 B2 C9 AC 0D AD E1 9F
000302F0  70 AA 72 2F 91 AD D1 2E C0 B1 72 33 BC 2E FC 30
00030300  4A 28 C4 31 8D B9 4A 34 17 2F E8 2F E8 AC B8 30
00030310  6A 2B 1A B1 27 B6 E2 2B 51 8A 0A A5 37 A8 7F 34
00030320  C3 1B FC 18 32 A3 1B A4 95 AC 16 98 83 19 90 25
00030330  A5 A6 1C A2 7C 27 7F 25 88 2C B1 21 FD 27 75 A9
00030340  72 23 32 23 0D 26 4E AB C3 A5 14 14 80 A2 2B 27
00030350  AF A8 10 26 61 95 7C 1C AF A9 40 24 79 A6 EB 2A
00030360  56 AE 02 9F 79 2C C6 22 4E A8 B1 B0 AF 22 D3 27
00030370  88 AD 05 23 E5 28 9C 2B AD 25 70 26 66 AA 1C AB
00030380  C0 23 D1 A6 12 28 12 28 00 B0 B4 A4 7F AD 6C A5
00030390  F3 9F FE 33 4B 19 32 AC 9C A8 A5 28 1D 28 E3 A5
000303A0  30 B1 C0 30 66 A9 51 30 19 27 99 A0 5F 2D 71 25
000303B0  56 2D BE AA 02 A1 B7 30 85 AA 1B B0 B7 B5 CC 33
000303C0  05 2C D4 A8 C4 B1 6C AA D3 B3 E2 A5 C2 AE 38 AD
000303D0  51 A9 22 2C D9 AC 1C 32 3B B0 92 AC 0C 33 CF 2F
000303E0  C0 25 A8 2F 71 A6 AA 2F AB 31 BC AC 32 AE 1B A4
000303F0  98 AD 9A AF 0C AA 41 2C 0B B5 8F 23 A3 B1 DE B2
00030400  46 A8 FC 23 5D B2 30 34 9B B5 76 28 A1 AD B5 A8
00030410  DD 2C 97 A7 7A 2A 19 28 B8 B2 4B 2E 52 B2 F5 2E
00030420  53 AD 8A A0 EA AE 14 AC A5 2C CB 2C 28 B3 C5 A8
00030430  32 1E A0 30 87 B0 14 29 5F 2A 0B B4 97 AD 56 9B
00030440  54 AC 16 AC 76 AC 04 23 C0 2D 03 AF B9 11 6F AA
00030450  DF AD D5 29 05 AA 3F 27 55 B0 0C A0 6B 2A 50 A7
00030460  9A AD 6E A3 88 30 71 0C F9 A0 1C AD D0 A0 92 29
00030470  55 1D 98 9B 10 AA 67 23 5A 1E 7F 0C 7F AA 41 26
00030480  55 A4 D7 29 0B 2B 0C A9 34 9C 7A 2F 66 A9 30 A4
00030490  9D 1F 65 AB C2 29 3C AD 84 A8 72 A7 F7 A9 45 9B
000304A0  F6 19 C6 9F 78 24 3A 29 45 A5 D0 8F 61 0D 00 21
000304B0  C8 20 CE 2F E0 A7 DC 2C C9 AA CF A8 98 2F FF 15
000304C0  1C 26 AA B3 E6 13 0B 25 CD 26 A8 2A A8 A7 DE 20
000304D0  6F 26 82 AC C1 A5 98 23 CD AB C9 2D A2 A8 31 26
000304E0  7F 28 AF 2E 0D 2C E2 A6 6C 22 EF A8 18 A5 32 30
000304F0  13 B0 FE 15 0D AE 4F AD D3 A2 17 A8 14 AE 64 21
00030500  01 AF 7C 28 CC 95 F0 A4 17 2B B6 2D 77 2E 00 2A
00030510  36 28 27 B3 4B 2D 0F 2D 03 AB 4E 27 B7 2A 72 AC
00030520  03 28 B4 29 04 AD 1F 25 4D AC 15 A9 8C 26 FE AB
00030530  00 A5 18 26 D9 20 68 97 2E 22 8E 1D DF 21 AD 22
00030540  68 A0 59 9C 3B 23 1B 1D F8 A0 71 A7 73 A5 FC 28
00030550  BE A9 2B 95 58 AF E8 A8 AE 25 17 A4 91 29 09 A7
00030560  31 AD 7B 25 C1 A9 FB 27 4D 26 7A AE B6 AD 88 B0
00030570  69 2D AE AA 4C 26 05 AA 99 AB FA AC 1E A8 E4 A3
00030580  5B 2F 59 2C 14 AF 4D 95 05 20 42 29 C8 28 46 20
00030590  39 9B 5B 25 4D B2 B9 A0 85 A7 EC 94 E8 25 32 AC
000305A0  75 28 E8 A0 19 30 C3 A1 85 2A B1 24 B7 20 1A AB
000305B0  2D 2B 48 AC 86 A7 C4 26 23 A6 B1 2E A9 20 CA AC
000305C0  24 9C 05 1F CC 27 B1 A8 C6 20 19 25 B0 A5 7D A4
000305D0  8C 06 92 A7 8C A6 92 A1 1A 23 0D 2C 06 2A 5F 18
000305E0  0E A2 02 8D 29 AA 81 A9 B8 24 0C 28 AC 28 BB A6
000305F0  04 25 55 26 95 A6 5A A7 60 AB 6D A4 B9 22 F8 9C
00030600  9B A0 CA 84 2E 29 99 21 05 30 C1 9A 96 2A 6A A3
00030610  5E 25 DB A3 AF 29 DC A1 31 9E 34 2C 57 A7 25 A2
00030620  CD 9C B5 2F 66 1E DA 18 E0 29 83 27 DE A6 C1 A8
00030630  72 DC FF FF 04 00 00 00 38 00 00 00 00 00 00 00
00030640  00 00 00 00 00 00 00 00 00 00 00 00 00 00 00 00
00030650  00 00 00 00 00 00 00 00 00 00 00 00 00 00 00 00
00030660  00 00 00 00 00 00 00 00 00 00 00 00 00 00 00 00
00030670  00 00 00 00 B6 DC FF FF 04 00 00 00 F8 01 00 00
00030680  8A 3C 03 BA E2 B8 31 3B 12 B8 46 BC B2 3A 43 BA
00030690  E0 B9 3A 3D 89 B8 C8 B9 B1 B3 15 C0 EB B5 3F 3D
000306A0  E7 BD 33 B8 1C BC 97 3D 61 3D 36 B7 E6 3C A6 BB
000306B0  80 38 81 BD A6 40 5E BB 01 40 50 BC 4D BD F9 3C
000306C0  3C B8 02 BC D7 3D B8 A6 11 BE EE 3D F4 BD 78 BA
000306D0  7F B5 4F C0 96 BF 06 40 8E BF 77 BC 7C BB 96 3C
000306E0  71 3B 44 BB EF 3E 74 BC EE 3E D9 BF FF 3F 88 B7
000306F0  49 3D 4E B9 2F BC 65 39 FD B5 28 B5 49 35 2B 38
00030700  5C BB A0 38 71 BC 76 B4 B7 AC F6 BB 3F BF 28 3A
00030710  A2 B9 59 B9 E8 B9 11 30 7B 2D 26 BA E3 39 06 B0
00030720  99 3F B6 BD B1 B8 33 33 0F 3E 33 BC A9 39 29 38
00030730  6D BC 07 BD 3C 38 99 28 6E BC 96 3A E8 BD 4B B9
00030740  A9 BA 17 C0 FC 3A D7 3E A5 BC E3 BB AB BA B4 3E
00030750  57 40 13 BC 15 3D F5 BB 19 38 85 BB 8C 42 75 BD
00030760  33 41 C0 BF 6D 36 AE 3E 38 BC BD BD 0B 40 B4 39
00030770  55 C0 5F 3B D3 C0 FC BC 70 BD 39 BD 6C 38 DB 40
00030780  44 BF F2 BD 15 B9 CE 3E 3E 3E 25 C0 C7 3F 74 BD
00030790  51 3F 9A BA 9F 41 BA B9 90 3E 87 BC 5F B4 AB 3C
000307A0  13 B6 61 B5 74 3C D8 3A 76 BE 0F 39 9B BD 6F B7
000307B0  2D B9 16 27 1C B6 B2 3B 34 BC A3 B9 98 B0 2E B6
000307C0  B8 B0 68 BD DF 3B 0F B5 4E 3F BA BC EC 35 84 37
000307D0  19 3A 98 B9 AB 3D 6C B2 71 BA 56 B8 11 B8 4A 37
000307E0  2D B8 EB B4 26 BD A2 B2 28 B9 BA 38 D0 38 9A 3A
000307F0  2C 32 51 B5 90 B0 FB 25 00 3B 7E BC 85 37 F6 A8
00030800  7E AC DB BA C6 41 09 BC 0D 3D 53 BC 97 3D EE 30
00030810  45 BC 16 BA 21 3C C4 3A 26 BD D3 B2 EC BD 13 B8
00030820  08 BC 18 3D 65 3D 65 38 A2 B2 1C B8 A8 37 DC 30
00030830  4A 38 FE BD EA 3A C9 AC 50 37 31 BD 03 40 E1 A4
00030840  45 39 23 B7 21 37 74 39 51 B4 FC AF CB 3D 17 34
00030850  20 BB 36 2F 07 B7 68 B4 4F B7 57 3C 82 39 A9 30
00030860  CC B7 08 B6 CE 38 7B B5 AF B2 91 B9 30 36 48 B0
00030870  58 1E 02 BD EB 37 8E 38 BA DE FF FF 04 00 00 00
00030880  20 00 00 00 00 00 00 00 00 00 00 00 00 00 00 00
00030890  00 00 00 00 00 00 00 00 00 00 00 00 00 00 00 00
000308A0  04 00 00 00 E6 DE FF FF 04 00 00 00 38 00 00 00
000308B0  3F 2C B6 B5 B4 30 65 34 F5 28 C9 39 D3 21 2B 3F
000308C0  B9 32 40 3C D8 34 81 34 FB 3B 9F BA D6 B4 9B B5
000308D0  1C B0 88 B3 C2 36 B4 38 48 36 70 22 48 32 37 BD
000308E0  3D AF C1 BB 37 BB 85 38 2A DF FF FF 04 00 00 00
000308F0  40 05 00 00 A6 B1 B3 18 26 24 AE 96 C8 26 E3 9E
00030900  03 0C 5A 28 80 AA E5 9D 63 29 B5 A3 0B 15 64 23
00030910  E9 B2 42 A8 3D AA 9F 28 55 1D E1 A6 4C 9E 7A B0
00030920  3F AD 6A A4 60 A1 59 B4 18 97 90 B3 A7 AC DB 9C
00030930  2C 31 52 A6 6A 12 DC 23 FA 29 BF 30 0A 9F C1 AC
00030940  66 20 CC 27 9D AC BD 1E 2B A8 F0 31 7B 2F 18 2B
00030950  2F A7 E0 34 BB B4 99 2B 22 31 C7 A4 FE 30 0A 26
00030960  4E 22 FA AC F0 2A 1B B0 66 2C 7D 9C 8C A4 03 AD
00030970  01 A8 CB 26 33 26 55 2A 70 B2 2E B0 AD A7 65 17
00030980  10 13 72 A8 C3 2F 96 AC 57 33 BD 29 F2 A0 41 A3
00030990  56 AD 66 A6 23 AB 32 B1 15 A8 A4 14 E8 28 D8 AD
000309A0  82 22 58 95 8F 25 83 AD 82 35 63 2A A9 2E 95 27
000309B0  37 A6 B7 A0 21 B4 EA 25 B3 B0 08 32 7A 30 AB A6
000309C0  A3 34 5E 98 98 34 65 2B EE B4 0C 23 BE 36 EB AA
000309D0  A3 9D C6 AB 3B B1 89 31 83 B4 C7 A7 E3 B1 3B A2
000309E0  7F AA CC AB 25 A9 10 9C 9B AB E6 AD 1C 12 C7 B1
000309F0  02 2A B2 29 18 29 42 A6 68 19 60 27 65 A3 15 24
00030A00  58 34 6C AA 9A A8 13 A8 4A A9 4B 28 C5 A8 29 AB
00030A10  77 1D BB AC DB A1 90 A9 8F AC 03 B3 46 AC 41 AE
00030A20  74 B1 CA 93 74 A7 A8 A8 40 28 32 1E 59 A7 5A 2E
00030A30  56 A4 22 B0 C0 21 95 28 7E A3 13 AC CA AD 0F AD
00030A40  C9 A3 6B 20 B0 1E 3E 34 1C 2B CA AD 4B B4 F2 A8
00030A50  F0 2C 9D B2 08 A9 76 A6 8E B4 C4 24 30 B0 47 9A
00030A60  98 30 32 B6 7C B3 BD 3A 1C B0 89 AD 7D 31 35 2C
00030A70  AF 28 0B 28 92 A6 E1 A7 DB A1 BF AB 39 2B AA AF
00030A80  FC 2A 05 AB 9E 34 DF 9A E8 28 74 A8 C6 AD 39 AD
00030A90  06 33 75 24 0B 2E AD AC 0C AA 7D 2A 9E 28 82 AB
00030AA0  FA 30 D0 28 6C 29 6D A9 73 1E 57 AD E4 2A 9D B0
00030AB0  4B AD 42 B8 BE AD 25 B4 4B 22 B4 2B 5F A6 A9 AC
00030AC0  8F A6 38 2A D9 AF F7 20 7A AE E0 AE C4 25 68 29
00030AD0  7C AC CD 25 E5 9D 0E B1 36 34 1F 2C C2 30 45 2D
00030AE0  30 28 7B AC 8C 29 0A A6 62 B4 F7 A8 7E 24 B9 26
00030AF0  68 2C A6 A9 8F A9 C5 2D EA 2F 2C 24 4A 30 52 2F
00030B00  C4 B1 DB A8 A2 2C E3 B3 A4 B0 D2 1E 07 B2 E1 2C
00030B10  4C 34 2B 2E AC 2E CA AB A6 A2 A3 22 7A 28 54 B1
00030B20  A7 A9 48 2C BB AF 73 A4 D4 24 6F 29 0C 2C 27 B8
00030B30  BF 95 53 B5 1A 24 66 2E C5 38 50 2E 1D B6 42 A7
00030B40  7D 28 32 30 1B 30 32 B0 30 B1 1B 1A BB B2 FA AB
00030B50  B8 26 4D 2C 50 AF BF A1 D7 30 63 30 A0 B1 C6 2A
00030B60  80 AB 49 29 8B A5 AE A2 9C 27 CE A2 6E 24 63 33
00030B70  CB 29 BC AC CD 27 7D A9 53 2C E9 22 62 A5 14 17
00030B80  94 A9 2D AC 48 1D 97 AA 13 AC DB 28 F2 AF 73 AC
00030B90  C4 24 52 AC 81 A6 41 28 4B 29 D1 B0 B4 A8 01 30
00030BA0  71 AC 31 AD 29 AD BE B4 3A AB B9 24 B5 22 F3 21
00030BB0  04 32 C3 32 A4 16 85 AB 3B 9F 26 B2 B8 2A 60 AF
00030BC0  38 9C D9 21 2F 2A A7 9F 14 B0 36 A7 4B 31 CD A2
00030BD0  11 A2 58 19 24 32 65 9F D7 2E 99 AA 71 23 89 2B
00030BE0  0C 33 A0 B3 AC 28 29 AB D7 2C 4B A3 03 31 BD AE
00030BF0  43 29 87 26 F3 AB 6E 2F 22 35 34 28 17 AF 34 A6
00030C00  0A 2C 26 AD 3A 31 FC A4 B4 A6 D5 2E EB A6 DA B2
00030C10  E0 2C 32 32 1A 28 E8 25 72 AC 6E B0 63 B0 1B 2B
00030C20  44 AE 16 A9 D8 AE BF 2C BA AE 37 30 DC 34 0D 28
00030C30  2E 2F 91 B6 A8 9E 29 AD 1A 2B 02 B6 FF AA CA 2B
00030C40  2E 25 A6 A8 21 37 2A 34 C3 A4 61 AD 93 AE 52 27
00030C50  06 36 2D 30 C4 B4 43 24 A2 B0 5F 15 8B A8 69 A8
00030C60  84 AB 5F 29 39 28 BA AD 91 1F 5B 96 F3 17 0C B1
00030C70  A9 A1 57 B0 63 A4 BD A2 5A 24 5A 82 A3 22 5F 23
00030C80  5F 12 31 A9 4C 15 F6 27 FE 2D 02 29 AB A8 6F AB
00030C90  9F 21 AC 22 61 A6 36 AE B7 AB 2B 20 5B 21 89 95
00030CA0  21 2D 88 AF E5 A4 51 2F 7E 2D EC AA F9 AA 6C 27
00030CB0  A3 A0 E7 87 C9 22 7D A8 F8 20 C8 AE 7E 2C 25 29
00030CC0  AC A9 6E AE 85 AB 56 AF 6F 2D BD A2 A9 21 28 AC
00030CD0  83 A5 9F 2B 37 2C 09 AA 93 A9 FD 18 0F B0 18 AC
00030CE0  BA B0 EC A6 00 A1 E9 A0 8D A7 80 A9 48 AF BF 27
00030CF0  1C A8 09 AA 62 2B FA 20 4F A1 D8 33 75 9F 89 29
00030D00  E5 AC A7 AC B7 B4 B6 1D D8 11 7F 2E BD 2C 97 AF
00030D10  48 B0 AC A4 A0 A8 7C 27 91 AB E2 A5 7E 31 D7 B1
00030D20  63 AF 06 A3 2B 1A 11 9D 7E 99 D1 9E C9 A9 04 A6
00030D30  1C 2E 2D 22 0D 28 BD 22 06 21 87 28 D7 AB 39 AE
00030D40  B2 B4 F4 34 BA AB 92 35 0B 2B 4C 33 83 32 30 30
00030D50  BB B1 39 2C B5 B1 7C AE 2E 24 45 9D 05 A9 1C 34
00030D60  D6 26 9C 31 A1 2D 50 18 41 A8 2C B2 1F B1 24 2D
00030D70  F3 8D 18 B3 DD AC 1B 2A 58 A9 AC AA 65 1B AE 9D
00030D80  5B 28 C2 AD 96 A5 6E A7 5A 2C 53 AC D7 94 50 1C
00030D90  30 A9 1E 30 BA 2C 01 AC BA A7 7F A6 E8 A5 6F B4
00030DA0  0F 2E 6C 28 02 A4 22 15 5F AD 8A AA 48 AD FD 29
00030DB0  AE 2E C2 1F E3 2A 20 35 00 AC 3F 29 CE 16 90 2B
00030DC0  B5 27 6C 23 4D 26 14 21 C9 2D 08 A9 91 AB D1 23
00030DD0  AE 28 BA A5 BA 2E C7 25 A3 2D 02 A8 25 31 7D A7
00030DE0  E2 9F 89 28 0C 2C D0 34 C5 14 03 A3 3F B0 4E AC
00030DF0  F5 14 B2 2B 9B AD 25 2B A1 28 F8 2C F3 B0 FD 2C
00030E00  01 A5 73 AF AA AE 99 AD 3C A6 95 35 69 1B E8 2C
00030E10  05 A4 F8 A8 AE AE 61 AF 10 AE 5E A4 50 AA 36 B6
00030E20  18 1D 4F 2D 53 29 8A 21 B3 AB A0 B1 50 31 76 A3
00030E30  1D 28 05 A8 76 E4 FF FF 04 00 00 00 30 00 00 00
00030E40  00 00 00 00 00 00 00 00 00 00 00 00 00 00 00 00
00030E50  00 00 00 00 00 00 00 00 00 00 00 00 00 00 00 00
00030E60  00 00 00 00 00 00 00 00 00 00 00 00 00 00 00 00
00030E70  B2 E4 FF FF 04 00 00 00 B0 01 00 00 09 BA 4A B7
00030E80  88 34 47 35 42 B9 17 3C FD B8 4A 35 7C B5 07 30
00030E90  B2 3A 29 B6 97 B7 EC 3C 02 24 C8 38 C0 B5 A9 30
00030EA0  A1 37 D1 B2 66 34 9F 3D 94 25 F2 BD B9 B2 38 36
00030EB0  68 B2 77 BC 13 BC BC 3F 14 37 E1 3D 4F B9 86 3C
00030EC0  96 39 5F BA D6 BC 83 3A FA 3B 2C 3A 26 BD 83 3A
00030ED0  D3 30 0A 3C 27 B9 DC 3F 3F BB 7B 3D 81 B1 B7 39
00030EE0  7B 34 24 BF 14 AF C7 AD 74 3D E6 3A 6E 38 A2 39
00030EF0  B4 34 16 32 8C 8D FD 2E 01 94 24 24 30 B8 56 B4
00030F00  92 B1 4D B8 E5 B8 EC 2B F6 B9 79 B5 86 34 E9 3A
00030F10  77 B9 BD 3D B4 37 AA 37 68 BD 7E 39 45 30 9E 3A
00030F20  11 36 0E 3C 8F AA 71 3C 52 B1 67 3D C5 39 BD 39
00030F30  3C 34 5E B8 22 24 1F 3F A0 3D F1 BC 6C 44 F8 B7
00030F40  B9 C0 8D BA FC 3C CD B1 41 38 FC 3E A4 BF 9B 3D
00030F50  09 31 00 BA 41 3D F3 3F CF C2 E1 3E 57 B9 53 A4
00030F60  D4 BB 62 3D 68 3F C8 41 96 3F 3A 3E CF 29 A7 3F
00030F70  27 38 71 C0 95 B7 8C B5 53 3D A1 3A 79 AC B5 31
00030F80  81 36 16 B7 57 33 6B B7 89 35 77 B2 8D B9 E2 BC
00030F90  13 B7 C5 38 6B BA CC 3B E1 36 0A A3 A5 31 A9 39
00030FA0  9F 37 C6 B6 1B B6 20 A6 53 B8 D9 A8 72 38 FD B6
00030FB0  23 B3 B5 34 E5 AD CC B6 DC B5 1F 28 0B 38 0C B4
00030FC0  49 B5 FB 31 F2 3A 39 AA 79 B3 A8 AF 00 3C EE 29
00030FD0  CC 30 08 3D 75 3E 97 31 45 B4 2B 37 33 BD E4 27
00030FE0  ED 3D C0 3B D4 38 30 38 76 3C D9 B1 98 3E E6 BF
00030FF0  9B BA A1 AF 39 3B 8F 34 DA B8 8B A9 A7 38 99 36
00031000  30 35 9B B4 C0 B7 2C 1C 42 3C E4 35 93 B8 C8 B2
00031010  5D 2C B5 38 C0 32 99 AA BC 37 20 BC 01 3B CB BE
00031020  0E B7 A0 2E 14 B4 FE AC 33 31 A3 B0 6E E6 FF FF
00031030  04 00 00 00 30 00 00 00 1B B6 F9 36 55 3C 0D 39
00031040  4C 38 C1 3B B0 35 79 A9 E4 36 6C C0 3D AE D1 2E
00031050  E8 37 11 36 2A 37 BA 2C D4 3A 6E 32 50 3B 92 AD
00031060  15 B4 A1 AB B5 3C 5D 3A AA E6 FF FF 04 00 00 00
00031070  80 04 00 00 E4 1E 80 15 5F B6 8B 2A 66 2D BF 27
00031080  2F 2F 02 30 BD 1B C8 AD D2 A3 91 A6 75 39 CF 99
00031090  FD 26 40 2A 89 AA 26 30 46 AA 3E AC 65 A3 01 1D
000310A0  5E 33 FE A1 30 32 E1 2C BB 2A 38 A8 CE 29 AC 34
000310B0  3E 32 4E 2F FE B0 3C AC A8 2C 10 B4 8D 2F 13 B1
000310C0  18 31 80 AC EA 96 0F 3A F4 B1 DD B1 78 A8 A8 2D
000310D0  0D 2E 54 AB 34 37 35 34 2B B8 1D 2B F0 AD F9 A9
000310E0  67 38 DE A5 F4 A8 65 9C E7 2E 9C A1 02 34 81 B0
000310F0  97 35 02 AD D4 B8 4F AA 2A B9 0F 30 6D AF B1 28
00031100  14 38 EA 21 7E 30 37 30 BB 26 4C 35 29 AE 98 A2
00031110  6F 25 9A AF 76 B0 0C 30 0E 2F B1 2E 7E AD 03 A9
00031120  73 B0 79 B1 0C A6 EA 31 FF A8 4C AC E7 2D 45 30
00031130  3C 21 99 AC CE B1 C6 AC 15 B9 7E 2D 8A 28 55 AD
00031140  C2 31 09 A4 A4 29 A5 35 FB 2B 59 2E 3B 31 33 B8
00031150  9F 2B AD B4 DD B7 0E 34 FB 35 CC 35 C2 2C F6 A0
00031160  7E B0 10 18 35 2B A4 2E 19 AF A5 B5 6D B2 4F AD
00031170  C4 2A 2D A4 AC B2 E8 20 37 31 D2 2A 6E A2 54 AB
00031180  28 28 3E A5 28 A2 67 AC EE 25 3E AA AA 2D E3 33
00031190  45 A7 01 36 5F 2A F1 31 E8 30 64 35 B0 32 8E A5
000311A0  A5 33 00 B4 3B A9 1B AD FD 2B 23 29 75 22 4F 25
000311B0  24 2C 6C 25 79 24 59 2D BA 29 5B 14 0A A3 4D 24
000311C0  74 AE 89 AF A8 25 DB 25 78 23 E6 A1 40 AF 8E 3C
000311D0  AE AE D6 35 72 A4 BE A9 23 28 18 A0 07 11 57 A5
000311E0  C9 2E 45 A9 89 8B 04 27 A8 A0 33 29 3F AC 62 28
000311F0  CB A0 D5 AE 51 29 65 35 27 31 25 AB 16 B3 14 AF
00031200  C6 18 3E 2D 0B B8 2E 2D D7 B4 5E AC 85 32 A9 BA
00031210  DE B4 28 B6 C0 B8 A4 B4 53 2C CF AF 2D 35 FA 33
00031220  11 B6 DE AC 34 A5 8B A7 EE 2F 03 A1 44 30 D1 9C
00031230  30 B4 47 1C BF A4 F0 BE CE A8 7A 2B 7B AD AE 18
00031240  A5 A8 DC 2E D6 AE 17 28 E2 A3 37 2D 15 28 A4 28
00031250  FE 3C 2C 27 8B A9 73 28 2C 2F A8 31 3C 35 37 34
00031260  38 39 8B 2F 1E 2F 00 A6 FE 31 48 30 13 28 03 A8
00031270  01 38 48 35 5A 37 9C B5 91 B4 C3 B9 53 B9 67 AC
00031280  4D B1 F5 28 12 B6 B2 B4 51 32 11 AA 75 36 A7 AF
00031290  4D 31 BB 39 B4 B8 F6 A6 6A AE 7B B6 D7 2C BA 2E
000312A0  BA B2 F5 2E 0D B3 BB B4 87 2D 37 B0 73 AE 79 37
000312B0  DA AE 7B 19 A8 30 C9 B3 B3 B5 30 2F 94 B1 6D 32
000312C0  11 36 86 AC EA 2A B3 B6 4B 2A 6A A7 52 3E E2 30
000312D0  EA 39 CE 36 13 34 9B 1D 30 B8 B0 B6 31 B4 BA A9
000312E0  A8 B3 35 2D 2F AD 49 32 84 AE 23 30 9F A8 09 AC
000312F0  6F AC 7D 2C 84 B0 11 A5 15 35 2B 31 48 AA 2B B3
00031300  B6 B3 C2 AC 73 A8 3B B1 66 27 BF A4 66 2C CB 2F
00031310  89 2B F8 2F AE A9 47 35 83 9C 77 B0 B2 A4 F8 34
00031320  A1 AC 4C 33 61 B4 92 AD B8 32 3E A9 B1 2E A1 A8
00031330  9E 35 5C 36 5F AE 01 B4 DF AC 25 A4 AA A5 03 35
00031340  4C A7 21 B7 EE AE EE 25 42 27 3F B0 03 26 EF AF
00031350  EC B1 BE AE 87 B8 83 2D 25 AC AC A0 72 29 02 30
00031360  7A AF 3F 26 24 27 6A 14 5D 32 82 AC E5 36 46 38
00031370  E0 2F 9D AC 75 A7 50 35 D9 31 F6 34 46 AE 1F 31
00031380  A9 30 04 34 C5 20 7E AD 23 38 16 39 B3 2A ED 2B
00031390  22 B0 ED AD CF B5 9F 2C 67 A8 46 AC 05 B3 22 A8
000313A0  E4 B0 1F A8 E0 AA 48 2E 71 2E 61 B1 02 B4 00 31
000313B0  60 B6 CD 35 A3 31 71 B2 5E 31 35 AB 87 2D C2 A9
000313C0  26 A5 B1 26 B6 AC E6 34 3C 2C AE 30 12 30 05 B0
000313D0  FC 25 CD A5 3B A7 48 A6 F2 B4 5E A6 57 B4 8F 23
000313E0  23 A0 73 19 65 2C AD 25 43 20 AA 9E F2 3A C0 B3
000313F0  3C A2 43 AD C3 B7 04 29 9E 2F C7 AA 1C 30 8B AB
00031400  75 B5 58 A8 83 B1 36 37 70 29 5E AC 2D B3 9D 2E
00031410  09 2B 3A B4 06 2B 86 B1 4C 31 9E 2A 3D 2D A5 B5
00031420  43 2C 5C 32 25 B5 9F 31 52 A5 E3 B4 A8 32 BC A4
00031430  D6 B5 87 B0 59 2B 9E 36 D5 A8 0F AE 65 B5 F2 AC
00031440  D8 32 60 B6 DA 28 C1 B0 5C 30 35 2F 7E B0 66 9C
00031450  39 29 54 B8 A5 A5 C6 33 B7 AB 58 3B 7E B8 74 A9
00031460  78 32 B5 26 4E A8 B3 AA BE 28 48 20 B0 30 3D A5
00031470  F6 29 37 2E 23 98 01 25 C4 21 C2 B8 D6 1B 48 9F
00031480  F8 2B 5D 30 BB A2 F6 AE C0 A2 97 AA 59 AD 04 31
00031490  05 27 64 A1 A9 AC 8F 34 64 B3 3E B1 C2 B1 B2 B1
000314A0  6E 39 A1 AF F6 B5 1E 2D 1D 32 1B 30 2F A5 96 B2
000314B0  4B B5 DE A5 AF 2B CD 28 93 A6 64 30 78 B1 2A 38
000314C0  52 BA 6A 38 03 AA C0 36 B6 B1 4C 34 03 B1 D0 2B
000314D0  29 34 78 31 7D AC 76 32 DE 2D BF 34 AD A2 AE B2
000314E0  71 AF 97 B0 C7 AD 21 B8 FC 25 91 9F 1C B3 AD 2E
000314F0  59 B4 FD 35 36 EB FF FF 04 00 00 00 30 00 00 00
00031500  00 00 00 00 00 00 00 00 00 00 00 00 00 00 00 00
00031510  00 00 00 00 00 00 00 00 00 00 00 00 00 00 00 00
00031520  00 00 00 00 00 00 00 00 00 00 00 00 00 00 00 00
00031530  72 EB FF FF 04 00 00 00 B0 01 00 00 AF B2 7E 36
00031540  A4 3B 73 2A 88 19 39 B0 96 3F 4A B8 6B 2D FF 35
00031550  FF B1 57 30 B2 38 36 21 D2 39 90 38 BB 38 B9 AF
00031560  08 37 5B B4 B3 33 76 B2 32 B1 BE 34 A6 BA 71 BE
00031570  80 BD 02 AC 20 3C 4B 18 F1 33 7C 20 BA 41 2A 39
00031580  52 BD EE 37 79 BC 89 3C 45 3C 2D B7 C3 3F A4 B5
00031590  28 AE FE BC 60 3F DF BD AB 37 62 3D 07 BC 7A BB
000315A0  6D B9 54 B5 30 B0 8D 30 C9 B4 CA AE 99 3B 69 39
000315B0  67 30 47 24 EF 39 B1 B1 CD B9 9C BB 5E B8 82 BB
000315C0  27 37 9D BB 9D 34 7D B5 19 B7 01 BB 44 B3 35 31
000315D0  67 3A C2 C0 4F 34 5D 40 AE 3A 31 C1 1A AE EC B8
000315E0  3A BB 62 38 E3 B2 09 AC 23 3A 3B B8 31 39 61 39
000315F0  B3 33 59 35 B7 AE D3 B7 51 B8 93 36 AD B7 8A 3E
00031600  C2 BA 44 BD 27 36 62 C0 E6 BE AC 3D 4D 3E 29 C4
00031610  EB BD D0 C0 2C C1 EF 3F 0E 34 D9 BE A5 3D 15 C1
00031620  04 BE 2B B5 D3 B6 07 C2 83 42 73 C0 5A BA 8C B9
00031630  24 B8 8B 36 4B 3D 2C 2C 20 BC 42 3B E9 31 01 BA
00031640  19 AB 17 37 1C 2F 65 35 A2 BE BC 2E 6F 30 4D 40
00031650  1E BA 52 B9 6C 35 9F B4 6B 31 25 B8 63 38 20 2F
00031660  39 AA F8 BD A8 24 CE B1 D5 AE 4F BA 05 B0 DF AF
00031670  F2 10 A0 24 60 37 FB AE FC BA 57 3C 48 BA 8C AF
00031680  FB A8 B0 3A 03 34 D2 33 0E B3 06 31 23 35 76 38
00031690  CE 3B 9C B8 65 BD 9B 30 2A B5 91 B8 5F A8 71 B6
000316A0  5D A9 5A 36 46 38 7B B1 98 BB 09 3A FE B5 24 BB
000316B0  76 BB AF 3F A3 34 12 24 6E B4 FF 29 B4 B9 97 32
000316C0  55 38 07 23 01 BB C8 AD 12 B4 D2 B3 3C 21 14 B2
000316D0  C4 A8 29 32 94 39 BE A7 24 B2 C4 38 0E B9 84 B9
000316E0  63 BB 9E 3A 8B 31 4E 2B 94 B9 43 A7 2E ED FF FF
000316F0  04 00 00 00 30 00 00 00 A9 2D 91 30 08 35 51 2E
00031700  EF BB 6F 33 EF 30 0E AF B6 A0 43 BC 99 30 FD 37
00031710  01 3C F7 AC D0 A7 99 33 50 34 A2 2B 83 B1 3D 36
00031720  2D A7 B6 A5 2C B9 66 35 6A ED FF FF 04 00 00 00
00031730  10 0E 00 00 E7 29 4C 28 53 11 DC 27 FD 20 C5 90
00031740  C3 13 20 A3 27 9B 1B 22 85 1C 96 23 1C 27 55 24
00031750  23 25 B5 25 5B 24 57 90 00 A2 F3 9B 15 20 1E AD
00031760  D3 A9 FF 99 ED AB D8 A5 AE 24 D6 A8 91 A0 EE 24
00031770  B9 A2 D1 13 FF 15 CB AD 75 A6 64 9E 98 AE 32 A4
00031780  37 25 1F AE 72 A0 E6 24 65 AA 53 23 FE 26 55 A4
00031790  C6 12 92 A2 D4 AA 4A 1C 61 10 60 AB F3 24 D0 25
000317A0  BD AB 16 22 6F 1B 9D A4 11 28 3A 24 63 23 57 20
000317B0  70 A4 FA A0 13 1F 78 A4 DC A3 8C 18 71 98 28 A5
000317C0  47 21 27 A0 3C A1 FB 26 B0 22 7E 9A 1A 1E 52 2D
000317D0  07 2A 5D AD 88 AD ED 30 DA 9D 7B AF 2F 30 BE 9A
000317E0  37 AD B3 1E DD A7 F5 A9 C0 B0 DA 9F A1 30 C3 B1
000317F0  B0 B1 B6 9F B3 2D 77 A9 A9 A9 E7 30 13 29 18 AA
00031800  D6 20 45 A7 63 AD B2 B2 7E 29 E3 31 00 B5 6F AA
00031810  9E 30 97 AF 55 AD 35 1E 7A 2C 5F A2 E4 A7 DD 2A
00031820  55 99 D5 A9 E3 A3 16 2C 8A 2B 32 AB 1A 30 DE 32
00031830  07 B0 15 A3 6D 2D 5A A9 CB AA EB A3 85 28 13 A2
00031840  12 A8 98 2C 95 25 44 AD 43 2D 75 2C 81 22 41 22
00031850  DE 9C 39 A7 99 27 83 12 02 A0 37 2C BF 22 10 22
00031860  5E B1 BD 29 C3 2E 99 B0 99 2E 9D 2F A0 AF 4E 2E
00031870  60 23 7E AF 0C 31 80 A8 8E AD A7 32 A3 AE A7 28
00031880  A9 B0 24 30 55 32 84 B3 EA 22 C2 31 B3 B1 1E A8
00031890  0A A6 50 21 CE 9A 2B B1 6D 31 83 22 2E 31 14 B4
000318A0  52 2F D0 35 36 B8 E8 AC 21 35 E2 B5 79 AC 84 A1
000318B0  D8 AB E4 29 B3 B3 BC 31 7F 2C 24 2D 3A B2 D3 30
000318C0  F6 32 E0 B5 01 28 65 32 90 B4 BA 29 C4 AA 24 A8
000318D0  85 2D 0E B2 48 32 F3 26 03 A0 3A AF 7F 2C 98 2B
000318E0  C7 AE CB 2D E0 2A 92 AE D9 2C 4A AA FC 98 50 2A
000318F0  F3 AD C2 2E 3F A8 16 2C BE 2A 60 A2 77 2C 06 2C
00031900  7B 1A 79 27 6B 21 31 A9 91 AA 4C AD 8E AD 25 AE
00031910  C6 AF CC AD 0C 2C C1 2C 48 A4 7E 2B BB 2E 45 28
00031920  E3 28 D1 2C 87 29 89 A9 AF A7 F6 A4 A6 AC B8 AC
00031930  C6 A9 B2 28 4C 25 4F A7 6C 26 5B 2C 7C 27 1E A6
00031940  A3 24 E6 24 1A AC 82 A6 41 9F 3D AA 5F A9 94 9C
00031950  6E 20 09 A8 19 A4 1B 97 63 23 96 24 38 9D 25 27
00031960  D5 29 C9 25 78 29 E4 2C 89 A8 9B AA A7 9B 13 20
00031970  4D AA 46 16 27 1E 40 A1 72 28 7B 22 CE 23 A1 29
00031980  F0 24 14 20 03 2B E7 A7 37 AB 82 9D 4C AB 76 AA
00031990  A1 A9 FB A6 40 A0 2D A5 44 22 1B 2A B2 25 4A 26
000319A0  5C 28 45 27 BA A0 02 25 D1 28 1E B4 8F B2 8D AC
000319B0  A1 B4 A4 B3 49 B0 74 AA 3D A7 BD 1D A2 01 B7 1D
000319C0  F3 25 E9 9E 05 25 D1 28 07 B2 C1 AC 4E 23 B0 B2
000319D0  C9 AE A8 AA AE 15 F5 27 74 29 DE 28 1D 29 84 2B
000319E0  3B 29 59 2C EC 2D 61 AD 0F AC 9C AC C5 A8 D9 07
000319F0  D0 A4 AA 1E 4D 26 AA 21 A4 A6 0A A6 61 A8 77 A8
00031A00  94 A4 CD A2 E4 25 D7 29 27 26 11 2C 3D 2C FC 28
00031A10  1E 24 2D 28 79 21 A6 A3 5A 24 07 87 27 22 08 29
00031A20  88 28 31 19 54 A9 85 A8 61 91 68 A9 4A A4 F3 28
00031A30  BB 2E 16 2B 37 98 8A 2A 1E A9 D2 AC E0 21 70 99
00031A40  2D AD 0A B0 DA A8 3E 30 6C 30 9C 28 D9 33 87 34
00031A50  5D 2D DA AD 77 AE 04 AF 58 A2 17 AA 8A 25 03 AB
00031A60  58 AC 66 A7 0B 34 2D 34 01 2A 33 2C BD 2F F5 25
00031A70  62 B5 10 B6 90 B1 DB 29 0F A3 B6 2D 4A A3 65 A3
00031A80  69 98 2B 2F A8 2F A2 97 DB AD F0 AC AA A4 3F B4
00031A90  62 B4 AC AD 8B 2E 78 2F 9F 2F F7 24 34 A7 97 20
00031AA0  30 29 51 27 05 2A D5 AB DD AB B5 24 41 A8 2C A5
00031AB0  CD 27 00 2E 5D 2C 47 1F 4A A5 5A 25 1F AA CF A9
00031AC0  7A 28 06 9E FE AA 0D 27 91 1F 64 A9 C6 9E 0F 0F
00031AD0  FC 97 17 22 CC 1E 81 A9 49 25 3F A5 EE A9 F1 2C
00031AE0  8A 2B A7 AD C6 26 7F 2A 0E AD CE A8 93 1B 86 21
00031AF0  45 99 E6 22 F0 A8 E3 29 7F 25 51 AD AF 2A D7 2C
00031B00  E9 AA 27 29 D5 2D 7A A8 B7 A8 AD 20 D4 1B C0 AC
00031B10  C4 AA 10 AC D7 29 9C 26 FB AC D3 27 36 28 F7 A6
00031B20  08 25 6F 27 9E 29 8C A4 74 A6 1A 2B F8 A6 1B AC
00031B30  30 AA E5 2A 53 9A 45 AA D1 21 09 A7 1C 28 50 23
00031B40  0C A8 16 2E A0 21 40 AA 7A 2C D9 9D 78 AC 76 2A
00031B50  84 A9 64 A8 0D 28 9A 25 48 29 F3 AD F9 AA 08 A4
00031B60  9C 24 55 29 D2 24 72 25 5C 2A 45 16 02 28 1E A8
00031B70  71 A2 AB AF B6 AC 07 25 4D B3 37 B1 A4 AA 64 24
00031B80  A0 29 F9 28 F9 2A 2B 2C E1 1E 60 A8 8E A8 5D 21
00031B90  81 B1 64 AF 2C A2 7F AC B1 A6 C7 25 A4 2A EC 2B
00031BA0  6E 28 BF 24 B7 25 86 A3 49 A6 8D A7 C0 1B FE A6
00031BB0  66 A9 57 1F CD 26 68 28 1D 28 0E 1E 45 15 3A A6
00031BC0  58 24 3A 24 1F 9F E3 27 2A 1F 81 26 74 2C 1B 28
00031BD0  E6 28 13 2A 7F 28 56 25 68 23 35 95 87 A3 1F 21
00031BE0  04 22 02 A4 C3 A4 DB 26 9B 21 5D A9 A7 9F 6F 1C
00031BF0  C2 AA 37 A1 3D 24 37 1A 3E A9 B2 29 5F A4 C2 27
00031C00  7D 24 1D 1D F1 AA 3C B0 5F 2C 35 21 27 AD BF 29
00031C10  2A 1A 4E AB 74 2A 94 A0 E1 A6 78 19 68 9D EF A7
00031C20  8D 31 E2 30 9C 2D 13 37 ED 36 31 36 55 34 27 34
00031C30  3F 31 7E 97 6B AB 26 A9 FA A7 BF 21 07 A2 9B B3
00031C40  44 B2 77 AC 47 BA 7B BA DB B8 11 B8 2F B8 32 B5
00031C50  DD 20 90 9A F8 25 9C 27 41 29 39 2C 62 28 06 2C
00031C60  04 2C 32 35 31 36 05 36 78 34 A6 34 E6 33 23 A1
00031C70  E4 A7 D7 AB B0 A4 BF 25 97 AB 9D 93 31 9D 4E 1B
00031C80  15 A2 77 0B F4 18 6E A8 54 8C 27 12 9A 1B 51 1F
00031C90  71 21 F4 9A 13 A3 38 20 E2 1F 27 1D 04 20 CD AA
00031CA0  B8 26 44 25 2C B7 F8 AF 86 AF 47 A7 B7 26 2F 25
00031CB0  88 1C 0F 1E 85 24 28 27 1E 25 E2 27 F2 AD 7F 9E
00031CC0  68 9E C8 B6 01 B0 60 AF FB A9 24 20 CC 1A 95 1E
00031CD0  11 1D AF 1E 54 17 22 19 3D 10 BA 9D 4D 22 C0 23
00031CE0  CE A8 99 1D E2 11 62 9D 2E 22 A5 9B E2 22 2B 20
00031CF0  CD 1B DF 9E 57 A2 F6 9E 35 16 4A 12 9D A0 7A 1D
00031D00  45 23 81 98 59 1E 51 20 93 9B 3F 91 B0 1C 06 18
00031D10  3D AD AE A4 C1 30 D1 B0 8D AC E2 2D 18 B2 0C B0
00031D20  47 2B 02 B0 C1 AB 38 2D 68 A9 9B 2A 2B 30 A6 AF
00031D30  A8 AA 23 2D E8 B4 6D B3 37 AF 42 B5 5B B4 AF B0
00031D40  4D B2 B8 B0 32 AC 87 AB 92 9E 6A 26 10 AC C1 A3
00031D50  61 A1 8B AA 1B A5 A4 A4 36 A7 11 A5 55 A9 01 A6
00031D60  1C A8 1A AC 69 24 79 28 FC 22 E4 2F AA 2C 7E 1A
00031D70  43 33 2E 31 B9 2B 50 33 5B 31 E5 2A 5A 2E EF 2A
00031D80  9A AB 98 2C FE 2B 16 AB 8F 31 15 2C 25 AB 95 34
00031D90  87 31 95 A3 D3 33 65 31 ED 1F 2E 31 1B 2C 3A AC
00031DA0  7F 2E DB 28 82 AC 16 29 AD AC 50 A8 62 AA 48 B3
00031DB0  FF AE 73 29 2A 24 82 AA 29 33 9F 33 B1 2D 29 A1
00031DC0  7F 24 00 AA E4 2C 8A 2C 33 22 01 B5 E2 B5 A1 AD
00031DD0  C7 B8 5F B9 D2 B3 B4 25 65 2C AA 2D 31 2C 0D 30
00031DE0  58 2A 59 36 28 35 FC 25 00 38 DB 36 54 34 B6 B4
00031DF0  F4 B4 F6 27 05 B1 96 B1 AB 2D 2B A9 8C 22 E5 24
00031E00  67 21 C2 13 2C AC 06 38 26 35 2F AC 60 2D B1 A5
00031E10  76 AC F7 A1 0B AD DA 28 F3 27 2A A2 3B 2A 1E B4
00031E20  3A A8 9B 29 68 A5 9E 2D 5D 24 E4 1F C8 2E 87 20
00031E30  A7 A8 99 1C 77 25 C3 A8 07 21 5A 27 BF A8 C2 2F
00031E40  98 A6 CA AB 36 31 D3 AE 1F A8 EF 30 19 B1 FA A7
00031E50  83 30 27 AF 9B 9F 83 2D F0 AA AF AC E5 32 FE AC
00031E60  E1 B1 4F 35 A1 B2 47 B2 5E 37 F4 B2 D9 B0 7C 35
00031E70  BD B1 4A AC C3 31 F4 AD 89 A9 92 32 03 B0 4A B0
00031E80  3A 35 BC B3 FB B0 53 36 30 B4 05 AE CE 34 5A B2
00031E90  4C A9 34 30 29 AE FA A8 1D 2D E5 A4 8E A9 61 30
00031EA0  94 B0 04 AA E6 31 EF B0 4C AC 7C 30 F2 AB D0 A6
00031EB0  54 20 87 20 2C A9 DD A3 71 2A 7F 28 AC 29 18 A4
00031EC0  79 A3 94 29 90 16 D8 A8 CB 25 12 2A 48 AC 0D 92
00031ED0  A3 2C 32 20 A3 21 1D AF 4B 30 83 2A 7E 2D 87 A9
00031EE0  3A B1 BF AE 04 22 0A 2E ED A4 E5 A8 37 30 BE AF
00031EF0  6C 9D 4D AC 1D 9C 9B 32 14 27 47 34 4C AE E7 B6
00031F00  2C AD 7D 2C 49 27 0B 30 80 9E 65 2E 41 AD 81 A8
00031F10  01 AF DE 28 01 2E 10 B0 C4 32 38 AA 88 B6 3B 9B
00031F20  41 30 C4 29 1D 32 58 AA 29 28 FA AC BD A8 F7 AA
00031F30  75 2E 7D 25 E8 B0 56 30 BD 2B 19 B0 89 30 C5 27
00031F40  DC A6 0B 2D 2B A8 60 26 27 AA AB A8 77 9C 15 2C
00031F50  D3 9C A3 AC DD 2B BF 27 D5 AD D6 2C F4 20 E1 A9
00031F60  99 A0 86 24 94 2A 1A AB E0 2C 98 AB B1 AC 87 28
00031F70  27 AA 1E AC E0 23 7E A8 18 AC 3B 23 58 A8 81 A8
00031F80  3A 22 A8 21 B9 A6 0B 2B 92 A6 F9 A8 18 A8 31 AC
00031F90  58 AC A2 AD 45 AC 21 A7 F8 AA D1 A5 2C 27 14 AA
00031FA0  7E 9D 8E A6 22 03 AB A8 66 AA BC AE 83 AC E1 A6
00031FB0  B1 A2 55 2D D7 2F 51 28 39 30 6B 2F 55 27 6C 2B
00031FC0  99 A3 5B A9 3B A2 03 A5 5E AC E9 29 F5 2A 56 25
00031FD0  6F 31 39 2E 73 2B D7 30 03 29 94 A8 EC 9C 5B AF
00031FE0  E0 A4 4A 2A C7 29 66 A8 35 2C 89 26 0A A7 1C 2D
00031FF0  D3 A5 4F A6 0A 2B 7B AC 6A 1F AA 2B 47 A9 5A 25
00032000  1D 2A 31 1C AF 00 4B A8 CE AD 95 28 FD A0 65 AB
00032010  2C AC 11 AC 62 A0 EF AD 0A AA 76 2C 9B 18 68 A4
00032020  88 AE A8 A3 22 AE 43 B3 73 30 E3 2C 1E AC C7 29
00032030  46 26 34 A8 F9 A9 94 AB 10 A4 3B 28 AA 18 0B AD
00032040  93 2D 65 2A 64 AC C6 31 9A 30 2D 24 05 2E 77 2B
00032050  06 22 D0 9F 0E AA 7E 18 79 26 F6 25 AC AA 63 97
00032060  15 29 A1 A4 4B 28 A9 2B 22 28 9D A6 84 23 3F 29
00032070  E8 AA B4 AA BE 28 E3 2A B4 29 E2 16 83 9F 0E 25
00032080  CB A2 E5 22 6F 28 C4 25 6E 24 46 23 47 29 EC 9F
00032090  C9 8E 81 26 93 28 90 19 77 AB EF 9B 5C 21 04 A7
000320A0  FF 98 0F 25 26 1B 88 97 0D 24 29 A2 54 1C 14 21
000320B0  F1 A7 FA 1E A0 23 02 A7 D5 AA AE 25 57 25 92 AC
000320C0  FF 29 81 2B 3F AC 51 28 9C 29 D8 A8 78 26 99 20
000320D0  03 9A 4C 24 C4 98 9F AC 59 28 41 2A 27 AE F8 2B
000320E0  9F 2E 62 AF 51 26 AB 29 12 A9 8E 2A 4E 27 E0 1C
000320F0  AF 24 17 A1 E5 AB 0F 25 21 26 06 AE 3E 29 8B 2B
00032100  A1 AD 24 26 2D 24 47 A5 A2 2A 6E 21 F0 27 8E 24
00032110  29 A7 55 A2 98 26 87 A1 7C A9 8E 24 07 A1 D2 A6
00032120  1D 26 10 A5 A1 24 95 28 4E A5 60 22 FB 2A 6D A4
00032130  53 A3 7C 29 A6 A3 93 A3 21 27 D8 A1 DC A3 F8 23
00032140  DD 05 63 AA 61 A6 1B A7 BD 2D 4C 2D 67 21 AB 2B
00032150  EE 2C C6 9D 46 25 86 2A 07 A4 3C A2 49 21 0C 98
00032160  47 A6 58 9F C6 A1 BE A0 D9 A8 22 AC 4C 2B CB 29
00032170  87 A3 C9 2A 46 2A 91 9F D4 21 75 24 02 A4 EC A6
00032180  14 A7 35 A6 D8 AD 49 AE 17 AC AD 8B D7 A3 A5 A1
00032190  B1 2C 21 2B 02 26 D8 28 21 26 FA 1B 1B A0 DE A3
000321A0  0B A1 7A A8 F6 A6 A0 20 5B A6 D0 A8 AD 9B CC 24
000321B0  D0 9F DB 9C 30 21 A3 A4 6D A7 F1 A0 E6 A4 85 A2
000321C0  F6 27 08 8C 3C A5 0F 2E 11 25 1D 21 9C 30 21 27
000321D0  FF 23 0B 2E 63 21 55 91 D6 1F DB A6 77 A9 04 28
000321E0  37 A1 59 A5 29 2F DD 20 48 24 2B 31 46 26 2F 29
000321F0  99 2D 21 25 8A 25 46 9B D3 A4 8A A6 F2 A0 D5 A4
00032200  56 A8 4C 2A 79 9B EC 9D 82 2C DC 1D ED 21 0C 26
00032210  56 17 CB 0A B8 A0 30 A0 57 A5 6D A4 63 9E F5 A8
00032220  C2 0F 6B A1 0E A7 1C 1D C9 99 E7 A3 A0 96 83 1D
00032230  B7 A0 B4 A2 40 A1 A1 A5 33 A1 23 1E AD A5 08 A1
00032240  F6 20 82 A2 32 A3 A7 20 E0 9C C5 A3 A9 1C EF 90
00032250  76 A7 AA A1 31 A2 0E A8 B6 1A 82 20 F4 A1 20 28
00032260  07 2B BF 9F 1F 26 0D 28 7E A8 C4 93 12 A6 4D A7
00032270  7A 25 BA A4 C2 A6 4B A5 44 28 A8 A6 76 22 94 2F
00032280  95 A2 B8 26 40 30 6E A7 31 9D 89 29 D2 A6 03 95
00032290  0C 21 69 A7 3A A6 C1 23 39 A9 39 A2 1D 2A 92 A5
000322A0  D4 24 08 2E 92 A3 FE 20 13 2A 01 A7 0D 96 0E 20
000322B0  B5 92 58 A7 72 A8 99 23 EE 14 8A 90 56 21 FB 24
000322C0  7C 24 11 9C F9 22 94 21 38 A6 B1 1E 90 A3 B4 24
000322D0  7D 9F 94 A8 20 26 81 18 70 A8 6F 27 3F 26 56 A3
000322E0  76 92 72 1F 35 A6 3F A1 1F 20 BA A6 76 A5 DE A7
000322F0  D3 A8 AD 2B 46 24 2E A2 2B 31 56 2D 96 28 12 31
00032300  81 2C 94 1D DE 29 F0 A8 A0 AE AE A5 F3 25 48 2B
00032310  10 A8 6A 9B 07 28 E2 2A 95 24 82 28 2F 30 2C 2C
00032320  10 29 DC 2F FA 2B 80 29 5F AC A9 A6 E2 1E 57 AE
00032330  88 A7 69 9C A8 AD 9A AB A9 A8 2A 18 C7 9C 5F 1B
00032340  A4 2D 0D 2B B2 2A 07 AB 59 A8 3C A8 A8 AC 4D A9
00032350  46 A9 F0 AD 22 AB AD AB C2 AB 9E AA 35 A8 3F 21
00032360  16 26 49 28 BF A2 03 A0 ED 20 AB A7 07 9F 39 A5
00032370  A3 AC 81 A6 24 A8 BE AA FB 18 2A A4 16 A7 99 26
00032380  A7 26 38 A0 25 9F 90 A7 0B 28 CB 2D 19 A6 1F 1F
00032390  3B A6 AB AD 1F AC BE A9 88 AF F5 A6 DC 29 DB 24
000323A0  5B 24 D3 A7 AD AA 8F 32 C2 32 A0 32 63 37 25 38
000323B0  37 37 AD 30 88 30 98 26 2C 23 D9 A7 7F AB 33 AA
000323C0  E1 A2 93 2C 24 B9 90 B9 D1 B7 70 B9 46 BA 32 B8
000323D0  AB AF 30 B0 C1 A6 AD 29 9B 28 8E 2C 55 24 B8 2C
000323E0  41 29 F5 35 62 36 75 37 3E 34 21 34 9E 35 3D 17
000323F0  10 A7 35 29 19 A7 92 22 DB A9 97 A4 C0 19 AA AE
00032400  E6 20 17 AA D8 B0 2D 2D 51 29 D6 A9 F3 1C D0 A8
00032410  8C A5 25 A0 FB 29 24 15 E5 24 AD 91 5C A1 D0 2A
00032420  2F 20 EE A0 D4 29 44 9C 97 A4 B3 24 52 A5 69 A3
00032430  6D 9E 33 A8 90 A6 B8 21 2E A2 11 AB 7B 2A 7C A5
00032440  BC AF 95 26 18 AA A1 B0 7E 28 E4 24 5D 9B B0 26
00032450  15 9F FC 99 5D 24 0F 21 BF AA 43 28 43 A1 70 B0
00032460  D1 9E E6 AC AD B2 00 99 AD A2 A1 A9 F0 25 4E 10
00032470  F8 92 6E 15 1F 24 3C A6 CE 27 1F 25 6A AB 85 26
00032480  B8 A5 5F AE B5 24 AA 1C 81 A8 5A 24 32 16 56 A3
00032490  FB A5 52 25 FE A3 1B 24 DF 27 15 A1 A9 29 DE 24
000324A0  7D A6 A6 24 3A 20 51 A5 51 9A 11 A5 DC A7 29 9A
000324B0  80 2B 04 26 85 AB 21 2E 79 A8 DA A8 E6 2B 17 AC
000324C0  D3 21 D1 2C D0 A9 C4 23 2F 2A EC AB 5B AC B5 A8
000324D0  3F 28 C5 AE 98 B0 D9 A9 80 A5 32 AA AC 26 4F 9E
000324E0  A6 9E 03 21 3D A9 A6 90 16 A5 85 B2 AA B5 B0 AD
000324F0  88 B4 62 B6 CF AE 36 AC 9D AD E6 9A 71 2E E5 29
00032500  68 A5 F1 2A 4D 20 17 AA C1 B0 2F B3 83 2A FB A8
00032510  F0 AC 64 2A 08 33 D7 31 D6 2D 4A 34 42 32 9E 28
00032520  88 2E 33 29 01 2C 51 A9 3A 8F A2 30 90 32 DF 31
00032530  BC 2D 38 35 42 34 D7 2C 54 2A CA 28 EB 1F 8A AF
00032540  45 B0 41 1C 10 A4 FF FF 30 00 00 00 6B 65 72 61
00032550  73 32 74 66 6C 69 74 65 5F 66 61 63 65 64 65 74
00032560  65 63 74 6F 72 2D 66 72 6F 6E 74 2E 74 66 6C 69
00032570  74 65 2E 67 65 6E 65 72 61 74 65 64 00 00 00 00
00032580  01 00 00 00 14 00 00 00 00 00 0E 00 18 00 14 00
00032590  10 00 0C 00 08 00 04 00 0E 00 00 00 14 00 00 00
000325A0  48 00 00 00 20 1E 00 00 28 1E 00 00 2C 1E 00 00
000325B0  30 00 00 00 6B 65 72 61 73 32 74 66 6C 69 74 65
000325C0  5F 66 61 63 65 64 65 74 65 63 74 6F 72 2D 66 72
000325D0  6F 6E 74 2E 74 66 6C 69 74 65 2E 67 65 6E 65 72
000325E0  61 74 65 64 00 00 00 00 A4 00 00 00 B8 1D 00 00
000325F0  88 1D 00 00 40 1D 00 00 0C 1D 00 00 E8 1C 00 00
00032600  C4 1C 00 00 74 1C 00 00 40 1C 00 00 1C 1C 00 00
00032610  D0 1B 00 00 9C 1B 00 00 78 1B 00 00 54 1B 00 00
00032620  30 1B 00 00 EC 1A 00 00 C8 1A 00 00 A4 1A 00 00
00032630  64 1A 00 00 3C 1A 00 00 08 1A 00 00 E4 19 00 00
00032640  C0 19 00 00 9C 19 00 00 58 19 00 00 08 19 00 00
00032650  E4 18 00 00 C0 18 00 00 80 18 00 00 58 18 00 00
00032660  24 18 00 00 00 18 00 00 DC 17 00 00 B8 17 00 00
00032670  74 17 00 00 50 17 00 00 2C 17 00 00 EC 16 00 00
00032680  C4 16 00 00 90 16 00 00 6C 16 00 00 48 16 00 00
00032690  24 16 00 00 E0 15 00 00 BC 15 00 00 98 15 00 00
000326A0  58 15 00 00 30 15 00 00 FC 14 00 00 D8 14 00 00
000326B0  B4 14 00 00 90 14 00 00 4C 14 00 00 0C 14 00 00
000326C0  E8 13 00 00 C4 13 00 00 84 13 00 00 5C 13 00 00
000326D0  28 13 00 00 04 13 00 00 E0 12 00 00 BC 12 00 00
000326E0  78 12 00 00 54 12 00 00 30 12 00 00 F0 11 00 00
000326F0  C8 11 00 00 94 11 00 00 70 11 00 00 4C 11 00 00
00032700  28 11 00 00 E4 10 00 00 C0 10 00 00 9C 10 00 00
00032710  5C 10 00 00 34 10 00 00 00 10 00 00 DC 0F 00 00
00032720  B8 0F 00 00 94 0F 00 00 50 0F 00 00 2C 0F 00 00
00032730  08 0F 00 00 C8 0E 00 00 A0 0E 00 00 6C 0E 00 00
00032740  48 0E 00 00 24 0E 00 00 00 0E 00 00 BC 0D 00 00
00032750  98 0D 00 00 74 0D 00 00 34 0D 00 00 0C 0D 00 00
00032760  D8 0C 00 00 B4 0C 00 00 90 0C 00 00 6C 0C 00 00
00032770  28 0C 00 00 04 0C 00 00 E0 0B 00 00 A0 0B 00 00
00032780  78 0B 00 00 44 0B 00 00 20 0B 00 00 FC 0A 00 00
00032790  D8 0A 00 00 94 0A 00 00 54 0A 00 00 30 0A 00 00
000327A0  0C 0A 00 00 CC 09 00 00 A4 09 00 00 70 09 00 00
000327B0  4C 09 00 00 28 09 00 00 04 09 00 00 C0 08 00 00
000327C0  9C 08 00 00 78 08 00 00 38 08 00 00 04 08 00 00
000327D0  E0 07 00 00 BC 07 00 00 98 07 00 00 54 07 00 00
000327E0  30 07 00 00 0C 07 00 00 CC 06 00 00 98 06 00 00
000327F0  74 06 00 00 50 06 00 00 2C 06 00 00 E8 05 00 00
00032800  C4 05 00 00 A0 05 00 00 60 05 00 00 2C 05 00 00
00032810  08 05 00 00 E4 04 00 00 C0 04 00 00 7C 04 00 00
00032820  58 04 00 00 34 04 00 00 F4 03 00 00 C0 03 00 00
00032830  9C 03 00 00 78 03 00 00 54 03 00 00 18 03 00 00
00032840  F4 02 00 00 D0 02 00 00 94 02 00 00 70 02 00 00
00032850  4C 02 00 00 10 02 00 00 EC 01 00 00 C8 01 00 00
00032860  8C 01 00 00 40 01 00 00 FC 00 00 00 B8 00 00 00
00032870  74 00 00 00 3C 00 00 00 04 00 00 00 12 E6 FF FF
00032880  14 00 00 00 00 00 00 0A 14 00 00 00 18 00 00 00
00032890  07 00 00 00 D6 FE FF FF 01 00 00 00 01 00 00 00
000328A0  AF 00 00 00 02 00 00 00 AC 00 00 00 AD 00 00 00
000328B0  46 E6 FF FF 14 00 00 00 00 00 00 0A 14 00 00 00
000328C0  18 00 00 00 07 00 00 00 0A FF FF FF 01 00 00 00
000328D0  01 00 00 00 AE 00 00 00 02 00 00 00 AA 00 00 00
000328E0  AB 00 00 00 7A E6 FF FF 14 00 00 00 00 00 00 11
000328F0  24 00 00 00 28 00 00 00 06 00 00 00 3E FF FF FF
00032900  04 00 00 00 03 00 00 00 01 00 00 00 FF FF FF FF
00032910  10 00 00 00 01 00 00 00 AD 00 00 00 01 00 00 00
00032920  A9 00 00 00 BA E6 FF FF 14 00 00 00 00 00 00 11
00032930  24 00 00 00 28 00 00 00 06 00 00 00 7E FF FF FF
00032940  04 00 00 00 03 00 00 00 01 00 00 00 FF FF FF FF
00032950  10 00 00 00 01 00 00 00 AC 00 00 00 01 00 00 00
00032960  A6 00 00 00 FA E6 FF FF 14 00 00 00 00 00 00 11
00032970  24 00 00 00 28 00 00 00 06 00 00 00 BE FF FF FF
00032980  04 00 00 00 03 00 00 00 01 00 00 00 FF FF FF FF
00032990  01 00 00 00 01 00 00 00 AB 00 00 00 01 00 00 00
000329A0  A3 00 00 00 3A E7 FF FF 1C 00 00 00 00 00 00 11
000329B0  2C 00 00 00 30 00 00 00 06 00 00 00 00 00 06 00
000329C0  08 00 04 00 06 00 00 00 04 00 00 00 03 00 00 00
000329D0  01 00 00 00 FF FF FF FF 01 00 00 00 01 00 00 00
000329E0  AA 00 00 00 01 00 00 00 A0 00 00 00 C6 E6 FF FF
000329F0  10 00 00 00 00 00 00 01 14 00 00 00 18 00 00 00
00032A00  B6 E6 FF FF 01 00 00 00 01 00 00 00 01 00 00 00
00032A10  A9 00 00 00 03 00 00 00 9D 00 00 00 D0 00 00 00
00032A20  B7 00 00 00 8A E6 FF FF 0C 00 00 00 10 00 00 00
00032A30  08 00 00 00 01 00 00 00 D0 00 00 00 01 00 00 00
00032A40  A7 00 00 00 AA E6 FF FF 0C 00 00 00 10 00 00 00
00032A50  08 00 00 00 01 00 00 00 B7 00 00 00 01 00 00 00
00032A60  A8 00 00 00 3E E7 FF FF 10 00 00 00 00 00 00 01
00032A70  14 00 00 00 18 00 00 00 2E E7 FF FF 01 00 00 00
00032A80  01 00 00 00 01 00 00 00 A6 00 00 00 03 00 00 00
00032A90  72 00 00 00 BE 00 00 00 F8 00 00 00 02 E7 FF FF
00032AA0  0C 00 00 00 10 00 00 00 08 00 00 00 01 00 00 00
00032AB0  F8 00 00 00 01 00 00 00 A5 00 00 00 22 E7 FF FF
00032AC0  0C 00 00 00 10 00 00 00 08 00 00 00 01 00 00 00
00032AD0  BE 00 00 00 01 00 00 00 A4 00 00 00 B6 E7 FF FF
00032AE0  10 00 00 00 00 00 00 01 14 00 00 00 18 00 00 00
00032AF0  A6 E7 FF FF 01 00 00 00 01 00 00 00 01 00 00 00
00032B00  A3 00 00 00 03 00 00 00 9D 00 00 00 B5 00 00 00
00032B10  EA 00 00 00 7A E7 FF FF 0C 00 00 00 10 00 00 00
00032B20  08 00 00 00 01 00 00 00 EA 00 00 00 01 00 00 00
00032B30  A2 00 00 00 9A E7 FF FF 0C 00 00 00 10 00 00 00
00032B40  08 00 00 00 01 00 00 00 B5 00 00 00 01 00 00 00
00032B50  A1 00 00 00 2E E8 FF FF 10 00 00 00 00 00 00 01
00032B60  14 00 00 00 18 00 00 00 1E E8 FF FF 01 00 00 00
00032B70  01 00 00 00 01 00 00 00 A0 00 00 00 03 00 00 00
00032B80  72 00 00 00 F5 00 00 00 DE 00 00 00 F2 E7 FF FF
00032B90  0C 00 00 00 10 00 00 00 08 00 00 00 01 00 00 00
00032BA0  F5 00 00 00 01 00 00 00 9E 00 00 00 12 E8 FF FF
00032BB0  0C 00 00 00 10 00 00 00 08 00 00 00 01 00 00 00
00032BC0  DE 00 00 00 01 00 00 00 9F 00 00 00 32 E8 FF FF
00032BD0  0C 00 00 00 10 00 00 00 01 00 00 00 01 00 00 00
00032BE0  9D 00 00 00 01 00 00 00 9C 00 00 00 82 E9 FF FF
00032BF0  14 00 00 00 00 00 00 0B 10 00 00 00 14 00 00 00
00032C00  03 00 00 00 D0 AA FF FF 01 00 00 00 9C 00 00 00
00032C10  02 00 00 00 95 00 00 00 9B 00 00 00 F6 E8 FF FF
00032C20  10 00 00 00 00 00 00 01 18 00 00 00 1C 00 00 00
00032C30  3A EA FF FF 01 00 00 00 01 00 00 00 00 00 00 01
00032C40  01 00 00 00 9B 00 00 00 03 00 00 00 98 00 00 00
00032C50  C2 00 00 00 B1 00 00 00 BE E8 FF FF 0C 00 00 00
00032C60  10 00 00 00 08 00 00 00 01 00 00 00 C2 00 00 00
00032C70  01 00 00 00 99 00 00 00 DE E8 FF FF 0C 00 00 00
00032C80  10 00 00 00 08 00 00 00 01 00 00 00 B1 00 00 00
00032C90  01 00 00 00 9A 00 00 00 2E EA FF FF 14 00 00 00
00032CA0  00 00 00 02 1C 00 00 00 20 00 00 00 02 00 00 00
00032CB0  20 EA FF FF 01 00 00 00 01 00 00 00 01 00 00 00
00032CC0  01 00 00 00 98 00 00 00 03 00 00 00 95 00 00 00
00032CD0  BA 00 00 00 EF 00 00 00 3E E9 FF FF 0C 00 00 00
00032CE0  10 00 00 00 08 00 00 00 01 00 00 00 EF 00 00 00
00032CF0  01 00 00 00 97 00 00 00 5E E9 FF FF 0C 00 00 00
00032D00  10 00 00 00 08 00 00 00 01 00 00 00 BA 00 00 00
00032D10  01 00 00 00 96 00 00 00 7E E9 FF FF 0C 00 00 00
00032D20  10 00 00 00 01 00 00 00 01 00 00 00 95 00 00 00
00032D30  01 00 00 00 94 00 00 00 CE EA FF FF 14 00 00 00
00032D40  00 00 00 0B 10 00 00 00 14 00 00 00 03 00 00 00
00032D50  1C AC FF FF 01 00 00 00 94 00 00 00 02 00 00 00
00032D60  8D 00 00 00 93 00 00 00 42 EA FF FF 10 00 00 00
00032D70  00 00 00 01 18 00 00 00 1C 00 00 00 86 EB FF FF
00032D80  01 00 00 00 01 00 00 00 00 00 00 01 01 00 00 00
00032D90  93 00 00 00 03 00 00 00 90 00 00 00 DC 00 00 00
00032DA0  BF 00 00 00 0A EA FF FF 0C 00 00 00 10 00 00 00
00032DB0  08 00 00 00 01 00 00 00 DC 00 00 00 01 00 00 00
00032DC0  91 00 00 00 2A EA FF FF 0C 00 00 00 10 00 00 00
00032DD0  08 00 00 00 01 00 00 00 BF 00 00 00 01 00 00 00
00032DE0  92 00 00 00 7A EB FF FF 14 00 00 00 00 00 00 02
00032DF0  1C 00 00 00 20 00 00 00 02 00 00 00 6C EB FF FF
00032E00  01 00 00 00 01 00 00 00 01 00 00 00 01 00 00 00
00032E10  90 00 00 00 03 00 00 00 8D 00 00 00 C6 00 00 00
00032E20  B4 00 00 00 8A EA FF FF 0C 00 00 00 10 00 00 00
00032E30  08 00 00 00 01 00 00 00 C6 00 00 00 01 00 00 00
00032E40  8E 00 00 00 AA EA FF FF 0C 00 00 00 10 00 00 00
00032E50  08 00 00 00 01 00 00 00 B4 00 00 00 01 00 00 00
00032E60  8F 00 00 00 CA EA FF FF 0C 00 00 00 10 00 00 00
00032E70  01 00 00 00 01 00 00 00 8D 00 00 00 01 00 00 00
00032E80  8C 00 00 00 1A EC FF FF 14 00 00 00 00 00 00 0B
00032E90  10 00 00 00 14 00 00 00 03 00 00 00 68 AD FF FF
00032EA0  01 00 00 00 8C 00 00 00 02 00 00 00 85 00 00 00
00032EB0  8B 00 00 00 8E EB FF FF 10 00 00 00 00 00 00 01
00032EC0  18 00 00 00 1C 00 00 00 D2 EC FF FF 01 00 00 00
00032ED0  01 00 00 00 00 00 00 01 01 00 00 00 8B 00 00 00
00032EE0  03 00 00 00 88 00 00 00 E6 00 00 00 D5 00 00 00
00032EF0  56 EB FF FF 0C 00 00 00 10 00 00 00 08 00 00 00
00032F00  01 00 00 00 E6 00 00 00 01 00 00 00 89 00 00 00
00032F10  76 EB FF FF 0C 00 00 00 10 00 00 00 08 00 00 00
00032F20  01 00 00 00 D5 00 00 00 01 00 00 00 8A 00 00 00
00032F30  C6 EC FF FF 14 00 00 00 00 00 00 02 1C 00 00 00
00032F40  20 00 00 00 02 00 00 00 B8 EC FF FF 01 00 00 00
00032F50  01 00 00 00 01 00 00 00 01 00 00 00 88 00 00 00
00032F60  03 00 00 00 85 00 00 00 DF 00 00 00 C4 00 00 00
00032F70  D6 EB FF FF 0C 00 00 00 10 00 00 00 08 00 00 00
00032F80  01 00 00 00 DF 00 00 00 01 00 00 00 86 00 00 00
00032F90  F6 EB FF FF 0C 00 00 00 10 00 00 00 08 00 00 00
00032FA0  01 00 00 00 C4 00 00 00 01 00 00 00 87 00 00 00
00032FB0  16 EC FF FF 0C 00 00 00 10 00 00 00 01 00 00 00
00032FC0  01 00 00 00 85 00 00 00 01 00 00 00 84 00 00 00
00032FD0  66 ED FF FF 14 00 00 00 00 00 00 0B 10 00 00 00
00032FE0  14 00 00 00 03 00 00 00 B4 AE FF FF 01 00 00 00
00032FF0  84 00 00 00 02 00 00 00 7D 00 00 00 83 00 00 00
00033000  DA EC FF FF 10 00 00 00 00 00 00 01 18 00 00 00
00033010  1C 00 00 00 1E EE FF FF 01 00 00 00 01 00 00 00
00033020  00 00 00 01 01 00 00 00 83 00 00 00 03 00 00 00
00033030  80 00 00 00 F9 00 00 00 E7 00 00 00 A2 EC FF FF
00033040  0C 00 00 00 10 00 00 00 08 00 00 00 01 00 00 00
00033050  F9 00 00 00 01 00 00 00 81 00 00 00 C2 EC FF FF
00033060  0C 00 00 00 10 00 00 00 08 00 00 00 01 00 00 00
00033070  E7 00 00 00 01 00 00 00 82 00 00 00 12 EE FF FF
00033080  14 00 00 00 00 00 00 02 1C 00 00 00 20 00 00 00
00033090  02 00 00 00 04 EE FF FF 01 00 00 00 01 00 00 00
000330A0  01 00 00 00 01 00 00 00 80 00 00 00 03 00 00 00
000330B0  7D 00 00 00 EC 00 00 00 DA 00 00 00 22 ED FF FF
000330C0  0C 00 00 00 10 00 00 00 08 00 00 00 01 00 00 00
000330D0  EC 00 00 00 01 00 00 00 7E 00 00 00 42 ED FF FF
000330E0  0C 00 00 00 10 00 00 00 08 00 00 00 01 00 00 00
000330F0  DA 00 00 00 01 00 00 00 7F 00 00 00 62 ED FF FF
00033100  0C 00 00 00 10 00 00 00 01 00 00 00 01 00 00 00
00033110  7D 00 00 00 01 00 00 00 7C 00 00 00 B2 EE FF FF
00033120  14 00 00 00 00 00 00 0B 10 00 00 00 14 00 00 00
00033130  03 00 00 00 00 B0 FF FF 01 00 00 00 7C 00 00 00
00033140  02 00 00 00 7B 00 00 00 79 00 00 00 B2 ED FF FF
00033150  0C 00 00 00 10 00 00 00 04 00 00 00 01 00 00 00
00033160  7B 00 00 00 02 00 00 00 76 00 00 00 7A 00 00 00
00033170  4A EE FF FF 10 00 00 00 00 00 00 01 18 00 00 00
00033180  1C 00 00 00 8E EF FF FF 01 00 00 00 01 00 00 00
00033190  00 00 00 01 01 00 00 00 79 00 00 00 03 00 00 00
000331A0  75 00 00 00 E5 00 00 00 D1 00 00 00 12 EE FF FF
000331B0  0C 00 00 00 10 00 00 00 08 00 00 00 01 00 00 00
000331C0  E5 00 00 00 01 00 00 00 77 00 00 00 32 EE FF FF
000331D0  0C 00 00 00 10 00 00 00 08 00 00 00 01 00 00 00
000331E0  D1 00 00 00 01 00 00 00 78 00 00 00 82 EF FF FF
000331F0  14 00 00 00 00 00 00 05 20 00 00 00 24 00 00 00
00033200  05 00 00 00 96 F2 FF FF 02 00 00 00 02 00 00 00
00033210  02 00 00 00 02 00 00 00 01 00 00 00 76 00 00 00
00033220  01 00 00 00 72 00 00 00 BE EF FF FF 14 00 00 00
00033230  00 00 00 02 1C 00 00 00 20 00 00 00 02 00 00 00
00033240  B0 EF FF FF 01 00 00 00 02 00 00 00 02 00 00 00
00033250  01 00 00 00 75 00 00 00 03 00 00 00 72 00 00 00
00033260  F1 00 00 00 E2 00 00 00 CE EE FF FF 0C 00 00 00
00033270  10 00 00 00 08 00 00 00 01 00 00 00 F1 00 00 00
00033280  01 00 00 00 73 00 00 00 EE EE FF FF 0C 00 00 00
00033290  10 00 00 00 08 00 00 00 01 00 00 00 E2 00 00 00
000332A0  01 00 00 00 74 00 00 00 0E EF FF FF 0C 00 00 00
000332B0  10 00 00 00 01 00 00 00 01 00 00 00 72 00 00 00
000332C0  01 00 00 00 71 00 00 00 5E F0 FF FF 14 00 00 00
000332D0  00 00 00 0B 10 00 00 00 14 00 00 00 03 00 00 00
000332E0  AC B1 FF FF 01 00 00 00 71 00 00 00 02 00 00 00
000332F0  70 00 00 00 6E 00 00 00 5E EF FF FF 0C 00 00 00
00033300  10 00 00 00 04 00 00 00 01 00 00 00 70 00 00 00
00033310  02 00 00 00 68 00 00 00 6F 00 00 00 F6 EF FF FF
00033320  10 00 00 00 00 00 00 01 18 00 00 00 1C 00 00 00
00033330  3A F1 FF FF 01 00 00 00 01 00 00 00 00 00 00 01
00033340  01 00 00 00 6E 00 00 00 03 00 00 00 6B 00 00 00
00033350  EB 00 00 00 D9 00 00 00 BE EF FF FF 0C 00 00 00
00033360  10 00 00 00 08 00 00 00 01 00 00 00 EB 00 00 00
00033370  01 00 00 00 6C 00 00 00 DE EF FF FF 0C 00 00 00
00033380  10 00 00 00 08 00 00 00 01 00 00 00 D9 00 00 00
00033390  01 00 00 00 6D 00 00 00 2E F1 FF FF 14 00 00 00
000333A0  00 00 00 02 1C 00 00 00 20 00 00 00 02 00 00 00
000333B0  20 F1 FF FF 01 00 00 00 01 00 00 00 01 00 00 00
000333C0  01 00 00 00 6B 00 00 00 03 00 00 00 68 00 00 00
000333D0  E4 00 00 00 C8 00 00 00 3E F0 FF FF 0C 00 00 00
000333E0  10 00 00 00 08 00 00 00 01 00 00 00 E4 00 00 00
000333F0  01 00 00 00 69 00 00 00 5E F0 FF FF 0C 00 00 00
00033400  10 00 00 00 08 00 00 00 01 00 00 00 C8 00 00 00
00033410  01 00 00 00 6A 00 00 00 7E F0 FF FF 0C 00 00 00
00033420  10 00 00 00 01 00 00 00 01 00 00 00 68 00 00 00
00033430  01 00 00 00 67 00 00 00 CE F1 FF FF 14 00 00 00
00033440  00 00 00 0B 10 00 00 00 14 00 00 00 03 00 00 00
00033450  1C B3 FF FF 01 00 00 00 67 00 00 00 02 00 00 00
00033460  66 00 00 00 64 00 00 00 CE F0 FF FF 0C 00 00 00
00033470  10 00 00 00 04 00 00 00 01 00 00 00 66 00 00 00
00033480  02 00 00 00 5E 00 00 00 65 00 00 00 66 F1 FF FF
00033490  10 00 00 00 00 00 00 01 18 00 00 00 1C 00 00 00
000334A0  AA F2 FF FF 01 00 00 00 01 00 00 00 00 00 00 01
000334B0  01 00 00 00 64 00 00 00 03 00 00 00 61 00 00 00
000334C0  E1 00 00 00 C3 00 00 00 2E F1 FF FF 0C 00 00 00
000334D0  10 00 00 00 08 00 00 00 01 00 00 00 E1 00 00 00
000334E0  01 00 00 00 62 00 00 00 4E F1 FF FF 0C 00 00 00
000334F0  10 00 00 00 08 00 00 00 01 00 00 00 C3 00 00 00
00033500  01 00 00 00 63 00 00 00 9E F2 FF FF 14 00 00 00
00033510  00 00 00 02 1C 00 00 00 20 00 00 00 02 00 00 00
00033520  90 F2 FF FF 01 00 00 00 01 00 00 00 01 00 00 00
00033530  01 00 00 00 61 00 00 00 03 00 00 00 5E 00 00 00
00033540  CD 00 00 00 BC 00 00 00 AE F1 FF FF 0C 00 00 00
00033550  10 00 00 00 08 00 00 00 01 00 00 00 CD 00 00 00
00033560  01 00 00 00 5F 00 00 00 CE F1 FF FF 0C 00 00 00
00033570  10 00 00 00 08 00 00 00 01 00 00 00 BC 00 00 00
00033580  01 00 00 00 60 00 00 00 EE F1 FF FF 0C 00 00 00
00033590  10 00 00 00 01 00 00 00 01 00 00 00 5E 00 00 00
000335A0  01 00 00 00 5D 00 00 00 3E F3 FF FF 14 00 00 00
000335B0  00 00 00 0B 10 00 00 00 14 00 00 00 03 00 00 00
000335C0  8C B4 FF FF 01 00 00 00 5D 00 00 00 02 00 00 00
000335D0  5C 00 00 00 5A 00 00 00 3E F2 FF FF 0C 00 00 00
000335E0  10 00 00 00 04 00 00 00 01 00 00 00 5C 00 00 00
000335F0  02 00 00 00 54 00 00 00 5B 00 00 00 D6 F2 FF FF
00033600  10 00 00 00 00 00 00 01 18 00 00 00 1C 00 00 00
00033610  1A F4 FF FF 01 00 00 00 01 00 00 00 00 00 00 01
00033620  01 00 00 00 5A 00 00 00 03 00 00 00 57 00 00 00
00033630  C7 00 00 00 B6 00 00 00 9E F2 FF FF 0C 00 00 00
00033640  10 00 00 00 08 00 00 00 01 00 00 00 C7 00 00 00
00033650  01 00 00 00 58 00 00 00 BE F2 FF FF 0C 00 00 00
00033660  10 00 00 00 08 00 00 00 01 00 00 00 B6 00 00 00
00033670  01 00 00 00 59 00 00 00 0E F4 FF FF 14 00 00 00
00033680  00 00 00 02 1C 00 00 00 20 00 00 00 02 00 00 00
00033690  00 F4 FF FF 01 00 00 00 01 00 00 00 01 00 00 00
000336A0  01 00 00 00 57 00 00 00 03 00 00 00 54 00 00 00
000336B0  C0 00 00 00 F4 00 00 00 1E F3 FF FF 0C 00 00 00
000336C0  10 00 00 00 08 00 00 00 01 00 00 00 F4 00 00 00
000336D0  01 00 00 00 56 00 00 00 3E F3 FF FF 0C 00 00 00
000336E0  10 00 00 00 08 00 00 00 01 00 00 00 C0 00 00 00
000336F0  01 00 00 00 55 00 00 00 5E F3 FF FF 0C 00 00 00
00033700  10 00 00 00 01 00 00 00 01 00 00 00 54 00 00 00
00033710  01 00 00 00 53 00 00 00 AE F4 FF FF 14 00 00 00
00033720  00 00 00 0B 10 00 00 00 14 00 00 00 03 00 00 00
00033730  FC B5 FF FF 01 00 00 00 53 00 00 00 02 00 00 00
00033740  52 00 00 00 50 00 00 00 AE F3 FF FF 0C 00 00 00
00033750  10 00 00 00 04 00 00 00 01 00 00 00 52 00 00 00
00033760  02 00 00 00 4A 00 00 00 51 00 00 00 46 F4 FF FF
00033770  10 00 00 00 00 00 00 01 18 00 00 00 1C 00 00 00
00033780  8A F5 FF FF 01 00 00 00 01 00 00 00 00 00 00 01
00033790  01 00 00 00 50 00 00 00 03 00 00 00 4D 00 00 00
000337A0  BB 00 00 00 F0 00 00 00 0E F4 FF FF 0C 00 00 00
000337B0  10 00 00 00 08 00 00 00 01 00 00 00 F0 00 00 00
000337C0  01 00 00 00 4F 00 00 00 2E F4 FF FF 0C 00 00 00
000337D0  10 00 00 00 08 00 00 00 01 00 00 00 BB 00 00 00
000337E0  01 00 00 00 4E 00 00 00 7E F5 FF FF 14 00 00 00
000337F0  00 00 00 02 1C 00 00 00 20 00 00 00 02 00 00 00
00033800  70 F5 FF FF 01 00 00 00 01 00 00 00 01 00 00 00
00033810  01 00 00 00 4D 00 00 00 03 00 00 00 4A 00 00 00
00033820  F6 00 00 00 E9 00 00 00 8E F4 FF FF 0C 00 00 00
00033830  10 00 00 00 08 00 00 00 01 00 00 00 F6 00 00 00
00033840  01 00 00 00 4B 00 00 00 AE F4 FF FF 0C 00 00 00
00033850  10 00 00 00 08 00 00 00 01 00 00 00 E9 00 00 00
00033860  01 00 00 00 4C 00 00 00 CE F4 FF FF 0C 00 00 00
00033870  10 00 00 00 01 00 00 00 01 00 00 00 4A 00 00 00
00033880  01 00 00 00 49 00 00 00 1E F6 FF FF 14 00 00 00
00033890  00 00 00 0B 10 00 00 00 14 00 00 00 03 00 00 00
000338A0  6C B7 FF FF 01 00 00 00 49 00 00 00 02 00 00 00
000338B0  48 00 00 00 46 00 00 00 1E F5 FF FF 0C 00 00 00
000338C0  10 00 00 00 04 00 00 00 01 00 00 00 48 00 00 00
000338D0  02 00 00 00 40 00 00 00 47 00 00 00 B6 F5 FF FF
000338E0  10 00 00 00 00 00 00 01 18 00 00 00 1C 00 00 00
000338F0  FA F6 FF FF 01 00 00 00 01 00 00 00 00 00 00 01
00033900  01 00 00 00 46 00 00 00 03 00 00 00 43 00 00 00
00033910  F3 00 00 00 E3 00 00 00 7E F5 FF FF 0C 00 00 00
00033920  10 00 00 00 08 00 00 00 01 00 00 00 F3 00 00 00
00033930  01 00 00 00 44 00 00 00 9E F5 FF FF 0C 00 00 00
00033940  10 00 00 00 08 00 00 00 01 00 00 00 E3 00 00 00
00033950  01 00 00 00 45 00 00 00 EE F6 FF FF 14 00 00 00
00033960  00 00 00 02 1C 00 00 00 20 00 00 00 02 00 00 00
00033970  E0 F6 FF FF 01 00 00 00 01 00 00 00 01 00 00 00
00033980  01 00 00 00 43 00 00 00 03 00 00 00 40 00 00 00
00033990  EE 00 00 00 D3 00 00 00 FE F5 FF FF 0C 00 00 00
000339A0  10 00 00 00 08 00 00 00 01 00 00 00 EE 00 00 00
000339B0  01 00 00 00 41 00 00 00 1E F6 FF FF 0C 00 00 00
000339C0  10 00 00 00 08 00 00 00 01 00 00 00 D3 00 00 00
000339D0  01 00 00 00 42 00 00 00 3E F6 FF FF 0C 00 00 00
000339E0  10 00 00 00 01 00 00 00 01 00 00 00 40 00 00 00
000339F0  01 00 00 00 3F 00 00 00 8E F7 FF FF 14 00 00 00
00033A00  00 00 00 0B 10 00 00 00 14 00 00 00 03 00 00 00
00033A10  DC B8 FF FF 01 00 00 00 3F 00 00 00 02 00 00 00
00033A20  3E 00 00 00 3C 00 00 00 8E F6 FF FF 0C 00 00 00
00033A30  10 00 00 00 04 00 00 00 01 00 00 00 3E 00 00 00
00033A40  02 00 00 00 39 00 00 00 3D 00 00 00 26 F7 FF FF
00033A50  10 00 00 00 00 00 00 01 18 00 00 00 1C 00 00 00
00033A60  6A F8 FF FF 01 00 00 00 01 00 00 00 00 00 00 01
00033A70  01 00 00 00 3C 00 00 00 03 00 00 00 38 00 00 00
00033A80  E8 00 00 00 CC 00 00 00 EE F6 FF FF 0C 00 00 00
00033A90  10 00 00 00 08 00 00 00 01 00 00 00 E8 00 00 00
00033AA0  01 00 00 00 3A 00 00 00 0E F7 FF FF 0C 00 00 00
00033AB0  10 00 00 00 08 00 00 00 01 00 00 00 CC 00 00 00
00033AC0  01 00 00 00 3B 00 00 00 5E F8 FF FF 14 00 00 00
00033AD0  00 00 00 05 20 00 00 00 24 00 00 00 05 00 00 00
00033AE0  72 FB FF FF 02 00 00 00 02 00 00 00 02 00 00 00
00033AF0  02 00 00 00 01 00 00 00 39 00 00 00 01 00 00 00
00033B00  35 00 00 00 9A F8 FF FF 14 00 00 00 00 00 00 02
00033B10  1C 00 00 00 20 00 00 00 02 00 00 00 8C F8 FF FF
00033B20  01 00 00 00 02 00 00 00 02 00 00 00 01 00 00 00
00033B30  38 00 00 00 03 00 00 00 35 00 00 00 F2 00 00 00
00033B40  D8 00 00 00 AA F7 FF FF 0C 00 00 00 10 00 00 00
00033B50  08 00 00 00 01 00 00 00 F2 00 00 00 01 00 00 00
00033B60  36 00 00 00 CA F7 FF FF 0C 00 00 00 10 00 00 00
00033B70  08 00 00 00 01 00 00 00 D8 00 00 00 01 00 00 00
00033B80  37 00 00 00 EA F7 FF FF 0C 00 00 00 10 00 00 00
00033B90  01 00 00 00 01 00 00 00 35 00 00 00 01 00 00 00
00033BA0  34 00 00 00 3A F9 FF FF 14 00 00 00 00 00 00 0B
00033BB0  10 00 00 00 14 00 00 00 03 00 00 00 88 BA FF FF
00033BC0  01 00 00 00 34 00 00 00 02 00 00 00 33 00 00 00
00033BD0  31 00 00 00 3A F8 FF FF 0C 00 00 00 10 00 00 00
00033BE0  04 00 00 00 01 00 00 00 33 00 00 00 02 00 00 00
00033BF0  2B 00 00 00 32 00 00 00 D2 F8 FF FF 10 00 00 00
00033C00  00 00 00 01 18 00 00 00 1C 00 00 00 16 FA FF FF
00033C10  01 00 00 00 01 00 00 00 00 00 00 01 01 00 00 00
00033C20  31 00 00 00 03 00 00 00 2E 00 00 00 ED 00 00 00
00033C30  D2 00 00 00 9A F8 FF FF 0C 00 00 00 10 00 00 00
00033C40  08 00 00 00 01 00 00 00 ED 00 00 00 01 00 00 00
00033C50  2F 00 00 00 BA F8 FF FF 0C 00 00 00 10 00 00 00
00033C60  08 00 00 00 01 00 00 00 D2 00 00 00 01 00 00 00
00033C70  30 00 00 00 0A FA FF FF 14 00 00 00 00 00 00 02
00033C80  1C 00 00 00 20 00 00 00 02 00 00 00 FC F9 FF FF
00033C90  01 00 00 00 01 00 00 00 01 00 00 00 01 00 00 00
00033CA0  2E 00 00 00 03 00 00 00 2B 00 00 00 DB 00 00 00
00033CB0  CA 00 00 00 1A F9 FF FF 0C 00 00 00 10 00 00 00
00033CC0  08 00 00 00 01 00 00 00 DB 00 00 00 01 00 00 00
00033CD0  2C 00 00 00 3A F9 FF FF 0C 00 00 00 10 00 00 00
00033CE0  08 00 00 00 01 00 00 00 CA 00 00 00 01 00 00 00
00033CF0  2D 00 00 00 5A F9 FF FF 0C 00 00 00 10 00 00 00
00033D00  01 00 00 00 01 00 00 00 2B 00 00 00 01 00 00 00
00033D10  2A 00 00 00 AA FA FF FF 14 00 00 00 00 00 00 0B
00033D20  10 00 00 00 14 00 00 00 03 00 00 00 F8 BB FF FF
00033D30  01 00 00 00 2A 00 00 00 02 00 00 00 29 00 00 00
00033D40  27 00 00 00 AA F9 FF FF 0C 00 00 00 10 00 00 00
00033D50  04 00 00 00 01 00 00 00 29 00 00 00 02 00 00 00
00033D60  21 00 00 00 28 00 00 00 42 FA FF FF 10 00 00 00
00033D70  00 00 00 01 18 00 00 00 1C 00 00 00 86 FB FF FF
00033D80  01 00 00 00 01 00 00 00 00 00 00 01 01 00 00 00
00033D90  27 00 00 00 03 00 00 00 24 00 00 00 D7 00 00 00
00033DA0  C5 00 00 00 0A FA FF FF 0C 00 00 00 10 00 00 00
00033DB0  08 00 00 00 01 00 00 00 D7 00 00 00 01 00 00 00
00033DC0  25 00 00 00 2A FA FF FF 0C 00 00 00 10 00 00 00
00033DD0  08 00 00 00 01 00 00 00 C5 00 00 00 01 00 00 00
00033DE0  26 00 00 00 7A FB FF FF 14 00 00 00 00 00 00 02
00033DF0  1C 00 00 00 20 00 00 00 02 00 00 00 6C FB FF FF
00033E00  01 00 00 00 01 00 00 00 01 00 00 00 01 00 00 00
00033E10  24 00 00 00 03 00 00 00 21 00 00 00 CE 00 00 00
00033E20  B3 00 00 00 8A FA FF FF 0C 00 00 00 10 00 00 00
00033E30  08 00 00 00 01 00 00 00 CE 00 00 00 01 00 00 00
00033E40  22 00 00 00 AA FA FF FF 0C 00 00 00 10 00 00 00
00033E50  08 00 00 00 01 00 00 00 B3 00 00 00 01 00 00 00
00033E60  23 00 00 00 CA FA FF FF 0C 00 00 00 10 00 00 00
00033E70  01 00 00 00 01 00 00 00 21 00 00 00 01 00 00 00
00033E80  20 00 00 00 1A FC FF FF 14 00 00 00 00 00 00 0B
00033E90  10 00 00 00 14 00 00 00 03 00 00 00 68 BD FF FF
00033EA0  01 00 00 00 20 00 00 00 02 00 00 00 1F 00 00 00
00033EB0  1D 00 00 00 1A FB FF FF 0C 00 00 00 10 00 00 00
00033EC0  04 00 00 00 01 00 00 00 1F 00 00 00 02 00 00 00
00033ED0  1A 00 00 00 1E 00 00 00 B2 FB FF FF 10 00 00 00
00033EE0  00 00 00 01 18 00 00 00 1C 00 00 00 F6 FC FF FF
00033EF0  01 00 00 00 01 00 00 00 00 00 00 01 01 00 00 00
00033F00  1D 00 00 00 03 00 00 00 19 00 00 00 C9 00 00 00
00033F10  B0 00 00 00 7A FB FF FF 0C 00 00 00 10 00 00 00
00033F20  08 00 00 00 01 00 00 00 C9 00 00 00 01 00 00 00
00033F30  1B 00 00 00 9A FB FF FF 0C 00 00 00 10 00 00 00
00033F40  08 00 00 00 01 00 00 00 B0 00 00 00 01 00 00 00
00033F50  1C 00 00 00 EA FC FF FF 24 00 00 00 00 00 00 05
00033F60  30 00 00 00 34 00 00 00 05 00 00 00 00 00 0E 00
00033F70  14 00 00 00 10 00 0C 00 08 00 04 00 0E 00 00 00
00033F80  02 00 00 00 02 00 00 00 02 00 00 00 02 00 00 00
00033F90  01 00 00 00 1A 00 00 00 01 00 00 00 16 00 00 00
00033FA0  36 FD FF FF 14 00 00 00 00 00 00 02 1C 00 00 00
00033FB0  20 00 00 00 02 00 00 00 28 FD FF FF 01 00 00 00
00033FC0  02 00 00 00 02 00 00 00 01 00 00 00 19 00 00 00
00033FD0  03 00 00 00 16 00 00 00 D4 00 00 00 B8 00 00 00
00033FE0  46 FC FF FF 0C 00 00 00 10 00 00 00 08 00 00 00
00033FF0  01 00 00 00 D4 00 00 00 01 00 00 00 17 00 00 00
00034000  66 FC FF FF 0C 00 00 00 10 00 00 00 08 00 00 00
00034010  01 00 00 00 B8 00 00 00 01 00 00 00 18 00 00 00
00034020  86 FC FF FF 0C 00 00 00 10 00 00 00 01 00 00 00
00034030  01 00 00 00 16 00 00 00 01 00 00 00 15 00 00 00
00034040  D6 FD FF FF 14 00 00 00 00 00 00 0B 10 00 00 00
00034050  14 00 00 00 03 00 00 00 24 BF FF FF 01 00 00 00
00034060  15 00 00 00 02 00 00 00 14 00 00 00 12 00 00 00
00034070  D6 FC FF FF 0C 00 00 00 10 00 00 00 04 00 00 00
00034080  01 00 00 00 14 00 00 00 02 00 00 00 0C 00 00 00
00034090  13 00 00 00 6E FD FF FF 10 00 00 00 00 00 00 01
000340A0  18 00 00 00 1C 00 00 00 B2 FE FF FF 01 00 00 00
000340B0  01 00 00 00 00 00 00 01 01 00 00 00 12 00 00 00
000340C0  03 00 00 00 0F 00 00 00 CF 00 00 00 B2 00 00 00
000340D0  36 FD FF FF 0C 00 00 00 10 00 00 00 08 00 00 00
000340E0  01 00 00 00 CF 00 00 00 01 00 00 00 10 00 00 00
000340F0  56 FD FF FF 0C 00 00 00 10 00 00 00 08 00 00 00
00034100  01 00 00 00 B2 00 00 00 01 00 00 00 11 00 00 00
00034110  A6 FE FF FF 14 00 00 00 00 00 00 02 1C 00 00 00
00034120  20 00 00 00 02 00 00 00 98 FE FF FF 01 00 00 00
00034130  01 00 00 00 01 00 00 00 01 00 00 00 0F 00 00 00
00034140  03 00 00 00 0C 00 00 00 BD 00 00 00 F7 00 00 00
00034150  B6 FD FF FF 0C 00 00 00 10 00 00 00 08 00 00 00
00034160  01 00 00 00 F7 00 00 00 01 00 00 00 0E 00 00 00
00034170  D6 FD FF FF 0C 00 00 00 10 00 00 00 08 00 00 00
00034180  01 00 00 00 BD 00 00 00 01 00 00 00 0D 00 00 00
00034190  F6 FD FF FF 0C 00 00 00 10 00 00 00 01 00 00 00
000341A0  01 00 00 00 0C 00 00 00 01 00 00 00 0B 00 00 00
000341B0  46 FF FF FF 14 00 00 00 00 00 00 0B 10 00 00 00
000341C0  14 00 00 00 03 00 00 00 94 C0 FF FF 01 00 00 00
000341D0  0B 00 00 00 02 00 00 00 04 00 00 00 0A 00 00 00
000341E0  BA FE FF FF 1C 00 00 00 00 00 00 01 24 00 00 00
000341F0  28 00 00 00 00 00 0A 00 10 00 0F 00 08 00 04 00
00034200  0A 00 00 00 01 00 00 00 01 00 00 00 00 00 00 01
00034210  01 00 00 00 0A 00 00 00 03 00 00 00 07 00 00 00
00034220  DD 00 00 00 CB 00 00 00 8E FE FF FF 0C 00 00 00
00034230  10 00 00 00 08 00 00 00 01 00 00 00 DD 00 00 00
00034240  01 00 00 00 08 00 00 00 AE FE FF FF 0C 00 00 00
00034250  10 00 00 00 08 00 00 00 01 00 00 00 CB 00 00 00
00034260  01 00 00 00 09 00 00 00 00 00 0E 00 18 00 14 00
00034270  10 00 0C 00 0B 00 04 00 0E 00 00 00 20 00 00 00
00034280  00 00 00 02 28 00 00 00 2C 00 00 00 02 00 00 00
00034290  0C 00 10 00 00 00 0C 00 08 00 04 00 0C 00 00 00
000342A0  01 00 00 00 01 00 00 00 01 00 00 00 01 00 00 00
000342B0  07 00 00 00 03 00 00 00 04 00 00 00 D6 00 00 00
000342C0  B9 00 00 00 2A FF FF FF 0C 00 00 00 10 00 00 00
000342D0  08 00 00 00 01 00 00 00 D6 00 00 00 01 00 00 00
000342E0  05 00 00 00 4A FF FF FF 0C 00 00 00 10 00 00 00
000342F0  08 00 00 00 01 00 00 00 B9 00 00 00 01 00 00 00
00034300  06 00 00 00 6A FF FF FF 0C 00 00 00 10 00 00 00
00034310  01 00 00 00 01 00 00 00 04 00 00 00 01 00 00 00
00034320  03 00 00 00 00 00 0E 00 16 00 00 00 10 00 0C 00
00034330  0B 00 04 00 0E 00 00 00 1C 00 00 00 00 00 00 01
00034340  20 00 00 00 24 00 00 00 00 00 0A 00 0C 00 00 00
00034350  08 00 04 00 0A 00 00 00 02 00 00 00 02 00 00 00
00034360  01 00 00 00 03 00 00 00 03 00 00 00 00 00 00 00
00034370  E0 00 00 00 C1 00 00 00 DE FF FF FF 0C 00 00 00
00034380  10 00 00 00 08 00 00 00 01 00 00 00 E0 00 00 00
00034390  01 00 00 00 01 00 00 00 00 00 0A 00 10 00 0C 00
000343A0  08 00 04 00 0A 00 00 00 0C 00 00 00 10 00 00 00
000343B0  08 00 00 00 01 00 00 00 C1 00 00 00 01 00 00 00
000343C0  02 00 00 00 02 00 00 00 AF 00 00 00 AE 00 00 00
000343D0  01 00 00 00 00 00 00 00 FA 00 00 00 CC 3C 00 00
000343E0  80 3C 00 00 44 3C 00 00 14 3C 00 00 E0 3B 00 00
000343F0  98 3B 00 00 5C 3B 00 00 20 3B 00 00 E0 3A 00 00
00034400  AC 3A 00 00 78 3A 00 00 3C 3A 00 00 04 3A 00 00
00034410  B8 39 00 00 7C 39 00 00 40 39 00 00 00 39 00 00
00034420  CC 38 00 00 98 38 00 00 54 38 00 00 1C 38 00 00
00034430  DC 37 00 00 A4 37 00 00 58 37 00 00 1C 37 00 00
00034440  E0 36 00 00 A8 36 00 00 68 36 00 00 34 36 00 00
00034450  00 36 00 00 BC 35 00 00 80 35 00 00 40 35 00 00
00034460  08 35 00 00 BC 34 00 00 80 34 00 00 44 34 00 00
00034470  04 34 00 00 D0 33 00 00 9C 33 00 00 58 33 00 00
00034480  1C 33 00 00 DC 32 00 00 A4 32 00 00 58 32 00 00
00034490  1C 32 00 00 E0 31 00 00 A0 31 00 00 6C 31 00 00
000344A0  38 31 00 00 F4 30 00 00 B8 30 00 00 78 30 00 00
000344B0  40 30 00 00 F4 2F 00 00 B8 2F 00 00 7C 2F 00 00
000344C0  44 2F 00 00 04 2F 00 00 D0 2E 00 00 9C 2E 00 00
000344D0  58 2E 00 00 1C 2E 00 00 DC 2D 00 00 A4 2D 00 00
000344E0  58 2D 00 00 1C 2D 00 00 E0 2C 00 00 A0 2C 00 00
000344F0  6C 2C 00 00 38 2C 00 00 F4 2B 00 00 B8 2B 00 00
00034500  78 2B 00 00 40 2B 00 00 F4 2A 00 00 B8 2A 00 00
00034510  7C 2A 00 00 3C 2A 00 00 08 2A 00 00 D4 29 00 00
00034520  90 29 00 00 54 29 00 00 14 29 00 00 DC 28 00 00
00034530  90 28 00 00 54 28 00 00 18 28 00 00 D8 27 00 00
00034540  A4 27 00 00 70 27 00 00 2C 27 00 00 F0 26 00 00
00034550  B0 26 00 00 78 26 00 00 2C 26 00 00 F0 25 00 00
00034560  B4 25 00 00 70 25 00 00 3C 25 00 00 08 25 00 00
00034570  C4 24 00 00 88 24 00 00 48 24 00 00 10 24 00 00
00034580  C4 23 00 00 84 23 00 00 48 23 00 00 04 23 00 00
00034590  D0 22 00 00 9C 22 00 00 58 22 00 00 1C 22 00 00
000345A0  DC 21 00 00 A4 21 00 00 58 21 00 00 18 21 00 00
000345B0  DC 20 00 00 A4 20 00 00 60 20 00 00 2C 20 00 00
000345C0  F8 1F 00 00 B4 1F 00 00 78 1F 00 00 38 1F 00 00
000345D0  00 1F 00 00 B4 1E 00 00 74 1E 00 00 38 1E 00 00
000345E0  F4 1D 00 00 C0 1D 00 00 8C 1D 00 00 4C 1D 00 00
000345F0  14 1D 00 00 C8 1C 00 00 88 1C 00 00 4C 1C 00 00
00034600  08 1C 00 00 D4 1B 00 00 A0 1B 00 00 60 1B 00 00
00034610  28 1B 00 00 DC 1A 00 00 9C 1A 00 00 60 1A 00 00
00034620  1C 1A 00 00 E8 19 00 00 B4 19 00 00 74 19 00 00
00034630  3C 19 00 00 F0 18 00 00 B0 18 00 00 74 18 00 00
00034640  30 18 00 00 FC 17 00 00 C8 17 00 00 88 17 00 00
00034650  50 17 00 00 08 17 00 00 CC 16 00 00 94 16 00 00
00034660  4C 16 00 00 10 16 00 00 D4 15 00 00 90 15 00 00
00034670  58 15 00 00 24 15 00 00 E0 14 00 00 A8 14 00 00
00034680  70 14 00 00 44 14 00 00 14 14 00 00 E4 13 00 00
00034690  B4 13 00 00 80 13 00 00 50 13 00 00 18 13 00 00
000346A0  E0 12 00 00 A8 12 00 00 68 12 00 00 28 12 00 00
000346B0  DC 11 00 00 A4 11 00 00 68 11 00 00 28 11 00 00
000346C0  E8 10 00 00 98 10 00 00 54 10 00 00 14 10 00 00
000346D0  C4 0F 00 00 7C 0F 00 00 44 0F 00 00 F4 0E 00 00
000346E0  C0 0E 00 00 7C 0E 00 00 44 0E 00 00 04 0E 00 00
000346F0  CC 0D 00 00 7C 0D 00 00 38 0D 00 00 F8 0C 00 00
00034700  B4 0C 00 00 74 0C 00 00 3C 0C 00 00 04 0C 00 00
00034710  B4 0B 00 00 64 0B 00 00 20 0B 00 00 D8 0A 00 00
00034720  A0 0A 00 00 68 0A 00 00 28 0A 00 00 D8 09 00 00
00034730  A0 09 00 00 54 09 00 00 10 09 00 00 D0 08 00 00
00034740  98 08 00 00 58 08 00 00 08 08 00 00 C4 07 00 00
00034750  80 07 00 00 44 07 00 00 F4 06 00 00 B0 06 00 00
00034760  6C 06 00 00 2C 06 00 00 F4 05 00 00 A4 05 00 00
00034770  60 05 00 00 1C 05 00 00 E4 04 00 00 A0 04 00 00
00034780  60 04 00 00 20 04 00 00 DC 03 00 00 8C 03 00 00
00034790  48 03 00 00 F8 02 00 00 B8 02 00 00 80 02 00 00
000347A0  30 02 00 00 E0 01 00 00 9C 01 00 00 5C 01 00 00
000347B0  10 01 00 00 C0 00 00 00 80 00 00 00 48 00 00 00
000347C0  04 00 00 00 28 C7 FF FF 08 00 00 00 24 00 00 00
000347D0  1B 00 00 00 63 6F 6E 76 32 64 5F 31 33 2F 4B 65
000347E0  72 6E 65 6C 5F 64 65 71 75 61 6E 74 69 7A 65 00
000347F0  04 00 00 00 60 00 00 00 01 00 00 00 01 00 00 00
00034800  60 00 00 00 68 C7 FF FF 08 00 00 00 24 00 00 00
00034810  1B 00 00 00 72 65 67 72 65 73 73 6F 72 5F 38 2F
00034820  42 69 61 73 5F 64 65 71 75 61 6E 74 69 7A 65 00
00034830  01 00 00 00 20 00 00 00 9C C7 FF FF 08 00 00 00
00034840  2C 00 00 00 22 00 00 00 64 65 70 74 68 77 69 73
00034850  65 5F 63 6F 6E 76 32 64 5F 31 2F 42 69 61 73 5F
00034860  64 65 71 75 61 6E 74 69 7A 65 00 00 01 00 00 00
00034870  18 00 00 00 D8 C7 FF FF 08 00 00 00 30 00 00 00
00034880  24 00 00 00 64 65 70 74 68 77 69 73 65 5F 63 6F
00034890  6E 76 32 64 5F 37 2F 4B 65 72 6E 65 6C 5F 64 65
000348A0  71 75 61 6E 74 69 7A 65 00 00 00 00 04 00 00 00
000348B0  01 00 00 00 03 00 00 00 03 00 00 00 38 00 00 00
000348C0  24 C8 FF FF 08 00 00 00 2C 00 00 00 21 00 00 00
000348D0  63 6C 61 73 73 69 66 69 63 61 74 6F 72 5F 38 2F
000348E0  4B 65 72 6E 65 6C 5F 64 65 71 75 61 6E 74 69 7A
000348F0  65 00 00 00 04 00 00 00 02 00 00 00 01 00 00 00
00034900  01 00 00 00 58 00 00 00 6C C8 FF FF 08 00 00 00
00034910  2C 00 00 00 22 00 00 00 64 65 70 74 68 77 69 73
00034920  65 5F 63 6F 6E 76 32 64 5F 38 2F 42 69 61 73 5F
00034930  64 65 71 75 61 6E 74 69 7A 65 00 00 01 00 00 00
00034940  40 00 00 00 A8 C8 FF FF 08 00 00 00 24 00 00 00
00034950  1A 00 00 00 63 6F 6E 76 32 64 5F 37 2F 4B 65 72
00034960  6E 65 6C 5F 64 65 71 75 61 6E 74 69 7A 65 00 00
00034970  04 00 00 00 38 00 00 00 01 00 00 00 01 00 00 00
00034980  30 00 00 00 E8 C8 FF FF 08 00 00 00 30 00 00 00
00034990  24 00 00 00 64 65 70 74 68 77 69 73 65 5F 63 6F
000349A0  6E 76 32 64 5F 35 2F 4B 65 72 6E 65 6C 5F 64 65
000349B0  71 75 61 6E 74 69 7A 65 00 00 00 00 04 00 00 00
000349C0  01 00 00 00 03 00 00 00 03 00 00 00 2A 00 00 00
000349D0  34 C9 FF FF 08 00 00 00 30 00 00 00 25 00 00 00
000349E0  64 65 70 74 68 77 69 73 65 5F 63 6F 6E 76 32 64
000349F0  5F 31 31 2F 4B 65 72 6E 65 6C 5F 64 65 71 75 61
00034A00  6E 74 69 7A 65 00 00 00 04 00 00 00 01 00 00 00
00034A10  03 00 00 00 03 00 00 00 58 00 00 00 80 C9 FF FF
00034A20  08 00 00 00 24 00 00 00 18 00 00 00 63 6F 6E 76
00034A30  32 64 5F 38 2F 42 69 61 73 5F 64 65 71 75 61 6E
00034A40  74 69 7A 65 00 00 00 00 01 00 00 00 40 00 00 00
00034A50  B4 C9 FF FF 08 00 00 00 2C 00 00 00 23 00 00 00
00034A60  64 65 70 74 68 77 69 73 65 5F 63 6F 6E 76 32 64
00034A70  5F 31 35 2F 42 69 61 73 5F 64 65 71 75 61 6E 74
00034A80  69 7A 65 00 01 00 00 00 60 00 00 00 F0 C9 FF FF
00034A90  08 00 00 00 30 00 00 00 24 00 00 00 64 65 70 74
00034AA0  68 77 69 73 65 5F 63 6F 6E 76 32 64 5F 36 2F 4B
00034AB0  65 72 6E 65 6C 5F 64 65 71 75 61 6E 74 69 7A 65
00034AC0  00 00 00 00 04 00 00 00 01 00 00 00 03 00 00 00
00034AD0  03 00 00 00 30 00 00 00 3C CA FF FF 08 00 00 00
00034AE0  24 00 00 00 1A 00 00 00 63 6F 6E 76 32 64 5F 35
00034AF0  2F 4B 65 72 6E 65 6C 5F 64 65 71 75 61 6E 74 69
00034B00  7A 65 00 00 04 00 00 00 2A 00 00 00 01 00 00 00
00034B10  01 00 00 00 24 00 00 00 7C CA FF FF 08 00 00 00
00034B20  30 00 00 00 25 00 00 00 64 65 70 74 68 77 69 73
00034B30  65 5F 63 6F 6E 76 32 64 5F 31 32 2F 4B 65 72 6E
00034B40  65 6C 5F 64 65 71 75 61 6E 74 69 7A 65 00 00 00
00034B50  04 00 00 00 01 00 00 00 03 00 00 00 03 00 00 00
00034B60  60 00 00 00 C8 CA FF FF 08 00 00 00 24 00 00 00
00034B70  1B 00 00 00 63 6F 6E 76 32 64 5F 31 31 2F 4B 65
00034B80  72 6E 65 6C 5F 64 65 71 75 61 6E 74 69 7A 65 00
00034B90  04 00 00 00 58 00 00 00 01 00 00 00 01 00 00 00
00034BA0  50 00 00 00 08 CB FF FF 08 00 00 00 2C 00 00 00
00034BB0  20 00 00 00 63 6C 61 73 73 69 66 69 63 61 74 6F
00034BC0  72 5F 31 36 2F 42 69 61 73 5F 64 65 71 75 61 6E
00034BD0  74 69 7A 65 00 00 00 00 01 00 00 00 06 00 00 00
00034BE0  44 CB FF FF 08 00 00 00 2C 00 00 00 22 00 00 00
00034BF0  64 65 70 74 68 77 69 73 65 5F 63 6F 6E 76 32 64
00034C00  5F 37 2F 42 69 61 73 5F 64 65 71 75 61 6E 74 69
00034C10  7A 65 00 00 01 00 00 00 38 00 00 00 80 CB FF FF
00034C20  08 00 00 00 24 00 00 00 1A 00 00 00 63 6F 6E 76
00034C30  32 64 5F 36 2F 4B 65 72 6E 65 6C 5F 64 65 71 75
00034C40  61 6E 74 69 7A 65 00 00 04 00 00 00 30 00 00 00
00034C50  01 00 00 00 01 00 00 00 2A 00 00 00 C0 CB FF FF
00034C60  08 00 00 00 24 00 00 00 19 00 00 00 63 6F 6E 76
00034C70  32 64 5F 31 33 2F 42 69 61 73 5F 64 65 71 75 61
00034C80  6E 74 69 7A 65 00 00 00 01 00 00 00 60 00 00 00
00034C90  F4 CB FF FF 08 00 00 00 24 00 00 00 1B 00 00 00
00034CA0  63 6F 6E 76 32 64 5F 31 34 2F 4B 65 72 6E 65 6C
00034CB0  5F 64 65 71 75 61 6E 74 69 7A 65 00 04 00 00 00
00034CC0  60 00 00 00 01 00 00 00 01 00 00 00 60 00 00 00
00034CD0  34 CC FF FF 08 00 00 00 24 00 00 00 1B 00 00 00
00034CE0  63 6F 6E 76 32 64 5F 31 32 2F 4B 65 72 6E 65 6C
00034CF0  5F 64 65 71 75 61 6E 74 69 7A 65 00 04 00 00 00
00034D00  60 00 00 00 01 00 00 00 01 00 00 00 58 00 00 00
00034D10  74 CC FF FF 08 00 00 00 30 00 00 00 25 00 00 00
00034D20  64 65 70 74 68 77 69 73 65 5F 63 6F 6E 76 32 64
00034D30  5F 31 30 2F 4B 65 72 6E 65 6C 5F 64 65 71 75 61
00034D40  6E 74 69 7A 65 00 00 00 04 00 00 00 01 00 00 00
00034D50  03 00 00 00 03 00 00 00 50 00 00 00 C0 CC FF FF
00034D60  08 00 00 00 24 00 00 00 18 00 00 00 63 6F 6E 76
00034D70  32 64 5F 37 2F 42 69 61 73 5F 64 65 71 75 61 6E
00034D80  74 69 7A 65 00 00 00 00 01 00 00 00 38 00 00 00
00034D90  F4 CC FF FF 08 00 00 00 2C 00 00 00 23 00 00 00
00034DA0  64 65 70 74 68 77 69 73 65 5F 63 6F 6E 76 32 64
00034DB0  5F 31 31 2F 42 69 61 73 5F 64 65 71 75 61 6E 74
00034DC0  69 7A 65 00 01 00 00 00 58 00 00 00 30 CD FF FF
00034DD0  08 00 00 00 24 00 00 00 1B 00 00 00 63 6F 6E 76
00034DE0  32 64 5F 31 30 2F 4B 65 72 6E 65 6C 5F 64 65 71
00034DF0  75 61 6E 74 69 7A 65 00 04 00 00 00 50 00 00 00
00034E00  01 00 00 00 01 00 00 00 48 00 00 00 70 CD FF FF
00034E10  08 00 00 00 24 00 00 00 18 00 00 00 63 6F 6E 76
00034E20  32 64 2F 4B 65 72 6E 65 6C 5F 64 65 71 75 61 6E
00034E30  74 69 7A 65 00 00 00 00 04 00 00 00 18 00 00 00
00034E40  05 00 00 00 05 00 00 00 03 00 00 00 B0 CD FF FF
00034E50  08 00 00 00 30 00 00 00 25 00 00 00 64 65 70 74
00034E60  68 77 69 73 65 5F 63 6F 6E 76 32 64 5F 31 33 2F
00034E70  4B 65 72 6E 65 6C 5F 64 65 71 75 61 6E 74 69 7A
00034E80  65 00 00 00 04 00 00 00 01 00 00 00 03 00 00 00
00034E90  03 00 00 00 60 00 00 00 FC CD FF FF 08 00 00 00
00034EA0  28 00 00 00 1F 00 00 00 63 6C 61 73 73 69 66 69
00034EB0  63 61 74 6F 72 5F 38 2F 42 69 61 73 5F 64 65 71
00034EC0  75 61 6E 74 69 7A 65 00 01 00 00 00 02 00 00 00
00034ED0  34 CE FF FF 08 00 00 00 24 00 00 00 1A 00 00 00
00034EE0  63 6F 6E 76 32 64 5F 31 2F 4B 65 72 6E 65 6C 5F
00034EF0  64 65 71 75 61 6E 74 69 7A 65 00 00 04 00 00 00
00034F00  18 00 00 00 01 00 00 00 01 00 00 00 18 00 00 00
00034F10  74 CE FF FF 08 00 00 00 24 00 00 00 1B 00 00 00
00034F20  63 6F 6E 76 32 64 5F 31 35 2F 4B 65 72 6E 65 6C
00034F30  5F 64 65 71 75 61 6E 74 69 7A 65 00 04 00 00 00
00034F40  60 00 00 00 01 00 00 00 01 00 00 00 60 00 00 00
00034F50  B4 CE FF FF 08 00 00 00 30 00 00 00 24 00 00 00
00034F60  64 65 70 74 68 77 69 73 65 5F 63 6F 6E 76 32 64
00034F70  5F 34 2F 4B 65 72 6E 65 6C 5F 64 65 71 75 61 6E
00034F80  74 69 7A 65 00 00 00 00 04 00 00 00 01 00 00 00
00034F90  03 00 00 00 03 00 00 00 24 00 00 00 00 CF FF FF
00034FA0  08 00 00 00 2C 00 00 00 23 00 00 00 64 65 70 74
00034FB0  68 77 69 73 65 5F 63 6F 6E 76 32 64 5F 31 32 2F
00034FC0  42 69 61 73 5F 64 65 71 75 61 6E 74 69 7A 65 00
00034FD0  01 00 00 00 60 00 00 00 3C CF FF FF 08 00 00 00
00034FE0  24 00 00 00 19 00 00 00 63 6F 6E 76 32 64 5F 31
00034FF0  31 2F 42 69 61 73 5F 64 65 71 75 61 6E 74 69 7A
00035000  65 00 00 00 01 00 00 00 58 00 00 00 70 CF FF FF
00035010  08 00 00 00 2C 00 00 00 22 00 00 00 64 65 70 74
00035020  68 77 69 73 65 5F 63 6F 6E 76 32 64 5F 35 2F 42
00035030  69 61 73 5F 64 65 71 75 61 6E 74 69 7A 65 00 00
00035040  01 00 00 00 2A 00 00 00 AC CF FF FF 08 00 00 00
00035050  24 00 00 00 1A 00 00 00 63 6F 6E 76 32 64 5F 34
00035060  2F 4B 65 72 6E 65 6C 5F 64 65 71 75 61 6E 74 69
00035070  7A 65 00 00 04 00 00 00 24 00 00 00 01 00 00 00
00035080  01 00 00 00 20 00 00 00 EC CF FF FF 08 00 00 00
00035090  2C 00 00 00 22 00 00 00 64 65 70 74 68 77 69 73
000350A0  65 5F 63 6F 6E 76 32 64 2F 4B 65 72 6E 65 6C 5F
000350B0  64 65 71 75 61 6E 74 69 7A 65 00 00 04 00 00 00
000350C0  01 00 00 00 03 00 00 00 03 00 00 00 18 00 00 00
000350D0  34 D0 FF FF 08 00 00 00 24 00 00 00 19 00 00 00
000350E0  63 6F 6E 76 32 64 5F 31 34 2F 42 69 61 73 5F 64
000350F0  65 71 75 61 6E 74 69 7A 65 00 00 00 01 00 00 00
00035100  60 00 00 00 68 D0 FF FF 08 00 00 00 30 00 00 00
00035110  24 00 00 00 64 65 70 74 68 77 69 73 65 5F 63 6F
00035120  6E 76 32 64 5F 32 2F 4B 65 72 6E 65 6C 5F 64 65
00035130  71 75 61 6E 74 69 7A 65 00 00 00 00 04 00 00 00
00035140  01 00 00 00 03 00 00 00 03 00 00 00 1C 00 00 00
00035150  B4 D0 FF FF 08 00 00 00 2C 00 00 00 22 00 00 00
00035160  64 65 70 74 68 77 69 73 65 5F 63 6F 6E 76 32 64
00035170  5F 36 2F 42 69 61 73 5F 64 65 71 75 61 6E 74 69
00035180  7A 65 00 00 01 00 00 00 30 00 00 00 F0 D0 FF FF
00035190  08 00 00 00 24 00 00 00 18 00 00 00 63 6F 6E 76
000351A0  32 64 5F 35 2F 42 69 61 73 5F 64 65 71 75 61 6E
000351B0  74 69 7A 65 00 00 00 00 01 00 00 00 2A 00 00 00
000351C0  24 D1 FF FF 08 00 00 00 24 00 00 00 19 00 00 00
000351D0  63 6F 6E 76 32 64 5F 31 32 2F 42 69 61 73 5F 64
000351E0  65 71 75 61 6E 74 69 7A 65 00 00 00 01 00 00 00
000351F0  60 00 00 00 58 D1 FF FF 08 00 00 00 28 00 00 00
00035200  1E 00 00 00 72 65 67 72 65 73 73 6F 72 5F 31 36
00035210  2F 4B 65 72 6E 65 6C 5F 64 65 71 75 61 6E 74 69
00035220  7A 65 00 00 04 00 00 00 60 00 00 00 01 00 00 00
00035230  01 00 00 00 60 00 00 00 9C D1 FF FF 08 00 00 00
00035240  24 00 00 00 1A 00 00 00 63 6F 6E 76 32 64 5F 32
00035250  2F 4B 65 72 6E 65 6C 5F 64 65 71 75 61 6E 74 69
00035260  7A 65 00 00 04 00 00 00 1C 00 00 00 01 00 00 00
00035270  01 00 00 00 18 00 00 00 DC D1 FF FF 08 00 00 00
00035280  30 00 00 00 24 00 00 00 64 65 70 74 68 77 69 73
00035290  65 5F 63 6F 6E 76 32 64 5F 33 2F 4B 65 72 6E 65
000352A0  6C 5F 64 65 71 75 61 6E 74 69 7A 65 00 00 00 00
000352B0  04 00 00 00 01 00 00 00 03 00 00 00 03 00 00 00
000352C0  20 00 00 00 28 D2 FF FF 08 00 00 00 30 00 00 00
000352D0  24 00 00 00 64 65 70 74 68 77 69 73 65 5F 63 6F
000352E0  6E 76 32 64 5F 39 2F 4B 65 72 6E 65 6C 5F 64 65
000352F0  71 75 61 6E 74 69 7A 65 00 00 00 00 04 00 00 00
00035300  01 00 00 00 03 00 00 00 03 00 00 00 48 00 00 00
00035310  74 D2 FF FF 08 00 00 00 24 00 00 00 18 00 00 00
00035320  63 6F 6E 76 32 64 5F 36 2F 42 69 61 73 5F 64 65
00035330  71 75 61 6E 74 69 7A 65 00 00 00 00 01 00 00 00
00035340  30 00 00 00 A8 D2 FF FF 08 00 00 00 24 00 00 00
00035350  18 00 00 00 63 6F 6E 76 32 64 5F 31 2F 42 69 61
00035360  73 5F 64 65 71 75 61 6E 74 69 7A 65 00 00 00 00
00035370  01 00 00 00 18 00 00 00 DC D2 FF FF 08 00 00 00
00035380  2C 00 00 00 22 00 00 00 64 65 70 74 68 77 69 73
00035390  65 5F 63 6F 6E 76 32 64 5F 34 2F 42 69 61 73 5F
000353A0  64 65 71 75 61 6E 74 69 7A 65 00 00 01 00 00 00
000353B0  24 00 00 00 18 D3 FF FF 08 00 00 00 24 00 00 00
000353C0  1A 00 00 00 63 6F 6E 76 32 64 5F 33 2F 4B 65 72
000353D0  6E 65 6C 5F 64 65 71 75 61 6E 74 69 7A 65 00 00
000353E0  04 00 00 00 20 00 00 00 01 00 00 00 01 00 00 00
000353F0  1C 00 00 00 58 D3 FF FF 08 00 00 00 2C 00 00 00
00035400  23 00 00 00 64 65 70 74 68 77 69 73 65 5F 63 6F
00035410  6E 76 32 64 5F 31 30 2F 42 69 61 73 5F 64 65 71
00035420  75 61 6E 74 69 7A 65 00 01 00 00 00 50 00 00 00
00035430  94 D3 FF FF 08 00 00 00 24 00 00 00 1A 00 00 00
00035440  63 6F 6E 76 32 64 5F 39 2F 4B 65 72 6E 65 6C 5F
00035450  64 65 71 75 61 6E 74 69 7A 65 00 00 04 00 00 00
00035460  48 00 00 00 01 00 00 00 01 00 00 00 40 00 00 00
00035470  D4 D3 FF FF 08 00 00 00 30 00 00 00 25 00 00 00
00035480  64 65 70 74 68 77 69 73 65 5F 63 6F 6E 76 32 64
00035490  5F 31 34 2F 4B 65 72 6E 65 6C 5F 64 65 71 75 61
000354A0  6E 74 69 7A 65 00 00 00 04 00 00 00 01 00 00 00
000354B0  03 00 00 00 03 00 00 00 60 00 00 00 20 D4 FF FF
000354C0  08 00 00 00 24 00 00 00 18 00 00 00 63 6F 6E 76
000354D0  32 64 5F 34 2F 42 69 61 73 5F 64 65 71 75 61 6E
000354E0  74 69 7A 65 00 00 00 00 01 00 00 00 24 00 00 00
000354F0  54 D4 FF FF 08 00 00 00 2C 00 00 00 23 00 00 00
00035500  64 65 70 74 68 77 69 73 65 5F 63 6F 6E 76 32 64
00035510  5F 31 33 2F 42 69 61 73 5F 64 65 71 75 61 6E 74
00035520  69 7A 65 00 01 00 00 00 60 00 00 00 90 D4 FF FF
00035530  08 00 00 00 24 00 00 00 19 00 00 00 63 6F 6E 76
00035540  32 64 5F 31 30 2F 42 69 61 73 5F 64 65 71 75 61
00035550  6E 74 69 7A 65 00 00 00 01 00 00 00 50 00 00 00
00035560  C4 D4 FF FF 08 00 00 00 24 00 00 00 1B 00 00 00
00035570  63 6F 6E 76 32 64 5F 31 36 2F 4B 65 72 6E 65 6C
00035580  5F 64 65 71 75 61 6E 74 69 7A 65 00 04 00 00 00
00035590  60 00 00 00 01 00 00 00 01 00 00 00 60 00 00 00
000355A0  04 D5 FF FF 08 00 00 00 20 00 00 00 16 00 00 00
000355B0  63 6F 6E 76 32 64 2F 42 69 61 73 5F 64 65 71 75
000355C0  61 6E 74 69 7A 65 00 00 01 00 00 00 18 00 00 00
000355D0  34 D5 FF FF 08 00 00 00 30 00 00 00 24 00 00 00
000355E0  64 65 70 74 68 77 69 73 65 5F 63 6F 6E 76 32 64
000355F0  5F 38 2F 4B 65 72 6E 65 6C 5F 64 65 71 75 61 6E
00035600  74 69 7A 65 00 00 00 00 04 00 00 00 01 00 00 00
00035610  03 00 00 00 03 00 00 00 40 00 00 00 80 D5 FF FF
00035620  08 00 00 00 24 00 00 00 19 00 00 00 63 6F 6E 76
00035630  32 64 5F 31 35 2F 42 69 61 73 5F 64 65 71 75 61
00035640  6E 74 69 7A 65 00 00 00 01 00 00 00 60 00 00 00
00035650  B4 D5 FF FF 08 00 00 00 28 00 00 00 1D 00 00 00
00035660  72 65 67 72 65 73 73 6F 72 5F 38 2F 4B 65 72 6E
00035670  65 6C 5F 64 65 71 75 61 6E 74 69 7A 65 00 00 00
00035680  04 00 00 00 20 00 00 00 01 00 00 00 01 00 00 00
00035690  58 00 00 00 F8 D5 FF FF 08 00 00 00 30 00 00 00
000356A0  24 00 00 00 64 65 70 74 68 77 69 73 65 5F 63 6F
000356B0  6E 76 32 64 5F 31 2F 4B 65 72 6E 65 6C 5F 64 65
000356C0  71 75 61 6E 74 69 7A 65 00 00 00 00 04 00 00 00
000356D0  01 00 00 00 03 00 00 00 03 00 00 00 18 00 00 00
000356E0  44 D6 FF FF 08 00 00 00 2C 00 00 00 22 00 00 00
000356F0  64 65 70 74 68 77 69 73 65 5F 63 6F 6E 76 32 64
00035700  5F 39 2F 42 69 61 73 5F 64 65 71 75 61 6E 74 69
00035710  7A 65 00 00 01 00 00 00 48 00 00 00 80 D6 FF FF
00035720  08 00 00 00 24 00 00 00 1A 00 00 00 63 6F 6E 76
00035730  32 64 5F 38 2F 4B 65 72 6E 65 6C 5F 64 65 71 75
00035740  61 6E 74 69 7A 65 00 00 04 00 00 00 40 00 00 00
00035750  01 00 00 00 01 00 00 00 38 00 00 00 C0 D6 FF FF
00035760  08 00 00 00 30 00 00 00 25 00 00 00 64 65 70 74
00035770  68 77 69 73 65 5F 63 6F 6E 76 32 64 5F 31 35 2F
00035780  4B 65 72 6E 65 6C 5F 64 65 71 75 61 6E 74 69 7A
00035790  65 00 00 00 04 00 00 00 01 00 00 00 03 00 00 00
000357A0  03 00 00 00 60 00 00 00 0C D7 FF FF 08 00 00 00
000357B0  2C 00 00 00 20 00 00 00 64 65 70 74 68 77 69 73
000357C0  65 5F 63 6F 6E 76 32 64 2F 42 69 61 73 5F 64 65
000357D0  71 75 61 6E 74 69 7A 65 00 00 00 00 01 00 00 00
000357E0  18 00 00 00 48 D7 FF FF 08 00 00 00 2C 00 00 00
000357F0  22 00 00 00 64 65 70 74 68 77 69 73 65 5F 63 6F
00035800  6E 76 32 64 5F 32 2F 42 69 61 73 5F 64 65 71 75
00035810  61 6E 74 69 7A 65 00 00 01 00 00 00 1C 00 00 00
00035820  84 D7 FF FF 08 00 00 00 28 00 00 00 1C 00 00 00
00035830  72 65 67 72 65 73 73 6F 72 5F 31 36 2F 42 69 61
00035840  73 5F 64 65 71 75 61 6E 74 69 7A 65 00 00 00 00
00035850  01 00 00 00 60 00 00 00 BC D7 FF FF 08 00 00 00
00035860  24 00 00 00 18 00 00 00 63 6F 6E 76 32 64 5F 39
00035870  2F 42 69 61 73 5F 64 65 71 75 61 6E 74 69 7A 65
00035880  00 00 00 00 01 00 00 00 48 00 00 00 F0 D7 FF FF
00035890  08 00 00 00 2C 00 00 00 22 00 00 00 63 6C 61 73
000358A0  73 69 66 69 63 61 74 6F 72 5F 31 36 2F 4B 65 72
000358B0  6E 65 6C 5F 64 65 71 75 61 6E 74 69 7A 65 00 00
000358C0  04 00 00 00 06 00 00 00 01 00 00 00 01 00 00 00
000358D0  60 00 00 00 38 D8 FF FF 08 00 00 00 2C 00 00 00
000358E0  23 00 00 00 64 65 70 74 68 77 69 73 65 5F 63 6F
000358F0  6E 76 32 64 5F 31 34 2F 42 69 61 73 5F 64 65 71
00035900  75 61 6E 74 69 7A 65 00 01 00 00 00 60 00 00 00
00035910  74 D8 FF FF 08 00 00 00 2C 00 00 00 22 00 00 00
00035920  64 65 70 74 68 77 69 73 65 5F 63 6F 6E 76 32 64
00035930  5F 33 2F 42 69 61 73 5F 64 65 71 75 61 6E 74 69
00035940  7A 65 00 00 01 00 00 00 20 00 00 00 B0 D8 FF FF
00035950  08 00 00 00 24 00 00 00 18 00 00 00 63 6F 6E 76
00035960  32 64 5F 32 2F 42 69 61 73 5F 64 65 71 75 61 6E
00035970  74 69 7A 65 00 00 00 00 01 00 00 00 1C 00 00 00
00035980  E4 D8 FF FF 08 00 00 00 24 00 00 00 19 00 00 00
00035990  63 6F 6E 76 32 64 5F 31 36 2F 42 69 61 73 5F 64
000359A0  65 71 75 61 6E 74 69 7A 65 00 00 00 01 00 00 00
000359B0  60 00 00 00 18 D9 FF FF 08 00 00 00 24 00 00 00
000359C0  18 00 00 00 63 6F 6E 76 32 64 5F 33 2F 42 69 61
000359D0  73 5F 64 65 71 75 61 6E 74 69 7A 65 00 00 00 00
000359E0  01 00 00 00 20 00 00 00 4C D9 FF FF 08 00 00 00
000359F0  14 00 00 00 0A 00 00 00 72 65 67 72 65 73 73 6F
00035A00  72 73 00 00 03 00 00 00 01 00 00 00 80 03 00 00
00035A10  10 00 00 00 78 D9 FF FF 08 00 00 00 18 00 00 00
00035A20  0E 00 00 00 63 6C 61 73 73 69 66 69 63 61 74 6F
00035A30  72 73 00 00 03 00 00 00 01 00 00 00 80 03 00 00
00035A40  01 00 00 00 A8 D9 FF FF 08 00 00 00 14 00 00 00
00035A50  09 00 00 00 72 65 73 68 61 70 65 5F 33 00 00 00
00035A60  03 00 00 00 01 00 00 00 80 01 00 00 10 00 00 00
00035A70  D4 D9 FF FF 08 00 00 00 14 00 00 00 09 00 00 00
00035A80  72 65 73 68 61 70 65 5F 31 00 00 00 03 00 00 00
00035A90  01 00 00 00 00 02 00 00 10 00 00 00 00 DA FF FF
00035AA0  08 00 00 00 14 00 00 00 09 00 00 00 72 65 73 68
00035AB0  61 70 65 5F 32 00 00 00 03 00 00 00 01 00 00 00
00035AC0  80 01 00 00 01 00 00 00 2C DA FF FF 08 00 00 00
00035AD0  10 00 00 00 07 00 00 00 72 65 73 68 61 70 65 00
00035AE0  03 00 00 00 01 00 00 00 00 02 00 00 01 00 00 00
00035AF0  54 DA FF FF 08 00 00 00 18 00 00 00 0C 00 00 00
00035B00  72 65 67 72 65 73 73 6F 72 5F 31 36 00 00 00 00
00035B10  04 00 00 00 01 00 00 00 08 00 00 00 08 00 00 00
00035B20  60 00 00 00 D0 DA FF FF 10 00 00 00 55 00 00 00
00035B30  00 00 00 01 1C 00 00 00 11 00 00 00 72 65 67 72
00035B40  65 73 73 6F 72 5F 31 36 2F 42 69 61 73 00 00 00
00035B50  01 00 00 00 60 00 00 00 04 DB FF FF 10 00 00 00
00035B60  54 00 00 00 00 00 00 01 1C 00 00 00 13 00 00 00
00035B70  72 65 67 72 65 73 73 6F 72 5F 31 36 2F 4B 65 72
00035B80  6E 65 6C 00 04 00 00 00 60 00 00 00 01 00 00 00
00035B90  01 00 00 00 60 00 00 00 FC DA FF FF 08 00 00 00
00035BA0  14 00 00 00 0B 00 00 00 72 65 67 72 65 73 73 6F
00035BB0  72 5F 38 00 04 00 00 00 01 00 00 00 10 00 00 00
00035BC0  10 00 00 00 20 00 00 00 74 DB FF FF 10 00 00 00
00035BD0  53 00 00 00 00 00 00 01 1C 00 00 00 10 00 00 00
00035BE0  72 65 67 72 65 73 73 6F 72 5F 38 2F 42 69 61 73
00035BF0  00 00 00 00 01 00 00 00 20 00 00 00 A8 DB FF FF
00035C00  10 00 00 00 52 00 00 00 00 00 00 01 1C 00 00 00
00035C10  12 00 00 00 72 65 67 72 65 73 73 6F 72 5F 38 2F
00035C20  4B 65 72 6E 65 6C 00 00 04 00 00 00 20 00 00 00
00035C30  01 00 00 00 01 00 00 00 58 00 00 00 A0 DB FF FF
00035C40  08 00 00 00 1C 00 00 00 10 00 00 00 63 6C 61 73
00035C50  73 69 66 69 63 61 74 6F 72 5F 31 36 00 00 00 00
00035C60  04 00 00 00 01 00 00 00 08 00 00 00 08 00 00 00
00035C70  06 00 00 00 20 DC FF FF 10 00 00 00 51 00 00 00
00035C80  00 00 00 01 20 00 00 00 15 00 00 00 63 6C 61 73
00035C90  73 69 66 69 63 61 74 6F 72 5F 31 36 2F 42 69 61
00035CA0  73 00 00 00 01 00 00 00 06 00 00 00 58 DC FF FF
00035CB0  10 00 00 00 50 00 00 00 00 00 00 01 20 00 00 00
00035CC0  17 00 00 00 63 6C 61 73 73 69 66 69 63 61 74 6F
00035CD0  72 5F 31 36 2F 4B 65 72 6E 65 6C 00 04 00 00 00
00035CE0  06 00 00 00 01 00 00 00 01 00 00 00 60 00 00 00
00035CF0  54 DC FF FF 08 00 00 00 18 00 00 00 0F 00 00 00
00035D00  63 6C 61 73 73 69 66 69 63 61 74 6F 72 5F 38 00
00035D10  04 00 00 00 01 00 00 00 10 00 00 00 10 00 00 00
00035D20  02 00 00 00 D0 DC FF FF 10 00 00 00 4F 00 00 00
00035D30  00 00 00 01 20 00 00 00 14 00 00 00 63 6C 61 73
00035D40  73 69 66 69 63 61 74 6F 72 5F 38 2F 42 69 61 73
00035D50  00 00 00 00 01 00 00 00 02 00 00 00 08 DD FF FF
00035D60  10 00 00 00 4E 00 00 00 00 00 00 01 20 00 00 00
00035D70  16 00 00 00 63 6C 61 73 73 69 66 69 63 61 74 6F
00035D80  72 5F 38 2F 4B 65 72 6E 65 6C 00 00 04 00 00 00
00035D90  02 00 00 00 01 00 00 00 01 00 00 00 58 00 00 00
00035DA0  04 DD FF FF 08 00 00 00 18 00 00 00 0D 00 00 00
00035DB0  61 63 74 69 76 61 74 69 6F 6E 5F 31 36 00 00 00
00035DC0  04 00 00 00 01 00 00 00 08 00 00 00 08 00 00 00
00035DD0  60 00 00 00 38 DD FF FF 08 00 00 00 20 00 00 00
00035DE0  16 00 00 00 61 64 64 5F 31 35 5F 5F 78 65 6E 6F
00035DF0  5F 63 6F 6D 70 61 74 5F 5F 31 00 00 04 00 00 00
00035E00  01 00 00 00 08 00 00 00 08 00 00 00 60 00 00 00
00035E10  74 DD FF FF 08 00 00 00 14 00 00 00 09 00 00 00
00035E20  63 6F 6E 76 32 64 5F 31 36 00 00 00 04 00 00 00
00035E30  01 00 00 00 08 00 00 00 08 00 00 00 60 00 00 00
00035E40  EC DD FF FF 10 00 00 00 4D 00 00 00 00 00 00 01
00035E50  18 00 00 00 0E 00 00 00 63 6F 6E 76 32 64 5F 31
00035E60  36 2F 42 69 61 73 00 00 01 00 00 00 60 00 00 00
00035E70  1C DE FF FF 10 00 00 00 4C 00 00 00 00 00 00 01
00035E80  1C 00 00 00 10 00 00 00 63 6F 6E 76 32 64 5F 31
00035E90  36 2F 4B 65 72 6E 65 6C 00 00 00 00 04 00 00 00
00035EA0  60 00 00 00 01 00 00 00 01 00 00 00 60 00 00 00
00035EB0  14 DE FF FF 08 00 00 00 1C 00 00 00 13 00 00 00
00035EC0  64 65 70 74 68 77 69 73 65 5F 63 6F 6E 76 32 64
00035ED0  5F 31 35 00 04 00 00 00 01 00 00 00 08 00 00 00
00035EE0  08 00 00 00 60 00 00 00 94 DE FF FF 10 00 00 00
00035EF0  4B 00 00 00 00 00 00 01 24 00 00 00 18 00 00 00
00035F00  64 65 70 74 68 77 69 73 65 5F 63 6F 6E 76 32 64
00035F10  5F 31 35 2F 42 69 61 73 00 00 00 00 01 00 00 00
00035F20  60 00 00 00 D0 DE FF FF 10 00 00 00 4A 00 00 00
00035F30  00 00 00 01 24 00 00 00 1A 00 00 00 64 65 70 74
00035F40  68 77 69 73 65 5F 63 6F 6E 76 32 64 5F 31 35 2F
00035F50  4B 65 72 6E 65 6C 00 00 04 00 00 00 01 00 00 00
00035F60  03 00 00 00 03 00 00 00 60 00 00 00 D0 DE FF FF
00035F70  08 00 00 00 18 00 00 00 0D 00 00 00 61 63 74 69
00035F80  76 61 74 69 6F 6E 5F 31 35 00 00 00 04 00 00 00
00035F90  01 00 00 00 08 00 00 00 08 00 00 00 60 00 00 00
00035FA0  04 DF FF FF 08 00 00 00 20 00 00 00 16 00 00 00
00035FB0  61 64 64 5F 31 34 5F 5F 78 65 6E 6F 5F 63 6F 6D
00035FC0  70 61 74 5F 5F 31 00 00 04 00 00 00 01 00 00 00
00035FD0  08 00 00 00 08 00 00 00 60 00 00 00 40 DF FF FF
00035FE0  08 00 00 00 14 00 00 00 09 00 00 00 63 6F 6E 76
00035FF0  32 64 5F 31 35 00 00 00 04 00 00 00 01 00 00 00
00036000  08 00 00 00 08 00 00 00 60 00 00 00 B8 DF FF FF
00036010  10 00 00 00 49 00 00 00 00 00 00 01 18 00 00 00
00036020  0E 00 00 00 63 6F 6E 76 32 64 5F 31 35 2F 42 69
00036030  61 73 00 00 01 00 00 00 60 00 00 00 E8 DF FF FF
00036040  10 00 00 00 48 00 00 00 00 00 00 01 1C 00 00 00
00036050  10 00 00 00 63 6F 6E 76 32 64 5F 31 35 2F 4B 65
00036060  72 6E 65 6C 00 00 00 00 04 00 00 00 60 00 00 00
00036070  01 00 00 00 01 00 00 00 60 00 00 00 E0 DF FF FF
00036080  08 00 00 00 1C 00 00 00 13 00 00 00 64 65 70 74
00036090  68 77 69 73 65 5F 63 6F 6E 76 32 64 5F 31 34 00
000360A0  04 00 00 00 01 00 00 00 08 00 00 00 08 00 00 00
000360B0  60 00 00 00 60 E0 FF FF 10 00 00 00 47 00 00 00
000360C0  00 00 00 01 24 00 00 00 18 00 00 00 64 65 70 74
000360D0  68 77 69 73 65 5F 63 6F 6E 76 32 64 5F 31 34 2F
000360E0  42 69 61 73 00 00 00 00 01 00 00 00 60 00 00 00
000360F0  9C E0 FF FF 10 00 00 00 46 00 00 00 00 00 00 01
00036100  24 00 00 00 1A 00 00 00 64 65 70 74 68 77 69 73
00036110  65 5F 63 6F 6E 76 32 64 5F 31 34 2F 4B 65 72 6E
00036120  65 6C 00 00 04 00 00 00 01 00 00 00 03 00 00 00
00036130  03 00 00 00 60 00 00 00 9C E0 FF FF 08 00 00 00
00036140  18 00 00 00 0D 00 00 00 61 63 74 69 76 61 74 69
00036150  6F 6E 5F 31 34 00 00 00 04 00 00 00 01 00 00 00
00036160  08 00 00 00 08 00 00 00 60 00 00 00 D0 E0 FF FF
00036170  08 00 00 00 20 00 00 00 16 00 00 00 61 64 64 5F
00036180  31 33 5F 5F 78 65 6E 6F 5F 63 6F 6D 70 61 74 5F
00036190  5F 31 00 00 04 00 00 00 01 00 00 00 08 00 00 00
000361A0  08 00 00 00 60 00 00 00 0C E1 FF FF 08 00 00 00
000361B0  14 00 00 00 09 00 00 00 63 6F 6E 76 32 64 5F 31
000361C0  34 00 00 00 04 00 00 00 01 00 00 00 08 00 00 00
000361D0  08 00 00 00 60 00 00 00 84 E1 FF FF 10 00 00 00
000361E0  45 00 00 00 00 00 00 01 18 00 00 00 0E 00 00 00
000361F0  63 6F 6E 76 32 64 5F 31 34 2F 42 69 61 73 00 00
00036200  01 00 00 00 60 00 00 00 B4 E1 FF FF 10 00 00 00
00036210  44 00 00 00 00 00 00 01 1C 00 00 00 10 00 00 00
00036220  63 6F 6E 76 32 64 5F 31 34 2F 4B 65 72 6E 65 6C
00036230  00 00 00 00 04 00 00 00 60 00 00 00 01 00 00 00
00036240  01 00 00 00 60 00 00 00 AC E1 FF FF 08 00 00 00
00036250  1C 00 00 00 13 00 00 00 64 65 70 74 68 77 69 73
00036260  65 5F 63 6F 6E 76 32 64 5F 31 33 00 04 00 00 00
00036270  01 00 00 00 08 00 00 00 08 00 00 00 60 00 00 00
00036280  2C E2 FF FF 10 00 00 00 43 00 00 00 00 00 00 01
00036290  24 00 00 00 18 00 00 00 64 65 70 74 68 77 69 73
000362A0  65 5F 63 6F 6E 76 32 64 5F 31 33 2F 42 69 61 73
000362B0  00 00 00 00 01 00 00 00 60 00 00 00 68 E2 FF FF
000362C0  10 00 00 00 42 00 00 00 00 00 00 01 24 00 00 00
000362D0  1A 00 00 00 64 65 70 74 68 77 69 73 65 5F 63 6F
000362E0  6E 76 32 64 5F 31 33 2F 4B 65 72 6E 65 6C 00 00
000362F0  04 00 00 00 01 00 00 00 03 00 00 00 03 00 00 00
00036300  60 00 00 00 68 E2 FF FF 08 00 00 00 18 00 00 00
00036310  0D 00 00 00 61 63 74 69 76 61 74 69 6F 6E 5F 31
00036320  33 00 00 00 04 00 00 00 01 00 00 00 08 00 00 00
00036330  08 00 00 00 60 00 00 00 9C E2 FF FF 08 00 00 00
00036340  20 00 00 00 16 00 00 00 61 64 64 5F 31 32 5F 5F
00036350  78 65 6E 6F 5F 63 6F 6D 70 61 74 5F 5F 31 00 00
00036360  04 00 00 00 01 00 00 00 08 00 00 00 08 00 00 00
00036370  60 00 00 00 D8 E2 FF FF 08 00 00 00 14 00 00 00
00036380  09 00 00 00 63 6F 6E 76 32 64 5F 31 33 00 00 00
00036390  04 00 00 00 01 00 00 00 08 00 00 00 08 00 00 00
000363A0  60 00 00 00 50 E3 FF FF 10 00 00 00 41 00 00 00
000363B0  00 00 00 01 18 00 00 00 0E 00 00 00 63 6F 6E 76
000363C0  32 64 5F 31 33 2F 42 69 61 73 00 00 01 00 00 00
000363D0  60 00 00 00 80 E3 FF FF 10 00 00 00 40 00 00 00
000363E0  00 00 00 01 1C 00 00 00 10 00 00 00 63 6F 6E 76
000363F0  32 64 5F 31 33 2F 4B 65 72 6E 65 6C 00 00 00 00
00036400  04 00 00 00 60 00 00 00 01 00 00 00 01 00 00 00
00036410  60 00 00 00 78 E3 FF FF 08 00 00 00 1C 00 00 00
00036420  13 00 00 00 64 65 70 74 68 77 69 73 65 5F 63 6F
00036430  6E 76 32 64 5F 31 32 00 04 00 00 00 01 00 00 00
00036440  08 00 00 00 08 00 00 00 60 00 00 00 F8 E3 FF FF
00036450  10 00 00 00 3F 00 00 00 00 00 00 01 24 00 00 00
00036460  18 00 00 00 64 65 70 74 68 77 69 73 65 5F 63 6F
00036470  6E 76 32 64 5F 31 32 2F 42 69 61 73 00 00 00 00
00036480  01 00 00 00 60 00 00 00 34 E4 FF FF 10 00 00 00
00036490  3E 00 00 00 00 00 00 01 24 00 00 00 1A 00 00 00
000364A0  64 65 70 74 68 77 69 73 65 5F 63 6F 6E 76 32 64
000364B0  5F 31 32 2F 4B 65 72 6E 65 6C 00 00 04 00 00 00
000364C0  01 00 00 00 03 00 00 00 03 00 00 00 60 00 00 00
000364D0  34 E4 FF FF 08 00 00 00 18 00 00 00 0D 00 00 00
000364E0  61 63 74 69 76 61 74 69 6F 6E 5F 31 32 00 00 00
000364F0  04 00 00 00 01 00 00 00 08 00 00 00 08 00 00 00
00036500  60 00 00 00 68 E4 FF FF 08 00 00 00 20 00 00 00
00036510  16 00 00 00 61 64 64 5F 31 31 5F 5F 78 65 6E 6F
00036520  5F 63 6F 6D 70 61 74 5F 5F 31 00 00 04 00 00 00
00036530  01 00 00 00 08 00 00 00 08 00 00 00 60 00 00 00
00036540  A4 E4 FF FF 08 00 00 00 1C 00 00 00 12 00 00 00
00036550  63 68 61 6E 6E 65 6C 5F 70 61 64 64 69 6E 67 5F
00036560  31 30 00 00 04 00 00 00 01 00 00 00 08 00 00 00
00036570  08 00 00 00 60 00 00 00 24 E5 FF FF 10 00 00 00
00036580  3D 00 00 00 00 00 00 02 24 00 00 00 1B 00 00 00
00036590  63 68 61 6E 6E 65 6C 5F 70 61 64 64 69 6E 67 5F
000365A0  31 30 2F 50 61 64 64 69 6E 67 73 00 02 00 00 00
000365B0  04 00 00 00 02 00 00 00 1C E5 FF FF 08 00 00 00
000365C0  14 00 00 00 09 00 00 00 63 6F 6E 76 32 64 5F 31
000365D0  32 00 00 00 04 00 00 00 01 00 00 00 08 00 00 00
000365E0  08 00 00 00 60 00 00 00 94 E5 FF FF 10 00 00 00
000365F0  3C 00 00 00 00 00 00 01 18 00 00 00 0E 00 00 00
00036600  63 6F 6E 76 32 64 5F 31 32 2F 42 69 61 73 00 00
00036610  01 00 00 00 60 00 00 00 C4 E5 FF FF 10 00 00 00
00036620  3B 00 00 00 00 00 00 01 1C 00 00 00 10 00 00 00
00036630  63 6F 6E 76 32 64 5F 31 32 2F 4B 65 72 6E 65 6C
00036640  00 00 00 00 04 00 00 00 60 00 00 00 01 00 00 00
00036650  01 00 00 00 58 00 00 00 BC E5 FF FF 08 00 00 00
00036660  18 00 00 00 0F 00 00 00 6D 61 78 5F 70 6F 6F 6C
00036670  69 6E 67 32 64 5F 32 00 04 00 00 00 01 00 00 00
00036680  08 00 00 00 08 00 00 00 58 00 00 00 F0 E5 FF FF
00036690  08 00 00 00 1C 00 00 00 13 00 00 00 64 65 70 74
000366A0  68 77 69 73 65 5F 63 6F 6E 76 32 64 5F 31 31 00
000366B0  04 00 00 00 01 00 00 00 08 00 00 00 08 00 00 00
000366C0  58 00 00 00 70 E6 FF FF 10 00 00 00 3A 00 00 00
000366D0  00 00 00 01 24 00 00 00 18 00 00 00 64 65 70 74
000366E0  68 77 69 73 65 5F 63 6F 6E 76 32 64 5F 31 31 2F
000366F0  42 69 61 73 00 00 00 00 01 00 00 00 58 00 00 00
00036700  AC E6 FF FF 10 00 00 00 39 00 00 00 00 00 00 01
00036710  24 00 00 00 1A 00 00 00 64 65 70 74 68 77 69 73
00036720  65 5F 63 6F 6E 76 32 64 5F 31 31 2F 4B 65 72 6E
00036730  65 6C 00 00 04 00 00 00 01 00 00 00 03 00 00 00
00036740  03 00 00 00 58 00 00 00 AC E6 FF FF 08 00 00 00
00036750  18 00 00 00 0D 00 00 00 61 63 74 69 76 61 74 69
00036760  6F 6E 5F 31 31 00 00 00 04 00 00 00 01 00 00 00
00036770  10 00 00 00 10 00 00 00 58 00 00 00 E0 E6 FF FF
00036780  08 00 00 00 20 00 00 00 16 00 00 00 61 64 64 5F
00036790  31 30 5F 5F 78 65 6E 6F 5F 63 6F 6D 70 61 74 5F
000367A0  5F 31 00 00 04 00 00 00 01 00 00 00 10 00 00 00
000367B0  10 00 00 00 58 00 00 00 1C E7 FF FF 08 00 00 00
000367C0  1C 00 00 00 11 00 00 00 63 68 61 6E 6E 65 6C 5F
000367D0  70 61 64 64 69 6E 67 5F 39 00 00 00 04 00 00 00
000367E0  01 00 00 00 10 00 00 00 10 00 00 00 58 00 00 00
000367F0  9C E7 FF FF 10 00 00 00 38 00 00 00 00 00 00 02
00036800  24 00 00 00 1A 00 00 00 63 68 61 6E 6E 65 6C 5F
00036810  70 61 64 64 69 6E 67 5F 39 2F 50 61 64 64 69 6E
00036820  67 73 00 00 02 00 00 00 04 00 00 00 02 00 00 00
00036830  94 E7 FF FF 08 00 00 00 14 00 00 00 09 00 00 00
00036840  63 6F 6E 76 32 64 5F 31 31 00 00 00 04 00 00 00
00036850  01 00 00 00 10 00 00 00 10 00 00 00 58 00 00 00
00036860  0C E8 FF FF 10 00 00 00 37 00 00 00 00 00 00 01
00036870  18 00 00 00 0E 00 00 00 63 6F 6E 76 32 64 5F 31
00036880  31 2F 42 69 61 73 00 00 01 00 00 00 58 00 00 00
00036890  3C E8 FF FF 10 00 00 00 36 00 00 00 00 00 00 01
000368A0  1C 00 00 00 10 00 00 00 63 6F 6E 76 32 64 5F 31
000368B0  31 2F 4B 65 72 6E 65 6C 00 00 00 00 04 00 00 00
000368C0  58 00 00 00 01 00 00 00 01 00 00 00 50 00 00 00
000368D0  34 E8 FF FF 08 00 00 00 1C 00 00 00 13 00 00 00
000368E0  64 65 70 74 68 77 69 73 65 5F 63 6F 6E 76 32 64
000368F0  5F 31 30 00 04 00 00 00 01 00 00 00 10 00 00 00
00036900  10 00 00 00 50 00 00 00 B4 E8 FF FF 10 00 00 00
00036910  35 00 00 00 00 00 00 01 24 00 00 00 18 00 00 00
00036920  64 65 70 74 68 77 69 73 65 5F 63 6F 6E 76 32 64
00036930  5F 31 30 2F 42 69 61 73 00 00 00 00 01 00 00 00
00036940  50 00 00 00 F0 E8 FF FF 10 00 00 00 34 00 00 00
00036950  00 00 00 01 24 00 00 00 1A 00 00 00 64 65 70 74
00036960  68 77 69 73 65 5F 63 6F 6E 76 32 64 5F 31 30 2F
00036970  4B 65 72 6E 65 6C 00 00 04 00 00 00 01 00 00 00
00036980  03 00 00 00 03 00 00 00 50 00 00 00 F0 E8 FF FF
00036990  08 00 00 00 18 00 00 00 0D 00 00 00 61 63 74 69
000369A0  76 61 74 69 6F 6E 5F 31 30 00 00 00 04 00 00 00
000369B0  01 00 00 00 10 00 00 00 10 00 00 00 50 00 00 00
000369C0  24 E9 FF FF 08 00 00 00 20 00 00 00 15 00 00 00
000369D0  61 64 64 5F 39 5F 5F 78 65 6E 6F 5F 63 6F 6D 70
000369E0  61 74 5F 5F 31 00 00 00 04 00 00 00 01 00 00 00
000369F0  10 00 00 00 10 00 00 00 50 00 00 00 60 E9 FF FF
00036A00  08 00 00 00 1C 00 00 00 11 00 00 00 63 68 61 6E
00036A10  6E 65 6C 5F 70 61 64 64 69 6E 67 5F 38 00 00 00
00036A20  04 00 00 00 01 00 00 00 10 00 00 00 10 00 00 00
00036A30  50 00 00 00 E0 E9 FF FF 10 00 00 00 33 00 00 00
00036A40  00 00 00 02 24 00 00 00 1A 00 00 00 63 68 61 6E
00036A50  6E 65 6C 5F 70 61 64 64 69 6E 67 5F 38 2F 50 61
00036A60  64 64 69 6E 67 73 00 00 02 00 00 00 04 00 00 00
00036A70  02 00 00 00 D8 E9 FF FF 08 00 00 00 14 00 00 00
00036A80  09 00 00 00 63 6F 6E 76 32 64 5F 31 30 00 00 00
00036A90  04 00 00 00 01 00 00 00 10 00 00 00 10 00 00 00
00036AA0  50 00 00 00 50 EA FF FF 10 00 00 00 32 00 00 00
00036AB0  00 00 00 01 18 00 00 00 0E 00 00 00 63 6F 6E 76
00036AC0  32 64 5F 31 30 2F 42 69 61 73 00 00 01 00 00 00
00036AD0  50 00 00 00 80 EA FF FF 10 00 00 00 31 00 00 00
00036AE0  00 00 00 01 1C 00 00 00 10 00 00 00 63 6F 6E 76
00036AF0  32 64 5F 31 30 2F 4B 65 72 6E 65 6C 00 00 00 00
00036B00  04 00 00 00 50 00 00 00 01 00 00 00 01 00 00 00
00036B10  48 00 00 00 78 EA FF FF 08 00 00 00 1C 00 00 00
00036B20  12 00 00 00 64 65 70 74 68 77 69 73 65 5F 63 6F
00036B30  6E 76 32 64 5F 39 00 00 04 00 00 00 01 00 00 00
00036B40  10 00 00 00 10 00 00 00 48 00 00 00 F8 EA FF FF
00036B50  10 00 00 00 30 00 00 00 00 00 00 01 20 00 00 00
00036B60  17 00 00 00 64 65 70 74 68 77 69 73 65 5F 63 6F
00036B70  6E 76 32 64 5F 39 2F 42 69 61 73 00 01 00 00 00
00036B80  48 00 00 00 30 EB FF FF 10 00 00 00 2F 00 00 00
00036B90  00 00 00 01 24 00 00 00 19 00 00 00 64 65 70 74
00036BA0  68 77 69 73 65 5F 63 6F 6E 76 32 64 5F 39 2F 4B
00036BB0  65 72 6E 65 6C 00 00 00 04 00 00 00 01 00 00 00
00036BC0  03 00 00 00 03 00 00 00 48 00 00 00 30 EB FF FF
00036BD0  08 00 00 00 18 00 00 00 0C 00 00 00 61 63 74 69
00036BE0  76 61 74 69 6F 6E 5F 39 00 00 00 00 04 00 00 00
00036BF0  01 00 00 00 10 00 00 00 10 00 00 00 48 00 00 00
00036C00  64 EB FF FF 08 00 00 00 20 00 00 00 15 00 00 00
00036C10  61 64 64 5F 38 5F 5F 78 65 6E 6F 5F 63 6F 6D 70
00036C20  61 74 5F 5F 31 00 00 00 04 00 00 00 01 00 00 00
00036C30  10 00 00 00 10 00 00 00 48 00 00 00 A0 EB FF FF
00036C40  08 00 00 00 1C 00 00 00 11 00 00 00 63 68 61 6E
00036C50  6E 65 6C 5F 70 61 64 64 69 6E 67 5F 37 00 00 00
00036C60  04 00 00 00 01 00 00 00 10 00 00 00 10 00 00 00
00036C70  48 00 00 00 20 EC FF FF 10 00 00 00 2E 00 00 00
00036C80  00 00 00 02 24 00 00 00 1A 00 00 00 63 68 61 6E
00036C90  6E 65 6C 5F 70 61 64 64 69 6E 67 5F 37 2F 50 61
00036CA0  64 64 69 6E 67 73 00 00 02 00 00 00 04 00 00 00
00036CB0  02 00 00 00 18 EC FF FF 08 00 00 00 14 00 00 00
00036CC0  08 00 00 00 63 6F 6E 76 32 64 5F 39 00 00 00 00
00036CD0  04 00 00 00 01 00 00 00 10 00 00 00 10 00 00 00
00036CE0  48 00 00 00 90 EC FF FF 10 00 00 00 2D 00 00 00
00036CF0  00 00 00 01 18 00 00 00 0D 00 00 00 63 6F 6E 76
00036D00  32 64 5F 39 2F 42 69 61 73 00 00 00 01 00 00 00
00036D10  48 00 00 00 C0 EC FF FF 10 00 00 00 2C 00 00 00
00036D20  00 00 00 01 18 00 00 00 0F 00 00 00 63 6F 6E 76
00036D30  32 64 5F 39 2F 4B 65 72 6E 65 6C 00 04 00 00 00
00036D40  48 00 00 00 01 00 00 00 01 00 00 00 40 00 00 00
00036D50  B4 EC FF FF 08 00 00 00 1C 00 00 00 12 00 00 00
00036D60  64 65 70 74 68 77 69 73 65 5F 63 6F 6E 76 32 64
00036D70  5F 38 00 00 04 00 00 00 01 00 00 00 10 00 00 00
00036D80  10 00 00 00 40 00 00 00 34 ED FF FF 10 00 00 00
00036D90  2B 00 00 00 00 00 00 01 20 00 00 00 17 00 00 00
00036DA0  64 65 70 74 68 77 69 73 65 5F 63 6F 6E 76 32 64
00036DB0  5F 38 2F 42 69 61 73 00 01 00 00 00 40 00 00 00
00036DC0  6C ED FF FF 10 00 00 00 2A 00 00 00 00 00 00 01
00036DD0  24 00 00 00 19 00 00 00 64 65 70 74 68 77 69 73
00036DE0  65 5F 63 6F 6E 76 32 64 5F 38 2F 4B 65 72 6E 65
00036DF0  6C 00 00 00 04 00 00 00 01 00 00 00 03 00 00 00
00036E00  03 00 00 00 40 00 00 00 6C ED FF FF 08 00 00 00
00036E10  18 00 00 00 0C 00 00 00 61 63 74 69 76 61 74 69
00036E20  6F 6E 5F 38 00 00 00 00 04 00 00 00 01 00 00 00
00036E30  10 00 00 00 10 00 00 00 40 00 00 00 A0 ED FF FF
00036E40  08 00 00 00 20 00 00 00 15 00 00 00 61 64 64 5F
00036E50  37 5F 5F 78 65 6E 6F 5F 63 6F 6D 70 61 74 5F 5F
00036E60  31 00 00 00 04 00 00 00 01 00 00 00 10 00 00 00
00036E70  10 00 00 00 40 00 00 00 DC ED FF FF 08 00 00 00
00036E80  1C 00 00 00 11 00 00 00 63 68 61 6E 6E 65 6C 5F
00036E90  70 61 64 64 69 6E 67 5F 36 00 00 00 04 00 00 00
00036EA0  01 00 00 00 10 00 00 00 10 00 00 00 40 00 00 00
00036EB0  5C EE FF FF 10 00 00 00 29 00 00 00 00 00 00 02
00036EC0  24 00 00 00 1A 00 00 00 63 68 61 6E 6E 65 6C 5F
00036ED0  70 61 64 64 69 6E 67 5F 36 2F 50 61 64 64 69 6E
00036EE0  67 73 00 00 02 00 00 00 04 00 00 00 02 00 00 00
00036EF0  54 EE FF FF 08 00 00 00 14 00 00 00 08 00 00 00
00036F00  63 6F 6E 76 32 64 5F 38 00 00 00 00 04 00 00 00
00036F10  01 00 00 00 10 00 00 00 10 00 00 00 40 00 00 00
00036F20  CC EE FF FF 10 00 00 00 28 00 00 00 00 00 00 01
00036F30  18 00 00 00 0D 00 00 00 63 6F 6E 76 32 64 5F 38
00036F40  2F 42 69 61 73 00 00 00 01 00 00 00 40 00 00 00
00036F50  FC EE FF FF 10 00 00 00 27 00 00 00 00 00 00 01
00036F60  18 00 00 00 0F 00 00 00 63 6F 6E 76 32 64 5F 38
00036F70  2F 4B 65 72 6E 65 6C 00 04 00 00 00 40 00 00 00
00036F80  01 00 00 00 01 00 00 00 38 00 00 00 F0 EE FF FF
00036F90  08 00 00 00 1C 00 00 00 12 00 00 00 64 65 70 74
00036FA0  68 77 69 73 65 5F 63 6F 6E 76 32 64 5F 37 00 00
00036FB0  04 00 00 00 01 00 00 00 10 00 00 00 10 00 00 00
00036FC0  38 00 00 00 70 EF FF FF 10 00 00 00 26 00 00 00
00036FD0  00 00 00 01 20 00 00 00 17 00 00 00 64 65 70 74
00036FE0  68 77 69 73 65 5F 63 6F 6E 76 32 64 5F 37 2F 42
00036FF0  69 61 73 00 01 00 00 00 38 00 00 00 A8 EF FF FF
00037000  10 00 00 00 25 00 00 00 00 00 00 01 24 00 00 00
00037010  19 00 00 00 64 65 70 74 68 77 69 73 65 5F 63 6F
00037020  6E 76 32 64 5F 37 2F 4B 65 72 6E 65 6C 00 00 00
00037030  04 00 00 00 01 00 00 00 03 00 00 00 03 00 00 00
00037040  38 00 00 00 A8 EF FF FF 08 00 00 00 18 00 00 00
00037050  0C 00 00 00 61 63 74 69 76 61 74 69 6F 6E 5F 37
00037060  00 00 00 00 04 00 00 00 01 00 00 00 10 00 00 00
00037070  10 00 00 00 38 00 00 00 DC EF FF FF 08 00 00 00
00037080  20 00 00 00 15 00 00 00 61 64 64 5F 36 5F 5F 78
00037090  65 6E 6F 5F 63 6F 6D 70 61 74 5F 5F 31 00 00 00
000370A0  04 00 00 00 01 00 00 00 10 00 00 00 10 00 00 00
000370B0  38 00 00 00 18 F0 FF FF 08 00 00 00 1C 00 00 00
000370C0  11 00 00 00 63 68 61 6E 6E 65 6C 5F 70 61 64 64
000370D0  69 6E 67 5F 35 00 00 00 04 00 00 00 01 00 00 00
000370E0  10 00 00 00 10 00 00 00 38 00 00 00 98 F0 FF FF
000370F0  10 00 00 00 24 00 00 00 00 00 00 02 24 00 00 00
00037100  1A 00 00 00 63 68 61 6E 6E 65 6C 5F 70 61 64 64
00037110  69 6E 67 5F 35 2F 50 61 64 64 69 6E 67 73 00 00
00037120  02 00 00 00 04 00 00 00 02 00 00 00 90 F0 FF FF
00037130  08 00 00 00 14 00 00 00 08 00 00 00 63 6F 6E 76
00037140  32 64 5F 37 00 00 00 00 04 00 00 00 01 00 00 00
00037150  10 00 00 00 10 00 00 00 38 00 00 00 08 F1 FF FF
00037160  10 00 00 00 23 00 00 00 00 00 00 01 18 00 00 00
00037170  0D 00 00 00 63 6F 6E 76 32 64 5F 37 2F 42 69 61
00037180  73 00 00 00 01 00 00 00 38 00 00 00 38 F1 FF FF
00037190  10 00 00 00 22 00 00 00 00 00 00 01 18 00 00 00
000371A0  0F 00 00 00 63 6F 6E 76 32 64 5F 37 2F 4B 65 72
000371B0  6E 65 6C 00 04 00 00 00 38 00 00 00 01 00 00 00
000371C0  01 00 00 00 30 00 00 00 2C F1 FF FF 08 00 00 00
000371D0  1C 00 00 00 12 00 00 00 64 65 70 74 68 77 69 73
000371E0  65 5F 63 6F 6E 76 32 64 5F 36 00 00 04 00 00 00
000371F0  01 00 00 00 10 00 00 00 10 00 00 00 30 00 00 00
00037200  AC F1 FF FF 10 00 00 00 21 00 00 00 00 00 00 01
00037210  20 00 00 00 17 00 00 00 64 65 70 74 68 77 69 73
00037220  65 5F 63 6F 6E 76 32 64 5F 36 2F 42 69 61 73 00
00037230  01 00 00 00 30 00 00 00 E4 F1 FF FF 10 00 00 00
00037240  20 00 00 00 00 00 00 01 24 00 00 00 19 00 00 00
00037250  64 65 70 74 68 77 69 73 65 5F 63 6F 6E 76 32 64
00037260  5F 36 2F 4B 65 72 6E 65 6C 00 00 00 04 00 00 00
00037270  01 00 00 00 03 00 00 00 03 00 00 00 30 00 00 00
00037280  E4 F1 FF FF 08 00 00 00 18 00 00 00 0C 00 00 00
00037290  61 63 74 69 76 61 74 69 6F 6E 5F 36 00 00 00 00
000372A0  04 00 00 00 01 00 00 00 10 00 00 00 10 00 00 00
000372B0  30 00 00 00 18 F2 FF FF 08 00 00 00 20 00 00 00
000372C0  15 00 00 00 61 64 64 5F 35 5F 5F 78 65 6E 6F 5F
000372D0  63 6F 6D 70 61 74 5F 5F 31 00 00 00 04 00 00 00
000372E0  01 00 00 00 10 00 00 00 10 00 00 00 30 00 00 00
000372F0  54 F2 FF FF 08 00 00 00 1C 00 00 00 11 00 00 00
00037300  63 68 61 6E 6E 65 6C 5F 70 61 64 64 69 6E 67 5F
00037310  34 00 00 00 04 00 00 00 01 00 00 00 10 00 00 00
00037320  10 00 00 00 30 00 00 00 D4 F2 FF FF 10 00 00 00
00037330  1F 00 00 00 00 00 00 02 24 00 00 00 1A 00 00 00
00037340  63 68 61 6E 6E 65 6C 5F 70 61 64 64 69 6E 67 5F
00037350  34 2F 50 61 64 64 69 6E 67 73 00 00 02 00 00 00
00037360  04 00 00 00 02 00 00 00 CC F2 FF FF 08 00 00 00
00037370  14 00 00 00 08 00 00 00 63 6F 6E 76 32 64 5F 36
00037380  00 00 00 00 04 00 00 00 01 00 00 00 10 00 00 00
00037390  10 00 00 00 30 00 00 00 44 F3 FF FF 10 00 00 00
000373A0  1E 00 00 00 00 00 00 01 18 00 00 00 0D 00 00 00
000373B0  63 6F 6E 76 32 64 5F 36 2F 42 69 61 73 00 00 00
000373C0  01 00 00 00 30 00 00 00 74 F3 FF FF 10 00 00 00
000373D0  1D 00 00 00 00 00 00 01 18 00 00 00 0F 00 00 00
000373E0  63 6F 6E 76 32 64 5F 36 2F 4B 65 72 6E 65 6C 00
000373F0  04 00 00 00 30 00 00 00 01 00 00 00 01 00 00 00
00037400  2A 00 00 00 68 F3 FF FF 08 00 00 00 18 00 00 00
00037410  0F 00 00 00 6D 61 78 5F 70 6F 6F 6C 69 6E 67 32
00037420  64 5F 31 00 04 00 00 00 01 00 00 00 10 00 00 00
00037430  10 00 00 00 2A 00 00 00 9C F3 FF FF 08 00 00 00
00037440  1C 00 00 00 12 00 00 00 64 65 70 74 68 77 69 73
00037450  65 5F 63 6F 6E 76 32 64 5F 35 00 00 04 00 00 00
00037460  01 00 00 00 10 00 00 00 10 00 00 00 2A 00 00 00
00037470  1C F4 FF FF 10 00 00 00 1C 00 00 00 00 00 00 01
00037480  20 00 00 00 17 00 00 00 64 65 70 74 68 77 69 73
00037490  65 5F 63 6F 6E 76 32 64 5F 35 2F 42 69 61 73 00
000374A0  01 00 00 00 2A 00 00 00 54 F4 FF FF 10 00 00 00
000374B0  1B 00 00 00 00 00 00 01 24 00 00 00 19 00 00 00
000374C0  64 65 70 74 68 77 69 73 65 5F 63 6F 6E 76 32 64
000374D0  5F 35 2F 4B 65 72 6E 65 6C 00 00 00 04 00 00 00
000374E0  01 00 00 00 03 00 00 00 03 00 00 00 2A 00 00 00
000374F0  54 F4 FF FF 08 00 00 00 18 00 00 00 0C 00 00 00
00037500  61 63 74 69 76 61 74 69 6F 6E 5F 35 00 00 00 00
00037510  04 00 00 00 01 00 00 00 20 00 00 00 20 00 00 00
00037520  2A 00 00 00 88 F4 FF FF 08 00 00 00 20 00 00 00
00037530  15 00 00 00 61 64 64 5F 34 5F 5F 78 65 6E 6F 5F
00037540  63 6F 6D 70 61 74 5F 5F 31 00 00 00 04 00 00 00
00037550  01 00 00 00 20 00 00 00 20 00 00 00 2A 00 00 00
00037560  C4 F4 FF FF 08 00 00 00 1C 00 00 00 11 00 00 00
00037570  63 68 61 6E 6E 65 6C 5F 70 61 64 64 69 6E 67 5F
00037580  33 00 00 00 04 00 00 00 01 00 00 00 20 00 00 00
00037590  20 00 00 00 2A 00 00 00 44 F5 FF FF 10 00 00 00
000375A0  1A 00 00 00 00 00 00 02 24 00 00 00 1A 00 00 00
000375B0  63 68 61 6E 6E 65 6C 5F 70 61 64 64 69 6E 67 5F
000375C0  33 2F 50 61 64 64 69 6E 67 73 00 00 02 00 00 00
000375D0  04 00 00 00 02 00 00 00 3C F5 FF FF 08 00 00 00
000375E0  14 00 00 00 08 00 00 00 63 6F 6E 76 32 64 5F 35
000375F0  00 00 00 00 04 00 00 00 01 00 00 00 20 00 00 00
00037600  20 00 00 00 2A 00 00 00 B4 F5 FF FF 10 00 00 00
00037610  19 00 00 00 00 00 00 01 18 00 00 00 0D 00 00 00
00037620  63 6F 6E 76 32 64 5F 35 2F 42 69 61 73 00 00 00
00037630  01 00 00 00 2A 00 00 00 E4 F5 FF FF 10 00 00 00
00037640  18 00 00 00 00 00 00 01 18 00 00 00 0F 00 00 00
00037650  63 6F 6E 76 32 64 5F 35 2F 4B 65 72 6E 65 6C 00
00037660  04 00 00 00 2A 00 00 00 01 00 00 00 01 00 00 00
00037670  24 00 00 00 D8 F5 FF FF 08 00 00 00 1C 00 00 00
00037680  12 00 00 00 64 65 70 74 68 77 69 73 65 5F 63 6F
00037690  6E 76 32 64 5F 34 00 00 04 00 00 00 01 00 00 00
000376A0  20 00 00 00 20 00 00 00 24 00 00 00 58 F6 FF FF
000376B0  10 00 00 00 17 00 00 00 00 00 00 01 20 00 00 00
000376C0  17 00 00 00 64 65 70 74 68 77 69 73 65 5F 63 6F
000376D0  6E 76 32 64 5F 34 2F 42 69 61 73 00 01 00 00 00
000376E0  24 00 00 00 90 F6 FF FF 10 00 00 00 16 00 00 00
000376F0  00 00 00 01 24 00 00 00 19 00 00 00 64 65 70 74
00037700  68 77 69 73 65 5F 63 6F 6E 76 32 64 5F 34 2F 4B
00037710  65 72 6E 65 6C 00 00 00 04 00 00 00 01 00 00 00
00037720  03 00 00 00 03 00 00 00 24 00 00 00 90 F6 FF FF
00037730  08 00 00 00 18 00 00 00 0C 00 00 00 61 63 74 69
00037740  76 61 74 69 6F 6E 5F 34 00 00 00 00 04 00 00 00
00037750  01 00 00 00 20 00 00 00 20 00 00 00 24 00 00 00
00037760  C4 F6 FF FF 08 00 00 00 20 00 00 00 15 00 00 00
00037770  61 64 64 5F 33 5F 5F 78 65 6E 6F 5F 63 6F 6D 70
00037780  61 74 5F 5F 31 00 00 00 04 00 00 00 01 00 00 00
00037790  20 00 00 00 20 00 00 00 24 00 00 00 00 F7 FF FF
000377A0  08 00 00 00 1C 00 00 00 11 00 00 00 63 68 61 6E
000377B0  6E 65 6C 5F 70 61 64 64 69 6E 67 5F 32 00 00 00
000377C0  04 00 00 00 01 00 00 00 20 00 00 00 20 00 00 00
000377D0  24 00 00 00 80 F7 FF FF 10 00 00 00 15 00 00 00
000377E0  00 00 00 02 24 00 00 00 1A 00 00 00 63 68 61 6E
000377F0  6E 65 6C 5F 70 61 64 64 69 6E 67 5F 32 2F 50 61
00037800  64 64 69 6E 67 73 00 00 02 00 00 00 04 00 00 00
00037810  02 00 00 00 78 F7 FF FF 08 00 00 00 14 00 00 00
00037820  08 00 00 00 63 6F 6E 76 32 64 5F 34 00 00 00 00
00037830  04 00 00 00 01 00 00 00 20 00 00 00 20 00 00 00
00037840  24 00 00 00 F0 F7 FF FF 10 00 00 00 14 00 00 00
00037850  00 00 00 01 18 00 00 00 0D 00 00 00 63 6F 6E 76
00037860  32 64 5F 34 2F 42 69 61 73 00 00 00 01 00 00 00
00037870  24 00 00 00 20 F8 FF FF 10 00 00 00 13 00 00 00
00037880  00 00 00 01 18 00 00 00 0F 00 00 00 63 6F 6E 76
00037890  32 64 5F 34 2F 4B 65 72 6E 65 6C 00 04 00 00 00
000378A0  24 00 00 00 01 00 00 00 01 00 00 00 20 00 00 00
000378B0  14 F8 FF FF 08 00 00 00 1C 00 00 00 12 00 00 00
000378C0  64 65 70 74 68 77 69 73 65 5F 63 6F 6E 76 32 64
000378D0  5F 33 00 00 04 00 00 00 01 00 00 00 20 00 00 00
000378E0  20 00 00 00 20 00 00 00 94 F8 FF FF 10 00 00 00
000378F0  12 00 00 00 00 00 00 01 20 00 00 00 17 00 00 00
00037900  64 65 70 74 68 77 69 73 65 5F 63 6F 6E 76 32 64
00037910  5F 33 2F 42 69 61 73 00 01 00 00 00 20 00 00 00
00037920  CC F8 FF FF 10 00 00 00 11 00 00 00 00 00 00 01
00037930  24 00 00 00 19 00 00 00 64 65 70 74 68 77 69 73
00037940  65 5F 63 6F 6E 76 32 64 5F 33 2F 4B 65 72 6E 65
00037950  6C 00 00 00 04 00 00 00 01 00 00 00 03 00 00 00
00037960  03 00 00 00 20 00 00 00 CC F8 FF FF 08 00 00 00
00037970  18 00 00 00 0C 00 00 00 61 63 74 69 76 61 74 69
00037980  6F 6E 5F 33 00 00 00 00 04 00 00 00 01 00 00 00
00037990  20 00 00 00 20 00 00 00 20 00 00 00 00 F9 FF FF
000379A0  08 00 00 00 20 00 00 00 15 00 00 00 61 64 64 5F
000379B0  32 5F 5F 78 65 6E 6F 5F 63 6F 6D 70 61 74 5F 5F
000379C0  31 00 00 00 04 00 00 00 01 00 00 00 20 00 00 00
000379D0  20 00 00 00 20 00 00 00 3C F9 FF FF 08 00 00 00
000379E0  1C 00 00 00 11 00 00 00 63 68 61 6E 6E 65 6C 5F
000379F0  70 61 64 64 69 6E 67 5F 31 00 00 00 04 00 00 00
00037A00  01 00 00 00 20 00 00 00 20 00 00 00 20 00 00 00
00037A10  BC F9 FF FF 10 00 00 00 10 00 00 00 00 00 00 02
00037A20  24 00 00 00 1A 00 00 00 63 68 61 6E 6E 65 6C 5F
00037A30  70 61 64 64 69 6E 67 5F 31 2F 50 61 64 64 69 6E
00037A40  67 73 00 00 02 00 00 00 04 00 00 00 02 00 00 00
00037A50  B4 F9 FF FF 08 00 00 00 14 00 00 00 08 00 00 00
00037A60  63 6F 6E 76 32 64 5F 33 00 00 00 00 04 00 00 00
00037A70  01 00 00 00 20 00 00 00 20 00 00 00 20 00 00 00
00037A80  2C FA FF FF 10 00 00 00 0F 00 00 00 00 00 00 01
00037A90  18 00 00 00 0D 00 00 00 63 6F 6E 76 32 64 5F 33
00037AA0  2F 42 69 61 73 00 00 00 01 00 00 00 20 00 00 00
00037AB0  5C FA FF FF 10 00 00 00 0E 00 00 00 00 00 00 01
00037AC0  18 00 00 00 0F 00 00 00 63 6F 6E 76 32 64 5F 33
00037AD0  2F 4B 65 72 6E 65 6C 00 04 00 00 00 20 00 00 00
00037AE0  01 00 00 00 01 00 00 00 1C 00 00 00 50 FA FF FF
00037AF0  08 00 00 00 18 00 00 00 0D 00 00 00 6D 61 78 5F
00037B00  70 6F 6F 6C 69 6E 67 32 64 00 00 00 04 00 00 00
00037B10  01 00 00 00 20 00 00 00 20 00 00 00 1C 00 00 00
00037B20  84 FA FF FF 08 00 00 00 1C 00 00 00 12 00 00 00
00037B30  64 65 70 74 68 77 69 73 65 5F 63 6F 6E 76 32 64
00037B40  5F 32 00 00 04 00 00 00 01 00 00 00 20 00 00 00
00037B50  20 00 00 00 1C 00 00 00 04 FB FF FF 10 00 00 00
00037B60  0D 00 00 00 00 00 00 01 20 00 00 00 17 00 00 00
00037B70  64 65 70 74 68 77 69 73 65 5F 63 6F 6E 76 32 64
00037B80  5F 32 2F 42 69 61 73 00 01 00 00 00 1C 00 00 00
00037B90  3C FB FF FF 10 00 00 00 0C 00 00 00 00 00 00 01
00037BA0  24 00 00 00 19 00 00 00 64 65 70 74 68 77 69 73
00037BB0  65 5F 63 6F 6E 76 32 64 5F 32 2F 4B 65 72 6E 65
00037BC0  6C 00 00 00 04 00 00 00 01 00 00 00 03 00 00 00
00037BD0  03 00 00 00 1C 00 00 00 3C FB FF FF 08 00 00 00
00037BE0  18 00 00 00 0C 00 00 00 61 63 74 69 76 61 74 69
00037BF0  6F 6E 5F 32 00 00 00 00 04 00 00 00 01 00 00 00
00037C00  40 00 00 00 40 00 00 00 1C 00 00 00 70 FB FF FF
00037C10  08 00 00 00 20 00 00 00 15 00 00 00 61 64 64 5F
00037C20  31 5F 5F 78 65 6E 6F 5F 63 6F 6D 70 61 74 5F 5F
00037C30  31 00 00 00 04 00 00 00 01 00 00 00 40 00 00 00
00037C40  40 00 00 00 1C 00 00 00 AC FB FF FF 08 00 00 00
00037C50  18 00 00 00 0F 00 00 00 63 68 61 6E 6E 65 6C 5F
00037C60  70 61 64 64 69 6E 67 00 04 00 00 00 01 00 00 00
00037C70  40 00 00 00 40 00 00 00 1C 00 00 00 28 FC FF FF
00037C80  10 00 00 00 0B 00 00 00 00 00 00 02 24 00 00 00
00037C90  18 00 00 00 63 68 61 6E 6E 65 6C 5F 70 61 64 64
00037CA0  69 6E 67 2F 50 61 64 64 69 6E 67 73 00 00 00 00
00037CB0  02 00 00 00 04 00 00 00 02 00 00 00 20 FC FF FF
00037CC0  08 00 00 00 14 00 00 00 08 00 00 00 63 6F 6E 76
00037CD0  32 64 5F 32 00 00 00 00 04 00 00 00 01 00 00 00
00037CE0  40 00 00 00 40 00 00 00 1C 00 00 00 98 FC FF FF
00037CF0  10 00 00 00 0A 00 00 00 00 00 00 01 18 00 00 00
00037D00  0D 00 00 00 63 6F 6E 76 32 64 5F 32 2F 42 69 61
00037D10  73 00 00 00 01 00 00 00 1C 00 00 00 C8 FC FF FF
00037D20  10 00 00 00 09 00 00 00 00 00 00 01 18 00 00 00
00037D30  0F 00 00 00 63 6F 6E 76 32 64 5F 32 2F 4B 65 72
00037D40  6E 65 6C 00 04 00 00 00 1C 00 00 00 01 00 00 00
00037D50  01 00 00 00 18 00 00 00 BC FC FF FF 08 00 00 00
00037D60  1C 00 00 00 12 00 00 00 64 65 70 74 68 77 69 73
00037D70  65 5F 63 6F 6E 76 32 64 5F 31 00 00 04 00 00 00
00037D80  01 00 00 00 40 00 00 00 40 00 00 00 18 00 00 00
00037D90  3C FD FF FF 10 00 00 00 08 00 00 00 00 00 00 01
00037DA0  20 00 00 00 17 00 00 00 64 65 70 74 68 77 69 73
00037DB0  65 5F 63 6F 6E 76 32 64 5F 31 2F 42 69 61 73 00
00037DC0  01 00 00 00 18 00 00 00 74 FD FF FF 10 00 00 00
00037DD0  07 00 00 00 00 00 00 01 24 00 00 00 19 00 00 00
00037DE0  64 65 70 74 68 77 69 73 65 5F 63 6F 6E 76 32 64
00037DF0  5F 31 2F 4B 65 72 6E 65 6C 00 00 00 04 00 00 00
00037E00  01 00 00 00 03 00 00 00 03 00 00 00 18 00 00 00
00037E10  74 FD FF FF 08 00 00 00 18 00 00 00 0C 00 00 00
00037E20  61 63 74 69 76 61 74 69 6F 6E 5F 31 00 00 00 00
00037E30  04 00 00 00 01 00 00 00 40 00 00 00 40 00 00 00
00037E40  18 00 00 00 A8 FD FF FF 08 00 00 00 1C 00 00 00
00037E50  13 00 00 00 61 64 64 5F 5F 78 65 6E 6F 5F 63 6F
00037E60  6D 70 61 74 5F 5F 31 00 04 00 00 00 01 00 00 00
00037E70  40 00 00 00 40 00 00 00 18 00 00 00 E0 FD FF FF
00037E80  08 00 00 00 14 00 00 00 08 00 00 00 63 6F 6E 76
00037E90  32 64 5F 31 00 00 00 00 04 00 00 00 01 00 00 00
00037EA0  40 00 00 00 40 00 00 00 18 00 00 00 58 FE FF FF
00037EB0  10 00 00 00 06 00 00 00 00 00 00 01 18 00 00 00
00037EC0  0D 00 00 00 63 6F 6E 76 32 64 5F 31 2F 42 69 61
00037ED0  73 00 00 00 01 00 00 00 18 00 00 00 88 FE FF FF
00037EE0  10 00 00 00 05 00 00 00 00 00 00 01 18 00 00 00
00037EF0  0F 00 00 00 63 6F 6E 76 32 64 5F 31 2F 4B 65 72
00037F00  6E 65 6C 00 04 00 00 00 18 00 00 00 01 00 00 00
00037F10  01 00 00 00 18 00 00 00 7C FE FF FF 08 00 00 00
00037F20  1C 00 00 00 10 00 00 00 64 65 70 74 68 77 69 73
00037F30  65 5F 63 6F 6E 76 32 64 00 00 00 00 04 00 00 00
00037F40  01 00 00 00 40 00 00 00 40 00 00 00 18 00 00 00
00037F50  FC FE FF FF 10 00 00 00 04 00 00 00 00 00 00 01
00037F60  20 00 00 00 15 00 00 00 64 65 70 74 68 77 69 73
00037F70  65 5F 63 6F 6E 76 32 64 2F 42 69 61 73 00 00 00
00037F80  01 00 00 00 18 00 00 00 34 FF FF FF 10 00 00 00
00037F90  03 00 00 00 00 00 00 01 20 00 00 00 17 00 00 00
00037FA0  64 65 70 74 68 77 69 73 65 5F 63 6F 6E 76 32 64
00037FB0  2F 4B 65 72 6E 65 6C 00 04 00 00 00 01 00 00 00
00037FC0  03 00 00 00 03 00 00 00 18 00 00 00 30 FF FF FF
00037FD0  08 00 00 00 14 00 00 00 0A 00 00 00 61 63 74 69
00037FE0  76 61 74 69 6F 6E 00 00 04 00 00 00 01 00 00 00
00037FF0  40 00 00 00 40 00 00 00 18 00 00 00 60 FF FF FF
00038000  08 00 00 00 10 00 00 00 06 00 00 00 63 6F 6E 76
00038010  32 64 00 00 04 00 00 00 01 00 00 00 40 00 00 00
00038020  40 00 00 00 18 00 00 00 D4 FF FF FF 10 00 00 00
00038030  02 00 00 00 00 00 00 01 14 00 00 00 0B 00 00 00
00038040  63 6F 6E 76 32 64 2F 42 69 61 73 00 01 00 00 00
00038050  18 00 00 00 0C 00 14 00 10 00 0F 00 08 00 04 00
00038060  0C 00 00 00 10 00 00 00 01 00 00 00 00 00 00 01
00038070  18 00 00 00 0D 00 00 00 63 6F 6E 76 32 64 2F 4B
00038080  65 72 6E 65 6C 00 00 00 04 00 00 00 18 00 00 00
00038090  05 00 00 00 05 00 00 00 03 00 00 00 0C 00 0C 00
000380A0  08 00 00 00 00 00 04 00 0C 00 00 00 08 00 00 00
000380B0  10 00 00 00 05 00 00 00 69 6E 70 75 74 00 00 00
000380C0  04 00 00 00 01 00 00 00 80 00 00 00 80 00 00 00
000380D0  03 00 00 00 09 00 00 00 7C 00 00 00 6C 00 00 00
000380E0  5C 00 00 00 54 00 00 00 44 00 00 00 38 00 00 00
000380F0  2C 00 00 00 20 00 00 00 10 00 00 00 00 00 0A 00
00038100  0C 00 0B 00 00 00 04 00 0A 00 00 00 02 00 00 00
00038110  00 00 00 06 C6 FF FF FF 00 00 00 02 CE FF FF FF
00038120  00 00 00 16 D6 FF FF FF 00 00 00 11 DE FF FF FF
00038130  00 00 00 22 04 00 04 00 04 00 00 00 FA FF FF FF
00038140  00 04 06 00 06 00 05 00 06 00 00 00 00 13 06 00
00038150  08 00 07 00 06 00 00 00 00 00 00 03 50 4B 05 06
00038160  00 00 00 00 00 00 00 00 00 00 00 00 5C 81 03 00
00038170  00 00
