Time,PLCCellID_CE,PLCCellIDClass_CE,PLCTrayID_CE,K_Value,3.45V_mAH,3.5-2.8V_mAH,acirVP12_CE,acirRP12_CE,CellThicknessP12_CE
2026/8/23 23:59,MW2045B70498,B43,A03156,-0.0436,52809.3,50771.8,3.24E+00,6.40E-04,18668
2026/8/23 23:59,MW2045B70499,B43,A03156,-0.03852,54710.6,51946.3,3.24E+00,6.30E-04,18488
2026/8/23 23:58,MW2017B20777,C42,A14366,-0.03266,54112.9,49708.1,3.22E+00,7.70E-04,17810
2026/8/23 23:58,MW2045B70401,B43,A03156,-0.0944,53286.2,52240.3,3.24E+00,5.20E-04,18532
2026/8/23 23:58,MW2041B16176,A43,A15652,-0.04075,53743.4,50596.9,3.22E+00,7.00E-04,17976
2026/8/23 23:58,MW2045B70410,B43,A03156,-0.03697,50659.4,52983.9,3.24E+00,4.90E-04,18503
2026/8/23 23:55,MW2045B70458,A43,A03156,-0.04192,52680.9,53820.5,3.24E+00,5.00E-04,18449
2026/8/23 23:55,MW2041B16177,A43,A15652,-0.0143,51406.5,49633.1,3.22E+00,7.30E-04,18197
2026/8/23 23:55,MW2041B16178,A42,A15652,-0.02908,52916.3,52763.7,3.22E+00,7.80E-04,18240
2026/8/23 23:55,MW2045B70457,A43,A03156,-0.01524,54094.9,49966.8,3.24E+00,5.90E-04,18420
2026/8/23 23:54,MW2017B24748,A43,A15652,-0.05869,52774.6,49118.2,3.22E+00,6.50E-04,18064
2026/8/23 23:54,MW2045B70454,A43,A03156,-0.03588,54945.8,52242.1,3.24E+00,6.90E-04,18572
2026/8/23 23:54,MW2041B16160,A42,A15652,-0.03792,51950.6,51061.7,3.22E+00,7.40E-04,18119
2026/8/23 23:54,MW2045B70446,A43,A03156,-0.02025,53847.5,53644.6,3.25E+00,6.60E-04,18577
2026/8/23 23:53,MW2041B06378,AC20,A15652,-0.02827,50507.4,52987.4,3.23E+00,8.60E-04,18199
2026/8/23 23:53,MW2045B70447,A43,A03156,-0.02586,53013.2,49172.7,3.25E+00,7.00E-04,18689
2026/8/23 23:53,MW2041B17108,AC20,A15652,-0.02739,54854.8,50202.5,3.23E+00,8.40E-04,18241
2026/8/23 23:53,MW2045B64610,A42,A03156,-0.01338,53272.7,51810.2,3.25E+00,4.90E-04,18577
2026/8/23 23:52,MW2041B08576,AC20,A15652,-0.02678,52618.9,49863.4,3.22E+00,8.40E-04,18052
2026/8/23 23:52,MW2045B52046,C43,A16706,-0.013,52917.4,54306.8,3.24E+00,6.80E-04,18544
2026/8/23 23:52,MW2041B17632,AC20,A15652,-0.01752,51459.9,49182.8,3.23E+00,8.10E-04,18040
2026/8/23 23:52,MW2045B39540,A43,A16706,-0.02215,54370.3,49670.4,3.24E+00,6.50E-04,18765
2026/8/23 23:52,MW2041B06948,AC20,A15652,-0.01708,51348.9,49734.2,3.22E+00,8.80E-04,18304
2026/8/23 23:51,MW2045B38220,C42,A16706,-0.03876,52423.3,50237.8,3.24E+00,7.90E-04,18688
2026/8/23 23:51,MW2041B02164,A43,A15652,-0.01238,52169.4,52794.9,3.22E+00,6.00E-04,18184
2026/8/23 23:51,MW2041B15307,A43,A15652,-0.02052,53173.8,51124.2,3.22E+00,5.60E-04,18195
2026/8/23 23:51,MW2045B51922,A43,A16706,-0.01177,52940.9,54336.3,3.24E+00,6.90E-04,18756
2026/8/23 23:51,MW2045B34329,O,A04031,-0.03073,54855.8,51891.5,3.24E+00,1.02E-03,18119
2026/8/23 23:50,MW2045B51967,C43,A16706,-0.0179,54674.6,52480.9,3.24E+00,7.00E-04,18733
2026/8/23 23:50,MW2045B53050,O,A04031,-0.0814,54650.1,53763.3,3.24E+00,9.30E-04,17985
2026/8/23 23:50,MW2045B59848,A43,A16706,-0.0451,54919.3,49794.6,3.24E+00,7.10E-04,18495
2026/8/23 23:50,MW2045B53049,O,A04031,-0.02468,51969.5,50566.1,3.23E+00,8.90E-04,18042
2026/8/23 23:50,MW2016B03954,C41,A16706,-0.03313,53083.7,52729.3,3.22E+00,7.30E-04,18558
2026/8/23 23:49,MW2044B09281,O,A04031,-0.01429,51492.8,51565.3,3.23E+00,7.60E-04,18195
2026/8/23 23:49,MW2017B09297,C43,A16706,-0.01087,54244.3,52382.4,3.22E+00,7.00E-04,18941
2026/8/23 23:49,MW2045B53271,O,A04031,-0.0141,53061.5,49386.5,3.24E+00,9.00E-04,17906
2026/8/23 23:49,MW2016B03953,C42,A16706,-0.03855,52004.8,49970.6,3.22E+00,7.90E-04,18659
2026/8/23 23:48,MW2044B09067,O,A04031,-0.0805,50559.3,52582.2,3.23E+00,7.00E-04,18227
2026/8/23 23:48,MW2017B07549,C42,A16706,-0.03289,54658.7,49212.4,3.21E+00,7.90E-04,18680
2026/8/23 23:48,MW2044B09302,O,A04031,-0.03126,53791.9,53436.9,3.24E+00,8.20E-04,18236
2026/8/23 23:48,MW2045B26735,A43,A16706,-0.04068,51630.4,50653.2,3.24E+00,5.60E-04,18651
2026/8/23 23:48,MW2045B53275,O,A04031,-0.0453,52949.2,51923.6,3.24E+00,8.60E-04,18112
2026/8/23 23:47,MW2045B26740,A43,A16706,-0.03539,52403.1,51688.2,3.24E+00,5.40E-04,18627
2026/8/23 23:47,MW2045B63294,O,A04031,-0.0174,54175.9,52616.9,3.24E+00,8.50E-04,18019
2026/8/23 23:47,MW2045B53279,O,A04031,-0.03615,54404.4,51259.4,3.24E+00,8.50E-04,18021
2026/8/23 23:47,MW2045B26729,A43,A24508,-0.01422,54310.2,53714.8,3.24E+00,5.30E-04,18610
2026/8/23 23:46,MW2045B63293,O,A04031,-0.01182,52621.2,49502.7,3.24E+00,7.50E-04,18148
2026/8/23 23:46,MW2045B26743,A43,A24508,-0.01712,53242.5,53648.7,3.24E+00,5.50E-04,18654
2026/8/23 23:46,MW2045B34372,O,A04031,-0.03292,54190.1,49968.2,3.24E+00,9.80E-04,18137
2026/8/23 23:46,MW2045B32537,A43,A24508,-0.0592,54143.7,53787.4,3.24E+00,6.80E-04,18607
2026/8/23 23:46,MW2043B01634,AC20,A01327,-0.0448,51979.3,54315.5,3.23E+00,8.90E-04,18326
2026/8/23 23:45,MW2044B15684,A43,A24508,-0.01555,53962.1,51312.8,3.24E+00,6.30E-04,18681
2026/8/23 23:45,MW2042B00767,AC20,A01327,-0.03201,54022.3,53141.9,3.23E+00,8.20E-04,18348
2026/8/23 23:45,MW2045B50835,A41,A24508,-0.0863,53769.8,53398.1,3.24E+00,6.50E-04,18550
2026/8/23 23:45,MW2045B36156,AC20,A01327,-0.02585,52396.9,50462.4,3.23E+00,8.80E-04,18156
2026/8/23 23:45,MW2045B52699,A43,A24508,-0.03488,52014.2,53531.7,3.24E+00,6.70E-04,18712
2026/8/23 23:44,MW2045B27178,AC20,A01327,-0.02613,51457.6,52825.7,3.23E+00,9.40E-04,18174
2026/8/23 23:44,MW2045B51932,C43,A24508,-0.01404,51164.3,49914.1,3.24E+00,6.50E-04,18748
2026/8/23 23:44,MW2045B29644,AC20,A01327,-0.0617,52554.4,54866.4,3.23E+00,8.30E-04,18066
2026/8/23 23:44,MW2045B10736,AC20,A01327,-0.03988,50481.1,52195.5,3.23E+00,8.30E-04,18155
2026/8/23 23:44,MW2017B04387,C42,A24508,-0.02071,50496.2,50201.4,3.22E+00,4.80E-04,18713
2026/8/23 23:43,MW2045B05338,AC20,A01327,-0.02048,54467.5,50874.9,3.23E+00,8.10E-04,18088
2026/8/23 23:43,MW2016B01094,A43,A24508,-0.01458,51219.8,52949.4,3.22E+00,5.20E-04,18794
2026/8/23 23:43,MW2045B36155,AC20,A01327,-0.02871,50398.2,53367.8,3.23E+00,8.50E-04,18062
2026/8/23 23:43,MW2017B04393,C41,A24508,-0.01825,54507.4,54992.4,3.21E+00,5.00E-04,18759
2026/8/23 23:43,MW2045B07134,AC20,A01327,-0.0107,53862.3,54393.6,3.23E+00,8.70E-04,17965
2026/8/23 23:42,MW2016B01095,A43,A24508,-0.02372,52713.2,49230.3,3.22E+00,5.20E-04,18774
2026/8/23 23:42,MW2043B01370,AC20,A01327,-0.01212,51654.4,54639.1,3.23E+00,8.70E-04,18394
2026/8/23 23:42,MW2016B01871,O,A24508,-0.02578,51637.4,49514.8,0.00E+00,0.00E+00,18800
2026/8/23 23:42,MW2044B03800,AC20,A01327,-0.02681,54535.8,49710.3,3.23E+00,8.30E-04,18227
2026/8/23 23:41,MW2045B05858,AC20,A01327,-0.04105,54298.1,53694.1,3.23E+00,8.70E-04,18123
2026/8/23 23:41,MW2017B00623,D41,A01912,-0.0933,50989.8,53077.1,3.22E+00,6.00E-04,18411
2026/8/23 23:40,MW2017B05545,A41,A01912,-0.01782,53243.4,52450.6,3.22E+00,5.80E-04,18170
2026/8/23 23:40,MW2017B00624,D41,A01912,-0.02599,54422.6,50528.1,3.21E+00,6.40E-04,18280
2026/8/23 23:40,MW2045B71399,CHH,A14059,-0.01565,53350.3,49894.3,3.24E+00,5.30E-04,18632
2026/8/23 23:40,MW2017B02694,D41,A01912,-0.0327,53176.4,50491.6,3.22E+00,6.20E-04,18346
2026/8/23 23:39,MW2045B66724,A46,A14059,-0.02465,52298.3,51592.5,3.24E+00,5.00E-04,18277
2026/8/23 23:39,MW2017B04317,D43,A01912,-0.01495,53639.6,53565.3,3.22E+00,5.60E-04,18104
2026/8/23 23:39,MW2017B02710,D43,A01912,-0.0475,50491.1,49362.8,3.23E+00,6.00E-04,18211
2026/8/23 23:39,MW2045B71511,CHH,A14059,-0.0951,53462.9,49898.3,3.24E+00,5.10E-04,18613
2026/8/23 23:38,MW2017B00600,B41,A01912,-0.02504,54455.6,54171.4,3.23E+00,5.80E-04,18361
2026/8/23 23:38,MW2045B62499,A46,A14059,-0.03957,52113.6,49613.6,3.24E+00,6.90E-04,18647
2026/8/23 23:38,MW2017B05549,A41,A01912,-0.02434,52762.2,51991.3,3.22E+00,5.80E-04,18239
2026/8/23 23:38,MW2045B70422,A45,A14059,-0.02717,54874.2,54664.1,3.24E+00,6.30E-04,18552
2026/8/23 23:38,MW2017B04484,A43,A01912,-0.02964,50931.1,53775.9,3.22E+00,6.10E-04,18317
2026/8/23 23:37,MW2045B70272,A45,A14059,-0.0401,51457.7,53030.4,3.24E+00,6.60E-04,18366
2026/8/23 23:37,MW2017B02711,D43,A01912,-0.0262,50648.2,53093.3,3.23E+00,5.80E-04,18220
2026/8/23 23:37,MW2045B70481,A44,A14059,-0.0971,54222.4,54947.1,3.25E+00,6.60E-04,18531
2026/8/23 23:37,MW2017B16042,AC20,A01912,-0.0291,53992.9,54779.1,3.22E+00,8.10E-04,18330
2026/8/23 23:36,MW2045B34430,O,A14059,-0.03097,51499.7,53660.3,0.00E+00,0.00E+00,18707
2026/8/23 23:36,MW2016B01096,A42,A01912,-0.03392,53844.8,50922.9,3.22E+00,6.30E-04,18258
2026/8/23 23:36,MW2045B70347,AC20,A20295,-0.0296,53711.7,50767.7,3.24E+00,8.30E-04,18140
2026/8/23 23:35,MW2045B60361,AC20,A20295,-0.0101,54794.4,54773.2,3.24E+00,8.70E-04,18044
2026/8/23 23:35,MW2045B53051,C45,A14059,-0.048,54018.5,49257.4,3.23E+00,7.90E-04,18753
2026/8/23 23:35,MW2045B64745,A44,A20295,-0.01353,52604.3,54893.9,3.24E+00,5.80E-04,17897
2026/8/23 23:35,MW2045B53015,A45,A14059,-0.01178,52085.8,49443.7,3.23E+00,7.90E-04,18496
2026/8/23 23:35,MW2045B60316,B45,A20295,-0.02445,53944.5,51237.6,3.24E+00,7.90E-04,18074
2026/8/23 23:34,MW2045B60300,D45,A20295,-0.01609,52377.6,50267.9,3.24E+00,7.90E-04,17918
2026/8/23 23:34,MW2044B06202,A45,A14059,-0.03043,52735.7,49461.9,3.23E+00,8.00E-04,18615
2026/8/23 23:34,MW2045B65467,A46,A20295,-0.0117,52090.9,53830.4,3.24E+00,5.90E-04,18139
2026/8/23 23:33,MW2045B53083,C45,A14059,-0.0532,54562.2,53303.2,3.24E+00,8.00E-04,18578
2026/8/23 23:33,MW2045B65759,CHH,A20295,-0.02731,51549.1,49178.6,3.24E+00,6.40E-04,18258
2026/8/23 23:33,MW2017B16675,A42,A03540,-0.03703,53743.9,50543.3,3.22E+00,5.40E-04,18691
2026/8/23 23:33,MW2045B65440,A45,A20295,-0.03282,51778.9,50058.4,3.24E+00,5.80E-04,17980
2026/8/23 23:33,MW2045B70022,A45,A20295,-0.02363,52033.5,51989.5,3.24E+00,6.00E-04,18163
2026/8/23 23:32,MW2017B14559,C41,A03540,-0.01773,54978.3,52488.6,3.22E+00,6.40E-04,19018
2026/8/23 23:32,MW2045B65430,A45,A20295,-0.01062,51311.3,50470.4,3.24E+00,5.80E-04,18000
2026/8/23 23:32,MW2017B16676,A42,A03540,-0.03666,54051.8,50316.4,3.22E+00,5.40E-04,18826
2026/8/23 23:32,MW2045B65427,A46,A20295,-0.01177,52855.4,52300.9,3.24E+00,5.70E-04,18001
2026/8/23 23:32,MW2017B14560,A42,A03540,-0.02652,51655.9,53671.2,3.22E+00,6.10E-04,18838
2026/8/23 23:31,MW2045B66371,CHH,A20295,-0.03991,54104.3,50112.8,3.24E+00,5.90E-04,17996
2026/8/23 23:31,MW2017B16677,A43,A03540,-0.0141,52559.5,49896.7,3.22E+00,5.30E-04,18781
2026/8/23 23:31,MW2017B16670,A42,A12320,-0.04112,50405.9,53091.9,3.22E+00,7.20E-04,17889
2026/8/23 23:31,MW2017B24700,C42,A03540,-0.04066,51009.4,53896.7,3.21E+00,5.10E-04,18546
2026/8/23 23:31,MW2017B16674,A42,A12320,-0.0566,52462.7,51260.7,3.22E+00,6.40E-04,18148
2026/8/23 23:30,MW2017B22289,B43,A03540,-0.0497,52914.8,49956.5,3.23E+00,6.80E-04,18643
2026/8/23 23:30,MW2015A25790,A43,A12320,-0.02793,52622.3,54158.8,3.23E+00,5.50E-04,18081
2026/8/23 23:30,MW2027B13377,O,A03540,-0.021,51185.8,51899.8,0.00E+00,0.00E+00,18998
2026/8/23 23:30,MW2017B16673,C41,A12320,-0.0108,53730.4,54452.5,3.21E+00,7.20E-04,17843
2026/8/23 23:27,MW2017B22249,B43,A03540,-0.03598,50446.6,52493.4,3.22E+00,7.10E-04,18586
2026/8/23 23:27,MW2017B16669,A42,A12320,-0.03117,54471.3,49203.2,3.22E+00,7.30E-04,18145
2026/8/23 23:27,MW2015A25784,A43,A12320,-0.0997,52625.5,52944.3,3.23E+00,6.70E-04,17740
2026/8/23 23:27,MW2041B05087,A43,A03540,-0.02278,52035.7,50159.4,3.22E+00,6.30E-04,18770
2026/8/23 23:27,MW2017B15850,A43,A12320,-0.02565,50728.7,50296.7,3.22E+00,7.70E-04,18356
2026/8/23 23:27,MW2041B05485,C43,A03540,-0.02475,52193.3,51370.4,3.22E+00,5.60E-04,18856
2026/8/23 23:26,MW2017B01552,D42,A12320,-0.02554,52468.1,51531.9,3.23E+00,6.50E-04,18246
2026/8/23 23:26,MW2018B01647,A41,A03540,-0.01008,50528.2,51348.8,3.21E+00,5.50E-04,18610
2026/8/23 23:26,MW2016B01834,C42,A12320,-0.0125,50585.9,53464.1,3.22E+00,5.90E-04,18336
2026/8/23 23:26,MW2045B10329,A46,A10420,-0.03618,53262.3,49472.4,3.24E+00,7.30E-04,18475
2026/8/23 23:26,MW2017B04316,D43,A12320,-0.01654,51997.3,52080.2,3.24E+00,5.90E-04,18347
2026/8/23 23:25,MW2045B35428,CHH,A10420,-0.03813,50364.2,50719.7,3.23E+00,6.90E-04,18638
2026/8/23 23:25,MW2017B00622,D42,A12320,-0.0368,54202.3,53181.8,3.22E+00,5.80E-04,18224
2026/8/23 23:25,MW2044B22356,CHH,A10420,-0.02844,53621.5,51163.5,3.23E+00,7.70E-04,18602
2026/8/23 23:25,MW2017B05546,A42,A12320,-0.0108,54704.7,50932.2,3.22E+00,5.70E-04,18173
2026/8/23 23:24,MW2045B52895,O,A10420,-0.0332,53340.2,49617.9,0.00E+00,0.00E+00,18591
2026/8/23 23:24,MW2045B55117,AC20,A00080,-0.04068,52401.9,54726.6,3.24E+00,8.30E-04,17990
2026/8/23 23:24,MW2017B03346,CHH,A00080,-0.0934,51564.9,51166.9,3.22E+00,6.40E-04,18169
2026/8/23 23:23,MW2045B22113,AC20,A00080,-0.01967,52835.2,50431.8,3.23E+00,8.90E-04,18372
2026/8/23 23:23,MW2045B60464,AC20,A00080,-0.01391,54787.1,53105.7,3.24E+00,8.20E-04,17853
2026/8/23 23:23,MW2045B23899,AC20,A00080,-0.01434,51174.3,49877.2,3.24E+00,8.80E-04,18031
2026/8/23 23:22,MW2041B10535,AC20,A00080,-0.0815,53815.3,54611.9,3.23E+00,8.60E-04,18157
2026/8/23 23:22,MW2041B15679,AC20,A00080,-0.0664,53569.3,50891.3,3.23E+00,8.40E-04,18181
2026/8/23 23:22,MW2042B07686,AC20,A00080,-0.03249,51210.1,50024.4,3.23E+00,8.70E-04,18124
2026/8/23 23:21,MW2042B07689,AC20,A00080,-0.0599,53760.4,53427.6,3.23E+00,8.50E-04,18162
2026/8/23 23:21,MW2041B15485,CHH,A00080,-0.01603,53899.1,52730.1,3.23E+00,8.00E-04,18176
2026/8/23 23:20,MW2045B60457,A45,A10420,-0.03618,54423.2,54418.9,3.24E+00,7.30E-04,18485
2026/8/23 23:20,MW2045B54313,AC20,A00080,-0.03326,53181.6,51298.5,3.24E+00,8.70E-04,18109
2026/8/23 23:20,MW2043B09856,O,A10420,-0.01368,52530.9,51677.3,3.23E+00,0.00E+00,18632
2026/8/23 23:20,MW2043B01640,AC20,A00080,-0.0115,54599.1,49577.5,3.23E+00,8.70E-04,18357
2026/8/23 23:19,MW2017B05547,A42,A20683,-0.01451,54582.3,51088.8,3.22E+00,5.80E-04,18139
2026/8/23 23:19,MW2017B04318,D43,A20683,-0.02963,53894.5,51903.1,3.23E+00,5.80E-04,18336
2026/8/23 23:19,MW2017B04383,A41,A20683,-0.02544,51075.5,53709.9,3.22E+00,6.00E-04,18268
2026/8/23 23:18,MW2017B04319,B43,A20683,-0.04103,52679.9,50144.7,3.23E+00,5.80E-04,18131
2026/8/23 23:18,MW2016B01097,C43,A20683,-0.0195,51035.5,53659.3,3.22E+00,6.20E-04,18262
2026/8/23 23:17,MW2017B04386,A42,A20683,-0.03641,53994.3,53519.6,3.22E+00,5.90E-04,17835
2026/8/23 23:17,MW2017B16679,A42,A20683,-0.01427,51391.3,50246.9,3.22E+00,7.20E-04,18165
2026/8/23 23:17,MW2017B14562,A41,A20683,-0.004,51855.8,54372.1,3.22E+00,6.90E-04,18131
2026/8/23 23:16,MW2045B32372,O,A10420,-0.03964,54009.4,50904.9,0.00E+00,0.00E+00,18673
2026/8/23 23:16,MW2017B16678,A42,A20683,-0.03039,52972.8,50694.3,3.22E+00,6.30E-04,18058
2026/8/23 23:16,MW2017B14561,A41,A20683,-0.03069,53367.9,51386.4,3.21E+00,7.30E-04,18444
2026/8/23 23:15,MW2027B08041,CHH,A20683,-0.01342,51666.3,49571.3,3.22E+00,5.90E-04,18829
2026/8/23 23:15,MW2017B24701,A42,A20683,-0.03596,52448.6,53646.2,3.22E+00,6.20E-04,17928
2026/8/23 23:14,MW2045B56772,AC20,A13312,-0.01008,50544.1,52297.4,3.24E+00,8.30E-04,18008
2026/8/23 23:14,MW2045B60470,C45,A10420,-0.03299,54330.4,51376.6,3.24E+00,7.30E-04,18410
2026/8/23 23:14,MW2045B34661,AC20,A13312,-0.02564,53141.7,54139.3,3.23E+00,8.70E-04,18197
2026/8/23 23:14,MW2044B01856,A45,A10420,-0.066,54083.8,53844.1,3.24E+00,8.00E-04,18660
2026/8/23 23:14,MW2045B58396,A45,A13312,-0.04159,52186.9,49627.6,3.24E+00,8.00E-04,18013
2026/8/23 23:13,MW2045B53346,A46,A10420,-0.04017,50872.4,52304.1,3.24E+00,7.60E-04,18603
2026/8/23 23:13,MW2044B13399,AC20,A13312,-0.0668,51116.1,49288.8,3.23E+00,9.10E-04,18113
2026/8/23 23:13,MW2044B24544,A46,A10420,-0.02951,53859.5,51355.3,3.24E+00,7.90E-04,18746
2026/8/23 23:13,MW2045B47689,AC20,A13312,-0.01089,51409.8,52231.3,3.23E+00,8.50E-04,18057
2026/8/23 23:13,MW2017B24702,O,A10420,-0.04062,54181.3,52505.8,0.00E+00,0.00E+00,18632
2026/8/23 23:12,MW2045B49250,AC20,A13312,-0.03416,54160.6,49292.8,3.24E+00,9.00E-04,17990
2026/8/23 23:12,MW2044B21243,AC20,A13312,-0.02315,54859.8,52296.6,3.24E+00,8.60E-04,17862
2026/8/23 23:12,MW2043B04971,AC20,A13312,-0.03838,53915.2,52985.7,3.23E+00,8.40E-04,18127
2026/8/23 23:11,MW2045B57168,AC20,A13312,-0.04101,50940.3,50776.3,3.23E+00,8.90E-04,18110
2026/8/23 23:11,MW2045B57131,AC20,A13312,-0.04178,51544.2,52156.3,3.23E+00,8.60E-04,18331
2026/8/23 23:10,MW2045B57875,AC20,A13312,-0.02757,52360.7,51805.1,3.24E+00,9.20E-04,18040
2026/8/23 23:10,MW2045B50843,AC20,A13312,-0.03202,50477.6,54493.2,3.24E+00,8.30E-04,18048
2026/8/23 23:10,MW2045B59688,A43,A00341,-0.049,51775.2,50915.7,3.24E+00,7.30E-04,18056
2026/8/23 23:09,MW2041B05166,A43,A01272,-0.02453,51123.8,53906.2,3.22E+00,6.10E-04,18561
2026/8/23 23:09,MW2045B30603,D42,A00341,-0.03975,51968.9,53205.1,3.24E+00,7.30E-04,18139
2026/8/23 23:09,MW2017B20951,B43,A01272,-0.0152,51525.4,49197.3,3.23E+00,6.40E-04,18541
2026/8/23 23:09,MW2017B07681,A42,A00341,-0.0481,54107.7,51830.4,3.22E+00,7.90E-04,18187
2026/8/23 23:08,MW2045B00492,AC20,A01272,-0.01491,53501.5,52854.5,3.23E+00,8.10E-04,18766
2026/8/23 23:08,MW2045B55295,A43,A00341,-0.0249,51608.9,54188.2,3.24E+00,7.30E-04,17978
2026/8/23 23:08,MW2017B29987,C41,A01272,-0.0365,53554.7,54553.7,3.23E+00,8.00E-04,18624
2026/8/23 23:08,MW2016B01672,A41,A00341,-0.03852,54156.5,50213.9,3.22E+00,6.30E-04,18252
2026/8/23 23:08,MW2017B32455,CLL,A01272,-0.01616,50706.7,49374.8,3.22E+00,6.70E-04,18346
2026/8/23 23:08,MW2044B20845,A43,A00341,-0.02328,54975.5,50163.9,3.24E+00,7.30E-04,18310
2026/8/23 23:07,MW2017B07676,A43,A00341,-0.01601,54281.9,52269.3,3.22E+00,7.40E-04,18137
2026/8/23 23:07,MW2017B31849,CHH,A01272,-0.0435,54794.3,53734.9,3.22E+00,5.00E-04,18675
2026/8/23 23:07,MW2017B10119,A43,A00341,-0.01368,54141.8,51212.8,3.22E+00,6.10E-04,18198
2026/8/23 23:07,MW2017B22118,B42,A01272,-0.0494,54638.7,49490.5,3.23E+00,6.00E-04,18292
2026/8/23 23:06,MW2017B19613,A43,A00341,-0.025,50920.9,52483.8,3.23E+00,7.60E-04,17956
2026/8/23 23:06,MW2017B22115,A41,A01272,-0.0116,50733.8,53788.3,3.23E+00,6.10E-04,18293
2026/8/23 23:06,MW2017B10120,A42,A00341,-0.03097,54171.2,52975.8,3.22E+00,6.00E-04,17894
2026/8/23 23:06,MW2017B31967,CHH,A01272,-0.02721,51444.2,51371.2,3.22E+00,5.10E-04,18864
2026/8/23 23:06,MW2036B05165,A43,A00341,-0.0625,50722.3,50993.5,3.23E+00,6.60E-04,18101
2026/8/23 23:05,MW2043B06488,O,A01272,-0.03204,50977.3,51241.5,2.91E+00,7.10E-04,18776
2026/8/23 23:05,MW2017B04395,C41,A00341,-0.03858,51028.5,51151.8,3.22E+00,6.00E-04,18222
2026/8/23 23:05,MW2044B23700,CHH,A01272,-0.02594,50939.8,51766.5,3.23E+00,7.20E-04,18804
2026/8/23 23:05,MW2017B07818,C42,A22996,-0.01275,53523.5,50559.5,3.21E+00,7.40E-04,18061
2026/8/23 23:04,MW2044B02170,C46,A01272,-0.03207,51879.4,50285.1,3.24E+00,7.60E-04,18626
2026/8/23 23:04,MW2017B01384,D43,A22996,-0.01794,51003.4,50675.1,3.23E+00,5.90E-04,18291
2026/8/23 23:04,MW2017B07887,A43,A10638,-0.0119,51804.6,49680.8,3.22E+00,6.70E-04,18855
2026/8/23 23:04,MW2045B45528,A42,A22996,-0.0373,53140.6,49527.4,3.24E+00,6.80E-04,18101
2026/8/23 23:04,MW2017B07271,C42,A22996,-0.03783,53381.2,51402.3,3.22E+00,7.70E-04,18001
2026/8/23 23:03,MW2017B07885,A43,A10638,-0.0368,54065.4,49182.5,3.22E+00,6.60E-04,18673
2026/8/23 23:03,MW2045B45511,C42,A22996,-0.0163,54057.1,49422.3,3.24E+00,7.60E-04,17863
2026/8/23 23:03,MW2045B39560,C43,A10638,-0.0378,52345.4,53220.6,3.24E+00,6.60E-04,18779
2026/8/23 23:03,MW2045B52087,AC20,A22996,-0.01225,54316.2,52232.8,3.24E+00,8.10E-04,17971
2026/8/23 23:02,MW2045B39555,A43,A10638,-0.02446,51700.8,53357.8,3.24E+00,6.50E-04,18756
2026/8/23 23:02,MW2017B07875,A42,A22996,-0.01699,53409.8,51704.4,3.22E+00,7.60E-04,17944
2026/8/23 23:02,MW2045B42012,A43,A10638,-0.03367,50802.7,52421.3,3.25E+00,6.10E-04,18539
2026/8/23 23:02,MW2017B07827,A42,A22996,-0.01776,51218.8,49117.9,3.22E+00,7.50E-04,17940
2026/8/23 23:02,MW2045B52102,C43,A10638,-0.04118,51064.4,49478.3,3.24E+00,7.00E-04,18666
2026/8/23 23:02,MW2045B59733,B43,A22996,-0.03878,52791.9,49998.6,3.24E+00,7.40E-04,18176
2026/8/23 23:01,MW2045B27505,A42,A10638,-0.04078,51332.7,49783.7,3.24E+00,7.70E-04,18634
2026/8/23 23:01,MW2045B59743,B43,A22996,-0.02323,54299.9,54077.3,3.24E+00,7.20E-04,18168
2026/8/23 23:01,MW2045B52107,A43,A10638,-0.0244,51694.6,53856.2,3.24E+00,7.20E-04,18669
2026/8/23 23:01,MW2045B59969,A43,A22996,-0.01826,51818.7,52282.6,3.24E+00,6.40E-04,17938
2026/8/23 23:00,MW2017B13294,A43,A22996,-0.0137,52462.8,51965.5,3.22E+00,6.00E-04,18103
2026/8/23 23:00,MW2045B52113,C43,A10638,-0.0311,52261.2,54073.8,3.24E+00,7.10E-04,18669
2026/8/23 23:00,MW2044B01656,AC20,A03665,-0.03052,53674.5,53939.9,3.24E+00,8.60E-04,17962
2026/8/23 23:00,MW2045B52114,A43,A10638,-0.089,53359.6,50974.6,3.24E+00,7.10E-04,18666
2026/8/23 23:00,MW2045B57867,AC20,A03665,-0.01958,52461.2,51025.8,3.24E+00,8.60E-04,18133
2026/8/23 22:59,MW2045B52122,C43,A10638,-0.0538,53355.7,50156.2,3.24E+00,7.40E-04,18692
2026/8/23 22:59,MW2045B55955,AC20,A03665,-0.02961,53680.5,52922.4,3.24E+00,8.60E-04,18283
2026/8/23 22:59,MW2017B07716,A43,A10638,-0.01688,54623.9,53672.4,3.21E+00,6.60E-04,18885
2026/8/23 22:59,MW2045B55917,AC20,A03665,-0.02813,53968.1,54764.7,3.24E+00,8.40E-04,18304
2026/8/23 22:58,MW2045B52112,A43,A22056,-0.02121,52268.1,54381.9,3.24E+00,7.40E-04,18701
2026/8/23 22:58,MW2044B22121,AC20,A03665,-0.01668,54090.2,50567.1,3.23E+00,8.60E-04,18300
2026/8/23 22:58,MW2017B07711,C43,A22056,-0.03013,52414.4,52495.1,3.21E+00,7.10E-04,18571
2026/8/23 22:58,MW2044B23552,AC20,A03665,-0.04071,54792.3,54362.5,3.24E+00,8.60E-04,18022
2026/8/23 22:58,MW2017B06999,O,A22056,-0.02803,53342.9,54743.2,0.00E+00,0.00E+00,18682
2026/8/23 22:57,MW2044B12226,AC20,A03665,-0.0233,53984.5,51991.7,3.23E+00,9.10E-04,18064
2026/8/23 22:57,MW2045B48193,AC20,A03665,-0.0379,53000.4,50372.8,3.24E+00,9.00E-04,17863
2026/8/23 22:57,MW2045B49299,AC20,A03665,-0.01915,53417.6,49560.3,3.23E+00,8.40E-04,18211
2026/8/23 22:56,MW2045B48147,AC20,A03665,-0.0981,53338.4,52437.2,3.23E+00,9.10E-04,18068
2026/8/23 22:56,MW2044B21329,AC20,A03665,-0.0108,51928.3,53761.1,3.23E+00,8.70E-04,17919
2026/8/23 22:55,MW2044B21326,AC20,A03665,-0.03709,50648.4,49666.3,3.23E+00,8.80E-04,17872
2026/8/23 22:55,MW2045B55918,AC20,A19849,-0.02706,51774.5,50360.4,3.24E+00,8.40E-04,18171
2026/8/23 22:55,MW2017B06946,A43,A22056,-0.03408,54284.1,52948.7,3.21E+00,6.80E-04,18661
2026/8/23 22:55,MW2044B15161,CHH,A19849,-0.02325,53341.8,49353.7,3.23E+00,6.10E-04,18398
2026/8/23 22:54,MW2017B06950,B42,A22056,-0.04127,53090.7,49666.8,3.22E+00,5.20E-04,18710
2026/8/23 22:54,MW2044B24964,AC20,A19849,-0.02945,53598.5,51797.6,3.23E+00,8.90E-04,18160
2026/8/23 22:54,MW2017B07002,A43,A22056,-0.0172,54109.2,54258.9,3.20E+00,6.20E-04,18486
2026/8/23 22:54,MW2044B24962,AC20,A19849,-0.02111,53927.6,49207.2,3.24E+00,9.00E-04,18167
2026/8/23 22:54,MW2017B07731,C43,A22056,-0.0897,52825.7,52905.7,3.21E+00,7.70E-04,18824
2026/8/23 22:53,MW2044B15177,A46,A19849,-0.0332,53438.2,54631.8,3.24E+00,7.30E-04,18446
2026/8/23 22:53,MW2017B07005,C43,A22056,-0.0303,51080.4,53957.2,3.20E+00,6.30E-04,18619
2026/8/23 22:53,MW2044B23623,AC20,A19849,-0.03425,54060.6,49579.5,3.24E+00,8.80E-04,18170
2026/8/23 22:53,MW2017B07008,A43,A22056,-0.01535,52902.1,52537.7,3.21E+00,6.40E-04,18715
2026/8/23 22:52,MW2042B05587,AC20,A19849,-0.03595,51886.4,50926.4,3.23E+00,8.70E-04,18306
2026/8/23 22:52,MW2017B15857,C43,A22056,-0.03812,51016.4,50262.6,3.23E+00,6.40E-04,19039
2026/8/23 22:52,MW2045B07540,AC20,A19849,-0.0964,52438.1,52249.5,3.23E+00,8.60E-04,18050
2026/8/23 22:52,MW2016B04217,A43,A22056,-0.061,54187.2,52813.9,3.22E+00,6.70E-04,18949
2026/8/23 22:52,MW2045B19111,AC20,A19849,-0.0338,50690.4,53737.4,3.23E+00,8.30E-04,18012
2026/8/23 22:51,MW2017B09258,A43,A22056,-0.03861,51227.9,52382.3,3.22E+00,6.30E-04,18961
2026/8/23 22:51,MW2045B06343,AC20,A19849,-0.0186,54516.4,51495.5,3.24E+00,8.40E-04,17881
2026/8/23 22:51,MW2045B70156,O,A20198,-0.02102,53718.9,53101.5,3.24E+00,7.70E-04,18616
2026/8/23 22:51,MW2045B54156,AC20,A19849,-0.0157,52772.2,52699.5,3.24E+00,8.50E-04,18193
2026/8/23 22:50,MW2045B70145,O,A20198,-0.01693,50790.9,50530.9,3.24E+00,5.20E-04,18574
2026/8/23 22:50,MW2045B00124,AC20,A19849,-0.0241,53653.6,51954.6,3.23E+00,8.80E-04,18163
2026/8/23 22:50,MW2045B09933,O,A20198,-0.01127,54432.7,50041.8,3.24E+00,6.40E-04,18649
2026/8/23 22:50,MW2045B34363,O,A21637,-0.0987,53795.9,50598.7,3.24E+00,9.70E-04,18120
2026/8/23 22:50,MW2045B53205,O,A21637,-0.04171,51318.9,54121.4,3.24E+00,8.70E-04,17973
2026/8/23 22:50,MW2045B09873,O,A20198,-0.03729,54250.9,51739.5,3.23E+00,7.40E-04,18645
2026/8/23 22:49,MW2045B53280,O,A21637,-0.0209,54406.2,52786.4,3.24E+00,8.70E-04,17823
2026/8/23 22:49,MW2045B34386,O,A20198,-0.03981,54649.8,51096.2,3.24E+00,5.90E-04,18639
2026/8/23 22:49,MW2045B53289,O,A21637,-0.03019,53440.5,52207.3,3.24E+00,8.70E-04,17768
2026/8/23 22:49,MW2045B70146,O,A20198,-0.0128,51110.7,51900.7,3.24E+00,4.90E-04,18633
2026/8/23 22:48,MW2045B36991,O,A21637,-0.01423,54076.3,49507.6,3.23E+00,6.20E-04,18013
2026/8/23 22:48,MW2045B09975,O,A20198,-0.0299,54704.2,50557.5,3.24E+00,8.00E-04,18575
2026/8/23 22:48,MW2045B53040,O,A21637,-0.02895,50425.5,50294.4,3.24E+00,8.90E-04,18017
2026/8/23 22:48,MW2045B70147,O,A20198,-0.04128,51091.5,50318.9,3.24E+00,5.20E-04,18615
2026/8/23 22:48,MW2045B53039,O,A21637,-0.0696,53636.8,54109.9,3.24E+00,8.60E-04,17995
2026/8/23 22:47,MW2045B70148,O,A20198,-0.01151,51011.4,50037.2,3.24E+00,4.80E-04,18681
2026/8/23 22:47,MW2045B53038,O,A21637,-0.0552,52574.7,50743.9,3.24E+00,9.20E-04,18003
2026/8/23 22:47,MW2045B09936,O,A20198,-0.04066,53491.6,49120.5,3.24E+00,7.80E-04,18480
2026/8/23 22:47,MW2045B34370,O,A21637,-0.02077,52740.4,51775.5,3.24E+00,8.70E-04,17959
2026/8/23 22:46,MW2045B70149,O,A20198,-0.03824,53490.2,52797.2,3.24E+00,5.20E-04,18638
2026/8/23 22:46,MW2045B53044,O,A21637,-0.02415,53327.7,50982.9,3.24E+00,8.20E-04,17961
2026/8/23 22:46,MW2045B53047,O,A20198,-0.0361,53076.3,50955.2,3.23E+00,8.00E-04,18590
2026/8/23 22:46,MW2045B52932,O,A21637,-0.02694,52380.1,49847.3,3.23E+00,8.80E-04,17957
2026/8/23 22:45,MW2045B53043,O,A21637,-0.02656,52726.7,54013.8,3.24E+00,8.90E-04,17928
2026/8/23 22:44,MW2017B09262,A43,A16980,-0.0925,53495.6,54225.4,3.22E+00,6.70E-04,18901
2026/8/23 22:44,MW2017B09263,A43,A16980,-0.01516,51793.3,50339.8,3.22E+00,6.20E-04,18953
2026/8/23 22:43,MW2017B09632,A41,A16980,-0.03367,50449.4,49498.1,3.22E+00,5.80E-04,19040
2026/8/23 22:43,MW2016B04047,A43,A16980,-0.02317,54536.8,50465.9,3.22E+00,5.00E-04,19038
2026/8/23 22:43,MW2017B09134,A41,A16980,-0.0656,54118.7,51788.1,3.22E+00,6.50E-04,18821
2026/8/23 22:42,MW2016B04049,A43,A16980,-0.0811,53861.9,49137.6,3.22E+00,5.10E-04,19039
2026/8/23 22:42,MW2044B09106,O,A10972,-0.01602,52225.7,53663.9,3.23E+00,6.80E-04,18098
2026/8/23 22:42,MW2017B14830,A41,A16980,-0.01426,51707.9,52571.5,3.22E+00,5.70E-04,18828
2026/8/23 22:42,MW2045B34324,O,A10972,-0.04139,52555.9,51566.8,3.24E+00,1.02E-03,18025
2026/8/23 22:41,MW2017B06954,A42,A16980,-0.0443,50362.5,50351.9,3.22E+00,7.20E-04,18706
2026/8/23 22:41,MW2045B34358,O,A10972,-0.01533,50421.6,49372.9,3.24E+00,9.50E-04,18114
2026/8/23 22:41,MW2017B14558,A42,A16980,-0.01067,50805.7,54346.4,3.22E+00,6.10E-04,18931
2026/8/23 22:41,MW2045B53027,O,A10972,-0.0358,52611.5,52477.8,3.24E+00,8.10E-04,18032
2026/8/23 22:40,MW2017B14831,C42,A16980,-0.03052,53272.7,54848.4,3.22E+00,6.30E-04,18922
2026/8/23 22:40,MW2017B08363,A41,A16980,-0.01099,50338.7,54085.9,3.22E+00,6.10E-04,18966
2026/8/23 22:40,MW2017B14563,A41,A16980,-0.03592,54732.3,49471.1,3.22E+00,4.80E-04,18915
2026/8/23 22:40,MW2045B36989,O,A10972,-0.02416,50895.4,53972.5,3.23E+00,6.30E-04,18227
2026/8/23 22:39,MW2045B53046,O,A06191,-0.02042,51415.6,52508.6,3.24E+00,8.70E-04,18726
2026/8/23 22:39,MW2045B36988,O,A10972,-0.0895,51635.1,53345.7,3.23E+00,7.00E-04,18195
2026/8/23 22:39,MW2045B09974,O,A06191,-0.01802,54497.3,54302.7,3.24E+00,8.00E-04,18631
2026/8/23 22:38,MW2045B09907,O,A06191,-0.0114,51580.3,53352.3,3.24E+00,8.20E-04,18469
2026/8/23 22:38,MW2045B34315,O,A10972,-0.0432,51560.5,51700.6,3.24E+00,1.03E-03,18140
2026/8/23 22:38,MW2045B34385,O,A06191,-0.01419,50694.6,50834.9,3.24E+00,9.70E-04,18622
2026/8/23 22:37,MW2044B01512,O,A06191,-0.01705,53442.8,53976.3,3.24E+00,7.40E-04,18559
2026/8/23 22:37,MW2045B36987,O,A10972,-0.02382,53107.2,54934.2,3.23E+00,6.20E-04,18021
2026/8/23 22:37,MW2045B09937,O,A06191,-0.022,54297.4,50722.4,3.23E+00,5.60E-04,18682
2026/8/23 22:36,MW2045B52930,O,A06191,-0.02079,52294.3,52145.7,3.24E+00,6.90E-04,18587
2026/8/23 22:36,MW2045B34367,O,A10972,-0.0696,54043.8,51975.1,3.23E+00,1.07E-03,17938
2026/8/23 22:36,MW2045B34367,O,A10972,-0.033,51475.9,49498.6,3.23E+00,1.07E-03,17938
2026/8/23 22:36,MW2045B34314,O,NULL,-0.01225,51775.4,54101.2,3.24E+00,1.04E-03,18202
2026/8/23 22:34,MW2045B52930,O,A06191,-0.01115,52894.1,52902.6,3.24E+00,6.90E-04,18587
2026/8/23 22:34,MW2045B53048,O,A06191,-0.08,53741.4,53625.7,3.24E+00,8.10E-04,18484
2026/8/23 22:34,MW2045B09881,O,A06191,-0.03741,52546.6,49082.8,3.23E+00,7.50E-04,18755
2026/8/23 22:33,MW2045B09874,O,A06191,-0.01129,53650.4,53754.3,3.23E+00,8.40E-04,18638
2026/8/23 22:33,MW2045B53285,O,A10972,-0.01653,53755.5,54243.9,3.24E+00,8.80E-04,17977
2026/8/23 22:33,MW2045B09891,O,A06191,-0.01773,54461.2,50421.3,3.24E+00,7.80E-04,18792
2026/8/23 22:33,MW2045B34369,O,A10972,-0.02276,52355.5,50642.8,3.24E+00,9.70E-04,18068
2026/8/23 22:32,MW2045B53102,O,A06191,-0.01969,54512.1,49724.7,3.23E+00,8.10E-04,18691
2026/8/23 22:32,MW2041B15824,AC20,A02115,-0.01864,52045.7,49244.8,3.24E+00,8.10E-04,18348
2026/8/23 22:32,MW2017B14564,O,A16318,-0.02723,52828.9,50941.7,0.00E+00,0.00E+00,18907
2026/8/23 22:32,MW2045B31214,AC20,A02115,-0.03291,53929.2,53328.1,3.24E+00,8.60E-04,18336
2026/8/23 22:30,MW2045B29483,AC20,A02115,-0.03214,53742.4,51817.3,3.24E+00,8.70E-04,18068
2026/8/23 22:29,MW2041B16094,AC20,A02115,-0.02216,52778.7,49184.6,3.23E+00,8.40E-04,18355
2026/8/23 22:29,MW2017B05543,O,A16318,-0.0272,53034.2,53223.7,0.00E+00,0.00E+00,18779
2026/8/23 22:29,MW2041B16095,AC20,A02115,-0.02573,54219.8,51409.6,3.23E+00,8.40E-04,18266
2026/8/23 22:29,MW2044B25908,AC20,A02115,-0.02083,54723.6,52300.8,3.24E+00,8.20E-04,17926
2026/8/23 22:28,MW2045B39108,AC20,A02115,-0.02688,50416.6,51541.9,3.24E+00,9.00E-04,18149
2026/8/23 22:28,MW2045B17931,AC20,A02115,-0.02461,52110.9,52146.7,3.23E+00,8.30E-04,18247
2026/8/23 22:27,MW2045B48866,AC20,A02115,-0.01833,51191.6,50598.4,3.24E+00,8.10E-04,17884
2026/8/23 22:27,MW2045B49549,AC20,A02115,-0.01484,52005.1,53691.5,3.23E+00,8.60E-04,18095
2026/8/23 22:27,MW2044B22885,AC20,A02115,-0.034,53483.8,52038.5,3.24E+00,8.80E-04,18159
2026/8/23 22:26,MW2045B58155,AC20,A02115,-0.03559,54599.5,53762.2,3.24E+00,8.40E-04,18176
2026/8/23 22:26,MW2017B06941,C42,A16318,-0.0811,52811.7,50052.5,3.22E+00,6.70E-04,18705
2026/8/23 22:26,MW2044B21441,AC20,A03701,-0.02614,54164.5,50354.8,3.24E+00,1.45E-03,18260
2026/8/23 22:25,MW2044B08806,AC20,A03701,-0.0535,51467.6,50296.4,3.24E+00,1.11E-03,17903
2026/8/23 22:25,MW2017B05541,A42,A16318,-0.01797,53620.9,51348.3,3.21E+00,4.60E-04,18806
2026/8/23 22:25,MW2044B16212,AC20,A03701,-0.01567,51679.9,54633.3,3.24E+00,1.04E-03,18202
2026/8/23 22:25,MW2017B05542,A42,A16318,-0.03964,51701.8,54980.9,3.22E+00,4.70E-04,18709
2026/8/23 22:25,MW2045B53005,AC20,A03701,-0.01219,54774.1,50099.9,3.24E+00,8.20E-04,17963
2026/8/23 22:24,MW2017B04485,A43,A16318,-0.03592,53855.2,53817.3,3.22E+00,4.80E-04,18899
2026/8/23 22:24,MW2045B53006,AC20,A03701,-0.01703,51977.5,49829.7,3.23E+00,9.00E-04,18110
2026/8/23 22:24,MW2017B04482,A43,A16318,-0.01117,52847.8,49433.8,3.22E+00,4.90E-04,18754
2026/8/23 22:24,MW2045B21491,AC20,A03701,-0.01951,51684.4,50441.8,3.23E+00,8.40E-04,18169
2026/8/23 22:23,MW2017B04481,A43,A16318,-0.03233,52966.8,53916.3,3.22E+00,5.00E-04,18814
2026/8/23 22:23,MW2045B06462,AC20,A03701,-0.0311,50382.5,53519.3,3.23E+00,9.00E-04,18029
2026/8/23 22:23,MW2017B07842,A43,A16318,-0.03816,50909.2,54335.6,3.22E+00,6.70E-04,18844
2026/8/23 22:23,MW2045B17409,AC20,A03701,-0.0862,54277.9,50455.1,3.23E+00,8.70E-04,18061
2026/8/23 22:22,MW2017B09298,A43,A16318,-0.03194,54055.7,53344.3,3.22E+00,6.30E-04,18936
2026/8/23 22:22,MW2045B46737,AC20,A03701,-0.02567,54071.9,53407.6,3.24E+00,8.60E-04,17969
2026/8/23 22:22,MW2017B16665,A41,A16318,-0.01282,53131.6,50760.8,3.22E+00,5.30E-04,18903
2026/8/23 22:22,MW2042B00561,AC20,A03701,-0.0605,54915.5,51877.4,3.23E+00,8.70E-04,18115
2026/8/23 22:22,MW2043B08345,AC20,A03701,-0.01368,52068.1,50952.5,3.23E+00,9.00E-04,18116
2026/8/23 22:22,MW2017B09301,A43,A16318,-0.01281,51034.2,49769.9,3.22E+00,6.20E-04,18926
2026/8/23 22:21,MW2045B14488,B45,A03701,-0.01325,54332.8,53475.2,3.23E+00,8.00E-04,18106
2026/8/23 22:21,MW2045B34353,O,A14713,-0.03038,54570.2,52220.5,3.24E+00,9.10E-04,18714
2026/8/23 22:21,MW2044B01756,O,A14269,-0.0405,52613.7,54378.7,3.24E+00,8.90E-04,18049
2026/8/23 22:21,MW2045B34362,O,A14713,-0.0672,53348.1,50371.9,3.24E+00,9.10E-04,18649
2026/8/23 22:20,MW2044B09107,O,A14713,-0.0111,51881.4,54608.7,3.23E+00,5.50E-04,18281
2026/8/23 22:20,MW2045B53217,O,A14713,-0.02312,54075.5,49191.6,3.24E+00,7.90E-04,18551
2026/8/23 22:20,MW2044B01755,O,A14269,-0.02253,50461.7,54075.9,3.24E+00,9.40E-04,18150
2026/8/23 22:19,MW2045B53070,O,A14269,-0.0269,54434.4,49769.9,3.24E+00,9.30E-04,17689
2026/8/23 22:19,MW2045B53276,O,A14713,-0.0222,51869.1,53134.1,3.23E+00,7.90E-04,18442
2026/8/23 22:19,MW2045B34321,O,A14269,-0.0545,54831.1,52234.6,3.24E+00,1.01E-03,18122
2026/8/23 22:19,MW2045B53084,O,A14713,-0.01403,50782.4,53782.1,3.24E+00,8.10E-04,18487
2026/8/23 22:19,MW2045B09980,O,A14269,-0.0591,53904.3,54238.3,3.23E+00,9.80E-04,17964
2026/8/23 22:18,MW2045B52948,O,A14713,-0.03921,53528.2,49961.3,3.24E+00,8.20E-04,18431
2026/8/23 22:18,MW2045B53071,O,A14269,-0.02103,50570.6,51978.5,3.24E+00,9.50E-04,18141
2026/8/23 22:18,MW2045B53085,O,A14713,-0.01627,53535.1,50535.1,3.24E+00,7.30E-04,18760
2026/8/23 22:18,MW2045B52929,O,A14269,-0.01582,54660.4,50863.6,3.24E+00,9.10E-04,17923
2026/8/23 22:18,MW2045B53076,O,A14713,-0.0439,51188.6,52736.3,3.24E+00,8.50E-04,18658
2026/8/23 22:17,MW2045B53072,O,A14269,-0.0214,52825.4,50556.4,3.24E+00,9.20E-04,18210
2026/8/23 22:17,MW2045B53159,O,A14713,-0.039,54480.4,51746.9,3.24E+00,8.20E-04,18640
2026/8/23 22:17,MW2045B09932,O,A14269,-0.02116,53371.6,52127.5,3.24E+00,8.90E-04,18107
2026/8/23 22:17,MW2045B53157,O,A14713,-0.02485,53585.1,51280.9,3.24E+00,8.20E-04,18593
2026/8/23 22:17,MW2045B09875,O,A14269,-0.0341,51749.7,51375.6,3.24E+00,9.30E-04,18213
2026/8/23 22:16,MW2045B36877,O,A14713,-0.086,50942.2,54399.6,3.24E+00,5.70E-04,18867
2026/8/23 22:16,MW2045B45050,O,A14269,-0.01741,52982.9,51008.1,3.24E+00,1.39E-03,18204
2026/8/23 22:16,MW2045B34179,O,A14269,-0.02769,51096.6,53527.7,3.24E+00,1.10E-03,17816
2026/8/23 22:16,MW2045B53181,O,A01338,-0.033,50374.3,52608.2,3.24E+00,8.10E-04,18605
2026/8/23 22:15,MW2017B14175,C41,A05297,-0.023,52731.9,51844.6,3.22E+00,7.00E-04,18142
2026/8/23 22:15,MW2045B36879,O,A01338,-0.01988,52167.2,52727.4,3.24E+00,5.70E-04,18817
2026/8/23 22:15,MW2017B14174,A41,A05297,-0.0929,54863.1,53787.6,3.22E+00,7.20E-04,18289
2026/8/23 22:15,MW2045B53182,O,A01338,-0.03155,53351.8,49643.8,3.24E+00,8.00E-04,18531
2026/8/23 22:15,MW2017B16663,C43,A05297,-0.03739,52272.1,51073.2,3.22E+00,7.00E-04,18088
2026/8/23 22:14,MW2017B07274,C42,A01338,-0.03252,50711.5,52639.2,3.22E+00,6.40E-04,18668
2026/8/23 22:14,MW2017B16661,A42,A05297,-0.0721,52792.7,54736.9,3.22E+00,6.30E-04,18086
2026/8/23 22:14,MW2045B39760,A41,A01338,-0.03792,51381.4,49582.5,3.24E+00,7.20E-04,18760
2026/8/23 22:14,MW2017B09207,A43,A05297,-0.01542,51778.9,50978.7,3.22E+00,7.50E-04,18148
2026/8/23 22:14,MW2017B06951,A42,A01338,-0.01853,51086.3,50344.1,3.21E+00,5.20E-04,18780
2026/8/23 22:13,MW2017B09294,A43,A05297,-0.03592,52547.6,50963.9,3.22E+00,7.30E-04,18330
2026/8/23 22:13,MW2017B16658,A42,A01338,-0.01244,50655.5,53735.9,3.22E+00,5.90E-04,18684
2026/8/23 22:13,MW2017B09295,A43,A05297,-0.01531,54293.9,49941.2,3.22E+00,7.00E-04,18253
2026/8/23 22:13,MW2017B08366,O,A01338,-0.01044,50937.3,50346.4,0.00E+00,0.00E+00,18946
2026/8/23 22:13,MW2017B09259,A42,A05297,-0.0221,52355.2,54532.3,3.22E+00,7.10E-04,18360
2026/8/23 22:12,MW2017B09571,A43,NULL,-0.04068,53631.8,50326.4,3.22E+00,7.90E-04,18261
2026/8/23 22:11,MW2017B16692,A41,A05297,-0.04016,50486.4,51940.3,3.22E+00,7.40E-04,18118
2026/8/23 22:10,MW2017B16988,A43,A01338,-0.027,54366.5,52025.5,3.22E+00,6.00E-04,18417
2026/8/23 22:10,MW2017B04470,A43,A05297,-0.0332,53546.7,54991.9,3.22E+00,5.80E-04,18128
2026/8/23 22:10,MW2017B16666,A42,A05297,-0.01781,51941.1,53052.3,3.22E+00,7.60E-04,18155
2026/8/23 22:10,MW2044B05948,A42,A01338,-0.0698,54926.5,51165.6,3.24E+00,7.40E-04,18717
2026/8/23 22:09,MW2045B16770,B45,A01338,-0.0475,52889.7,54233.3,3.23E+00,7.40E-04,18655
2026/8/23 22:09,MW2044B01717,O,A15407,-0.0214,52693.3,50536.4,3.24E+00,8.70E-04,17966
2026/8/23 22:09,MW2045B18596,A46,A01338,-0.01722,53796.4,52393.6,3.23E+00,7.30E-04,18597
2026/8/23 22:09,MW2045B52922,O,A15407,-0.04077,54811.5,53981.1,3.24E+00,7.80E-04,17915
2026/8/23 22:08,MW2041B11009,AC20,A14165,-0.01793,52996.8,51860.4,3.23E+00,9.50E-04,19088
2026/8/23 22:08,MW2044B01513,O,A15407,-0.0153,53424.4,53518.3,3.24E+00,8.40E-04,18219
2026/8/23 22:08,MW2045B65794,O,A14165,-0.0698,54496.2,52389.3,3.24E+00,5.20E-04,18448
2026/8/23 22:08,MW2045B52927,O,A15407,-0.01702,51222.7,54704.3,3.24E+00,7.90E-04,17903
2026/8/23 22:08,MW2017B16664,A42,A14165,-0.03884,53546.8,53442.1,3.22E+00,6.20E-04,18364
2026/8/23 22:07,MW2045B52931,O,A15407,-0.03901,53845.1,49931.2,3.24E+00,8.10E-04,17986
2026/8/23 22:07,MW2017B15886,O,A14165,-0.01783,51259.7,49430.7,2.80E+00,7.50E-04,18742
2026/8/23 22:07,MW2045B53066,O,A15407,-0.02492,54420.5,49756.4,3.23E+00,8.70E-04,18073
2026/8/23 22:07,MW2045B53068,O,A15407,-0.0136,53720.9,51044.2,3.23E+00,9.00E-04,17960
2026/8/23 22:06,MW2041B12052,O,A14165,-0.02906,51941.8,49779.7,0.00E+00,0.00E+00,18608
2026/8/23 22:06,MW2044B01758,O,A15407,-0.01587,52464.6,51345.5,3.24E+00,8.90E-04,18146
2026/8/23 22:06,MW2044B01757,O,A15407,-0.03509,50951.5,50091.8,3.24E+00,9.40E-04,18128
2026/8/23 22:05,MW2045B53067,O,A15407,-0.02813,50369.8,51170.2,3.24E+00,9.40E-04,18098
2026/8/23 22:05,MW2044B01761,O,A15407,-0.02663,51049.8,51527.5,3.24E+00,8.90E-04,18146
2026/8/23 22:05,MW2044B26417,O,A14165,-0.02095,50927.6,50845.7,3.24E+00,6.70E-04,18084
2026/8/23 22:04,MW2045B53069,O,A15407,-0.0909,52687.5,51824.6,3.23E+00,8.40E-04,18140
2026/8/23 22:04,MW2044B26420,O,A14165,-0.01386,52721.6,49608.1,3.24E+00,6.60E-04,18084
2026/8/23 22:04,MW2017B16424,C43,A22912,-0.01892,53027.9,52563.5,3.22E+00,7.20E-04,18112
2026/8/23 22:04,MW2044B26418,O,A14165,-0.03576,54927.6,53863.1,3.24E+00,6.50E-04,18024
2026/8/23 22:04,MW2017B07124,AC20,A22912,-0.04075,53180.5,49949.1,3.22E+00,8.50E-04,18047
2026/8/23 22:03,MW2044B26419,O,A14165,-0.03112,54266.8,49685.1,3.24E+00,6.40E-04,18127
2026/8/23 22:03,MW2017B16426,A43,A22912,-0.02735,51422.5,53202.7,3.21E+00,6.00E-04,18429
2026/8/23 22:03,MW2044B25528,O,A14165,-0.02356,53385.3,49544.6,3.24E+00,6.30E-04,18211
2026/8/23 22:03,MW2017B21964,A41,A22912,-0.04151,52306.4,52238.2,3.23E+00,7.60E-04,17778
2026/8/23 22:02,MW2044B25529,O,A14165,-0.02738,53850.3,50830.2,3.24E+00,5.30E-04,18157
2026/8/23 22:02,MW2016B04830,O,A14165,-0.052,51910.4,53611.1,0.00E+00,0.00E+00,18707
2026/8/23 22:02,MW2017B22138,AC20,A22912,-0.03641,54860.5,53611.5,3.23E+00,8.20E-04,18014
2026/8/23 22:01,MW2017B22116,A41,A22912,-0.0413,51649.5,50191.4,3.23E+00,7.20E-04,17816
2026/8/23 22:01,MW2045B18598,AC20,A03828,-0.02015,54329.9,50732.8,3.23E+00,8.30E-04,18706
2026/8/23 22:01,MW2017B16987,A43,A22912,-0.0439,50921.7,51155.4,3.22E+00,6.70E-04,17993
2026/8/23 22:00,MW2045B51093,A46,A03828,-0.02562,51132.5,54435.5,3.24E+00,7.80E-04,18599
2026/8/23 22:00,MW2044B10257,AC20,A22912,-0.02297,52861.2,54728.1,3.24E+00,8.60E-04,18180
2026/8/23 22:00,MW2044B22686,A46,A03828,-0.0176,51955.3,52661.8,3.23E+00,7.70E-04,18626
2026/8/23 22:00,MW2045B26719,AC20,A22912,-0.02205,51488.5,53394.7,3.24E+00,9.00E-04,18057
2026/8/23 21:59,MW2045B48240,O,A03828,-0.02941,51142.1,51731.6,0.00E+00,0.00E+00,18452
2026/8/23 21:59,MW2017B09265,A43,A22912,-0.03434,51545.3,49385.7,3.22E+00,6.90E-04,18124
2026/8/23 21:58,MW2045B61951,A45,A03828,-0.03488,51343.2,50547.7,3.24E+00,7.20E-04,18542
2026/8/23 21:58,MW2017B05550,A42,A22912,-0.02327,54925.4,51947.1,3.22E+00,5.80E-04,18115
2026/8/23 21:57,MW2045B42563,A44,A03828,-0.041,54608.8,52271.3,3.24E+00,7.10E-04,18736
2026/8/23 21:57,MW2016B01091,A43,A22912,-0.028,52563.1,49065.7,3.21E+00,6.20E-04,18393
2026/8/23 21:57,MW2043B01923,CHH,A03828,-0.069,53506.5,50504.3,3.23E+00,7.60E-04,18931
2026/8/23 21:57,MW2042B05555,AC20,A14539,-0.02006,53874.7,52144.2,3.23E+00,8.10E-04,18145
2026/8/23 21:56,MW2042B04187,AC20,NULL,-0.0568,50378.7,51205.4,3.23E+00,8.60E-04,18322
2026/8/23 21:56,MW2045B62551,O,A03828,-0.0327,51727.8,52305.2,2.95E+00,6.40E-04,18438
2026/8/23 21:56,MW2045B64777,O,A03828,-0.0149,50574.2,54252.2,2.97E+00,7.10E-04,18314
2026/8/23 21:55,MW2045B66643,O,A03828,-0.04065,54787.5,53271.7,3.24E+00,5.00E-04,18679
2026/8/23 21:55,MW2045B71740,O,A03828,-0.03518,52331.7,49150.6,0.00E+00,0.00E+00,18610
2026/8/23 21:53,MW2043B09539,AC20,A14539,-0.03392,52712.1,54156.2,3.23E+00,8.40E-04,18214
2026/8/23 21:53,MW2045B66588,O,A03828,-0.03402,52179.4,49710.6,3.24E+00,5.10E-04,18379
2026/8/23 21:53,MW2045B59226,AC20,A14539,-0.0307,52337.9,53442.8,3.24E+00,9.70E-04,18150
2026/8/23 21:51,MW2044B24539,AC20,A14539,-0.02589,53015.1,51443.5,3.24E+00,9.00E-04,18280
2026/8/23 21:51,MW2044B26005,O,A11124,-0.03665,53126.8,51773.4,3.24E+00,6.40E-04,18611
2026/8/23 21:51,MW2045B34357,O,A14539,-0.01667,54888.5,49521.5,3.24E+00,1.03E-03,18002
2026/8/23 21:51,MW2045B55150,O,A11124,-0.02987,50519.7,51140.6,3.24E+00,6.00E-04,18392
2026/8/23 21:51,MW2044B09304,O,A14539,-0.0138,54601.5,52227.5,3.24E+00,9.80E-04,18136
2026/8/23 21:50,MW2044B26006,O,A11124,-0.0126,51950.2,50049.5,3.24E+00,7.50E-04,18447
2026/8/23 21:50,MW2044B09303,O,A14539,-0.0136,51342.3,52383.6,3.24E+00,9.10E-04,18268
2026/8/23 21:50,MW2045B66185,O,A11124,-0.0721,51465.6,54315.7,3.24E+00,4.80E-04,18625
2026/8/23 21:50,MW2044B09284,O,A14539,-0.0585,54119.9,51832.4,3.24E+00,9.40E-04,18210
2026/8/23 21:50,MW2045B66861,O,A11124,-0.01253,52424.2,52406.2,3.24E+00,5.00E-04,18639
2026/8/23 21:49,MW2045B34355,O,A14539,-0.01273,53944.6,50097.4,3.24E+00,9.20E-04,18041
2026/8/23 21:49,MW2045B66859,O,A11124,-0.0152,53215.1,49544.2,3.24E+00,5.00E-04,18607
2026/8/23 21:49,MW2044B09283,O,A14539,-0.04,51025.5,50145.9,3.24E+00,7.50E-04,18210
2026/8/23 21:49,MW2045B66860,O,A11124,-0.03045,50933.6,49817.1,3.24E+00,5.10E-04,18675
2026/8/23 21:49,MW2045B52926,O,A14539,-0.0152,50407.2,53541.4,3.24E+00,8.70E-04,17826
2026/8/23 21:48,MW2045B66858,O,A11124,-0.0507,51889.1,50586.2,3.24E+00,4.80E-04,18465
2026/8/23 21:48,MW2045B29293,A43,A24275,-0.01397,50689.3,52137.6,3.23E+00,8.00E-04,18125
2026/8/23 21:48,MW2045B66852,O,A11124,-0.03946,52109.5,50886.9,3.24E+00,5.00E-04,18456
2026/8/23 21:48,MW2045B29012,AC20,A24275,-0.0696,52104.5,53790.6,3.23E+00,8.20E-04,18220
2026/8/23 21:47,MW2045B16439,A41,A24275,-0.03213,53765.8,54929.7,3.24E+00,8.00E-04,18105
2026/8/23 21:47,MW2045B66853,O,A11124,-0.02591,51694.2,54632.9,3.24E+00,4.70E-04,18470
2026/8/23 21:47,MW2045B29296,AC20,A24275,-0.03902,54439.9,49447.8,3.23E+00,8.20E-04,17931
2026/8/23 21:47,MW2045B66854,O,A11124,-0.02481,52940.9,50210.9,3.24E+00,4.90E-04,18569
2026/8/23 21:46,MW2017B07119,AC20,A24275,-0.0184,54678.8,52723.6,3.22E+00,8.40E-04,18012
2026/8/23 21:46,MW2045B66845,O,A11124,-0.02586,51718.3,53841.4,3.24E+00,5.00E-04,18659
2026/8/23 21:46,MW2017B07117,AC20,A24275,-0.02383,52921.7,52825.8,3.22E+00,8.30E-04,17828
2026/8/23 21:46,MW2045B70570,CHH,A10345,-0.03209,54529.4,50030.2,3.24E+00,7.00E-04,18602
2026/8/23 21:46,MW2017B09217,C43,A24275,-0.01677,51282.9,49840.5,3.21E+00,8.00E-04,18455
2026/8/23 21:45,MW2045B70559,O,A10345,-0.0348,50949.1,52535.1,2.95E+00,6.80E-04,18592
2026/8/23 21:45,MW2017B16433,C43,A24275,-0.0619,54744.2,53541.7,3.22E+00,7.10E-04,18012
2026/8/23 21:45,MW2045B65117,O,A10345,-0.02307,50796.7,54702.3,2.95E+00,4.70E-04,18485
2026/8/23 21:45,MW2016B06974,CHH,A24275,-0.03958,52596.8,53839.7,3.22E+00,6.50E-04,18217
2026/8/23 21:44,MW2045B65660,O,A10345,-0.03392,50836.6,53791.1,3.08E+00,5.00E-04,18479
2026/8/23 21:44,MW2017B16435,C43,A24275,-0.02585,52355.4,49765.6,3.22E+00,7.10E-04,17926
2026/8/23 21:44,MW2045B65313,O,A10345,-0.0116,54962.1,49205.2,2.91E+00,5.00E-04,18663
2026/8/23 21:44,MW2016B06975,CHH,A24275,-0.03078,51949.9,50269.8,3.22E+00,6.70E-04,18182
2026/8/23 21:44,MW2045B64949,O,A10345,-0.02041,54187.8,51372.8,2.93E+00,4.80E-04,18521
2026/8/23 21:44,MW2016B07457,AC20,A24275,-0.0979,54639.9,53665.1,3.23E+00,8.70E-04,18173
2026/8/23 21:43,MW2045B65170,O,A10345,-0.0796,52251.2,51771.9,2.92E+00,5.00E-04,18440
2026/8/23 21:43,MW2045B53226,O,A14705,-0.03375,54198.8,49901.9,3.24E+00,8.90E-04,18031
2026/8/23 21:43,MW2045B36882,O,A14705,-0.015,50545.2,51286.4,3.24E+00,6.70E-04,18308
2026/8/23 21:43,MW2045B71407,O,A10345,-0.0822,53777.1,50640.1,2.91E+00,5.30E-04,18304
2026/8/23 21:42,MW2045B52990,O,A14705,-0.0168,54324.4,50419.6,3.23E+00,8.10E-04,18068
2026/8/23 21:42,MW2045B62650,A46,A10345,-0.02236,51675.7,54543.5,3.24E+00,7.30E-04,18635
2026/8/23 21:42,MW2045B52951,O,A14705,-0.03735,54355.4,49241.9,3.24E+00,9.30E-04,17952
2026/8/23 21:42,MW2045B65316,A46,A10345,-0.0423,50936.7,54019.4,3.24E+00,4.70E-04,18645
2026/8/23 21:42,MW2045B52950,O,A14705,-0.01426,52394.1,54984.2,3.24E+00,8.00E-04,17976
2026/8/23 21:41,MW2045B60383,A45,A10345,-0.0454,54221.1,54477.2,3.24E+00,6.10E-04,18456
2026/8/23 21:41,MW2045B52998,O,A14705,-0.01023,51702.3,52855.1,3.23E+00,8.10E-04,17971
2026/8/23 21:41,MW2045B60319,A44,A10345,-0.03317,54754.9,50725.1,3.24E+00,7.60E-04,18430
2026/8/23 21:41,MW2045B40666,AC20,A14705,-0.01464,54235.4,52183.4,3.24E+00,1.28E-03,18168
2026/8/23 21:40,MW2045B56002,A42,A14571,-0.02199,50720.8,53615.5,3.24E+00,7.50E-04,18703
2026/8/23 21:40,MW2045B40486,AC20,A14705,-0.01891,54055.6,51942.8,3.24E+00,1.39E-03,18167
2026/8/23 21:40,MW2045B18552,A42,A14571,-0.01755,53796.3,49144.1,3.23E+00,8.00E-04,18727
2026/8/23 21:40,MW2045B40656,AC20,A14705,-0.0265,54898.4,53619.1,3.24E+00,1.31E-03,17976
2026/8/23 21:40,MW2043B00587,C43,A14571,-0.0948,50688.2,52665.3,3.23E+00,7.30E-04,18725
2026/8/23 21:40,MW2045B40669,AC20,A14705,-0.016,53805.2,54288.7,3.24E+00,1.35E-03,17947
2026/8/23 21:39,MW2045B53171,AC20,A14705,-0.03141,51789.3,52575.1,3.24E+00,8.80E-04,17920
2026/8/23 21:39,MW2045B60305,A43,A14571,-0.03248,53415.7,50567.7,3.24E+00,7.00E-04,18413
2026/8/23 21:39,MW2045B45889,AC20,A14705,-0.01966,54094.2,50540.5,3.24E+00,1.08E-03,18060
2026/8/23 21:39,MW2045B70566,A43,A14571,-0.02981,52062.3,49917.3,3.24E+00,7.20E-04,18485
2026/8/23 21:38,MW2017B11612,CHH,A17206,-0.02903,52181.7,54021.2,3.22E+00,6.60E-04,18046
2026/8/23 21:38,MW2045B70562,A43,A14571,-0.0326,52699.6,50065.2,3.24E+00,6.70E-04,18470
2026/8/23 21:38,MW2017B08761,AC20,A17206,-0.026,51636.9,51967.7,3.22E+00,1.01E-03,18029
2026/8/23 21:38,MW2045B62676,A43,A14571,-0.03698,51026.2,54247.3,3.24E+00,6.60E-04,18646
2026/8/23 21:38,MW2045B33162,AC20,A17206,-0.02377,53160.4,50129.1,3.23E+00,1.08E-03,17931
2026/8/23 21:37,MW2045B62675,A43,A14571,-0.02697,53153.3,52246.7,3.24E+00,7.00E-04,18608
2026/8/23 21:37,MW2045B32787,AC20,A17206,-0.01926,54188.7,51985.6,3.23E+00,1.27E-03,18088
2026/8/23 21:37,MW2045B62566,A43,A14571,-0.0355,53395.5,53403.5,3.24E+00,7.00E-04,18397
2026/8/23 21:37,MW2042B01536,AC20,A17206,-0.01158,54015.7,49508.7,3.23E+00,1.08E-03,18324
2026/8/23 21:37,MW2044B04187,AC20,A17206,-0.01314,53981.5,53319.8,3.23E+00,8.20E-04,17948
2026/8/23 21:36,MW2045B60321,A43,A14571,-0.0168,53047.8,53714.4,3.24E+00,7.20E-04,18571
2026/8/23 21:36,MW2044B21918,AC20,A17206,-0.0869,51980.5,52005.3,3.24E+00,8.10E-04,18219
2026/8/23 21:36,MW2045B65161,A43,A14571,-0.02108,51818.9,52075.9,3.25E+00,5.00E-04,18640
2026/8/23 21:36,MW2044B24534,AC20,A17206,-0.0114,54136.6,53027.8,3.24E+00,8.90E-04,18254
2026/8/23 21:36,MW2045B62666,A43,A14571,-0.0154,51061.4,51769.1,3.24E+00,7.60E-04,18709
2026/8/23 21:35,MW2045B42071,AC20,A17206,-0.03995,50354.3,54378.8,3.23E+00,9.00E-04,18181
2026/8/23 21:35,MW2045B36881,O,A11834,-0.02352,51673.6,53797.6,3.23E+00,5.80E-04,18891
2026/8/23 21:35,MW2021B01410,AC20,A17206,-0.03268,54338.3,50850.4,3.23E+00,9.60E-04,18274
2026/8/23 21:35,MW2045B53173,O,A11834,-0.03595,53651.4,54946.9,3.24E+00,7.80E-04,18586
2026/8/23 21:35,MW2045B70144,O,A17206,-0.019,52668.7,52380.1,3.24E+00,5.60E-04,17851
2026/8/23 21:34,MW2045B36880,O,A11834,-0.03005,50457.2,50019.1,3.24E+00,7.20E-04,18835
2026/8/23 21:34,MW2045B70141,O,A17206,-0.01018,51485.1,54416.2,3.24E+00,6.30E-04,18260
2026/8/23 21:34,MW2045B53179,O,A11834,-0.0572,54510.8,51398.5,0.00E+00,0.00E+00,18579
2026/8/23 21:34,MW2045B68062,O,A07339,-0.01602,52218.2,52007.1,3.24E+00,6.30E-04,18211
2026/8/23 21:33,MW2045B67900,A46,A07339,-0.03703,53810.4,49257.7,3.24E+00,6.20E-04,17966
2026/8/23 21:33,MW2045B53407,O,A07339,-0.04173,52920.4,52416.8,3.24E+00,8.10E-04,17996
2026/8/23 21:32,MW2045B70748,O,A07339,-0.063,54829.9,52681.3,3.24E+00,6.00E-04,18261
2026/8/23 21:32,MW2017B08368,A41,A11834,-0.03306,52745.5,54652.5,3.22E+00,7.40E-04,18857
2026/8/23 21:32,MW2044B14773,O,A07339,-0.02374,51852.6,52517.7,3.24E+00,8.60E-04,18111
2026/8/23 21:32,MW2045B53184,O,A11834,-0.03008,54253.2,53207.1,3.24E+00,8.00E-04,18564
2026/8/23 21:32,MW2045B67951,A46,A07339,-0.03906,51539.1,54406.3,3.24E+00,6.10E-04,18227
2026/8/23 21:31,MW2045B36878,O,A11834,-0.01579,52357.8,51354.1,3.24E+00,7.70E-04,18798
2026/8/23 21:31,MW2045B68065,A46,A07339,-0.02565,51151.7,51939.8,3.24E+00,6.20E-04,18167
2026/8/23 21:31,MW2045B63250,O,A11834,-0.03348,51964.3,50771.2,3.24E+00,7.00E-04,18669
2026/8/23 21:31,MW2045B71432,A46,A07339,-0.011,52161.5,54450.2,3.24E+00,6.20E-04,18152
2026/8/23 21:30,MW2045B63249,O,A11834,-0.02366,53075.4,50077.4,3.24E+00,5.90E-04,18699
2026/8/23 21:30,MW2045B65619,C46,A07339,-0.04124,52789.1,54419.1,3.24E+00,6.00E-04,18123
2026/8/23 21:30,MW2045B63252,O,A11834,-0.03107,51367.3,52344.1,3.24E+00,7.10E-04,18672
2026/8/23 21:30,MW2045B60291,AC20,A07339,-0.0882,53428.7,52824.9,3.24E+00,8.10E-04,18078
2026/8/23 21:30,MW2045B63251,O,A11834,-0.04167,52429.1,53550.9,3.24E+00,7.00E-04,18640
2026/8/23 21:30,MW2045B65078,O,A07339,-0.0587,52010.5,52863.3,3.24E+00,5.60E-04,17963
2026/8/23 21:29,MW2045B65765,A46,A07339,-0.02023,54875.6,52339.6,3.24E+00,6.20E-04,17924
2026/8/23 21:29,MW2044B01510,O,A11834,-0.03159,50875.1,53429.7,3.24E+00,7.00E-04,18630
2026/8/23 21:29,MW2045B09935,O,A03934,-0.02163,53294.4,52417.1,3.23E+00,8.70E-04,18051
2026/8/23 21:29,MW2045B62700,C43,A18791,-0.028,54954.9,50445.5,3.24E+00,7.20E-04,18583
2026/8/23 21:28,MW2045B32647,O,A03934,-0.023,53206.3,50735.1,3.24E+00,1.20E-03,17981
2026/8/23 21:28,MW2045B62702,A43,A18791,-0.0881,51673.9,54066.5,3.24E+00,7.10E-04,18671
2026/8/23 21:28,MW2045B09977,O,A03934,-0.02679,51122.7,50553.7,3.23E+00,9.70E-04,18027
2026/8/23 21:28,MW2045B62703,A43,A18791,-0.0385,52548.6,51246.2,3.24E+00,6.80E-04,18614
2026/8/23 21:27,MW2044B26008,O,A03934,-0.0839,53048.4,51385.8,3.24E+00,7.30E-04,18007
2026/8/23 21:27,MW2045B62709,A43,A18791,-0.0278,51955.3,50934.5,3.24E+00,6.80E-04,18673
2026/8/23 21:27,MW2045B09872,O,A03934,-0.03979,50956.3,54350.1,3.24E+00,9.30E-04,17947
2026/8/23 21:27,MW2045B64559,C43,A18791,-0.03362,53787.6,52559.9,3.24E+00,4.90E-04,18483
2026/8/23 21:27,MW2045B09976,O,A03934,-0.02798,52408.4,50576.8,3.24E+00,1.02E-03,18100
2026/8/23 21:26,MW2045B64570,C43,A18791,-0.02421,53815.2,49626.3,3.24E+00,4.80E-04,18462
2026/8/23 21:26,MW2044B26007,O,A03934,-0.01173,52594.7,52163.9,3.22E+00,7.30E-04,18060
2026/8/23 21:26,MW2045B64571,C43,A18791,-0.03043,52356.6,54751.8,3.24E+00,4.80E-04,18516
2026/8/23 21:26,MW2045B51693,O,A03934,-0.03127,52287.5,53364.5,3.24E+00,9.30E-04,18232
2026/8/23 21:25,MW2045B64752,A43,A18791,-0.02235,50803.9,50982.6,3.24E+00,4.90E-04,18428
2026/8/23 21:25,MW2045B51965,O,A03934,-0.03136,54155.3,53514.5,3.24E+00,7.60E-04,18317
2026/8/23 21:25,MW2045B50175,O,A03934,-0.0929,51260.4,53405.5,3.24E+00,9.20E-04,18274
2026/8/23 21:25,MW2045B62659,A43,A18791,-0.03328,52372.8,50563.1,3.25E+00,7.10E-04,18564
2026/8/23 21:25,MW2017B15896,O,A03934,-0.0686,52259.7,51263.3,2.86E+00,7.10E-04,18296
2026/8/23 21:24,MW2045B62657,B43,A18791,-0.01084,54136.1,53516.1,3.25E+00,7.60E-04,18650
2026/8/23 21:24,MW2017B15897,O,A03934,-0.0192,51166.6,52784.9,2.85E+00,8.80E-04,18205
2026/8/23 21:24,MW2045B62478,A43,A18791,-0.03193,51492.1,51715.5,3.25E+00,6.20E-04,18689
2026/8/23 21:24,MW2045B68778,O,A15616,-0.01684,53863.8,51775.3,3.24E+00,6.20E-04,18171
2026/8/23 21:24,MW2026B00199,B43,A18791,-0.03911,50801.2,50705.2,3.23E+00,4.80E-04,19090
2026/8/23 21:23,MW2044B28742,O,A15616,-0.0998,51925.8,51346.4,3.24E+00,7.80E-04,17958
2026/8/23 21:23,MW2045B63291,O,A07873,-0.01926,53369.5,49621.7,0.00E+00,0.00E+00,18690
2026/8/23 21:23,MW2045B68776,O,A15616,-0.01134,54035.6,51375.5,3.24E+00,6.20E-04,18328
2026/8/23 21:22,MW2044B28741,O,A15616,-0.01412,50903.1,51694.4,3.24E+00,8.30E-04,18034
2026/8/23 21:22,MW2045B68775,O,A15616,-0.03709,54014.1,52774.3,3.24E+00,6.10E-04,18168
2026/8/23 21:22,MW2045B09906,O,A07873,-0.02324,54787.5,54700.5,3.23E+00,7.40E-04,18672
2026/8/23 21:22,MW2045B68866,O,A15616,-0.0186,51593.7,49425.6,3.24E+00,6.30E-04,18150
2026/8/23 21:21,MW2045B62557,O,A15616,-0.0309,50930.5,53244.7,3.24E+00,8.40E-04,18168
2026/8/23 21:21,MW2045B63304,O,A07873,-0.03284,54351.5,51437.1,3.24E+00,8.00E-04,18848
2026/8/23 21:21,MW2045B60221,KEF,A15616,-0.0161,51701.6,49103.4,3.24E+00,7.50E-04,18130
2026/8/23 21:21,MW2045B09953,O,A07873,-0.02747,54491.8,51644.7,3.23E+00,7.70E-04,18691
2026/8/23 21:20,MW2045B66926,CHH,A15616,-0.04164,51623.6,51379.5,3.24E+00,6.00E-04,18163
2026/8/23 21:20,MW2045B63305,O,A07873,-0.03845,54148.1,49238.9,3.24E+00,7.70E-04,18802
2026/8/23 21:20,MW2045B68255,A46,A15616,-0.02421,52772.8,52036.2,3.24E+00,6.20E-04,17979
2026/8/23 21:20,MW2044B01511,O,A07873,-0.02338,52025.9,51727.3,3.24E+00,7.80E-04,18650
2026/8/23 21:20,MW2045B60265,A46,A15616,-0.02213,53906.2,52881.5,3.24E+00,7.60E-04,18100
2026/8/23 21:19,MW2045B63302,O,A07873,-0.01153,53758.6,50343.6,3.24E+00,6.80E-04,18723
2026/8/23 21:19,MW2045B67769,C46,A15616,-0.03386,53914.2,52292.6,3.24E+00,6.10E-04,18181
2026/8/23 21:19,MW2044B01759,O,A07873,-0.0702,51161.4,50524.7,0.00E+00,0.00E+00,18665
2026/8/23 21:19,MW2045B70076,O,A21304,-0.01799,51480.2,50656.3,3.24E+00,6.00E-04,18213
2026/8/23 21:19,MW2045B70076,O,A21304,-0.03628,50829.5,50916.8,3.24E+00,6.00E-04,18213
2026/8/23 21:18,MW2045B32645,O,A21304,-0.01431,54601.5,51766.6,3.24E+00,1.23E-03,18239
2026/8/23 21:18,MW2045B70074,O,A21304,-0.02559,53480.7,54379.5,3.24E+00,6.00E-04,18132
2026/8/23 21:18,MW2045B63254,O,A07873,-0.0203,50771.7,52915.7,3.24E+00,7.10E-04,18814
2026/8/23 21:18,MW2045B09979,O,A21304,-0.01001,51486.7,51524.4,3.23E+00,9.10E-04,18087
2026/8/23 21:17,MW2044B26010,O,A21304,-0.02439,54924.9,50881.1,3.24E+00,7.30E-04,18097
2026/8/23 21:17,MW2045B63255,O,A07873,-0.02156,51939.9,52220.7,3.24E+00,7.20E-04,18584
2026/8/23 21:17,MW2044B26009,O,A21304,-0.0555,54787.8,53525.8,3.24E+00,7.40E-04,17912
2026/8/23 21:17,MW2044B01392,O,A07873,-0.0307,51586.9,52153.7,3.24E+00,5.30E-04,18668
2026/8/23 21:16,MW2045B34330,O,A21304,-0.0693,50914.3,49599.8,3.23E+00,1.07E-03,17954
2026/8/23 21:16,MW2045B63253,O,A07873,-0.02597,54436.5,52368.3,3.24E+00,7.70E-04,18833
2026/8/23 21:16,MW2045B32646,O,A21304,-0.03969,54481.4,52301.2,3.24E+00,1.15E-03,18146
2026/8/23 21:16,MW2017B26726,A41,A18262,-0.03635,51692.2,52377.7,3.22E+00,6.20E-04,18343
2026/8/23 21:16,MW2045B09934,O,A21304,-0.0373,54192.7,50383.5,3.24E+00,8.70E-04,17955
2026/8/23 21:15,MW2017B28142,CHH,A18262,-0.0376,50674.7,53368.1,3.22E+00,7.40E-04,18778
2026/8/23 21:15,MW2045B34317,O,A21304,-0.0399,51645.7,52289.9,3.23E+00,1.04E-03,17850
2026/8/23 21:15,MW2017B31903,O,A18262,-0.03584,54958.5,50553.1,0.00E+00,0.00E+00,18819
2026/8/23 21:15,MW2045B09978,O,A21304,-0.03489,54507.2,51463.8,3.24E+00,9.20E-04,17968
2026/8/23 21:14,MW2044B09282,O,A21304,-0.01974,54995.6,54114.4,3.24E+00,9.10E-04,18250
2026/8/23 21:14,MW2016B03912,AC20,A10068,-0.02774,52901.2,52636.1,3.22E+00,8.80E-04,18317
2026/8/23 21:14,MW2017B18769,A43,A10068,-0.02672,54748.5,53154.4,3.23E+00,7.80E-04,18039
2026/8/23 21:13,MW2019B00751,A42,A10068,-0.03484,50926.1,53150.3,3.23E+00,7.70E-04,18035
2026/8/23 21:13,MW2019B00757,A42,A10068,-0.0354,53355.2,50308.1,3.23E+00,7.80E-04,18052
2026/8/23 21:12,MW2018B00109,AC20,A10068,-0.03799,51817.5,52110.5,3.23E+00,8.20E-04,17953
2026/8/23 21:12,MW2016B09914,CHH,A18262,-0.0367,50668.8,53043.3,3.22E+00,5.30E-04,18638
2026/8/23 21:12,MW2019B00794,A43,A10068,-0.03398,51759.3,53859.2,3.23E+00,7.90E-04,18019
2026/8/23 21:11,MW2016B09913,CHH,A18262,-0.0141,53477.3,50241.8,3.21E+00,5.40E-04,18597
2026/8/23 21:11,MW2019B00776,A42,A10068,-0.01131,53965.8,51271.9,3.23E+00,7.80E-04,18140
2026/8/23 21:11,MW2019B00823,A42,A10068,-0.03055,51527.3,49272.9,3.23E+00,7.90E-04,18074
2026/8/23 21:11,MW2017B31930,A41,A18262,-0.01691,52503.4,52988.1,3.22E+00,5.10E-04,18827
2026/8/23 21:11,MW2019B00814,A42,A10068,-0.03359,52578.6,53573.7,3.23E+00,8.00E-04,18164
2026/8/23 21:10,MW2017B28940,CHH,A18262,-0.02972,52635.6,49487.2,3.22E+00,4.90E-04,18482
2026/8/23 21:10,MW2019B00772,A43,A10068,-0.0499,52870.6,54570.1,3.23E+00,7.80E-04,18021
2026/8/23 21:10,MW2017B31931,A41,A18262,-0.03177,53887.4,53458.8,3.22E+00,5.10E-04,18680
2026/8/23 21:10,MW2017B24477,A42,A10068,-0.0664,54429.3,50391.5,3.22E+00,6.20E-04,17725
2026/8/23 21:10,MW2017B31932,A41,A18262,-0.0777,53797.6,54549.4,3.22E+00,4.90E-04,18569
2026/8/23 21:09,MW2017B24476,A42,A10068,-0.023,51505.3,52465.9,3.22E+00,6.00E-04,17817
2026/8/23 21:09,MW2017B31933,A41,A18262,-0.0288,54846.6,53638.6,3.22E+00,4.90E-04,18689
2026/8/23 21:09,MW2017B23889,A42,A16850,-0.03945,50760.8,49650.3,3.23E+00,6.80E-04,18024
2026/8/23 21:09,MW2017B31934,A42,A18262,-0.03048,53286.6,54263.9,3.22E+00,5.20E-04,18798
2026/8/23 21:09,MW2017B23890,A43,A16850,-0.01186,53346.2,51057.2,3.23E+00,6.90E-04,18153
2026/8/23 21:08,MW2017B27258,A41,A18262,-0.0233,53201.1,51288.3,3.23E+00,6.40E-04,18531
2026/8/23 21:08,MW2017B16946,A41,A16850,-0.01308,51514.8,51360.7,3.22E+00,7.90E-04,18003
2026/8/23 21:08,MW2017B16949,A42,A16850,-0.03134,54996.9,51376.4,3.22E+00,6.40E-04,18066
2026/8/23 21:08,MW2017B29981,A41,A10066,-0.01037,50657.7,49868.9,3.23E+00,7.50E-04,18701
2026/8/23 21:07,MW2017B16942,A43,A16850,-0.01721,52404.5,51810.7,3.22E+00,6.40E-04,18053
2026/8/23 21:07,MW2016B09746,A41,A10066,-0.01665,54105.6,51470.7,3.22E+00,5.40E-04,18471
2026/8/23 21:07,MW2017B16947,AC20,A16850,-0.03488,54178.9,51908.8,3.21E+00,8.40E-04,18168
2026/8/23 21:07,MW2016B10738,C41,A10066,-0.01575,53759.6,54513.2,3.22E+00,5.30E-04,18725
2026/8/23 21:07,MW2017B16944,A42,A16850,-0.0659,50437.7,54639.5,3.22E+00,6.50E-04,18062
2026/8/23 21:06,MW2017B31197,CHH,A10066,-0.02719,54383.1,52271.3,3.22E+00,5.90E-04,18738
2026/8/23 21:06,MW2017B16945,A41,A16850,-0.01679,54118.8,54418.2,3.22E+00,6.50E-04,17876
2026/8/23 21:06,MW2017B31216,CHH,A10066,-0.03491,53986.9,53587.1,3.22E+00,6.40E-04,18745
2026/8/23 21:06,MW2017B26582,C43,A16850,-0.034,53971.5,49933.9,3.22E+00,8.00E-04,17644
2026/8/23 21:06,MW2017B27255,B41,A10066,-0.01161,51834.3,50076.6,3.23E+00,6.60E-04,18465
2026/8/23 21:05,MW2017B26581,A43,A16850,-0.03561,52842.9,53254.4,3.23E+00,7.70E-04,17751
2026/8/23 21:05,MW2017B28496,O,A10066,-0.04068,51648.8,51627.7,0.00E+00,0.00E+00,18826
2026/8/23 21:05,MW2017B26580,A43,A16850,-0.0379,53296.7,49771.8,3.23E+00,7.80E-04,17712
2026/8/23 21:05,MW2017B26578,AC20,A16850,-0.01512,51015.4,54996.4,3.23E+00,8.10E-04,17711
2026/8/23 21:04,MW2016B09745,A41,A23319,-0.03805,54858.8,53968.8,3.22E+00,6.20E-04,17846
2026/8/23 21:04,MW2016B09753,A42,A23319,-0.0199,52286.8,54925.3,3.22E+00,6.40E-04,17780
2026/8/23 21:03,MW2017B31941,C41,A23319,-0.03615,51028.5,52890.7,3.22E+00,6.20E-04,18301
2026/8/23 21:03,MW2016B09754,A41,A23319,-0.02504,54638.9,51478.7,3.22E+00,6.60E-04,17767
2026/8/23 21:03,MW2016B09755,A41,A23319,-0.02274,52966.7,49446.5,3.22E+00,6.60E-04,17865
2026/8/23 21:02,MW2016B09944,A41,A23319,-0.096,53029.6,54483.8,3.22E+00,7.30E-04,17743
2026/8/23 21:02,MW2017B27254,B41,A10066,-0.095,53837.8,50164.8,3.23E+00,6.50E-04,18497
2026/8/23 21:02,MW2016B09942,AC20,A23319,-0.01833,53536.1,53913.9,3.23E+00,8.70E-04,18066
2026/8/23 21:01,MW2017B28485,A41,A10066,-0.01033,51413.6,50508.9,3.22E+00,5.50E-04,18634
2026/8/23 21:01,MW2017B31935,A41,A23319,-0.079,52040.5,49619.2,3.21E+00,6.10E-04,18185
2026/8/23 21:01,MW2016B09941,A42,A23319,-0.03958,53364.5,49667.4,3.23E+00,7.90E-04,17845
2026/8/23 21:01,MW2017B28486,CHH,A10066,-0.01747,51589.9,53815.5,3.22E+00,5.30E-04,18536
2026/8/23 21:01,MW2016B09940,AC20,A23319,-0.03829,52105.9,54119.7,3.23E+00,8.30E-04,17938
2026/8/23 21:00,MW2017B28160,A41,A10066,-0.03615,54408.2,51990.5,3.23E+00,7.70E-04,18969
2026/8/23 21:00,MW2017B24930,A41,A23319,-0.0977,52971.4,50659.6,3.22E+00,6.10E-04,18004
2026/8/23 21:00,MW2017B28141,CHH,A10066,-0.01184,52240.8,52962.6,3.22E+00,6.90E-04,18906
2026/8/23 21:00,MW2017B22297,AC20,A23319,-0.0478,51331.5,49352.2,3.23E+00,8.40E-04,17871
2026/8/23 20:59,MW2017B27718,A46,A18971,-0.01147,54960.1,49443.7,3.23E+00,6.30E-04,18693
2026/8/23 20:59,MW2017B26899,A43,A13308,-0.01152,52524.9,49785.7,3.22E+00,6.30E-04,17858
2026/8/23 20:59,MW2017B27565,CHH,A18971,-0.03613,52348.8,50663.8,3.23E+00,5.30E-04,18677
2026/8/23 20:59,MW2017B26901,A43,A13308,-0.02843,54923.7,54350.4,3.22E+00,6.70E-04,18065
2026/8/23 20:59,MW2017B27564,O,A18971,-0.045,52617.4,53035.5,0.00E+00,0.00E+00,18668
2026/8/23 20:58,MW2017B26785,A41,A13308,-0.043,54195.4,53626.3,3.22E+00,7.20E-04,17491
2026/8/23 20:58,MW2017B11990,C43,A13308,-0.02755,51585.9,53836.4,3.21E+00,6.20E-04,18026
2026/8/23 20:58,MW2017B26689,C43,A13308,-0.02066,52551.3,52924.6,3.21E+00,7.10E-04,17556
2026/8/23 20:57,MW2017B26694,C43,A13308,-0.076,52750.1,50359.4,3.22E+00,6.80E-04,17593
2026/8/23 20:57,MW2017B26693,C43,A13308,-0.02778,53222.1,53729.1,3.22E+00,7.10E-04,17588
2026/8/23 20:57,MW2017B28280,CHH,A18971,-0.03985,53650.9,54618.8,3.22E+00,6.20E-04,18781
2026/8/23 20:56,MW2017B26692,C43,A13308,-0.02497,52958.4,53640.4,3.22E+00,7.00E-04,17589
2026/8/23 20:56,MW2017B28282,A46,A18971,-0.01827,53922.7,54259.8,3.22E+00,7.70E-04,18808
2026/8/23 20:56,MW2017B26691,C43,A13308,-0.01561,51349.9,53427.9,3.22E+00,7.10E-04,17646
2026/8/23 20:56,MW2017B31976,CHH,A18971,-0.01,54989.7,51410.3,3.22E+00,5.00E-04,18894
2026/8/23 20:56,MW2017B26690,C43,A13308,-0.01487,53239.8,51310.6,3.21E+00,7.00E-04,17542
2026/8/23 20:55,MW2017B27721,A46,A18971,-0.046,51797.4,50947.7,3.22E+00,7.70E-04,18513
2026/8/23 20:55,MW2017B29787,A42,A13308,-0.0307,51303.7,50615.6,3.22E+00,7.50E-04,18115
2026/8/23 20:55,MW2017B27726,CHH,A18971,-0.03818,52862.1,54119.8,3.22E+00,6.60E-04,18674
2026/8/23 20:55,MW2017B29788,C42,A13308,-0.0156,51105.6,53696.8,3.22E+00,7.60E-04,18112
2026/8/23 20:54,MW2017B27725,CHH,A18971,-0.02861,54766.4,52260.1,3.22E+00,6.40E-04,18727
2026/8/23 20:54,MW2017B21028,A43,A20394,-0.09,52262.8,54963.5,3.23E+00,7.30E-04,18084
2026/8/23 20:54,MW2017B28276,A46,A18971,-0.05,53369.3,51320.2,3.22E+00,7.00E-04,18870
2026/8/23 20:54,MW2017B28277,A46,A18971,-0.03841,53299.8,54017.7,3.22E+00,6.20E-04,18750
2026/8/23 20:53,MW2017B21026,A43,A20394,-0.02883,52170.8,53184.7,3.23E+00,7.70E-04,18040
2026/8/23 20:53,MW2017B28278,CHH,A18971,-0.0626,52546.2,49451.4,3.21E+00,6.90E-04,18974
2026/8/23 20:53,MW2017B18263,A42,A20394,-0.02101,53892.9,50387.6,3.23E+00,7.20E-04,18131
2026/8/23 20:53,MW2017B24921,A42,A16029,-0.02823,51128.5,53668.7,3.23E+00,5.30E-04,18606
2026/8/23 20:53,MW2017B18286,AC20,A20394,-0.0378,50810.8,53652.9,3.22E+00,8.30E-04,18044
2026/8/23 20:52,MW2017B24813,A43,A16029,-0.0708,51804.3,49379.5,3.22E+00,5.40E-04,18712
2026/8/23 20:52,MW2017B18285,A42,A20394,-0.03485,53786.4,53722.2,3.22E+00,7.00E-04,18201
2026/8/23 20:52,MW2017B18284,A41,A20394,-0.03714,51655.7,54953.6,3.22E+00,7.20E-04,18304
2026/8/23 20:52,MW2017B24856,A43,A16029,-0.01696,50655.8,49318.8,3.21E+00,5.50E-04,18551
2026/8/23 20:51,MW2017B18282,AC20,A20394,-0.0396,51168.6,54273.7,3.22E+00,8.30E-04,17957
2026/8/23 20:51,MW2017B24814,A42,A16029,-0.0162,52626.7,49144.1,3.21E+00,5.40E-04,18658
2026/8/23 20:51,MW2017B23515,A42,A20394,-0.02561,50807.9,53575.7,3.23E+00,6.70E-04,17876
2026/8/23 20:51,MW2017B24815,A42,A16029,-0.03799,54344.6,50321.1,3.21E+00,5.50E-04,18771
2026/8/23 20:51,MW2017B18281,A41,A20394,-0.0377,53944.2,53774.3,3.22E+00,7.10E-04,18282
2026/8/23 20:50,MW2017B24855,A43,A16029,-0.02063,53463.6,50918.2,3.23E+00,5.30E-04,18624
2026/8/23 20:50,MW2017B23518,A43,A20394,-0.0116,54813.7,49848.2,3.23E+00,6.70E-04,17914
2026/8/23 20:50,MW2017B24816,A42,A16029,-0.0276,53634.6,49265.7,3.23E+00,5.50E-04,18696
2026/8/23 20:50,MW2017B24732,A43,A20394,-0.03943,52188.4,49343.6,3.22E+00,6.20E-04,18035
2026/8/23 20:49,MW2017B28294,C43,A16029,-0.0311,51158.5,54683.2,3.21E+00,5.90E-04,18675
2026/8/23 20:49,MW2017B23519,C43,A20394,-0.03952,51238.2,50222.5,3.22E+00,6.70E-04,17873
2026/8/23 20:49,MW2017B24875,A43,A16029,-0.0278,51620.3,53427.2,3.22E+00,5.40E-04,18692
2026/8/23 20:49,MW2044B06924,AC20,A18037,-0.02727,52023.8,51944.4,3.24E+00,9.30E-04,17981
2026/8/23 20:49,MW2017B24874,A43,A16029,-0.03272,51106.7,49753.5,3.22E+00,5.20E-04,18624
2026/8/23 20:49,MW2044B04736,A42,A18037,-0.03817,52350.3,49917.6,3.24E+00,8.00E-04,18032
2026/8/23 20:48,MW2044B04737,AC20,A18037,-0.0707,52383.1,52478.5,3.24E+00,9.20E-04,18074
2026/8/23 20:48,MW2017B24873,C43,A16029,-0.01277,51491.9,54118.2,3.21E+00,5.30E-04,18623
2026/8/23 20:48,MW2044B06406,A43,A18037,-0.0116,50592.8,50188.7,3.24E+00,7.50E-04,17950
2026/8/23 20:48,MW2017B24752,C42,A16029,-0.02505,50341.7,50504.3,3.21E+00,5.40E-04,18660
2026/8/23 20:47,MW2017B21065,A43,A16871,-0.003,50570.5,52619.7,3.22E+00,6.10E-04,18502
2026/8/23 20:47,MW2017B21066,C43,A16871,-0.056,54339.9,50306.1,3.22E+00,5.80E-04,18804
2026/8/23 20:47,MW2044B06403,A43,A18037,-0.0424,54359.6,52168.7,3.24E+00,7.50E-04,18032
2026/8/23 20:46,MW2017B21068,A43,A16871,-0.04149,53262.7,50398.9,3.22E+00,6.10E-04,18800
2026/8/23 20:46,MW2044B02505,CHH,A18037,-0.03721,50705.7,53249.2,3.23E+00,5.70E-04,18019
2026/8/23 20:46,MW2044B02504,CHH,A18037,-0.02702,54657.9,51809.4,3.23E+00,5.60E-04,18055
2026/8/23 20:46,MW2017B21069,A43,A16871,-0.03934,51297.9,53912.5,3.23E+00,5.80E-04,18669
2026/8/23 20:46,MW2044B09969,AC20,A18037,-0.0653,54683.8,54713.7,3.24E+00,8.20E-04,18158
2026/8/23 20:45,MW2017B21070,A43,A16871,-0.0783,54434.8,54188.8,3.23E+00,5.90E-04,18559
2026/8/23 20:45,MW2044B05429,AC20,A18037,-0.03718,53700.4,54822.4,3.24E+00,8.50E-04,18205
2026/8/23 20:45,MW2017B21071,A43,A16871,-0.0303,54213.4,49200.8,3.22E+00,6.60E-04,18636
2026/8/23 20:45,MW2044B05431,A42,A18037,-0.03744,54879.4,51032.1,3.24E+00,6.90E-04,17930
2026/8/23 20:45,MW2017B21072,A43,A16871,-0.02768,51878.5,52419.3,3.22E+00,5.80E-04,18806
2026/8/23 20:44,MW2044B04566,A42,A18037,-0.03959,54694.7,52206.2,3.24E+00,7.70E-04,18076
2026/8/23 20:44,MW2017B21073,A43,A16871,-0.0532,52012.6,49953.4,3.23E+00,5.50E-04,18714
2026/8/23 20:44,MW2045B46671,AC20,A18037,-0.03952,53858.7,51606.7,3.24E+00,9.10E-04,17928
2026/8/23 20:44,MW2017B21074,A43,A16871,-0.03224,51503.8,52938.5,3.22E+00,5.90E-04,18500
2026/8/23 20:43,MW2017B21025,O,A16871,-0.02695,51328.4,52551.3,0.00E+00,0.00E+00,18656
2026/8/23 20:43,MW2016B08502,A43,A17951,-0.0344,53239.9,49213.5,3.23E+00,7.10E-04,18119
2026/8/23 20:42,MW2016B08501,A43,A17951,-0.0713,52162.9,53816.6,3.23E+00,7.50E-04,18195
2026/8/23 20:42,MW2017B18814,A42,A17951,-0.03062,53246.6,52168.4,3.23E+00,7.90E-04,17954
2026/8/23 20:41,MW2017B18810,A42,A17951,-0.0895,53577.2,49415.7,3.23E+00,8.00E-04,18077
2026/8/23 20:41,MW2017B18515,AC20,A17951,-0.02386,51421.2,49148.3,3.23E+00,8.10E-04,17992
2026/8/23 20:41,MW2017B26093,A43,A17951,-0.0641,53516.1,53306.8,3.23E+00,7.70E-04,17828
2026/8/23 20:40,MW2017B26092,A43,A17951,-0.03676,52226.1,53822.6,3.23E+00,7.60E-04,17830
2026/8/23 20:40,MW2017B26091,C43,A17951,-0.01837,51209.4,49843.4,3.22E+00,7.60E-04,17906
2026/8/23 20:39,MW2017B26090,A43,A17951,-0.02459,53858.3,52460.4,3.23E+00,7.50E-04,17855
2026/8/23 20:39,MW2017B26089,A43,A17951,-0.02801,52077.6,54368.3,3.22E+00,7.40E-04,17874
2026/8/23 20:39,MW2017B26088,A43,A17951,-0.0174,52506.5,53711.9,3.22E+00,7.70E-04,17762
2026/8/23 20:38,MW2017B26087,A43,A17951,-0.01373,53197.4,49392.5,3.23E+00,7.70E-04,17781
2026/8/23 20:38,MW2017B21075,A42,A16871,-0.01128,51890.7,50046.8,3.22E+00,5.90E-04,18499
2026/8/23 20:38,MW2017B24475,A42,A03081,-0.03898,53506.7,51590.8,3.22E+00,6.30E-04,17958
2026/8/23 20:38,MW2017B21024,A42,A16871,-0.02994,50726.2,52571.7,3.23E+00,6.30E-04,18611
2026/8/23 20:37,MW2017B24582,A43,A03081,-0.01151,51408.7,54538.5,3.22E+00,6.40E-04,18114
2026/8/23 20:37,MW2017B26727,A43,A18574,-0.0803,53643.3,54049.9,3.22E+00,6.10E-04,18597
2026/8/23 20:37,MW2017B27250,A41,A03081,-0.0224,51778.5,54240.6,3.22E+00,7.40E-04,17848
2026/8/23 20:37,MW2016B08659,O,A18574,-0.02123,54497.2,49501.7,0.00E+00,0.00E+00,18505
2026/8/23 20:37,MW2017B27251,A41,A03081,-0.0854,52295.5,54981.2,3.22E+00,7.50E-04,17927
2026/8/23 20:36,MW2017B27252,A41,A03081,-0.02882,52390.8,52189.8,3.23E+00,7.40E-04,17988
2026/8/23 20:36,MW2017B27253,A41,A03081,-0.0183,52581.2,54466.6,3.23E+00,7.60E-04,17937
2026/8/23 20:35,MW2016B09938,AC20,A03081,-0.01729,54528.8,54908.6,3.23E+00,8.20E-04,17988
2026/8/23 20:35,MW2016B09939,AC20,A03081,-0.02158,51185.6,52044.9,3.23E+00,8.40E-04,17907
2026/8/23 20:35,MW2017B27756,CHH,A03081,-0.03156,54225.9,53594.4,3.22E+00,7.10E-04,17997
2026/8/23 20:34,MW2017B27759,CHH,A03081,-0.01708,54905.8,49197.8,3.22E+00,7.70E-04,18053
2026/8/23 20:34,MW2016B09747,A41,A03081,-0.0799,52249.1,50737.9,3.23E+00,6.20E-04,17891
2026/8/23 20:33,MW2017B31937,A41,A03081,-0.0981,53147.7,51809.3,3.22E+00,6.20E-04,18106
2026/8/23 20:32,MW2017B26584,O,A18574,-0.01841,50370.3,50481.9,0.00E+00,0.00E+00,18397
2026/8/23 20:30,MW2017B23483,A43,A03364,-0.0805,54696.8,49936.3,3.23E+00,6.70E-04,17960
2026/8/23 20:30,MW2017B23484,A43,A03364,-0.02014,51175.7,51835.4,3.22E+00,6.60E-04,17984
2026/8/23 20:29,MW2017B23485,A43,A03364,-0.04036,50840.3,50992.3,3.22E+00,6.60E-04,17972
2026/8/23 20:29,MW2016B07982,B43,A03364,-0.01749,53323.6,50859.6,3.23E+00,7.00E-04,17911
2026/8/23 20:29,MW2016B07983,B43,A03364,-0.01685,53022.9,52725.9,3.20E+00,7.80E-04,17971
2026/8/23 20:28,MW2016B07984,D43,A03364,-0.02564,54615.3,51090.7,3.23E+00,7.40E-04,17892
2026/8/23 20:28,MW2016B07985,D43,A03364,-0.03398,54767.1,53357.8,3.23E+00,7.80E-04,17753
2026/8/23 20:27,MW2016B07986,AC20,A03364,-0.0608,52084.2,49896.7,3.23E+00,8.20E-04,18009
2026/8/23 20:27,MW2016B07987,B43,A03364,-0.04152,50907.8,53709.6,3.22E+00,7.90E-04,17950
2026/8/23 20:27,MW2017B26074,A43,A03364,-0.0876,52037.9,53095.3,3.23E+00,7.90E-04,17765
2026/8/23 20:26,MW2017B24750,C42,A03364,-0.03272,50907.9,51361.3,3.21E+00,6.50E-04,18152
2026/8/23 20:26,MW2017B24751,A42,A03364,-0.03878,53785.6,49281.5,3.21E+00,6.50E-04,18163
2026/8/23 20:25,MW2017B18705,A43,A06287,-0.01739,53355.9,54074.9,3.23E+00,7.90E-04,18192
2026/8/23 20:25,MW2017B24860,A43,A06287,-0.01632,53083.8,52241.3,3.23E+00,6.40E-04,17997
2026/8/23 20:25,MW2017B24858,A43,A06287,-0.02187,53150.3,52672.1,3.23E+00,6.30E-04,17989
2026/8/23 20:24,MW2017B32973,A42,A06287,-0.01604,52167.8,50030.9,3.23E+00,8.00E-04,17773
2026/8/23 20:24,MW2017B32974,AC20,A06287,-0.0866,51978.9,52724.8,3.23E+00,8.10E-04,17668
2026/8/23 20:24,MW2017B32975,A42,A06287,-0.01804,51316.4,54926.3,3.23E+00,8.00E-04,17766
2026/8/23 20:23,MW2017B26735,C42,A06287,-0.02175,54712.6,52044.9,3.22E+00,6.50E-04,17537
2026/8/23 20:23,MW2017B26583,A43,A18574,-0.03837,50847.4,51087.9,3.22E+00,6.80E-04,18426
2026/8/23 20:23,MW2017B24864,A43,A06287,-0.03912,53324.3,52761.6,3.22E+00,6.40E-04,17972
2026/8/23 20:23,MW2017B15503,A43,A18574,-0.02021,52202.4,50877.2,3.22E+00,6.30E-04,18563
2026/8/23 20:22,MW2017B24863,A43,A06287,-0.01954,51331.6,54587.6,3.23E+00,6.40E-04,18086
2026/8/23 20:22,MW2016B08504,A43,A18574,-0.0931,51918.2,52259.9,3.23E+00,7.10E-04,18865
2026/8/23 20:22,MW2017B24862,A43,A06287,-0.0905,51577.1,51775.3,3.23E+00,6.40E-04,18000
2026/8/23 20:22,MW2016B08503,A43,A18574,-0.02968,51939.9,49750.2,3.22E+00,6.20E-04,18758
2026/8/23 20:22,MW2017B24861,A43,A06287,-0.02671,53992.3,49705.3,3.22E+00,6.50E-04,18028
2026/8/23 20:21,MW2017B26636,A43,A18574,-0.0952,54163.1,53941.8,3.23E+00,7.40E-04,18508
2026/8/23 20:21,MW2017B24909,A42,A06287,-0.02798,54129.6,51553.9,3.23E+00,6.30E-04,17960
2026/8/23 20:21,MW2017B26635,O,A18574,-0.03801,52478.8,49420.9,0.00E+00,0.00E+00,18382
2026/8/23 20:19,MW2017B19762,A43,A19056,-0.03876,51104.8,53455.9,3.23E+00,7.50E-04,18046
2026/8/23 20:18,MW2017B26082,A43,A19056,-0.02641,50411.3,53374.4,3.23E+00,7.70E-04,17799
2026/8/23 20:18,MW2016B07988,B42,A19056,-0.0182,53230.9,51809.5,3.23E+00,7.80E-04,17922
2026/8/23 20:18,MW2016B07989,A42,A19056,-0.03686,52484.8,49383.4,3.22E+00,7.70E-04,17847
2026/8/23 20:18,MW2017B26634,A43,A18574,-0.03331,50712.9,51743.5,3.23E+00,7.10E-04,18536
2026/8/23 20:17,MW2017B20414,AC20,A19056,-0.0742,53108.6,51800.9,3.23E+00,8.70E-04,17863
2026/8/23 20:17,MW2017B26633,A43,A18574,-0.03132,53875.3,50282.4,3.23E+00,6.50E-04,18297
2026/8/23 20:17,MW2017B20413,AC20,A19056,-0.03507,52369.6,49354.9,3.23E+00,8.30E-04,18039
2026/8/23 20:17,MW2017B26079,A43,A18574,-0.02016,53429.5,50713.8,3.23E+00,7.00E-04,18498
2026/8/23 20:16,MW2017B20412,D42,A19056,-0.03581,51240.9,49798.5,3.23E+00,7.90E-04,17976
2026/8/23 20:16,MW2017B26898,A43,A23973,-0.04189,51177.5,51401.5,3.22E+00,5.30E-04,18431
2026/8/23 20:16,MW2017B20410,AC20,A19056,-0.017,51168.2,49317.5,3.23E+00,8.30E-04,17933
2026/8/23 20:16,MW2017B26788,A42,A23973,-0.01608,53341.1,51117.1,3.22E+00,6.10E-04,18269
2026/8/23 20:16,MW2017B21018,A42,A19056,-0.01491,53312.6,49487.4,3.22E+00,7.60E-04,18293
2026/8/23 20:15,MW2017B26787,A42,A23973,-0.01588,54073.6,54238.6,3.22E+00,6.50E-04,18214
2026/8/23 20:15,MW2017B21019,A41,A19056,-0.0628,51767.3,53697.8,3.21E+00,7.70E-04,18221
2026/8/23 20:15,MW2017B26786,C42,A23973,-0.03331,52555.9,51882.8,3.22E+00,6.20E-04,18127
2026/8/23 20:15,MW2017B21022,A42,A19056,-0.03602,54756.2,54819.2,3.23E+00,7.20E-04,18224
2026/8/23 20:14,MW2017B22221,O,A23973,-0.03388,54710.8,49182.5,0.00E+00,0.00E+00,18369
2026/8/23 20:14,MW2017B21021,A42,A19056,-0.01934,52322.8,51392.6,3.22E+00,7.10E-04,17978
2026/8/23 20:13,MW2016B11092,A43,A19908,-0.01334,54923.1,51525.9,3.22E+00,6.10E-04,18237
2026/8/23 20:12,MW2016B10481,A42,A19908,-0.03244,52950.6,50287.4,3.21E+00,6.10E-04,18056
2026/8/23 20:12,MW2016B10483,A42,A19908,-0.02402,51550.3,51362.8,3.23E+00,7.00E-04,18071
2026/8/23 20:12,MW2016B10484,A42,A19908,-0.03243,52286.4,52402.1,3.22E+00,6.40E-04,18034
2026/8/23 20:11,MW2016B10485,A42,A19908,-0.0282,51231.6,54209.6,3.22E+00,6.10E-04,18080
2026/8/23 20:11,MW2016B11123,A42,A19908,-0.03615,52065.3,54097.5,3.23E+00,6.10E-04,18022
2026/8/23 20:10,MW2016B11126,A42,A19908,-0.02008,53565.9,49497.4,3.23E+00,6.20E-04,18271
2026/8/23 20:10,MW2017B18671,B43,A23973,-0.0206,54829.9,49933.3,3.23E+00,7.70E-04,18702
2026/8/23 20:10,MW2017B29713,A42,A19908,-0.02063,51814.1,53677.2,3.22E+00,6.90E-04,17872
2026/8/23 20:09,MW2017B29713,A42,A19908,-0.04024,54221.7,53489.4,3.22E+00,6.90E-04,17872
2026/8/23 20:09,MW2017B22346,B42,A23973,-0.0263,52343.2,54961.6,3.23E+00,7.70E-04,18407
2026/8/23 19:58,MW2017B22352,B43,A23973,-0.01181,53774.9,49166.1,3.23E+00,7.60E-04,18500
2026/8/23 19:58,MW2017B18665,O,A23973,-0.03081,54320.4,50212.3,0.00E+00,0.00E+00,18313
2026/8/23 19:58,MW2017B29712,A42,A19908,-0.02498,54495.3,51221.2,3.22E+00,7.40E-04,17912
2026/8/23 19:53,MW2017B29712,A42,A19908,-0.0234,52965.3,54294.1,3.22E+00,7.40E-04,17912
2026/8/23 19:53,MW2017B29711,A42,A19908,-0.0111,53979.4,51863.5,3.23E+00,6.60E-04,17819
2026/8/23 19:52,MW2016B07283,A43,A23973,-0.03845,53978.3,51466.7,3.23E+00,7.20E-04,18464
2026/8/23 19:52,MW2016B10588,A42,A19908,-0.02656,52426.8,54125.2,3.22E+00,6.30E-04,18133
2026/8/23 19:52,MW2017B15496,C43,A23973,-0.02108,52258.8,53993.4,3.22E+00,7.00E-04,18635
2026/8/23 19:52,MW2016B13312,B41,A19908,-0.02447,51063.9,51330.7,3.23E+00,5.90E-04,18267
2026/8/23 19:51,MW2017B16983,A42,A23973,-0.04169,51439.8,54138.9,3.22E+00,6.10E-04,18502
2026/8/23 19:51,MW2017B28609,A43,A20412,-0.0344,51879.4,51100.3,3.22E+00,7.50E-04,18298
2026/8/23 19:51,MW2017B26927,A41,A20412,-0.03474,51150.4,52464.8,3.23E+00,7.60E-04,17961
2026/8/23 19:50,MW2017B28608,A43,A20412,-0.03501,50340.4,54464.7,3.22E+00,7.60E-04,18271
2026/8/23 19:50,MW2017B26418,A42,A20412,-0.03856,52953.3,50033.2,3.23E+00,7.30E-04,17929
2026/8/23 19:50,MW2017B26418,A42,A20412,-0.03974,52538.5,50270.4,3.23E+00,7.30E-04,17929
2026/8/23 19:49,MW2017B28607,A43,A20412,-0.0131,52412.9,53574.8,3.22E+00,7.30E-04,18206
2026/8/23 19:49,MW2017B28625,A43,A20412,-0.03654,52045.2,50828.5,3.22E+00,6.60E-04,17787
2026/8/23 19:48,MW2017B24931,A41,A20412,-0.0113,54163.3,52541.2,3.23E+00,6.10E-04,17942
2026/8/23 19:48,MW2017B33395,AC20,A20412,-0.062,51381.3,54067.8,3.22E+00,8.40E-04,18023
2026/8/23 19:48,MW2017B24932,A42,A20412,-0.02311,50887.5,49726.1,3.22E+00,6.10E-04,18013
2026/8/23 19:47,MW2017B26592,A42,A20412,-0.01325,50332.5,51432.8,3.23E+00,7.80E-04,17706
2026/8/23 19:47,MW2017B24754,C41,A20412,-0.03788,53584.3,53390.2,3.21E+00,6.50E-04,18247
2026/8/23 19:46,MW2017B26593,A42,A20412,-0.03584,50955.1,50690.8,3.23E+00,7.70E-04,17393
2026/8/23 19:46,MW2045B56576,AC20,A24017,-0.0586,50637.3,54783.7,3.24E+00,8.80E-04,18051
2026/8/23 19:45,MW2045B13832,AC20,A24017,-0.01367,53502.6,54460.3,3.24E+00,8.10E-04,18126
2026/8/23 19:45,MW2045B30127,AC20,A24017,-0.01085,53703.3,50553.3,3.24E+00,9.30E-04,18024
2026/8/23 19:45,MW2044B23290,C43,A24017,-0.01185,53258.7,54839.3,3.24E+00,7.90E-04,18138
2026/8/23 19:44,MW2045B30545,AC20,A24017,-0.03211,54683.1,54779.6,3.23E+00,8.10E-04,18064
2026/8/23 19:44,MW2045B29053,AC20,A24017,-0.04071,54742.7,54865.7,3.23E+00,9.00E-04,18217
2026/8/23 19:44,MW2045B29051,AC20,A24017,-0.01183,52028.4,53953.5,3.23E+00,8.70E-04,18232
2026/8/23 19:43,MW2045B29048,AC20,A24017,-0.03806,51970.6,53176.8,3.23E+00,8.80E-04,18207
2026/8/23 19:43,MW2045B32799,AC20,A24017,-0.02295,53984.3,53672.6,3.23E+00,8.60E-04,18136
2026/8/23 19:42,MW2045B32784,AC20,A24017,-0.0376,50626.4,54076.8,3.23E+00,8.80E-04,18176
2026/8/23 19:42,MW2017B24717,C41,A01222,-0.03986,51080.8,50014.8,3.21E+00,5.30E-04,18530
2026/8/23 19:42,MW2045B26868,AC20,A24017,-0.0651,53289.9,53412.3,3.23E+00,9.00E-04,17978
2026/8/23 19:41,MW2017B22287,A43,A01222,-0.03484,52404.4,52873.2,3.23E+00,6.80E-04,18719
2026/8/23 19:41,MW2045B30094,AC20,A24017,-0.0483,52338.2,49113.4,3.24E+00,8.80E-04,18045
2026/8/23 19:41,MW2019B00781,A43,A01222,-0.01463,52443.5,52150.9,3.23E+00,6.90E-04,18637
2026/8/23 19:41,MW2017B26086,A43,A11126,-0.03455,52352.4,52577.1,3.23E+00,7.60E-04,17861
2026/8/23 19:41,MW2017B12023,A43,A01222,-0.0666,51358.1,50215.8,3.22E+00,5.80E-04,18762
2026/8/23 19:40,MW2017B26085,A43,A11126,-0.01648,52295.8,54316.6,3.23E+00,7.70E-04,17880
2026/8/23 19:40,MW2027B09716,B43,A01222,-0.02435,52412.8,52388.4,3.22E+00,4.50E-04,19230
2026/8/23 19:40,MW2017B26083,A43,A11126,-0.082,52633.9,54775.3,3.22E+00,7.70E-04,17975
2026/8/23 19:40,MW2017B22291,B43,A01222,-0.02543,51937.4,53856.8,3.23E+00,6.70E-04,18713
2026/8/23 19:39,MW2017B26081,A43,A11126,-0.0184,54037.5,52293.2,3.22E+00,7.70E-04,17798
2026/8/23 19:39,MW2017B23406,A42,A01222,-0.03614,51372.4,49623.4,3.23E+00,5.70E-04,18621
2026/8/23 19:39,MW2017B26084,A43,A11126,-0.03095,50577.4,49375.1,3.23E+00,7.70E-04,17942
2026/8/23 19:39,MW2017B23405,A42,A01222,-0.03377,51347.8,51397.5,3.23E+00,5.90E-04,18499
2026/8/23 19:39,MW2017B24381,AC20,A11126,-0.02566,53998.6,53877.1,3.23E+00,8.70E-04,17797
2026/8/23 19:38,MW2017B23408,A42,A01222,-0.02227,53750.5,54390.5,3.22E+00,4.80E-04,18495
2026/8/23 19:38,MW2017B24384,AC20,A11126,-0.0577,52251.9,54652.8,3.22E+00,8.60E-04,17718
2026/8/23 19:38,MW2017B23407,A42,A01222,-0.01243,52431.8,52289.7,3.23E+00,5.80E-04,18563
2026/8/23 19:38,MW2017B26080,A43,A11126,-0.03867,51091.3,52046.3,3.23E+00,7.80E-04,17785
2026/8/23 19:38,MW2017B18713,A43,A11126,-0.03676,54794.5,54717.1,3.23E+00,7.80E-04,18056
2026/8/23 19:37,MW2017B24719,A42,A01222,-0.0129,53233.1,53713.5,3.22E+00,5.10E-04,18629
2026/8/23 19:37,MW2017B18660,A43,A11126,-0.03133,54944.3,52015.3,3.23E+00,7.70E-04,17788
2026/8/23 19:37,MW2017B23434,A42,A01222,-0.03879,54786.3,49557.3,3.22E+00,5.40E-04,18408
2026/8/23 19:37,MW2017B26733,C42,A11126,-0.03369,53037.3,49085.7,3.22E+00,7.00E-04,17791
2026/8/23 19:36,MW2017B26733,C42,A11126,-0.01978,51626.2,51031.6,3.22E+00,7.00E-04,17791
2026/8/23 19:35,MW2017B18707,A43,A24446,-0.0478,51151.4,53304.1,3.22E+00,6.60E-04,18731
2026/8/23 19:35,MW2017B26734,C42,A11126,-0.01045,54722.1,54913.9,3.22E+00,6.60E-04,17563
2026/8/23 19:35,MW2017B18708,A42,A24446,-0.02252,51562.8,54215.6,3.23E+00,6.70E-04,18652
2026/8/23 19:35,MW2017B18782,A42,A24446,-0.0136,51498.8,52487.6,3.23E+00,7.00E-04,18607
2026/8/23 19:34,MW2017B18784,A43,A24446,-0.03877,54668.4,50573.7,3.23E+00,6.70E-04,18546
2026/8/23 19:34,MW2017B18784,A43,A24446,-0.01376,50967.1,54060.1,3.23E+00,6.70E-04,18546
2026/8/23 19:33,MW2017B18785,A42,A24446,-0.01083,53121.8,52932.9,3.23E+00,6.80E-04,18721
2026/8/23 19:33,MW2017B24936,A42,A24446,-0.01668,51919.2,54983.4,3.23E+00,5.10E-04,18633
2026/8/23 19:32,MW2017B24937,A42,A24446,-0.02883,52811.4,49959.7,3.23E+00,5.20E-04,18552
2026/8/23 19:32,MW2017B24938,A42,A24446,-0.03265,52969.2,52130.6,3.23E+00,5.10E-04,18437
2026/8/23 19:31,MW2017B24915,A42,A24446,-0.02276,52336.6,52045.5,3.22E+00,5.30E-04,18656
2026/8/23 19:31,MW2017B24918,A42,A24446,-0.0907,50458.6,51783.7,3.23E+00,5.20E-04,18571
2026/8/23 19:31,MW2017B24907,A42,A24840,-0.01733,53049.1,54888.2,3.23E+00,6.30E-04,18020
2026/8/23 19:30,MW2017B24919,A42,A24446,-0.0108,54062.8,50802.4,3.23E+00,5.30E-04,18754
2026/8/23 19:30,MW2017B27628,AC20,A24840,-0.02493,54979.6,51628.4,3.23E+00,8.80E-04,18069
2026/8/23 19:30,MW2017B24920,A42,A24446,-0.02974,50760.2,49459.5,3.23E+00,5.30E-04,18618
2026/8/23 19:30,MW2017B11755,A43,A24840,-0.02838,52564.3,50151.1,3.22E+00,7.00E-04,18315
2026/8/23 19:30,MW2017B32993,O,A07699,-0.02358,50583.7,49745.6,0.00E+00,0.00E+00,18490
2026/8/23 19:29,MW2017B18764,A43,NULL,-0.01005,51301.5,52758.9,3.23E+00,7.70E-04,18011
2026/8/23 19:27,MW2017B11780,A43,A24840,-0.03913,51511.7,53964.6,3.22E+00,7.30E-04,18213
2026/8/23 19:27,MW2017B32992,C42,A07699,-0.02628,53889.1,52190.5,3.21E+00,5.70E-04,18384
2026/8/23 19:26,MW2017B11753,A43,A24840,-0.0922,52925.8,51774.8,3.22E+00,7.20E-04,18103
2026/8/23 19:26,MW2017B32991,C42,A07699,-0.03189,52821.4,54544.7,3.22E+00,6.70E-04,18470
2026/8/23 19:26,MW2017B11752,A43,A24840,-0.01041,51627.9,54766.2,3.21E+00,7.00E-04,18356
2026/8/23 19:25,MW2017B11752,A43,A24840,-0.01489,51343.2,53876.5,3.21E+00,7.00E-04,18356
2026/8/23 19:19,MW2017B32990,O,A07699,-0.01788,50740.5,51788.4,0.00E+00,0.00E+00,18521
2026/8/23 19:19,MW2017B11752,A43,A24840,-0.0487,52707.9,53171.4,3.21E+00,7.00E-04,18356
2026/8/23 19:19,MW2017B11751,A43,A24840,-0.01558,53600.8,54027.8,3.21E+00,7.10E-04,18034
2026/8/23 19:18,MW2017B11750,A43,A24840,-0.02243,53808.1,49394.4,3.22E+00,6.30E-04,18231
2026/8/23 19:18,MW2017B26075,A43,A24840,-0.01382,53148.2,51855.9,3.23E+00,7.90E-04,17843
2026/8/23 19:17,MW2017B26076,A43,A24840,-0.03413,54048.4,49632.6,3.23E+00,7.80E-04,17800
2026/8/23 19:17,MW2017B26077,A43,A24840,-0.03926,52313.7,51990.7,3.23E+00,7.80E-04,17814
2026/8/23 19:17,MW2017B26729,A42,A21340,-0.03284,50968.3,49210.3,3.22E+00,7.00E-04,17720
2026/8/23 19:16,MW2017B26730,A42,A21340,-0.03548,52232.6,50250.4,3.22E+00,7.20E-04,17831
2026/8/23 19:16,MW2017B21791,AC20,A21340,-0.02866,51666.5,50443.4,3.23E+00,8.40E-04,18057
2026/8/23 19:16,MW2017B32989,O,A07699,-0.01199,51782.7,50472.6,0.00E+00,0.00E+00,18711
2026/8/23 19:15,MW2017B28311,AC20,A21340,-0.02363,51403.6,54991.9,3.22E+00,8.30E-04,18073
2026/8/23 19:15,MW2017B27557,CHH,A21340,-0.01601,53626.8,53140.4,3.23E+00,6.20E-04,18079
2026/8/23 19:15,MW2017B27558,CHH,A21340,-0.0272,52519.5,50312.5,3.23E+00,6.90E-04,18042
2026/8/23 19:14,MW2017B27559,A46,A21340,-0.02747,51003.3,53840.6,3.23E+00,6.70E-04,17987
2026/8/23 19:14,MW2017B27560,CHH,A21340,-0.02048,53687.1,49279.8,3.23E+00,6.70E-04,17978
2026/8/23 19:13,MW2017B27561,CHH,A21340,-0.0742,51416.6,51440.3,3.23E+00,6.70E-04,18040
2026/8/23 19:13,MW2017B27562,CHH,A21340,-0.03518,53992.8,50622.6,3.23E+00,6.30E-04,17994
2026/8/23 19:13,MW2017B27563,CHH,A21340,-0.01366,52945.8,53147.6,3.23E+00,6.70E-04,18015
2026/8/23 19:12,MW2017B28279,CHH,A21340,-0.0758,51225.8,53349.2,3.22E+00,7.70E-04,18046
2026/8/23 19:12,MW2017B32994,A42,A13855,-0.0423,51801.1,50442.2,3.23E+00,7.70E-04,17816
2026/8/23 19:11,MW2017B32995,A42,A13855,-0.01148,52749.9,52053.5,3.23E+00,7.60E-04,17719
2026/8/23 19:11,MW2017B32972,A42,A13855,-0.01606,51802.2,51893.5,3.22E+00,8.00E-04,18000
2026/8/23 19:11,MW2017B32988,A42,A07699,-0.0652,54149.2,50167.8,3.23E+00,6.90E-04,18489
2026/8/23 19:11,MW2017B29786,A42,A13855,-0.02534,51370.7,49564.1,3.22E+00,7.60E-04,18057
2026/8/23 19:10,MW2017B29796,A42,A07699,-0.01612,54731.3,49591.7,3.22E+00,7.30E-04,18845
2026/8/23 19:10,MW2016B09959,AC20,A13855,-0.03906,53352.2,52714.1,3.23E+00,8.60E-04,18056
2026/8/23 19:10,MW2017B29795,A42,A07699,-0.03054,50727.6,51127.4,3.22E+00,6.70E-04,18815
2026/8/23 19:10,MW2016B11279,C43,A13855,-0.0385,53705.9,52167.1,3.21E+00,6.60E-04,18394
2026/8/23 19:10,MW2017B29794,A42,A07699,-0.0536,52835.6,49463.4,3.22E+00,6.60E-04,18650
2026/8/23 19:09,MW2017B27985,AC20,A13855,-0.03785,52530.1,49066.7,3.23E+00,8.70E-04,18042
2026/8/23 19:09,MW2017B29793,A42,A07699,-0.04087,53584.8,50048.4,3.22E+00,5.90E-04,18807
2026/8/23 19:09,MW2017B22184,A43,A13855,-0.02779,53960.4,52257.9,3.21E+00,7.90E-04,17837
2026/8/23 19:09,MW2017B29790,A42,A07699,-0.019,53152.3,50442.6,3.22E+00,6.60E-04,18837
2026/8/23 19:09,MW2017B21671,AC20,A13855,-0.02682,50519.7,51798.3,3.23E+00,8.40E-04,17746
2026/8/23 19:08,MW2017B29789,A42,A07699,-0.03533,52266.1,52133.6,3.22E+00,6.40E-04,18830
2026/8/23 19:08,MW2017B21633,AC20,A13855,-0.0369,54466.8,52946.7,3.23E+00,8.60E-04,17992
2026/8/23 19:08,MW2041B05473,A43,A24075,-0.074,54112.1,53740.6,3.22E+00,5.00E-04,18746
2026/8/23 19:08,MW2017B20965,A43,A13855,-0.02089,52118.3,54866.3,3.23E+00,7.00E-04,17835
2026/8/23 19:07,MW2017B19764,AC20,A13855,-0.03724,52059.9,54677.2,3.23E+00,8.40E-04,17975
2026/8/23 19:07,MW2041B05471,A43,A24075,-0.02386,52809.4,52150.8,3.22E+00,5.40E-04,18952
2026/8/23 19:07,MW2017B24215,A43,A06607,-0.01918,54778.1,53665.3,3.22E+00,6.40E-04,18211
2026/8/23 19:07,MW2041B05470,C43,A24075,-0.0133,51817.4,54961.5,3.22E+00,5.30E-04,18879
2026/8/23 19:06,MW2017B26391,A43,A06607,-0.01092,53526.9,51226.5,3.23E+00,7.70E-04,17594
2026/8/23 19:06,MW2040B03517,A41,A24075,-0.02475,54589.6,49106.7,3.23E+00,6.90E-04,18394
2026/8/23 19:06,MW2017B24213,A43,A06607,-0.03517,52193.4,50334.7,3.22E+00,6.30E-04,18182
2026/8/23 19:06,MW2041B11152,B43,A24075,-0.0835,52739.6,52077.3,3.22E+00,7.70E-04,18709
2026/8/23 19:06,MW2017B26390,A43,A06607,-0.02937,53389.7,51826.8,3.23E+00,7.50E-04,17585
2026/8/23 19:05,MW2041B11919,A42,A24075,-0.01622,52373.7,52410.7,3.22E+00,4.90E-04,18814
2026/8/23 19:05,MW2017B24212,C43,A06607,-0.01528,53814.3,50294.2,3.21E+00,6.50E-04,18069
2026/8/23 19:05,MW2041B11920,A43,A24075,-0.0739,53082.8,49900.7,3.22E+00,4.70E-04,18880
2026/8/23 19:05,MW2016B11122,A43,A06607,-0.0722,54642.6,50364.7,3.22E+00,6.30E-04,18195
2026/8/23 19:05,MW2041B13456,C43,A24075,-0.0704,51513.3,51921.7,3.22E+00,7.90E-04,18722
2026/8/23 19:04,MW2017B26518,A43,A06607,-0.03176,53788.2,53307.7,3.23E+00,7.40E-04,17805
2026/8/23 19:04,MW2041B13771,A42,A24075,-0.02781,51510.6,50476.3,3.23E+00,6.70E-04,18755
2026/8/23 19:04,MW2016B11121,A43,A06607,-0.01817,51350.8,51254.3,3.22E+00,6.20E-04,18104
2026/8/23 19:04,MW2041B13772,C42,A24075,-0.02805,50858.5,49449.8,3.22E+00,6.70E-04,18726
2026/8/23 19:04,MW2016B11120,A43,A06607,-0.04077,50509.9,49120.8,3.22E+00,6.30E-04,18041
2026/8/23 19:03,MW2045B47732,A42,A24075,-0.01655,53094.7,50352.5,3.25E+00,7.30E-04,18775
2026/8/23 19:03,MW2016B11119,A43,A06607,-0.082,54130.2,52412.5,3.22E+00,6.80E-04,17965
2026/8/23 19:03,MW2016B11094,A43,A06607,-0.0334,52912.4,53795.1,3.23E+00,6.20E-04,18240
2026/8/23 19:03,MW2045B47731,A42,A24075,-0.0931,53914.4,52003.4,3.24E+00,7.20E-04,18822
2026/8/23 19:02,MW2016B11093,A43,A06607,-0.02736,52649.7,53179.6,3.22E+00,6.10E-04,18122
2026/8/23 19:02,MW2016B13199,O,A14566,-0.03522,51960.2,53113.7,0.00E+00,0.00E+00,18687
2026/8/23 19:02,MW2016B13310,A42,A03693,-0.026,50808.2,50375.4,3.23E+00,6.10E-04,18115
2026/8/23 19:02,MW2016B13311,B41,A03693,-0.0429,52849.1,49960.7,3.23E+00,5.90E-04,18223
2026/8/23 19:01,MW2016B10488,A42,A03693,-0.01304,51117.7,52217.5,3.22E+00,6.10E-04,18086
2026/8/23 19:01,MW2016B10489,A42,A03693,-0.03329,52110.6,53165.8,3.23E+00,6.60E-04,18140
2026/8/23 19:00,MW2017B27814,A43,A03693,-0.02311,51147.1,51636.8,3.23E+00,7.60E-04,18065
2026/8/23 19:00,MW2016B10490,A42,A03693,-0.01155,51192.3,54057.8,3.22E+00,6.20E-04,18127
2026/8/23 18:59,MW2017B27883,A42,A03693,-0.0769,51466.2,51315.8,3.22E+00,7.00E-04,17758
2026/8/23 18:59,MW2017B28693,AC20,A03693,-0.03123,53778.9,51259.3,3.22E+00,8.10E-04,18013
2026/8/23 18:59,MW2017B28610,A43,A03693,-0.03674,54151.7,49860.9,3.22E+00,7.10E-04,17792
2026/8/23 18:58,MW2017B26929,A43,A03693,-0.0345,52603.6,50766.2,3.23E+00,6.70E-04,18026
2026/8/23 18:58,MW2016B10825,A43,A03693,-0.0138,53802.4,50021.1,3.22E+00,6.20E-04,18117
2026/8/23 18:57,MW2017B26928,A42,A03693,-0.04071,54644.2,50065.7,3.23E+00,7.20E-04,17969
2026/8/23 18:57,MW2017B27720,A46,A24260,-0.02213,53699.4,54786.2,3.22E+00,7.00E-04,18111
2026/8/23 18:57,MW2017B31892,CHH,A24260,-0.02618,51893.4,51121.4,3.22E+00,6.10E-04,18095
2026/8/23 18:56,MW2017B24347,AC20,A24260,-0.0403,52784.3,52190.1,3.23E+00,8.50E-04,17885
2026/8/23 18:56,MW2016B10736,A41,A24260,-0.0365,51321.6,54464.1,3.22E+00,6.10E-04,18217
2026/8/23 18:55,MW2016B10735,C41,A24260,-0.01779,53601.2,54507.3,3.22E+00,6.20E-04,18163
2026/8/23 18:55,MW2016B11231,A41,A24260,-0.02965,54721.5,52703.1,3.22E+00,6.10E-04,18242
2026/8/23 18:55,MW2016B11230,A41,A24260,-0.0392,52225.8,50066.7,3.22E+00,6.30E-04,18331
2026/8/23 18:54,MW2016B10335,A41,A24260,-0.02245,51348.8,50708.6,3.22E+00,6.90E-04,18338
2026/8/23 18:54,MW2016B09862,A41,A24260,-0.0916,53184.4,50157.3,3.22E+00,6.00E-04,17835
2026/8/23 18:53,MW2016B09863,A41,A24260,-0.03997,52468.3,52696.3,3.22E+00,6.00E-04,17812
2026/8/23 18:53,MW2016B07126,AC20,A24260,-0.03044,53496.4,50903.3,3.23E+00,8.50E-04,18111
2026/8/23 18:53,MW2017B18468,AC20,A24260,-0.01725,53863.5,50254.4,3.23E+00,9.00E-04,18139
2026/8/23 18:52,MW2017B16897,AC20,A23299,-0.02632,54453.9,50245.5,3.22E+00,9.10E-04,18252
2026/8/23 18:52,MW2016B06598,AC20,A23299,-0.02353,54406.8,49634.8,3.23E+00,9.00E-04,18060
2026/8/23 18:51,MW2017B21940,AC20,A23299,-0.02626,53087.6,54672.8,3.22E+00,9.20E-04,17812
2026/8/23 18:51,MW2017B16791,AC20,A23299,-0.02656,52080.3,54237.3,3.22E+00,8.90E-04,18018
2026/8/23 18:51,MW2017B26623,A41,A23299,-0.01224,54689.8,49329.2,3.22E+00,7.50E-04,17851
2026/8/23 18:51,MW2016B13196,A41,A14566,-0.0838,52875.8,54397.9,3.22E+00,5.20E-04,18680
2026/8/23 18:50,MW2017B07873,AC20,A23299,-0.02839,50683.8,51059.3,3.22E+00,8.30E-04,18175
2026/8/23 18:50,MW2017B32213,B41,A14566,-0.01011,53159.2,54039.4,3.23E+00,6.70E-04,18619
2026/8/23 18:50,MW2016B09576,A43,A23299,-0.0696,53270.6,51454.4,3.22E+00,5.80E-04,18255
2026/8/23 18:50,MW2017B32207,A42,A14566,-0.03743,51048.8,50213.3,3.23E+00,6.70E-04,18414
2026/8/23 18:49,MW2018B00986,A42,A23299,-0.01683,51839.3,53399.8,3.23E+00,6.70E-04,18193
2026/8/23 18:49,MW2016B11584,CHH,A14566,-0.03608,50796.2,52072.7,3.22E+00,5.00E-04,18725
2026/8/23 18:49,MW2018B00987,A42,A23299,-0.02912,53184.9,53349.8,3.22E+00,6.70E-04,18124
2026/8/23 18:49,MW2017B28869,B42,A14566,-0.0391,53070.1,49159.7,3.22E+00,5.10E-04,18441
2026/8/23 18:49,MW2017B26393,A42,A23299,-0.01023,54264.6,50362.8,3.23E+00,7.90E-04,17610
2026/8/23 18:48,MW2016B13389,A42,A14566,-0.0326,53506.3,53068.5,3.21E+00,5.10E-04,18701
2026/8/23 18:48,MW2018B00988,A42,A23299,-0.0909,51060.8,54899.2,3.23E+00,6.60E-04,17995
2026/8/23 18:48,MW2016B13388,C41,A14566,-0.0826,50568.1,53041.8,3.21E+00,5.30E-04,18790
2026/8/23 18:48,MW2017B26392,A42,A23299,-0.03458,53366.6,52309.5,3.23E+00,7.70E-04,17644
2026/8/23 18:47,MW2016B13387,A42,A14566,-0.03379,54533.4,49532.4,3.22E+00,5.20E-04,18728
2026/8/23 18:47,MW2041B05874,C42,A18850,-0.0603,50791.6,49757.1,3.22E+00,5.80E-04,18283
2026/8/23 18:47,MW2041B05876,C43,A18850,-0.01749,51907.1,54746.9,3.22E+00,6.00E-04,18132
2026/8/23 18:47,MW2016B13314,O,A14566,-0.0335,52712.3,54169.2,0.00E+00,0.00E+00,18700
2026/8/23 18:46,MW2045B12499,C43,A18850,-0.03131,53185.3,49843.9,3.23E+00,6.70E-04,18226
2026/8/23 18:46,MW2045B21144,A43,A18850,-0.03663,53682.4,49505.5,3.23E+00,7.00E-04,18107
2026/8/23 18:46,MW2045B17021,AC20,A18850,-0.0208,52824.1,52235.7,3.24E+00,9.00E-04,18048
2026/8/23 18:45,MW2045B48215,AC20,A18850,-0.0262,52541.1,54089.9,3.24E+00,8.20E-04,17973
2026/8/23 18:45,MW2045B48214,AC20,A18850,-0.01769,54036.8,52643.6,3.24E+00,8.70E-04,17950
2026/8/23 18:45,MW2045B48213,AC20,A18850,-0.0612,50990.4,54985.3,3.24E+00,8.80E-04,17889
2026/8/23 18:44,MW2017B31474,A42,A14566,-0.03628,54023.6,52306.8,3.23E+00,5.20E-04,18895
2026/8/23 18:44,MW2045B48211,AC20,A18850,-0.043,52071.6,54773.7,3.24E+00,8.40E-04,18034
2026/8/23 18:44,MW2016B13313,B41,A14566,-0.02254,54672.3,53191.3,3.23E+00,5.10E-04,18746
2026/8/23 18:44,MW2045B48186,AC20,A18850,-0.03212,52346.3,51110.5,3.24E+00,8.40E-04,17995
2026/8/23 18:44,MW2041B11993,A42,A23825,-0.02676,53155.3,49502.8,3.22E+00,5.20E-04,18861
2026/8/23 18:43,MW2045B48189,AC20,A18850,-0.0127,53891.4,50898.5,3.24E+00,8.30E-04,18062
2026/8/23 18:43,MW2041B13648,C41,A23825,-0.01244,52569.4,54614.9,3.23E+00,6.60E-04,18810
2026/8/23 18:43,MW2045B47890,AC20,A18850,-0.01514,54201.2,49345.2,3.24E+00,9.10E-04,18001
2026/8/23 18:43,MW2041B13855,A42,A23825,-0.01351,53932.8,54855.5,3.22E+00,5.50E-04,18844
2026/8/23 18:43,MW2017B24349,AC20,A13947,-0.01241,53263.8,54602.7,3.22E+00,8.50E-04,17787
2026/8/23 18:41,MW2017B18802,A42,A13947,-0.0302,54054.4,50906.7,3.23E+00,7.80E-04,17958
2026/8/23 18:41,MW2041B13900,A43,A23825,-0.01099,52080.2,49837.9,3.22E+00,5.30E-04,18797
2026/8/23 18:41,MW2041B13856,C41,A23825,-0.0229,53180.8,54811.6,3.22E+00,5.40E-04,18707
2026/8/23 18:41,MW2017B18799,A41,A13947,-0.02573,51931.4,54157.4,3.23E+00,7.80E-04,18044
2026/8/23 18:41,MW2017B24217,A43,A13947,-0.01049,50591.1,54162.8,3.22E+00,6.30E-04,18111
2026/8/23 18:40,MW2041B13891,C42,A23825,-0.01185,52805.7,52633.3,3.22E+00,5.10E-04,18649
2026/8/23 18:40,MW2017B24218,A43,A13947,-0.02758,52104.8,53921.9,3.22E+00,6.10E-04,18396
2026/8/23 18:40,MW2041B16827,A43,A23825,-0.0375,50601.9,49482.8,3.23E+00,6.90E-04,18738
2026/8/23 18:40,MW2017B24219,A43,A13947,-0.0555,50382.3,51932.4,3.22E+00,6.20E-04,18236
2026/8/23 18:40,MW2045B57530,A43,A23825,-0.0414,54600.4,49298.1,3.24E+00,7.00E-04,18748
2026/8/23 18:39,MW2017B24220,A43,A13947,-0.02395,52101.4,53342.4,3.22E+00,6.30E-04,18216
2026/8/23 18:39,MW2045B56131,A43,A23825,-0.0413,54304.2,54647.1,3.24E+00,6.60E-04,18645
2026/8/23 18:39,MW2017B24222,A43,A13947,-0.02819,54055.7,50428.4,3.22E+00,6.10E-04,18286
2026/8/23 18:39,MW2045B56743,A43,A23825,-0.0536,52920.1,52997.9,3.24E+00,7.50E-04,18694
2026/8/23 18:39,MW2017B24189,C43,A13947,-0.03563,51925.5,54692.2,3.21E+00,6.40E-04,17945
2026/8/23 18:38,MW2045B56739,A43,A23825,-0.0303,50946.5,54392.4,3.24E+00,7.30E-04,18787
2026/8/23 18:38,MW2017B24191,A43,A13947,-0.0241,51883.2,50670.6,3.22E+00,6.10E-04,18121
2026/8/23 18:38,MW2017B24205,A43,A13947,-0.03409,51131.9,49226.6,3.22E+00,6.30E-04,18277
2026/8/23 18:38,MW2045B26863,B43,A23825,-0.01368,51519.8,53774.4,3.23E+00,8.00E-04,18767
2026/8/23 18:37,MW2045B56923,AC20,A13947,-0.02117,52639.4,50837.1,3.24E+00,8.10E-04,18059
2026/8/23 18:34,MW2016B10924,A42,A18471,-0.0318,54673.5,52592.4,3.22E+00,5.30E-04,18844
2026/8/23 18:34,MW2016B12805,C41,A18471,-0.0422,52150.9,54596.2,3.22E+00,6.80E-04,18621
2026/8/23 18:34,MW2045B47711,AC20,A18471,-0.0961,51767.8,51929.7,3.24E+00,8.10E-04,18798
2026/8/23 18:33,MW2045B47710,C43,A18471,-0.04099,52770.4,51848.2,3.24E+00,8.00E-04,18712
2026/8/23 18:33,MW2017B27886,A43,A18471,-0.0271,53188.4,52258.5,3.22E+00,5.90E-04,18325
2026/8/23 18:32,MW2045B47709,C43,A18471,-0.03043,52800.9,50123.8,3.24E+00,7.70E-04,18622
2026/8/23 18:32,MW2017B27887,A43,A18471,-0.034,50361.8,53805.8,3.22E+00,5.90E-04,18391
2026/8/23 18:32,MW2041B17308,A42,A14430,-0.02386,52875.1,54016.4,3.23E+00,8.00E-04,18101
2026/8/23 18:31,MW2045B47708,AC20,A18471,-0.03679,54555.4,50266.1,3.24E+00,8.60E-04,18802
2026/8/23 18:31,MW2041B16838,A42,A14430,-0.01635,53613.8,52741.9,3.23E+00,7.90E-04,18266
2026/8/23 18:31,MW2017B27888,B43,A18471,-0.02909,52788.7,51415.4,3.22E+00,5.90E-04,18342
2026/8/23 18:31,MW2041B16837,A43,A14430,-0.042,50440.2,53944.8,3.23E+00,8.00E-04,18174
2026/8/23 18:31,MW2017B02712,B43,A18471,-0.03368,51901.6,50852.5,3.23E+00,5.00E-04,18703
2026/8/23 18:30,MW2044B23004,AC20,A14430,-0.02332,54861.7,53238.3,3.23E+00,8.30E-04,18100
2026/8/23 18:30,MW2045B29779,B43,A18471,-0.02443,51061.4,51478.3,3.23E+00,6.50E-04,18719
2026/8/23 18:30,MW2041B13893,A42,A14430,-0.02901,50662.1,51950.4,3.22E+00,6.00E-04,18037
2026/8/23 18:30,MW2041B11937,A43,A14430,-0.01711,54128.8,49586.4,3.22E+00,6.60E-04,18363
2026/8/23 18:30,MW2045B56370,A42,A18471,-0.03906,52075.8,52217.5,3.24E+00,7.00E-04,18808
2026/8/23 18:29,MW2045B43656,AC20,A14430,-0.02717,54154.4,54811.2,3.24E+00,8.10E-04,18110
2026/8/23 18:29,MW2045B56694,A42,A01833,-0.07,53276.1,51659.6,3.24E+00,7.40E-04,18682
2026/8/23 18:29,MW2017B22288,A43,A14430,-0.0487,52342.8,53561.4,3.23E+00,8.00E-04,18059
2026/8/23 18:29,MW2045B56406,AC20,A01833,-0.02674,52853.6,52335.5,3.24E+00,8.40E-04,18742
2026/8/23 18:28,MW2017B18679,A43,A14430,-0.03263,50482.8,52276.8,3.23E+00,7.80E-04,17731
2026/8/23 18:28,MW2045B56400,AC20,A01833,-0.03946,54406.2,53544.7,3.24E+00,8.10E-04,18730
2026/8/23 18:28,MW2018B01645,A41,A14430,-0.0492,50449.2,53822.7,3.22E+00,6.40E-04,17965
2026/8/23 18:28,MW2045B56398,A43,A01833,-0.01448,53567.4,51206.1,3.24E+00,8.00E-04,18675
2026/8/23 18:28,MW2017B24703,A42,A14430,-0.01822,53278.6,50411.6,3.22E+00,6.30E-04,17905
2026/8/23 18:27,MW2045B56374,AC20,A01833,-0.0112,51312.6,54420.2,3.24E+00,8.30E-04,18492
2026/8/23 18:27,MW2018B01646,A42,A14430,-0.03024,50740.6,49270.1,3.23E+00,6.50E-04,17973
2026/8/23 18:27,MW2045B56364,AC20,A01833,-0.0258,51760.1,51276.9,3.24E+00,8.20E-04,18703
2026/8/23 18:26,MW2045B57063,A43,A01833,-0.03507,50681.8,49337.9,3.24E+00,6.80E-04,18633
2026/8/23 18:26,MW2045B56960,A43,A01833,-0.022,51595.8,54376.8,3.24E+00,7.50E-04,18703
2026/8/23 18:25,MW2045B33278,A43,A01833,-0.02802,53480.7,51057.8,3.24E+00,7.10E-04,18690
2026/8/23 18:25,MW2045B33258,A43,A01833,-0.01458,50976.4,54795.1,3.24E+00,7.00E-04,18625
2026/8/23 18:24,MW2045B35951,A43,A01833,-0.02197,53132.6,52414.4,3.23E+00,6.40E-04,18796
2026/8/23 18:24,MW2017B27641,A43,A01833,-0.02496,52538.3,53491.2,3.23E+00,6.40E-04,18685
2026/8/23 18:24,MW2045B49043,A43,A05887,-0.0458,53612.1,50454.7,3.24E+00,7.30E-04,18581
2026/8/23 18:23,MW2045B56378,AC20,A12369,-0.01502,50333.5,49398.8,3.24E+00,8.80E-04,18191
2026/8/23 18:23,MW2045B49041,A43,A05887,-0.01632,52095.3,52153.3,3.24E+00,7.00E-04,18639
2026/8/23 18:23,MW2045B56368,AC20,A12369,-0.0178,52523.1,50227.9,3.24E+00,9.10E-04,18170
2026/8/23 18:23,MW2045B49042,A43,A05887,-0.01576,50712.4,51476.6,3.24E+00,7.20E-04,18817
2026/8/23 18:23,MW2045B56275,AC20,A12369,-0.02422,52998.2,53965.9,3.24E+00,9.30E-04,18058
2026/8/23 18:22,MW2045B05381,AC20,A12369,-0.03622,51143.9,50524.8,3.23E+00,8.30E-04,18061
2026/8/23 18:22,MW2045B49037,A42,A05887,-0.02321,52440.9,54674.3,3.24E+00,7.60E-04,18719
2026/8/23 18:22,MW2045B22891,A43,A12369,-0.01662,54618.1,54757.2,3.23E+00,7.30E-04,18236
2026/8/23 18:22,MW2045B49038,A42,A05887,-0.02139,53925.1,52213.3,3.24E+00,7.30E-04,18559
2026/8/23 18:21,MW2045B58209,A43,A12369,-0.01154,52415.3,52916.1,3.24E+00,7.90E-04,18037
2026/8/23 18:21,MW2045B49039,A42,A05887,-0.0479,51029.9,53655.9,3.24E+00,6.90E-04,18807
2026/8/23 18:21,MW2045B55675,AC20,A12369,-0.0349,53191.1,50969.8,3.24E+00,8.90E-04,18136
2026/8/23 18:21,MW2045B49040,A42,A05887,-0.03185,51398.6,54021.5,3.24E+00,7.40E-04,18667
2026/8/23 18:21,MW2045B55686,AC20,A12369,-0.01405,50528.5,54232.9,3.24E+00,8.50E-04,18095
2026/8/23 18:20,MW2045B47762,C43,A05887,-0.01685,52924.1,51364.2,3.24E+00,6.70E-04,18700
2026/8/23 18:20,MW2045B55672,A43,A12369,-0.0564,52661.3,50324.3,3.24E+00,7.00E-04,18218
2026/8/23 18:20,MW2041B05469,C43,A05887,-0.02103,54974.5,54938.3,3.22E+00,5.20E-04,18951
2026/8/23 18:20,MW2045B56338,AC20,A12369,-0.02015,52422.6,54265.3,3.24E+00,8.90E-04,17976
2026/8/23 18:19,MW2045B49046,O,A05887,-0.08,51969.4,49339.5,0.00E+00,0.00E+00,18802
2026/8/23 18:19,MW2045B58170,A42,A12369,-0.04096,53402.7,49098.2,3.24E+00,7.00E-04,18052
2026/8/23 18:19,MW2045B58181,AC20,A12369,-0.0178,52545.7,51984.8,3.24E+00,8.30E-04,18220
2026/8/23 18:19,MW2016B10925,A41,A06283,-0.04036,52904.5,51422.5,3.22E+00,6.30E-04,18014
2026/8/23 18:18,MW2017B27906,A42,A06283,-0.03641,51325.6,51618.2,3.23E+00,7.00E-04,17758
2026/8/23 18:18,MW2017B27904,A41,A06283,-0.01163,50349.4,50252.1,3.22E+00,7.00E-04,17611
2026/8/23 18:17,MW2017B27903,A41,A06283,-0.01241,51207.1,49513.8,3.22E+00,7.00E-04,17546
2026/8/23 18:17,MW2017B24216,C43,A06283,-0.01865,54751.7,49452.2,3.21E+00,6.30E-04,18125
2026/8/23 18:16,MW2017B24346,AC20,A06283,-0.0345,52801.5,53811.4,3.22E+00,8.60E-04,17855
2026/8/23 18:16,MW2016B06627,AC20,A06283,-0.03514,51943.2,54433.2,3.23E+00,9.00E-04,17824
2026/8/23 18:16,MW2016B06626,AC20,A06283,-0.01112,52878.1,53191.1,3.23E+00,9.00E-04,17821
2026/8/23 18:15,MW2016B06625,AC20,A06283,-0.0818,50843.3,54239.7,3.23E+00,9.00E-04,17810
2026/8/23 18:15,MW2016B06622,AC20,A06283,-0.02172,50824.8,53284.4,3.23E+00,9.00E-04,17868
2026/8/23 18:14,MW2017B24354,AC20,A06283,-0.01654,54532.9,54603.4,3.23E+00,8.30E-04,17807
2026/8/23 18:14,MW2017B26044,AC20,A06283,-0.03249,52393.3,53967.2,3.23E+00,8.40E-04,18106
2026/8/23 18:14,MW2045B49044,A43,A19236,-0.03213,51180.8,54510.3,3.24E+00,8.00E-04,18182
2026/8/23 18:13,MW2041B16384,A41,A19236,-0.03573,52893.4,49182.1,3.23E+00,7.80E-04,18058
2026/8/23 18:13,MW2045B56854,AC20,A19236,-0.0809,51248.3,50417.6,3.24E+00,8.10E-04,18161
2026/8/23 18:12,MW2041B17242,A43,A19236,-0.02232,53992.5,50956.7,3.23E+00,7.30E-04,18206
2026/8/23 18:12,MW2045B56857,AC20,A19236,-0.021,50692.2,54116.2,3.24E+00,8.40E-04,18110
2026/8/23 18:12,MW2045B56858,AC20,A19236,-0.075,52020.3,51510.4,3.24E+00,8.80E-04,18221
2026/8/23 18:11,MW2041B16217,A43,A19236,-0.02596,54542.8,52640.8,3.23E+00,7.60E-04,18259
2026/8/23 18:11,MW2041B17240,A42,A19236,-0.03985,52891.5,54627.4,3.23E+00,7.80E-04,18039
2026/8/23 18:10,MW2041B17239,A42,A19236,-0.0629,53577.5,49401.3,3.23E+00,7.30E-04,18225
2026/8/23 18:10,MW2041B17312,A43,A19236,-0.0435,54527.1,53125.9,3.23E+00,7.20E-04,18325
2026/8/23 18:10,MW2041B17310,A43,A19236,-0.0552,53026.6,52692.2,3.23E+00,7.50E-04,18237
2026/8/23 18:09,MW2041B17311,A41,A19236,-0.0246,54434.3,51893.2,3.23E+00,8.00E-04,18217
2026/8/23 18:09,MW2042B08313,AC20,A19926,-0.04005,50470.4,50405.5,3.23E+00,8.30E-04,18372
2026/8/23 18:08,MW2042B08314,AC20,A19926,-0.02099,50420.6,51735.3,3.23E+00,8.30E-04,18269
2026/8/23 18:08,MW2041B05472,C43,A05887,-0.02578,50551.1,49562.9,3.22E+00,5.20E-04,18820
2026/8/23 18:08,MW2042B08312,AC20,A19926,-0.0933,51711.7,53984.2,3.23E+00,8.20E-04,18333
2026/8/23 18:08,MW2041B05487,C43,A05887,-0.01875,53674.4,54086.1,3.22E+00,5.00E-04,18901
2026/8/23 18:08,MW2042B08311,A43,A19926,-0.03138,53911.9,49182.4,3.23E+00,8.00E-04,18203
2026/8/23 18:07,MW2045B43709,A42,A06643,-0.02305,54506.5,50265.2,3.24E+00,6.60E-04,18762
2026/8/23 18:07,MW2042B08288,AC20,A19926,-0.01917,50487.8,51004.2,3.23E+00,8.10E-04,18280
2026/8/23 18:07,MW2043B00334,A43,A06643,-0.03738,52962.7,52702.1,3.23E+00,6.90E-04,18827
2026/8/23 18:07,MW2042B07121,A43,A19926,-0.0303,51646.4,49262.1,3.23E+00,7.50E-04,18493
2026/8/23 18:06,MW2043B01340,A42,A06643,-0.02037,52846.8,53182.8,3.23E+00,6.90E-04,18590
2026/8/23 18:06,MW2043B08306,AC20,A19926,-0.03964,51807.5,52190.1,3.23E+00,8.70E-04,18313
2026/8/23 18:06,MW2042B08778,AC20,A19926,-0.014,54339.4,54455.7,3.23E+00,8.30E-04,18325
2026/8/23 18:06,MW2043B00242,A41,A06643,-0.02756,53328.9,54431.9,3.23E+00,6.50E-04,18590
2026/8/23 18:03,MW2043B00242,A41,A06643,-0.01265,54126.1,51157.5,3.23E+00,6.50E-04,18590
2026/8/23 18:02,MW2042B08779,AC20,A19926,-0.02348,51111.4,54350.6,3.23E+00,8.60E-04,18370
2026/8/23 18:02,MW2043B01204,A43,A06643,-0.02371,54107.4,50923.5,3.23E+00,7.40E-04,18648
2026/8/23 18:02,MW2042B07142,AC20,A19926,-0.0179,51329.3,50463.7,3.23E+00,8.10E-04,18440
2026/8/23 18:02,MW2043B01205,A43,A06643,-0.04116,51495.5,49606.8,3.23E+00,6.60E-04,18714
2026/8/23 18:02,MW2043B08269,AC20,A19926,-0.0665,54290.5,51156.7,3.23E+00,9.00E-04,18278
2026/8/23 18:01,MW2043B01203,B42,A06643,-0.0418,50855.9,49759.9,3.23E+00,6.00E-04,18570
2026/8/23 18:01,MW2043B04045,B42,A19926,-0.04104,54530.6,51589.8,3.24E+00,8.00E-04,18095
2026/8/23 18:01,MW2042B03138,C41,A06643,-0.01636,50477.3,53612.5,3.23E+00,7.00E-04,18831
2026/8/23 18:01,MW2044B19652,AC20,A24609,-0.02521,53383.8,54120.1,3.23E+00,8.40E-04,18119
2026/8/23 18:00,MW2043B05274,A42,A06643,-0.02464,54690.1,52360.5,3.23E+00,5.50E-04,18645
2026/8/23 18:00,MW2044B19654,AC20,A24609,-0.0339,51082.9,51780.8,3.23E+00,8.60E-04,18050
2026/8/23 18:00,MW2043B05273,A42,A06643,-0.0689,53435.8,53215.6,3.23E+00,5.70E-04,18606
2026/8/23 18:00,MW2044B08423,AC20,A24609,-0.02255,52121.3,51548.1,3.24E+00,9.30E-04,18196
2026/8/23 18:00,MW2044B08422,AC20,A24609,-0.01661,52918.4,52074.7,3.24E+00,9.40E-04,18050
2026/8/23 18:00,MW2043B01180,B41,A06643,-0.0889,53165.5,49431.1,3.23E+00,6.50E-04,18549
2026/8/23 17:59,MW2042B07654,B43,A24609,-0.0309,52988.8,52305.3,3.23E+00,7.90E-04,18046
2026/8/23 17:59,MW2043B01183,B41,A06643,-0.02758,52432.9,49933.4,3.23E+00,6.60E-04,18725
2026/8/23 17:59,MW2042B07727,B42,A24609,-0.0807,52553.5,52629.7,3.23E+00,8.00E-04,18398
2026/8/23 17:59,MW2043B01182,A41,A18538,-0.02182,53098.4,49649.9,3.23E+00,6.70E-04,18708
2026/8/23 17:58,MW2042B07728,AC20,A24609,-0.0182,53446.2,50554.8,3.23E+00,8.10E-04,18457
2026/8/23 17:58,MW2043B01185,O,A18538,-0.03959,50448.5,52290.6,0.00E+00,0.00E+00,18687
2026/8/23 17:58,MW2042B07726,B42,NULL,-0.04165,54323.7,51656.8,3.23E+00,8.00E-04,18481
2026/8/23 17:56,MW2043B01202,A41,A18538,-0.03635,51544.6,51723.7,3.23E+00,6.70E-04,18552
2026/8/23 17:56,MW2042B07725,AC20,A24609,-0.0166,53991.9,50711.9,3.23E+00,8.20E-04,18382
2026/8/23 17:55,MW2043B01131,A41,A18538,-0.03446,51470.2,49693.8,3.23E+00,6.20E-04,18713
2026/8/23 17:55,MW2043B01208,AC20,A24609,-0.03892,51605.5,50160.4,3.23E+00,8.50E-04,18206
2026/8/23 17:55,MW2043B01211,A41,A24609,-0.0674,53286.5,52951.5,3.23E+00,7.90E-04,18220
2026/8/23 17:55,MW2043B01133,O,A18538,-0.01327,51174.8,52459.1,0.00E+00,0.00E+00,18589
2026/8/23 17:55,MW2043B01181,AC20,A24609,-0.02062,53937.7,51300.4,3.23E+00,8.10E-04,18096
2026/8/23 17:52,MW2045B43703,A43,A18082,-0.02115,53995.9,54218.6,3.24E+00,7.80E-04,18220
2026/8/23 17:51,MW2043B09434,AC20,A18082,-0.03473,51386.9,52255.8,3.23E+00,8.50E-04,18467
2026/8/23 17:51,MW2042B00167,AC20,A18082,-0.0409,53655.3,51081.5,3.25E+00,8.70E-04,18256
2026/8/23 17:50,MW2042B00166,AC20,A18082,-0.03638,51386.2,50034.5,3.25E+00,8.40E-04,17865
2026/8/23 17:50,MW2042B00164,AC20,A18082,-0.03111,51578.7,52115.4,3.25E+00,8.60E-04,18132
2026/8/23 17:50,MW2043B09147,A43,A18082,-0.01736,54579.4,54792.2,3.22E+00,7.90E-04,18402
2026/8/23 17:49,MW2043B09148,B43,A18082,-0.01222,54285.8,51639.7,3.23E+00,7.50E-04,18135
2026/8/23 17:49,MW2043B09149,B43,A18082,-0.02684,50510.9,54757.6,3.23E+00,7.70E-04,18190
2026/8/23 17:48,MW2043B09150,AC20,A18082,-0.0305,54874.5,50311.9,3.23E+00,8.10E-04,18260
2026/8/23 17:48,MW2043B09224,AC20,A18082,-0.01466,50562.8,54654.6,3.23E+00,8.30E-04,18268
2026/8/23 17:48,MW2043B09182,B43,A18082,-0.02725,53412.3,49548.8,3.23E+00,8.00E-04,18081
2026/8/23 17:47,MW2043B09167,AC20,A18082,-0.02822,51739.7,54602.9,3.21E+00,8.10E-04,18249
2026/8/23 17:47,MW2016B08733,A43,A01277,-0.04094,54816.3,49226.1,3.23E+00,8.00E-04,18061
2026/8/23 17:47,MW2016B08734,A43,A01277,-0.0289,53672.6,52898.8,3.23E+00,7.70E-04,18011
2026/8/23 17:46,MW2016B08736,A43,A01277,-0.02111,53042.8,49980.2,3.24E+00,6.90E-04,17911
2026/8/23 17:46,MW2017B26426,A42,A01277,-0.02984,50644.1,50267.1,3.23E+00,7.30E-04,17883
2026/8/23 17:45,MW2016B08631,A43,A01277,-0.0548,53435.4,54491.2,3.24E+00,6.40E-04,18097
2026/8/23 17:45,MW2017B26305,AC20,A01277,-0.0281,50531.8,53464.9,3.23E+00,8.80E-04,17941
2026/8/23 17:44,MW2017B26517,A43,A01277,-0.02217,51340.9,50796.6,3.23E+00,7.20E-04,17833
2026/8/23 17:44,MW2043B01132,O,A18538,-0.03423,52753.4,50074.6,0.00E+00,0.00E+00,18556
2026/8/23 17:44,MW2017B31304,O,A01277,-0.01908,50918.7,49673.6,0.00E+00,0.00E+00,17782
2026/8/23 17:43,MW2017B27857,A43,A01277,-0.02343,53459.6,54457.4,3.24E+00,6.80E-04,17722
2026/8/23 17:42,MW2043B01206,A41,A18538,-0.03876,50394.5,53730.7,3.23E+00,7.00E-04,18738
2026/8/23 17:42,MW2017B28434,A43,A01277,-0.0108,53685.5,53561.8,3.23E+00,7.80E-04,18080
2026/8/23 17:42,MW2043B01215,A42,A18538,-0.02294,53894.5,52635.9,3.23E+00,6.90E-04,18597
2026/8/23 17:42,MW2017B28435,A43,A01277,-0.01313,51696.2,50485.2,3.24E+00,6.80E-04,18200
2026/8/23 17:42,MW2043B01212,A42,A18538,-0.01584,51919.8,54616.4,3.23E+00,6.20E-04,18665
2026/8/23 17:41,MW2016B08652,C43,A01277,-0.01884,51766.5,51046.7,3.22E+00,5.80E-04,17837
2026/8/23 17:41,MW2043B01213,A43,A18538,-0.084,54285.6,54571.1,3.23E+00,7.60E-04,18635
2026/8/23 17:41,MW2045B56246,AC20,A07586,-0.01849,51331.2,53849.2,3.24E+00,8.90E-04,18066
2026/8/23 17:41,MW2043B01218,A42,A18538,-0.01023,54323.6,51930.8,3.23E+00,6.90E-04,18662
2026/8/23 17:41,MW2045B56746,AC20,A07586,-0.03948,51422.9,51730.8,3.24E+00,8.20E-04,18114
2026/8/23 17:40,MW2043B01210,A42,A18538,-0.02527,50604.2,49167.7,3.23E+00,7.40E-04,18842
2026/8/23 17:40,MW2045B56247,AC20,A07586,-0.0704,52323.2,49975.5,3.24E+00,8.50E-04,18204
2026/8/23 17:40,MW2045B56710,A42,A23645,-0.01968,54886.9,52290.2,3.24E+00,7.20E-04,18801
2026/8/23 17:40,MW2045B56403,AC20,A07586,-0.01942,51378.2,53582.6,3.24E+00,8.90E-04,17968
2026/8/23 17:39,MW2045B56809,A41,A23645,-0.044,50976.9,51270.9,3.25E+00,7.80E-04,18724
2026/8/23 17:39,MW2045B56806,A41,A23645,-0.0757,52307.1,54410.3,3.25E+00,7.40E-04,18693
2026/8/23 17:38,MW2045B56720,AC20,A07586,-0.01583,52363.5,53064.4,3.24E+00,8.30E-04,17970
2026/8/23 17:38,MW2045B56810,A43,A23645,-0.0382,54096.7,51863.5,3.24E+00,7.40E-04,18739
2026/8/23 17:33,MW2045B56795,A42,A23645,-0.02359,54040.5,53219.9,3.24E+00,7.60E-04,18670
2026/8/23 17:33,MW2045B56778,A43,A23645,-0.0771,53100.2,51727.2,3.24E+00,7.40E-04,18712
2026/8/23 17:33,MW2041B05165,A43,A07586,-0.01424,51299.4,54632.4,3.22E+00,7.20E-04,17931
2026/8/23 17:32,MW2045B56779,A43,A23645,-0.04143,53250.7,54701.6,3.24E+00,7.40E-04,18668
2026/8/23 17:32,MW2045B56835,AC20,A07586,-0.0792,51754.4,53314.8,3.24E+00,8.20E-04,18062
2026/8/23 17:32,MW2045B56781,A43,A23645,-0.01348,53612.6,52533.4,3.24E+00,7.60E-04,18714
2026/8/23 17:32,MW2041B05479,C43,A07586,-0.0593,51634.2,49682.3,3.22E+00,6.00E-04,18324
2026/8/23 17:31,MW2045B56733,A43,A23645,-0.03482,51478.9,53883.4,3.24E+00,7.30E-04,18773
2026/8/23 17:31,MW2041B06839,C42,A07586,-0.0679,53128.6,54657.6,3.22E+00,6.70E-04,18527
2026/8/23 17:31,MW2041B15302,C43,A07586,-0.0275,52760.4,52227.7,3.22E+00,5.80E-04,18305
2026/8/23 17:31,MW2045B10895,A43,A23645,-0.02008,50506.5,54631.2,3.24E+00,6.70E-04,18639
2026/8/23 17:31,MW2041B05855,C42,A07586,-0.02296,52072.5,50271.8,3.22E+00,5.70E-04,18450
2026/8/23 17:30,MW2045B10926,C43,A23645,-0.04038,51221.2,51704.2,3.22E+00,6.50E-04,18716
2026/8/23 17:30,MW2045B22869,A43,A07586,-0.0394,53059.8,50277.3,3.24E+00,7.20E-04,18083
2026/8/23 17:30,MW2045B22866,B42,A23645,-0.01123,51236.5,51651.7,3.24E+00,6.30E-04,18663
2026/8/23 17:30,MW2045B26248,O,A17309,-0.04186,54890.4,51528.4,3.23E+00,9.10E-04,18104
2026/8/23 17:30,MW2017B28897,B43,A24607,-0.03637,53334.3,54177.3,3.23E+00,5.70E-04,18546
2026/8/23 17:29,MW2045B26213,O,A17309,-0.0294,54728.5,52146.9,3.24E+00,8.40E-04,17998
2026/8/23 17:29,MW2017B28872,B43,A24607,-0.0401,52583.5,51859.6,3.22E+00,5.10E-04,18516
2026/8/23 17:29,MW2045B53772,O,A17309,-0.03725,51606.1,50832.5,3.24E+00,8.50E-04,18304
2026/8/23 17:29,MW2017B28871,B42,A24607,-0.03532,50620.9,51779.8,3.22E+00,5.00E-04,18520
2026/8/23 17:29,MW2045B53770,O,A17309,-0.0464,50680.6,50450.8,3.23E+00,7.90E-04,17942
2026/8/23 17:28,MW2017B28870,B43,A24607,-0.03434,50596.7,52619.2,3.22E+00,5.20E-04,18378
2026/8/23 17:28,MW2045B53771,O,A17309,-0.0343,51518.5,54737.8,3.24E+00,8.70E-04,18211
2026/8/23 17:28,MW2017B28868,B42,A24607,-0.01675,52747.1,49854.9,3.22E+00,5.00E-04,18384
2026/8/23 17:28,MW2045B53769,O,A17309,-0.01408,51898.1,50356.8,3.24E+00,8.30E-04,18300
2026/8/23 17:27,MW2017B26529,A42,A24607,-0.03181,50428.2,49792.7,3.23E+00,7.20E-04,18470
2026/8/23 17:27,MW2045B53768,O,A17309,-0.0624,54115.4,52724.5,3.24E+00,7.80E-04,17757
2026/8/23 17:27,MW2017B26528,A42,A24607,-0.01569,51797.2,51411.4,3.23E+00,7.00E-04,18459
2026/8/23 17:27,MW2045B52664,O,A17309,-0.02206,53630.8,52983.1,3.23E+00,8.80E-04,18145
2026/8/23 17:26,MW2017B26702,A43,A24607,-0.02538,53150.5,53021.8,3.23E+00,6.40E-04,18340
2026/8/23 17:26,MW2045B52663,O,A17309,-0.03373,54209.8,50368.7,3.23E+00,9.00E-04,18049
2026/8/23 17:26,MW2017B26504,C42,A24607,-0.03068,53034.1,49792.7,3.23E+00,6.10E-04,18436
2026/8/23 17:26,MW2045B52662,O,A17309,-0.0329,52783.8,50313.9,3.24E+00,8.10E-04,18029
2026/8/23 17:25,MW2017B26699,A42,A24607,-0.02151,51062.7,49234.9,3.23E+00,6.50E-04,18464
2026/8/23 17:25,MW2045B52661,O,A17309,-0.01476,50967.7,52410.9,3.24E+00,7.20E-04,18083
2026/8/23 17:25,MW2017B26480,A43,A24607,-0.0767,50890.9,52872.6,3.23E+00,7.70E-04,18477
2026/8/23 17:25,MW2045B52660,O,A17309,-0.0546,50333.2,52303.9,3.24E+00,9.00E-04,17939
2026/8/23 17:25,MW2017B26700,A42,A24607,-0.096,50467.5,53109.9,3.23E+00,6.60E-04,18307
2026/8/23 17:25,MW2044B24983,O,A15928,-0.02223,51228.6,50539.4,3.24E+00,7.50E-04,18110
2026/8/23 17:24,MW2044B08875,O,A24657,-0.0883,50548.2,50863.4,3.23E+00,5.90E-04,18572
2026/8/23 17:24,MW2044B24973,A46,A15928,-0.03531,54302.9,54487.4,3.25E+00,6.80E-04,17981
2026/8/23 17:24,MW2045B07209,O,A24657,-0.02777,54422.8,54869.8,3.24E+00,6.60E-04,18713
2026/8/23 17:23,MW2045B07246,O,A24657,-0.02048,52672.2,54400.2,3.24E+00,7.60E-04,18731
2026/8/23 17:23,MW2044B15251,O,A15928,-0.0833,53003.8,49925.4,3.24E+00,6.60E-04,18292
2026/8/23 17:23,MW2045B07247,O,A24657,-0.01589,51227.1,53851.1,3.23E+00,6.60E-04,18809
2026/8/23 17:23,MW2044B23582,O,A15928,-0.02832,53596.3,50386.4,3.24E+00,8.70E-04,18301
2026/8/23 17:22,MW2045B42891,O,A24657,-0.0351,54060.2,54796.4,3.24E+00,8.80E-04,18853
2026/8/23 17:22,MW2044B02081,O,A15928,-0.02237,54986.6,49524.4,3.24E+00,7.30E-04,18151
2026/8/23 17:22,MW2045B07248,O,A24657,-0.0978,51122.4,49867.3,3.23E+00,8.10E-04,18619
2026/8/23 17:22,MW2044B15077,O,A15928,-0.0789,53681.5,51952.7,3.23E+00,8.30E-04,18272
2026/8/23 17:22,MW2045B07249,O,A24657,-0.056,51930.8,49708.2,3.24E+00,7.30E-04,18845
2026/8/23 17:22,MW2044B23858,O,A15928,-0.01478,54412.8,53139.6,3.24E+00,7.30E-04,18472
2026/8/23 17:21,MW2045B43052,O,A15928,-0.0392,54373.1,52685.6,3.24E+00,9.10E-04,18272
2026/8/23 17:21,MW2045B07207,O,A24657,-0.02245,52475.1,54606.6,3.24E+00,8.70E-04,18617
2026/8/23 17:21,MW2045B07208,O,A24657,-0.02534,52945.5,50770.6,3.24E+00,7.90E-04,18554
2026/8/23 17:15,MW2045B07206,O,A24657,-0.02697,51921.4,49345.5,3.24E+00,6.50E-04,18776
2026/8/23 17:15,MW2044B08876,O,A15928,-0.0911,53432.3,52825.2,3.23E+00,9.90E-04,18287
2026/8/23 17:14,MW2045B07205,O,A24657,-0.01046,54574.3,50288.4,3.24E+00,7.80E-04,18625
2026/8/23 17:14,MW2045B34630,O,A15928,-0.0982,52793.1,51364.9,3.24E+00,1.07E-03,17894
2026/8/23 17:14,MW2045B07204,O,A24657,-0.0253,51945.5,49961.2,3.23E+00,6.10E-04,18857
2026/8/23 17:14,MW2044B23692,O,A15928,-0.0299,53539.6,52250.6,3.23E+00,8.30E-04,18455
2026/8/23 17:14,MW2045B49570,AC20,A15928,-0.03864,53549.8,53024.8,3.23E+00,9.30E-04,18331
2026/8/23 17:13,MW2045B50204,O,A15213,-0.03415,52983.6,52792.9,3.24E+00,1.35E-03,18627
2026/8/23 17:13,MW2045B50205,O,A15213,-0.055,53590.7,51463.7,3.24E+00,1.01E-03,18626
2026/8/23 17:13,MW2045B40960,O,A10767,-0.04149,53856.5,49681.2,3.24E+00,1.08E-03,18031
2026/8/23 17:13,MW2044B15220,O,A10767,-0.01732,50670.8,50884.7,3.24E+00,7.00E-04,18426
2026/8/23 17:13,MW2045B50218,O,A15213,-0.03651,51269.2,51237.6,3.24E+00,9.60E-04,18488
2026/8/23 17:12,MW2045B50219,O,A15213,-0.02119,51809.6,51227.1,3.24E+00,1.38E-03,18641
2026/8/23 17:12,MW2044B23888,O,A10767,-0.03585,52776.2,51417.1,3.24E+00,8.00E-04,18139
2026/8/23 17:11,MW2045B50220,O,A15213,-0.02387,53764.7,53625.1,3.24E+00,1.18E-03,18606
2026/8/23 17:11,MW2045B53729,O,A10767,-0.01079,51708.2,50019.9,3.24E+00,8.70E-04,18238
2026/8/23 17:11,MW2045B50221,O,A15213,-0.03939,54888.1,54843.2,3.23E+00,6.60E-04,18718
2026/8/23 17:11,MW2045B53734,O,A10767,-0.03136,50883.7,54834.5,3.24E+00,8.60E-04,18343
2026/8/23 17:11,MW2045B58487,O,A15213,-0.0714,54795.1,54185.1,3.24E+00,6.10E-04,18842
2026/8/23 17:10,MW2045B53737,O,A10767,-0.0409,51951.4,50486.2,3.24E+00,8.50E-04,18250
2026/8/23 17:10,MW2045B58492,O,A15213,-0.01227,53079.6,53353.7,3.23E+00,6.00E-04,18743
2026/8/23 17:10,MW2045B53938,O,A10767,-0.0381,50346.3,51726.9,3.23E+00,6.70E-04,18049
2026/8/23 17:10,MW2045B58493,O,A15213,-0.0749,52548.4,49487.6,3.24E+00,7.20E-04,18723
2026/8/23 17:10,MW2045B53937,O,A10767,-0.03087,54957.2,50527.9,3.24E+00,7.60E-04,18120
2026/8/23 17:09,MW2045B42899,AC20,A15213,-0.066,50766.4,54598.4,3.24E+00,1.09E-03,18710
2026/8/23 17:09,MW2044B23596,O,A10767,-0.0916,54439.2,52939.3,3.24E+00,8.70E-04,17995
2026/8/23 17:09,MW2045B52658,O,A15213,-0.02937,50994.8,53654.6,3.24E+00,6.40E-04,18659
2026/8/23 17:09,MW2045B07234,O,A10767,-0.0276,51886.6,53629.5,3.24E+00,9.20E-04,18057
2026/8/23 17:08,MW2045B07374,O,A10767,-0.01727,52344.5,52474.6,3.24E+00,8.10E-04,18028
2026/8/23 17:08,MW2045B52659,O,A15213,-0.0554,54264.8,54390.9,3.23E+00,7.20E-04,18629
2026/8/23 17:08,MW2044B01916,O,A10767,-0.0843,51577.7,53998.2,3.23E+00,9.30E-04,18158
2026/8/23 17:08,MW2044B08657,O,A22428,-0.099,53192.3,52002.2,3.24E+00,0.00E+00,18471
2026/8/23 17:07,MW2017B24756,A41,A00066,-0.03826,54987.6,53770.5,3.22E+00,6.30E-04,18068
2026/8/23 17:07,MW2017B26419,C42,A00066,-0.045,50629.2,53061.5,3.23E+00,7.70E-04,17898
2026/8/23 17:07,MW2016B08738,C43,A00066,-0.0467,53663.5,52273.6,3.23E+00,8.00E-04,17910
2026/8/23 17:06,MW2017B26718,A43,A00066,-0.03764,53659.4,52902.9,3.23E+00,7.80E-04,17753
2026/8/23 17:06,MW2017B26717,A43,A00066,-0.01445,51671.2,53333.2,3.23E+00,7.70E-04,17961
2026/8/23 17:05,MW2017B26716,A43,A00066,-0.0274,54037.7,49102.8,3.23E+00,7.70E-04,17743
2026/8/23 17:05,MW2017B26590,C43,A00066,-0.0698,53943.4,52449.7,3.22E+00,7.80E-04,17676
2026/8/23 17:05,MW2017B26428,A42,A00066,-0.01867,54866.3,53890.7,3.23E+00,7.80E-04,17862
2026/8/23 17:03,MW2017B26423,A42,A00066,-0.084,51901.1,50105.5,3.23E+00,7.40E-04,17890
2026/8/23 17:03,MW2016B04509,A43,A00066,-0.04038,51066.4,51140.2,3.22E+00,6.30E-04,18231
2026/8/23 17:03,MW2017B26420,A42,A00066,-0.02218,52664.6,52267.7,3.23E+00,7.30E-04,18030
2026/8/23 17:02,MW2044B25029,O,A22428,-0.03697,52487.2,53030.2,3.24E+00,5.80E-04,18376
2026/8/23 17:02,MW2017B26502,AC20,A00066,-0.02423,52921.7,52149.7,3.23E+00,8.80E-04,17874
2026/8/23 17:02,MW2044B25030,O,A22428,-0.03905,53750.9,54443.8,3.24E+00,5.30E-04,18419
2026/8/23 17:02,MW2017B28900,B41,A22725,-0.0139,51953.4,50016.9,3.23E+00,6.10E-04,17991
2026/8/23 17:02,MW2044B25031,O,A22428,-0.03953,53628.8,51026.8,3.24E+00,8.30E-04,18528
2026/8/23 17:02,MW2017B33385,AC20,A22725,-0.02805,54111.4,50274.7,3.23E+00,8.20E-04,17783
2026/8/23 17:01,MW2044B25033,O,A22428,-0.01201,54943.2,54327.6,3.24E+00,8.60E-04,18528
2026/8/23 17:01,MW2017B26759,A41,A22725,-0.02699,54765.1,51774.6,3.23E+00,7.70E-04,17855
2026/8/23 17:01,MW2044B25034,O,A22428,-0.04091,53527.2,49188.8,3.24E+00,7.90E-04,18542
2026/8/23 17:01,MW2017B33386,AC20,A22725,-0.03834,52933.1,49797.7,3.23E+00,8.10E-04,17969
2026/8/23 17:00,MW2016B13205,A43,A22725,-0.0373,50763.6,53334.1,3.23E+00,7.90E-04,18007
2026/8/23 17:00,MW2044B01922,O,A22428,-0.02421,54213.2,52180.2,3.24E+00,9.20E-04,18744
2026/8/23 17:00,MW2017B33420,AC20,A22725,-0.03966,51630.9,54467.7,3.23E+00,8.20E-04,18052
2026/8/23 17:00,MW2044B08982,O,A22428,-0.02495,53485.3,50600.9,3.23E+00,5.90E-04,18578
2026/8/23 16:59,MW2017B33421,AC20,A22725,-0.03475,51168.8,54518.5,3.23E+00,8.50E-04,17774
2026/8/23 16:59,MW2044B08877,O,A22428,-0.01849,54044.2,49935.3,3.24E+00,8.50E-04,18584
2026/8/23 16:59,MW2017B33382,AC20,A22725,-0.0567,54838.9,52766.1,3.23E+00,8.30E-04,17852
2026/8/23 16:59,MW2044B08872,O,A22428,-0.01545,50397.5,52834.5,3.24E+00,6.80E-04,18512
2026/8/23 16:59,MW2017B27817,AC20,A22725,-0.03764,51770.4,51207.4,3.23E+00,8.80E-04,17777
2026/8/23 16:58,MW2044B08873,O,A22428,-0.02246,51313.3,54277.5,3.24E+00,6.80E-04,18474
2026/8/23 16:58,MW2017B27818,AC20,A22725,-0.0128,50452.8,53840.1,3.23E+00,8.80E-04,17661
2026/8/23 16:58,MW2044B08874,O,A22428,-0.02677,52366.9,49420.8,3.23E+00,5.90E-04,18571
2026/8/23 16:58,MW2016B08518,AC20,A22725,-0.01641,51184.9,50207.6,3.22E+00,8.20E-04,17856
2026/8/23 16:57,MW2016B08516,C41,A22725,-0.02934,54155.5,52375.2,3.22E+00,7.70E-04,17562
2026/8/23 16:55,MW2041B08496,O,A01922,-0.01511,52022.3,52773.7,3.24E+00,6.10E-04,18736
2026/8/23 16:55,MW2041B08497,O,A01922,-0.0108,54630.5,51310.3,3.24E+00,7.00E-04,18738
2026/8/23 16:54,MW2041B08494,O,A01922,-0.0669,52378.3,52624.5,3.24E+00,6.00E-04,18664
2026/8/23 16:54,MW2045B21152,A43,A07308,-0.03247,54578.5,54605.3,3.23E+00,7.00E-04,18174
2026/8/23 16:54,MW2041B08495,O,A01922,-0.03642,50532.1,49485.8,3.24E+00,6.00E-04,18755
2026/8/23 16:54,MW2045B21148,A43,A07308,-0.0566,52568.9,53295.6,3.23E+00,6.90E-04,18019
2026/8/23 16:54,MW2041B08493,O,A01922,-0.02858,53852.6,49962.6,3.24E+00,5.90E-04,18796
2026/8/23 16:54,MW2045B18278,AC20,A07308,-0.0276,50442.2,54535.5,3.24E+00,8.60E-04,18088
2026/8/23 16:53,MW2041B10357,O,A01922,-0.01297,50459.1,49966.2,3.24E+00,6.50E-04,18652
2026/8/23 16:53,MW2045B18273,AC20,A07308,-0.0314,53589.5,54015.8,3.24E+00,8.30E-04,18107
2026/8/23 16:53,MW2045B56574,A42,A07308,-0.02994,50589.5,53415.9,3.24E+00,7.30E-04,17941
2026/8/23 16:53,MW2041B10355,O,A01922,-0.0355,51993.2,49406.2,3.24E+00,5.40E-04,18690
2026/8/23 16:52,MW2045B52399,A43,A07308,-0.04082,54205.4,50994.5,3.24E+00,8.00E-04,17910
2026/8/23 16:52,MW2041B10356,O,A01922,-0.0261,50867.8,52432.4,3.24E+00,6.30E-04,18573
2026/8/23 16:52,MW2045B22924,B43,A07308,-0.02963,51745.5,52668.4,3.23E+00,7.30E-04,18249
2026/8/23 16:52,MW2041B07985,O,A01922,-0.02571,50461.3,52070.3,3.23E+00,7.00E-04,18843
2026/8/23 16:52,MW2044B23218,A43,A07308,-0.01386,52372.8,49484.9,3.24E+00,8.00E-04,18271
2026/8/23 16:51,MW2041B07168,O,A01922,-0.04007,52042.4,50650.6,3.24E+00,9.30E-04,18653
2026/8/23 16:51,MW2044B23217,AC20,A07308,-0.0107,52470.5,50773.7,3.24E+00,8.30E-04,18130
2026/8/23 16:51,MW2041B07170,O,A01922,-0.041,53096.7,49310.6,3.24E+00,9.90E-04,18650
2026/8/23 16:51,MW2045B52334,A43,A07308,-0.0253,53322.2,52197.5,3.24E+00,7.10E-04,17847
2026/8/23 16:50,MW2041B05723,O,A01922,-0.0485,50340.7,49449.6,3.23E+00,5.30E-04,18910
2026/8/23 16:50,MW2045B52335,AC20,A07308,-0.02554,52037.5,53663.5,3.24E+00,9.40E-04,17955
2026/8/23 16:50,MW2045B52336,A43,A07308,-0.0654,53864.2,52854.4,3.24E+00,7.80E-04,17860
2026/8/23 16:49,MW2045B44593,A43,A13116,-0.03662,54104.3,49218.6,3.24E+00,6.80E-04,18729
2026/8/23 16:48,MW2045B16902,D43,A13116,-0.02226,51156.7,50653.6,3.24E+00,6.00E-04,18785
2026/8/23 16:48,MW2045B21197,A43,A13116,-0.0752,51010.6,49566.5,3.23E+00,6.60E-04,18696
2026/8/23 16:47,MW2045B24258,B43,A13116,-0.0301,52889.9,52720.2,3.23E+00,7.00E-04,18619
2026/8/23 16:47,MW2044B09932,A42,A13116,-0.0354,51600.9,51331.3,3.24E+00,5.80E-04,18551
2026/8/23 16:46,MW2044B05949,A42,A13116,-0.0194,52731.7,51167.9,3.24E+00,6.60E-04,18809
2026/8/23 16:46,MW2045B44488,A41,A13116,-0.03746,54453.8,54403.9,3.24E+00,7.00E-04,18711
2026/8/23 16:46,MW2045B48556,A41,A13116,-0.0245,50869.8,53589.5,3.24E+00,6.80E-04,18623
2026/8/23 16:45,MW2045B48460,A41,A13116,-0.02496,52579.2,53211.4,3.23E+00,4.90E-04,18965
2026/8/23 16:45,MW2044B07174,AC20,A19104,-0.01675,53250.3,53447.3,3.24E+00,8.50E-04,18024
2026/8/23 16:45,MW2044B21007,A43,A13116,-0.01978,52191.9,54069.3,3.23E+00,6.00E-04,18686
2026/8/23 16:45,MW2044B12512,A43,A19104,-0.04156,53787.6,49550.3,3.23E+00,7.90E-04,18180
2026/8/23 16:44,MW2044B10055,AC20,A19104,-0.098,52968.2,51267.6,3.24E+00,8.10E-04,18341
2026/8/23 16:44,MW2044B21006,A43,A13116,-0.02514,54023.5,50806.2,3.23E+00,5.80E-04,18707
2026/8/23 16:44,MW2045B46634,AC20,A19104,-0.0238,53048.9,52666.2,3.24E+00,8.40E-04,17958
2026/8/23 16:44,MW2045B50618,A43,A13116,-0.03035,52511.1,49290.2,2.94E+00,6.10E-04,18527
2026/8/23 16:44,MW2045B46635,C43,A19104,-0.02388,53980.3,53978.5,3.24E+00,7.20E-04,17845
2026/8/23 16:43,MW2044B06253,A43,A12269,-0.02306,53367.9,54239.2,3.24E+00,7.00E-04,18595
2026/8/23 16:43,MW2045B46496,AC20,A19104,-0.03597,52175.6,49131.2,3.24E+00,9.30E-04,18011
2026/8/23 16:43,MW2044B08327,C43,A12269,-0.01998,50743.8,50941.3,3.23E+00,6.30E-04,18581
2026/8/23 16:43,MW2045B46715,AC20,A19104,-0.02677,51836.2,53188.6,3.24E+00,9.30E-04,17972
2026/8/23 16:42,MW2044B07996,C43,A12269,-0.0666,50666.1,53341.9,3.24E+00,8.00E-04,18660
2026/8/23 16:42,MW2042B01787,AC20,A19104,-0.03715,51787.9,54545.4,3.23E+00,8.20E-04,18139
2026/8/23 16:42,MW2045B03515,B43,A12269,-0.02757,50471.1,54573.4,3.24E+00,8.00E-04,18726
2026/8/23 16:42,MW2044B06720,A43,A19104,-0.03924,52917.7,50621.1,3.23E+00,7.90E-04,18318
2026/8/23 16:41,MW2045B15107,B43,A12269,-0.04157,53637.2,53889.6,3.23E+00,6.90E-04,18682
2026/8/23 16:41,MW2044B10490,A43,A19104,-0.01306,52562.3,54315.8,3.23E+00,7.10E-04,18094
2026/8/23 16:41,MW2045B16343,B42,A12269,-0.01528,53912.2,54095.6,3.23E+00,6.50E-04,18688
2026/8/23 16:41,MW2044B05122,A43,A19104,-0.04161,52399.9,51357.1,3.23E+00,7.90E-04,18316
2026/8/23 16:41,MW2045B16345,A43,A12269,-0.01796,54285.8,54408.7,3.23E+00,6.50E-04,18703
2026/8/23 16:41,MW2044B05172,A43,A19104,-0.0232,54025.3,54961.3,3.23E+00,7.90E-04,18012
2026/8/23 16:40,MW2041B05864,O,A16051,-0.01582,54778.2,53060.9,3.23E+00,6.60E-04,18527
2026/8/23 16:40,MW2045B16354,B42,A12269,-0.01698,54526.2,53749.7,3.23E+00,6.60E-04,18809
2026/8/23 16:40,MW2041B05853,O,A16051,-0.0576,54464.3,52118.5,3.23E+00,6.60E-04,18482
2026/8/23 16:40,MW2045B16421,B42,A12269,-0.0171,50929.1,53074.7,3.24E+00,6.80E-04,18730
2026/8/23 16:39,MW2041B05852,O,A16051,-0.0275,50845.1,53775.9,3.23E+00,6.60E-04,18696
2026/8/23 16:39,MW2045B12543,A42,A12269,-0.0292,51737.1,53382.3,3.23E+00,5.80E-04,18525
2026/8/23 16:39,MW2041B05850,O,A16051,-0.03835,52606.6,49419.3,3.23E+00,6.10E-04,18558
2026/8/23 16:39,MW2045B13464,C42,A12269,-0.04027,52625.2,50944.9,3.23E+00,6.00E-04,18723
2026/8/23 16:39,MW2045B26196,O,A16051,-0.02657,53570.4,50318.2,3.23E+00,7.70E-04,18167
2026/8/23 16:38,MW2045B13494,A42,A12269,-0.02865,51778.3,52138.2,3.23E+00,5.50E-04,18551
2026/8/23 16:38,MW2045B26197,O,A16051,-0.04185,50638.1,49617.9,3.23E+00,8.60E-04,18214
2026/8/23 16:38,MW2045B18599,A42,A22241,-0.0606,51346.3,49726.5,3.23E+00,8.00E-04,18707
2026/8/23 16:38,MW2045B58452,O,A16051,-0.01838,53974.6,53015.3,3.24E+00,8.00E-04,18088
2026/8/23 16:37,MW2045B69615,O,A16051,-0.0824,52945.4,50644.1,3.24E+00,6.00E-04,18177
2026/8/23 16:37,MW2045B20311,A43,A22241,-0.0101,51693.9,54744.9,3.23E+00,6.60E-04,18645
2026/8/23 16:37,MW2044B08399,AC20,A16051,-0.031,50327.8,51458.9,3.24E+00,8.40E-04,18086
2026/8/23 16:37,MW2045B17031,B42,A22241,-0.03547,52698.5,50548.5,3.23E+00,6.60E-04,18862
2026/8/23 16:37,MW2045B58215,AC20,A16051,-0.0207,53063.5,53118.1,3.24E+00,8.30E-04,18067
2026/8/23 16:36,MW2042B02350,A43,A22241,-0.01122,53615.8,53161.8,3.24E+00,6.10E-04,18819
2026/8/23 16:36,MW2017B25674,AC20,A16051,-0.01664,51894.7,49490.1,3.22E+00,9.50E-04,17842
2026/8/23 16:36,MW2042B08983,O,A22241,-0.02842,54069.3,51574.9,0.00E+00,0.00E+00,18605
2026/8/23 16:36,MW2017B07280,C42,NULL,-0.033,52582.8,52312.4,3.22E+00,8.00E-04,17959
2026/8/23 16:33,MW2045B24219,A43,A05291,-0.0488,50949.9,50277.7,3.23E+00,7.90E-04,18019
2026/8/23 16:33,MW2045B18735,B43,A05291,-0.02678,52698.7,54074.5,3.23E+00,6.90E-04,17883
2026/8/23 16:33,MW2045B23873,AC20,A05291,-0.02954,53409.1,52018.8,3.23E+00,8.70E-04,18049
2026/8/23 16:32,MW2045B23872,AC20,A05291,-0.02154,51081.9,53064.3,3.24E+00,9.20E-04,18036
2026/8/23 16:32,MW2045B24273,AC20,A05291,-0.02601,54021.7,52774.8,3.23E+00,8.10E-04,18237
2026/8/23 16:31,MW2045B24026,AC20,A05291,-0.0137,50790.4,51343.5,3.24E+00,8.90E-04,17997
2026/8/23 16:31,MW2042B08978,A41,A22241,-0.01682,51953.8,53809.2,3.24E+00,6.80E-04,18647
2026/8/23 16:31,MW2045B24020,AC20,A05291,-0.01699,51106.4,54704.1,3.24E+00,9.10E-04,17846
2026/8/23 16:31,MW2042B08980,A41,A22241,-0.02133,51345.8,52290.3,3.24E+00,6.50E-04,18622
2026/8/23 16:31,MW2045B24276,A42,A05291,-0.0475,52087.6,50570.8,3.24E+00,7.60E-04,18100
2026/8/23 16:30,MW2045B17030,B43,A22241,-0.03856,54404.4,54986.5,3.23E+00,6.30E-04,18806
2026/8/23 16:30,MW2044B08491,A42,A05291,-0.03062,52013.4,50670.2,3.24E+00,7.30E-04,18063
2026/8/23 16:30,MW2045B17029,B41,A22241,-0.01523,54189.4,49469.8,3.23E+00,6.60E-04,18863
2026/8/23 16:30,MW2045B18003,A43,A05291,-0.0457,54515.5,52572.7,3.23E+00,7.40E-04,18216
2026/8/23 16:29,MW2045B24280,A43,A05291,-0.0416,53870.2,51454.8,3.23E+00,8.00E-04,18142
2026/8/23 16:29,MW2045B16350,B43,A22241,-0.0583,54465.1,52789.3,3.23E+00,6.40E-04,18837
2026/8/23 16:29,MW2045B23657,AC20,A05291,-0.03741,54584.9,53273.1,3.23E+00,8.60E-04,18043
2026/8/23 16:29,MW2045B16427,A43,A22241,-0.03827,54906.5,49448.2,3.23E+00,6.60E-04,18788
2026/8/23 16:29,MW2044B13926,A42,A23419,-0.01643,52510.7,54594.3,3.24E+00,7.70E-04,18144
2026/8/23 16:28,MW2045B16925,A42,A22241,-0.02306,50579.8,53802.2,3.24E+00,6.10E-04,18664
2026/8/23 16:28,MW2016B07241,C42,A23419,-0.03408,51071.8,49645.9,3.23E+00,7.90E-04,18008
2026/8/23 16:28,MW2045B05345,B42,A01278,-0.0367,50855.5,49127.4,3.24E+00,6.70E-04,18525
2026/8/23 16:28,MW2044B14009,AC20,A23419,-0.01488,50340.9,52458.7,3.24E+00,8.40E-04,18154
2026/8/23 16:27,MW2045B43695,A43,A01278,-0.02756,53950.8,53134.8,3.24E+00,6.20E-04,18561
2026/8/23 16:27,MW2044B14057,A43,A23419,-0.0357,51083.9,51726.4,3.24E+00,7.40E-04,18016
2026/8/23 16:27,MW2044B10604,AC20,A01278,-0.02278,52820.9,51295.4,3.24E+00,8.60E-04,18565
2026/8/23 16:27,MW2045B46545,AC20,A23419,-0.0577,53355.3,51273.7,3.24E+00,9.40E-04,18082
2026/8/23 16:27,MW2044B17806,AC20,A01278,-0.0577,53762.1,52406.6,3.24E+00,8.30E-04,18672
2026/8/23 16:27,MW2044B10350,A43,A23419,-0.034,50359.9,50723.4,3.24E+00,6.60E-04,18036
2026/8/23 16:26,MW2044B10376,AC20,A23419,-0.0613,53731.8,53666.2,3.24E+00,8.30E-04,18101
2026/8/23 16:26,MW2044B07440,AC20,A01278,-0.02679,51323.3,52210.8,3.23E+00,8.10E-04,18658
2026/8/23 16:26,MW2044B10067,AC20,A23419,-0.03155,51365.7,49354.1,3.24E+00,8.10E-04,18214
2026/8/23 16:26,MW2045B12908,A43,A01278,-0.01313,54570.6,54611.6,3.24E+00,6.60E-04,18831
2026/8/23 16:25,MW2044B06179,AC20,A23419,-0.03624,50609.9,51330.7,3.24E+00,8.30E-04,17978
2026/8/23 16:25,MW2045B12912,A43,A01278,-0.03837,54177.3,53797.7,3.23E+00,6.30E-04,18888
2026/8/23 16:25,MW2044B06180,A43,A23419,-0.03229,52323.8,54721.3,3.24E+00,7.90E-04,18130
2026/8/23 16:25,MW2045B03272,A41,A01278,-0.0631,50716.4,53003.8,3.24E+00,7.70E-04,18439
2026/8/23 16:25,MW2044B10328,A42,A23419,-0.0291,52965.7,52407.1,3.24E+00,7.40E-04,17996
2026/8/23 16:24,MW2045B03269,A42,A01278,-0.03756,52169.8,49803.6,3.24E+00,7.80E-04,18197
2026/8/23 16:24,MW2044B10327,A42,A23419,-0.01124,51522.4,52223.2,3.24E+00,7.70E-04,17941
2026/8/23 16:24,MW2045B43729,C43,A01278,-0.03422,53742.6,50111.9,3.24E+00,6.20E-04,18723
2026/8/23 16:24,MW2044B06256,A43,A23492,-0.02388,51237.7,54675.2,3.24E+00,8.00E-04,17647
2026/8/23 16:23,MW2045B43716,C43,A01278,-0.0856,51095.6,52136.9,3.24E+00,6.40E-04,18736
2026/8/23 16:23,MW2044B06257,AC20,A23492,-0.01244,53667.6,51792.3,3.24E+00,8.30E-04,17799
2026/8/23 16:23,MW2044B06255,AC20,A23492,-0.03522,51051.5,50000.8,3.24E+00,8.20E-04,17646
2026/8/23 16:23,MW2045B43715,A43,A01278,-0.04186,51178.1,49508.4,3.24E+00,6.90E-04,18934
2026/8/23 16:23,MW2044B06258,AC20,A23492,-0.01484,50799.4,49723.5,3.24E+00,8.10E-04,17645
2026/8/23 16:22,MW2044B15833,A43,A01221,-0.01019,52099.4,53285.7,3.23E+00,7.70E-04,18426
2026/8/23 16:22,MW2044B14143,AC20,A23492,-0.02868,54437.1,49659.8,3.24E+00,8.20E-04,18028
2026/8/23 16:22,MW2045B46667,A42,A01221,-0.01044,53121.9,52916.4,3.24E+00,8.00E-04,18665
2026/8/23 16:22,MW2044B14142,AC20,A23492,-0.03588,50345.4,54745.6,3.24E+00,8.20E-04,18164
2026/8/23 16:22,MW2045B46736,A43,A01221,-0.01978,54168.3,49911.4,3.24E+00,6.90E-04,18754
2026/8/23 16:21,MW2045B46734,C42,A01221,-0.03083,52159.8,53251.7,3.24E+00,7.80E-04,18491
2026/8/23 16:21,MW2044B14141,AC20,A23492,-0.04131,52863.9,49236.6,3.24E+00,8.20E-04,18228
2026/8/23 16:21,MW2045B46817,AC20,A01221,-0.0847,52746.1,52982.5,3.24E+00,8.20E-04,18583
2026/8/23 16:21,MW2044B14120,A42,A23492,-0.02621,52172.4,51211.5,3.24E+00,8.00E-04,18060
2026/8/23 16:20,MW2044B13930,AC20,A23492,-0.0105,54928.8,51830.3,3.24E+00,8.30E-04,18103
2026/8/23 16:20,MW2045B46818,A43,A01221,-0.02677,52294.3,49970.5,3.24E+00,7.70E-04,18444
2026/8/23 16:20,MW2044B13929,A43,A23492,-0.03306,50363.6,51773.5,3.25E+00,6.70E-04,18150
2026/8/23 16:20,MW2044B02957,A43,A01221,-0.0304,51238.6,52288.3,3.23E+00,6.80E-04,18753
2026/8/23 16:19,MW2044B13928,A42,A23492,-0.02033,51220.6,53638.4,3.25E+00,7.50E-04,18220
2026/8/23 16:19,MW2045B17427,A43,A01221,-0.01163,52894.3,52939.4,3.23E+00,6.10E-04,18772
2026/8/23 16:19,MW2044B13927,A42,A23492,-0.03083,50822.9,50952.5,3.24E+00,7.30E-04,18183
2026/8/23 16:19,MW2045B12535,A42,A01221,-0.02467,53827.9,51032.7,3.23E+00,6.00E-04,18595
2026/8/23 16:19,MW2045B03591,AC20,A14314,-0.01418,53405.9,54563.8,3.23E+00,8.80E-04,17990
2026/8/23 16:18,MW2045B12536,A43,A01221,-0.0704,52749.7,51899.3,3.23E+00,5.30E-04,18622
2026/8/23 16:18,MW2045B03596,AC20,A14314,-0.02332,50374.8,52372.7,3.23E+00,8.90E-04,17964
2026/8/23 16:18,MW2045B12518,A43,A01221,-0.0329,50823.3,53109.3,3.23E+00,5.50E-04,18597
2026/8/23 16:18,MW2045B03177,AC20,A14314,-0.01549,52600.6,50283.1,3.23E+00,9.00E-04,18331
2026/8/23 16:17,MW2044B02448,C43,A01221,-0.015,50612.7,50955.5,3.24E+00,7.50E-04,18557
2026/8/23 16:17,MW2045B03178,AC20,A14314,-0.0222,50531.5,54015.5,3.23E+00,8.90E-04,18278
2026/8/23 16:17,MW2037B04869,A43,A09041,-0.0775,54285.4,52105.3,3.25E+00,6.30E-04,18609
2026/8/23 16:17,MW2045B03569,AC20,A14314,-0.03605,50430.1,50283.8,3.23E+00,8.70E-04,17981
2026/8/23 16:17,MW2037B04836,A42,A09041,-0.01749,53426.3,52768.4,3.25E+00,6.30E-04,18742
2026/8/23 16:16,MW2045B43630,AC20,A14314,-0.0885,52625.7,52737.4,3.24E+00,8.80E-04,17895
2026/8/23 16:16,MW2037B04837,O,A09041,-0.02353,53951.3,53531.6,0.00E+00,0.00E+00,18683
2026/8/23 16:16,MW2045B43746,A43,A14314,-0.01357,54106.7,53231.9,3.24E+00,7.20E-04,18151
2026/8/23 16:16,MW2045B43747,AC20,A14314,-0.01081,54167.5,53270.4,3.23E+00,8.20E-04,18284
2026/8/23 16:15,MW2045B43748,A43,A14314,-0.01261,53784.6,50230.1,3.24E+00,7.40E-04,18131
2026/8/23 16:15,MW2045B43749,A43,A14314,-0.096,51404.1,51745.4,3.24E+00,7.30E-04,18151
2026/8/23 16:14,MW2045B43753,AC20,A14314,-0.01719,53001.7,52254.2,3.24E+00,8.30E-04,18334
2026/8/23 16:14,MW2044B21139,AC20,A14314,-0.02925,50954.3,51826.8,3.24E+00,8.30E-04,17971
2026/8/23 16:14,MW2044B01915,O,A21164,-0.0818,53396.3,49862.3,3.23E+00,9.90E-04,18213
2026/8/23 16:13,MW2044B01914,O,A21164,-0.0524,51037.5,49770.5,3.23E+00,9.90E-04,18311
2026/8/23 16:13,MW2044B17965,A43,A09041,-0.0444,54110.4,51933.5,3.24E+00,7.20E-04,18772
2026/8/23 16:13,MW2044B01917,O,A21164,-0.02887,52124.4,50248.9,3.23E+00,1.05E-03,18280
2026/8/23 16:13,MW2044B18739,AC20,A09041,-0.0181,53250.1,53538.7,3.24E+00,8.50E-04,18671
2026/8/23 16:12,MW2044B01913,O,A21164,-0.02273,53722.4,49582.5,3.24E+00,9.90E-04,18434
2026/8/23 16:12,MW2044B14016,A43,A09041,-0.02285,51999.9,51785.4,3.24E+00,6.40E-04,18585
2026/8/23 16:12,MW2044B01921,O,A21164,-0.01889,52677.2,52873.8,3.24E+00,1.04E-03,18477
2026/8/23 16:12,MW2044B13979,A43,A09041,-0.03374,54164.2,53538.7,3.24E+00,7.20E-04,18464
2026/8/23 16:12,MW2044B01920,O,A21164,-0.01518,52768.1,52727.2,3.24E+00,1.05E-03,18284
2026/8/23 16:11,MW2044B19077,A43,A09041,-0.02742,53338.1,54475.9,3.24E+00,7.80E-04,18397
2026/8/23 16:11,MW2044B01919,O,A21164,-0.0527,53884.7,49796.4,3.24E+00,1.05E-03,18381
2026/8/23 16:11,MW2044B15793,A43,A09041,-0.03272,50784.2,51933.9,3.24E+00,8.00E-04,18701
2026/8/23 16:11,MW2044B01918,O,A21164,-0.01997,52327.7,54514.6,3.24E+00,1.05E-03,18264
2026/8/23 16:10,MW2044B10353,A43,A09041,-0.02277,53863.1,53823.1,3.24E+00,5.80E-04,18770
2026/8/23 16:10,MW2044B15057,O,A21164,-0.0306,53633.2,52166.5,3.24E+00,8.40E-04,18287
2026/8/23 16:10,MW2044B10354,A43,A09041,-0.01904,53913.2,54849.4,3.24E+00,5.70E-04,18719
2026/8/23 16:10,MW2044B01912,O,A21164,-0.01198,51517.1,50436.4,3.24E+00,1.01E-03,18299
2026/8/23 16:10,MW2044B25037,O,A21164,-0.082,53283.3,51261.9,3.24E+00,9.60E-04,18107
2026/8/23 16:09,MW2044B10355,A43,A09041,-0.04153,53443.6,54271.2,3.24E+00,5.70E-04,18785
2026/8/23 16:09,MW2044B25038,O,A21164,-0.0295,53611.1,51537.2,3.24E+00,9.20E-04,18087
2026/8/23 16:08,MW2045B52670,O,A05388,-0.02406,51743.8,54398.4,3.24E+00,6.30E-04,18577
2026/8/23 16:07,MW2045B52668,O,A05388,-0.0154,51925.6,50012.6,3.23E+00,8.20E-04,18631
2026/8/23 16:07,MW2045B52669,O,A05388,-0.02291,54605.6,54998.6,3.24E+00,7.40E-04,18735
2026/8/23 16:07,MW2045B26215,O,A05388,-0.03719,52747.8,52806.1,3.23E+00,8.50E-04,18718
2026/8/23 16:06,MW2045B26214,O,A05388,-0.02222,52533.9,50996.5,3.23E+00,5.80E-04,18786
2026/8/23 16:06,MW2045B52665,O,A05388,-0.03036,54474.3,53481.6,3.24E+00,7.00E-04,18675
2026/8/23 16:06,MW2041B17993,O,A00781,-0.01473,50429.3,54940.8,3.24E+00,1.32E-03,18359
2026/8/23 16:05,MW2045B52644,O,A05388,-0.067,52780.5,53933.5,3.24E+00,6.20E-04,18597
2026/8/23 16:05,MW2041B10311,O,A00781,-0.03873,53782.9,51345.3,3.24E+00,7.20E-04,18519
2026/8/23 16:05,MW2045B53766,O,A05388,-0.02936,53871.8,54116.3,3.23E+00,5.60E-04,18628
2026/8/23 16:05,MW2041B17994,O,A00781,-0.02375,54088.3,49616.9,3.24E+00,1.37E-03,18255
2026/8/23 16:04,MW2045B53765,O,A05388,-0.02444,54272.8,53513.1,3.24E+00,7.40E-04,18690
2026/8/23 16:04,MW2041B17995,O,A00781,-0.0943,53168.3,53237.5,3.24E+00,1.33E-03,18289
2026/8/23 16:04,MW2045B53767,O,A05388,-0.03561,50437.5,54756.9,3.24E+00,7.60E-04,18666
2026/8/23 16:04,MW2041B17996,O,A00781,-0.02689,53340.7,53948.2,3.24E+00,1.31E-03,18193
2026/8/23 16:03,MW2041B17706,O,A00781,-0.01026,50485.9,49409.5,3.24E+00,1.23E-03,18305
2026/8/23 16:03,MW2041B07169,O,A05388,-0.02422,54904.3,54503.8,3.24E+00,9.40E-04,18709
2026/8/23 16:03,MW2041B17732,O,A00781,-0.02794,54304.1,50044.8,3.24E+00,1.00E-03,18227
2026/8/23 16:03,MW2041B07171,O,A05388,-0.02246,51610.6,54928.9,3.24E+00,5.70E-04,18867
2026/8/23 16:03,MW2041B17735,O,A00781,-0.0896,52605.3,54550.9,3.24E+00,7.80E-04,18029
2026/8/23 16:02,MW2041B05892,C43,A04550,-0.03323,52122.2,49912.9,3.22E+00,5.10E-04,18728
2026/8/23 16:02,MW2041B17736,O,A00781,-0.02334,54544.7,54175.2,3.24E+00,7.70E-04,18091
2026/8/23 16:02,MW2045B47752,A43,A04550,-0.01253,50792.8,49866.2,3.24E+00,7.70E-04,18898
2026/8/23 16:02,MW2041B17734,O,A00781,-0.02494,50757.3,52491.7,3.23E+00,7.70E-04,18047
2026/8/23 16:02,MW2045B47753,A43,A04550,-0.03554,53165.9,51558.9,3.24E+00,6.90E-04,18644
2026/8/23 16:01,MW2041B17737,O,A00781,-0.03289,54837.6,54040.5,3.23E+00,7.50E-04,17849
2026/8/23 16:01,MW2045B47754,A41,A04550,-0.01417,52177.7,53616.4,3.24E+00,7.90E-04,18915
2026/8/23 16:01,MW2041B17738,O,A00781,-0.03538,50701.1,53336.3,3.24E+00,7.40E-04,17902
2026/8/23 16:01,MW2045B47730,A42,A04550,-0.01433,51132.7,51445.3,3.25E+00,6.70E-04,18770
2026/8/23 16:00,MW2045B18324,A43,A04550,-0.01903,53191.4,53278.7,3.23E+00,7.90E-04,18603
2026/8/23 16:00,MW2045B18328,B43,A04550,-0.02409,53853.7,52165.9,3.24E+00,7.90E-04,18632
2026/8/23 15:59,MW2045B47518,O,A04550,-0.02539,54281.5,53667.1,0.00E+00,0.00E+00,18755
2026/8/23 15:58,MW2045B52402,A43,A04550,-0.0803,53657.9,49513.9,3.24E+00,7.70E-04,18745
2026/8/23 15:57,MW2045B52339,A43,A04550,-0.01095,51045.2,50165.4,3.24E+00,7.50E-04,18763
2026/8/23 15:57,MW2045B52338,A42,A04550,-0.01316,53779.2,51749.8,3.24E+00,7.80E-04,18552
2026/8/23 15:56,MW2045B52337,C43,A04550,-0.0328,53427.8,50460.8,3.24E+00,7.20E-04,18737
2026/8/23 15:56,MW2044B15134,O,A22858,-0.001,54124.4,54385.8,3.24E+00,7.90E-04,18628
2026/8/23 15:56,MW2045B44122,AC20,A19282,-0.04072,50749.8,49772.6,3.24E+00,9.00E-04,18331
2026/8/23 15:55,MW2045B54359,O,A22858,-0.01553,52306.4,54440.6,3.24E+00,7.40E-04,18760
2026/8/23 15:55,MW2044B19401,AC20,A19282,-0.01917,50681.4,50830.1,3.24E+00,9.30E-04,18161
2026/8/23 15:55,MW2044B19403,AC20,A19282,-0.03711,52250.4,52014.9,3.24E+00,9.30E-04,18137
2026/8/23 15:55,MW2045B45750,O,A22858,-0.015,51656.8,52932.6,3.24E+00,1.19E-03,18660
2026/8/23 15:55,MW2044B10267,AC20,A19282,-0.0473,51583.1,52666.8,3.23E+00,9.20E-04,18143
2026/8/23 15:55,MW2045B45765,O,A22858,-0.0758,53193.8,51980.1,3.24E+00,1.22E-03,18776
2026/8/23 15:54,MW2044B06259,AC20,A19282,-0.01526,53569.3,54297.4,3.24E+00,8.10E-04,17974
2026/8/23 15:54,MW2045B45779,O,A22858,-0.01623,54102.5,50232.4,3.23E+00,8.40E-04,18558
2026/8/23 15:54,MW2044B12396,AC20,A19282,-0.0553,51000.5,50666.4,3.24E+00,9.50E-04,18175
2026/8/23 15:54,MW2045B54099,O,A22858,-0.02501,54311.3,49535.5,3.24E+00,8.00E-04,18554
2026/8/23 15:54,MW2044B12395,AC20,A19282,-0.02429,54823.2,53367.8,3.24E+00,9.40E-04,18034
2026/8/23 15:53,MW2045B50198,O,A22858,-0.0729,54606.6,54197.2,3.24E+00,9.10E-04,18623
2026/8/23 15:53,MW2044B10266,AC20,A19282,-0.03895,50554.2,53841.5,3.24E+00,8.90E-04,18298
2026/8/23 15:53,MW2045B50198,O,A22858,-0.0136,50354.3,49744.7,3.24E+00,9.10E-04,18623
2026/8/23 15:52,MW2044B10266,AC20,A19282,-0.03194,51587.8,51791.4,3.24E+00,8.90E-04,18298
2026/8/23 15:52,MW2045B50199,O,A22858,-0.0915,52468.2,53991.1,3.24E+00,8.30E-04,18662
2026/8/23 15:52,MW2044B06929,AC20,A19282,-0.0974,52837.3,51515.2,3.24E+00,9.40E-04,17943
2026/8/23 15:52,MW2045B50200,O,A22858,-0.0538,54881.5,49392.8,3.23E+00,4.50E-04,18615
2026/8/23 15:52,MW2044B06927,AC20,A19282,-0.03906,54328.2,50609.5,3.24E+00,9.00E-04,18096
2026/8/23 15:51,MW2045B50201,O,A22858,-0.032,51923.4,54182.9,3.24E+00,8.90E-04,18688
2026/8/23 15:51,MW2044B06926,AC20,A19282,-0.03345,53059.4,49993.3,3.24E+00,9.50E-04,18062
2026/8/23 15:51,MW2045B50202,O,A22858,-0.02346,53105.9,54373.9,3.24E+00,9.00E-04,18634
2026/8/23 15:49,MW2045B50203,O,A22858,-0.01148,51320.1,53236.3,3.24E+00,1.11E-03,18740
2026/8/23 15:49,MW2044B06925,AC20,A19282,-0.0634,53437.4,50086.2,3.24E+00,9.40E-04,18161
2026/8/23 15:48,MW2045B37574,A43,A04540,-0.02504,53075.5,54379.2,3.24E+00,7.00E-04,18818
2026/8/23 15:48,MW2045B69647,O,A05144,-0.02532,52153.1,52474.6,3.24E+00,6.00E-04,18359
2026/8/23 15:48,MW2045B40682,C43,A04540,-0.01793,51527.3,49642.8,3.24E+00,7.70E-04,18904
2026/8/23 15:48,MW2045B69628,O,A05144,-0.02184,52039.8,51747.5,3.24E+00,6.20E-04,18187
2026/8/23 15:47,MW2045B52898,A41,A04540,-0.01105,52329.2,52326.2,3.24E+00,6.40E-04,18556
2026/8/23 15:47,MW2045B69629,O,A05144,-0.01757,54406.3,53047.7,3.24E+00,6.00E-04,18225
2026/8/23 15:47,MW2045B27714,AC20,A04540,-0.03823,51528.7,49760.2,3.24E+00,8.60E-04,18799
2026/8/23 15:47,MW2045B69631,O,A05144,-0.03722,52538.7,49141.3,3.24E+00,6.00E-04,17961
2026/8/23 15:47,MW2045B22708,AC20,A04540,-0.01224,51261.3,54036.2,3.24E+00,8.30E-04,18828
2026/8/23 15:46,MW2045B62094,O,A05144,-0.042,50556.1,54127.6,3.24E+00,8.40E-04,18057
2026/8/23 15:46,MW2045B37581,A43,A04540,-0.03431,53811.8,51076.8,3.24E+00,6.60E-04,18748
2026/8/23 15:46,MW2045B62331,O,A05144,-0.01449,53473.4,51975.7,3.24E+00,8.80E-04,18195
2026/8/23 15:46,MW2045B62029,O,A05144,-0.04121,50375.8,54292.3,3.24E+00,7.50E-04,18133
2026/8/23 15:46,MW2042B02466,AC20,A04540,-0.02731,52573.1,52332.3,3.23E+00,8.10E-04,18784
2026/8/23 15:44,MW2045B62028,O,A05144,-0.01135,53728.1,53166.9,3.24E+00,9.70E-04,18062
2026/8/23 15:44,MW2045B62028,O,A05144,-0.02331,50380.5,53948.2,3.24E+00,9.70E-04,18062
2026/8/23 15:43,MW2045B62028,O,A05144,-0.03854,51061.1,54329.2,3.24E+00,9.70E-04,18062
2026/8/23 15:43,MW2044B22534,B43,A04540,-0.03802,53147.5,51174.8,3.24E+00,7.40E-04,18595
2026/8/23 15:42,MW2044B22534,B43,A04540,-0.03192,52113.2,51796.3,3.24E+00,7.40E-04,18595
2026/8/23 15:40,MW2045B62092,O,A05144,-0.02146,52175.6,50845.5,3.24E+00,8.20E-04,17817
2026/8/23 15:39,MW2045B62092,O,A05144,-0.02231,51258.5,50763.5,3.24E+00,8.20E-04,17817
2026/8/23 15:39,MW2044B22533,D43,A04540,-0.02199,53655.7,50612.5,3.24E+00,7.40E-04,18651
2026/8/23 15:37,MW2044B22533,D43,A04540,-0.01003,51314.9,53145.3,3.24E+00,7.40E-04,18651
2026/8/23 15:37,MW2045B26573,AC20,A04540,-0.01639,50986.3,49626.5,3.24E+00,8.10E-04,18682
2026/8/23 15:37,MW2045B62096,O,A05144,-0.01786,54841.7,53530.5,3.24E+00,9.70E-04,18135
2026/8/23 15:36,MW2045B62093,O,A05144,-0.02738,53594.8,49833.8,3.24E+00,7.50E-04,17964
2026/8/23 15:36,MW2045B44533,AC20,A04540,-0.02422,53950.4,53014.9,3.24E+00,8.10E-04,18876
2026/8/23 15:35,MW2045B41299,A43,A04540,-0.03266,54796.9,49343.8,3.25E+00,7.30E-04,18704
2026/8/23 15:35,MW2045B62098,O,A05144,-0.04168,50683.4,53114.7,3.24E+00,7.00E-04,18201
2026/8/23 15:35,MW2045B41299,A43,A04540,-0.02132,52645.8,50331.6,3.25E+00,7.30E-04,18704
2026/8/23 15:35,MW2045B62098,O,A05144,-0.03366,54311.9,53192.5,3.24E+00,7.00E-04,18201
2026/8/23 15:34,MW2045B41299,A43,A04540,-0.03034,52763.1,54960.3,3.25E+00,7.30E-04,18704
2026/8/23 15:34,MW2045B08826,AC20,A03136,-0.03774,52412.1,50885.5,3.24E+00,1.02E-03,18969
2026/8/23 15:34,MW2045B62098,O,A05144,-0.02687,51529.5,50197.6,3.24E+00,7.00E-04,18201
2026/8/23 15:33,MW2045B08827,AC20,A03136,-0.03968,54852.2,50235.6,3.24E+00,1.11E-03,18790
2026/8/23 15:33,MW2045B69465,O,A16664,-0.03539,53959.7,50446.2,3.24E+00,6.00E-04,18404
2026/8/23 15:33,MW2045B61150,A46,A03136,-0.066,50375.5,52405.6,3.24E+00,6.20E-04,18668
2026/8/23 15:33,MW2045B69464,O,A16664,-0.01255,52252.5,53156.5,3.24E+00,6.10E-04,18102
2026/8/23 15:32,MW2045B69477,O,A16664,-0.03219,50653.7,51048.5,3.24E+00,6.00E-04,18191
2026/8/23 15:32,MW2045B61151,O,A03136,-0.01207,50901.3,50821.1,0.00E+00,0.00E+00,18723
2026/8/23 15:32,MW2045B69476,O,A16664,-0.01519,50408.5,51630.4,3.24E+00,6.10E-04,18232
2026/8/23 15:31,MW2045B69590,O,A16664,-0.01375,54836.3,50742.3,3.24E+00,6.00E-04,18206
2026/8/23 15:31,MW2045B69589,O,A16664,-0.0874,51845.6,53272.4,3.24E+00,6.00E-04,18144
2026/8/23 15:31,MW2045B69556,O,A16664,-0.0866,50386.7,54191.4,3.24E+00,6.10E-04,18307
2026/8/23 15:30,MW2045B69594,O,A16664,-0.04156,54993.5,49236.5,3.24E+00,6.00E-04,18253
2026/8/23 15:30,MW2045B62193,O,A16664,-0.02597,53299.8,50152.9,3.24E+00,8.30E-04,17931
2026/8/23 15:29,MW2045B62191,O,A16664,-0.02647,52336.8,50212.2,3.24E+00,7.30E-04,17873
2026/8/23 15:29,MW2045B69648,O,A16664,-0.078,52100.6,52071.4,3.24E+00,6.00E-04,18304
2026/8/23 15:29,MW2045B69645,O,A16664,-0.03912,53263.1,51142.1,3.24E+00,6.00E-04,18249
2026/8/23 15:28,MW2041B06959,C42,A22484,-0.02536,51360.6,53764.2,3.22E+00,6.10E-04,18318
2026/8/23 15:28,MW2041B10142,AC20,A22484,-0.02737,50560.9,53105.2,3.22E+00,8.40E-04,17922
2026/8/23 15:27,MW2041B10141,A42,A22484,-0.03899,54658.2,50874.3,3.22E+00,7.90E-04,17822
2026/8/23 15:27,MW2041B10140,A43,A22484,-0.03278,54798.2,51899.8,3.22E+00,6.90E-04,17727
2026/8/23 15:27,MW2041B06971,C42,A22484,-0.03963,54200.2,52912.2,3.22E+00,6.00E-04,18187
2026/8/23 15:26,MW2041B06974,C41,A22484,-0.0698,53393.8,50423.3,3.22E+00,6.90E-04,18419
2026/8/23 15:26,MW2041B10179,C41,A22484,-0.01704,51502.4,54961.6,3.22E+00,6.70E-04,17867
2026/8/23 15:25,MW2041B14671,AC20,A22484,-0.02587,52992.4,50406.7,3.23E+00,8.30E-04,18261
2026/8/23 15:25,MW2041B14669,AC20,A22484,-0.02581,52703.4,50680.2,3.23E+00,8.30E-04,17876
2026/8/23 15:25,MW2041B13766,A43,A22484,-0.03184,54828.6,53088.9,3.23E+00,8.00E-04,18166
2026/8/23 15:24,MW2041B10139,A42,A22484,-0.0657,54663.7,54013.8,3.22E+00,7.30E-04,17855
2026/8/23 15:24,MW2042B03983,O,A22484,-0.0639,50493.6,54966.8,3.23E+00,7.70E-04,18359
2026/8/23 15:23,MW2041B15237,A42,A24761,-0.01547,52012.5,54710.4,3.24E+00,7.10E-04,18237
2026/8/23 15:23,MW2041B15238,A42,A24761,-0.0327,53142.6,51666.8,3.24E+00,7.60E-04,18165
2026/8/23 15:23,MW2041B15239,A42,A24761,-0.03382,51361.1,53968.8,3.24E+00,7.40E-04,18219
2026/8/23 15:22,MW2041B15240,A42,A24761,-0.02957,51420.8,51833.6,3.24E+00,7.20E-04,18184
2026/8/23 15:22,MW2044B09030,A42,A24761,-0.02061,50387.2,53829.2,3.23E+00,6.00E-04,18163
2026/8/23 15:21,MW2044B15072,A43,A24761,-0.0351,52505.5,52551.2,3.24E+00,8.00E-04,18340
2026/8/23 15:21,MW2044B15068,AC20,A24761,-0.01914,54910.7,53307.2,3.24E+00,8.10E-04,18296
2026/8/23 15:20,MW2044B15070,A43,A24761,-0.02061,51122.9,49484.9,3.24E+00,8.00E-04,18292
2026/8/23 15:20,MW2045B42966,A43,A24761,-0.01739,50594.9,51827.3,3.24E+00,7.80E-04,18167
2026/8/23 15:20,MW2045B08816,AC20,A03136,-0.04006,54956.2,52210.8,3.24E+00,9.90E-04,18766
2026/8/23 15:20,MW2045B32195,AC20,A24761,-0.02354,52756.6,54185.1,3.24E+00,8.30E-04,18271
2026/8/23 15:19,MW2045B08815,AC20,A03136,-0.03567,53714.2,49610.2,3.24E+00,8.70E-04,18762
2026/8/23 15:19,MW2045B32097,AC20,A24761,-0.0174,51914.7,49082.6,3.24E+00,9.00E-04,18254
2026/8/23 15:19,MW2045B61135,C46,A03136,-0.02638,51034.5,53581.8,3.24E+00,5.80E-04,18699
2026/8/23 15:19,MW2045B36521,AC20,A24761,-0.02621,54357.5,53044.1,3.24E+00,8.80E-04,18079
2026/8/23 15:18,MW2017B04421,A43,A24261,-0.0385,51215.7,51289.6,3.22E+00,5.90E-04,18176
2026/8/23 15:18,MW2045B61149,O,A03136,-0.01381,51493.1,52072.5,0.00E+00,0.00E+00,18622
2026/8/23 15:18,MW2017B04423,C43,A24261,-0.01602,53736.9,54593.9,3.21E+00,5.70E-04,18264
2026/8/23 15:17,MW2017B04422,A43,A24261,-0.0722,52961.5,49551.2,3.22E+00,5.80E-04,18104
2026/8/23 15:17,MW2016B01831,C42,A24261,-0.03926,50661.8,54759.6,3.22E+00,5.70E-04,18329
2026/8/23 15:17,MW2017B05528,C42,A24261,-0.02914,52448.4,50294.3,3.22E+00,5.80E-04,18075
2026/8/23 15:16,MW2017B01383,B43,A24261,-0.0177,54395.4,54890.6,3.23E+00,5.90E-04,18157
2026/8/23 15:16,MW2017B01382,B43,A24261,-0.04165,51246.8,54352.2,3.23E+00,6.30E-04,18188
2026/8/23 15:15,MW2017B04427,A43,A24261,-0.02231,51326.3,50341.5,3.22E+00,6.10E-04,18250
2026/8/23 15:15,MW2045B61003,A45,A03136,-0.03928,54680.2,50933.2,3.24E+00,6.30E-04,18689
2026/8/23 15:15,MW2017B02442,A43,A24261,-0.04127,53422.6,49129.1,3.22E+00,6.20E-04,18509
2026/8/23 15:15,MW2045B61148,A46,A03136,-0.02335,54800.2,50584.9,3.24E+00,6.30E-04,18603
2026/8/23 15:15,MW2017B02441,A42,A24261,-0.0207,50904.3,53201.5,3.23E+00,6.00E-04,18327
2026/8/23 15:14,MW2045B61004,C45,A03136,-0.02339,51942.8,51297.6,3.24E+00,6.80E-04,18605
2026/8/23 15:14,MW2017B04426,A43,A24261,-0.03834,50817.5,52915.7,3.22E+00,6.10E-04,18090
2026/8/23 15:14,MW2016B01815,A43,A24261,-0.03497,53557.8,51276.4,3.23E+00,5.70E-04,18220
2026/8/23 15:14,MW2044B25148,O,A03136,-0.03409,51517.4,53455.3,0.00E+00,0.00E+00,18713
2026/8/23 15:13,MW2017B02443,A43,A24743,-0.0287,51234.3,54101.9,3.23E+00,6.30E-04,18478
2026/8/23 15:13,MW2017B02440,A43,A24743,-0.04154,52321.1,49615.4,3.23E+00,6.00E-04,18027
2026/8/23 15:13,MW2017B02439,A43,A24743,-0.01497,52284.3,52763.2,3.22E+00,6.00E-04,18236
2026/8/23 15:12,MW2017B02444,A43,A24743,-0.0222,52550.1,50207.7,3.22E+00,6.00E-04,18343
2026/8/23 15:12,MW2016B01099,A43,A24743,-0.0403,50659.9,50841.6,3.22E+00,6.20E-04,18399
2026/8/23 15:11,MW2016B01667,A41,A24743,-0.0181,52876.5,54857.4,3.22E+00,6.00E-04,18194
2026/8/23 15:11,MW2017B09645,A41,A24743,-0.03737,52485.5,54077.4,3.22E+00,6.70E-04,18373
2026/8/23 15:10,MW2016B01633,A41,A24743,-0.02374,51513.1,50355.7,3.22E+00,5.90E-04,18167
2026/8/23 15:10,MW2016B01058,C43,A24743,-0.0204,54205.5,52635.9,3.22E+00,6.20E-04,18209
2026/8/23 15:10,MW2017B11944,A43,A24743,-0.02476,54896.2,49558.9,3.22E+00,6.90E-04,18121
2026/8/23 15:09,MW2041B14913,O,A10439,-0.0237,51216.7,51329.7,0.00E+00,0.00E+00,18598
2026/8/23 15:09,MW2017B11932,A43,A24743,-0.03696,52458.5,49191.6,3.21E+00,7.10E-04,18122
2026/8/23 15:09,MW2016B01059,C43,A24743,-0.03947,50364.1,51535.4,3.22E+00,6.20E-04,18361
2026/8/23 15:08,MW2017B11933,C43,A12405,-0.03392,53456.1,51116.1,3.21E+00,7.40E-04,18095
2026/8/23 15:08,MW2016B01603,A41,A12405,-0.0382,54250.3,52562.9,3.22E+00,5.90E-04,17782
2026/8/23 15:07,MW2017B04416,A43,A12405,-0.01144,51273.9,49487.9,3.22E+00,6.00E-04,18194
2026/8/23 15:07,MW2017B07279,C42,A12405,-0.0884,53434.8,50314.5,3.22E+00,7.40E-04,18162
2026/8/23 15:07,MW2017B07278,AC20,A12405,-0.01798,52349.4,50212.2,3.22E+00,9.00E-04,17952
2026/8/23 15:06,MW2017B07277,C42,A12405,-0.01578,52537.5,53448.9,3.22E+00,7.80E-04,18043
2026/8/23 15:06,MW2017B07090,AC20,A12405,-0.02408,53013.9,50360.2,3.22E+00,8.90E-04,17867
2026/8/23 15:05,MW2017B07719,AC20,A12405,-0.01407,52697.5,49705.5,3.22E+00,8.90E-04,18196
2026/8/23 15:05,MW2017B07717,AC20,A12405,-0.059,54520.1,51913.7,3.22E+00,8.70E-04,18212
2026/8/23 15:05,MW2017B00601,D41,A12405,-0.0899,52298.2,51870.5,3.23E+00,6.10E-04,18417
2026/8/23 15:04,MW2017B02532,B41,A12405,-0.01958,53950.5,52400.1,3.23E+00,6.10E-04,18165
2026/8/23 15:04,MW2017B02547,C42,A12405,-0.04168,50663.1,51998.4,3.22E+00,5.70E-04,18000
2026/8/23 15:03,MW2017B07110,AC20,A05607,-0.01389,51841.1,50338.1,3.21E+00,8.20E-04,18099
2026/8/23 15:03,MW2017B07112,AC20,A05607,-0.03702,51916.2,50477.8,3.20E+00,8.10E-04,17903
2026/8/23 15:02,MW2017B07114,AC20,A05607,-0.02013,51307.8,53083.9,3.22E+00,8.20E-04,17961
2026/8/23 15:02,MW2016B03976,AC20,A05607,-0.0162,54715.3,51904.1,3.22E+00,8.80E-04,17767
2026/8/23 15:02,MW2017B07276,C42,A05607,-0.02497,54177.1,50863.6,3.22E+00,7.30E-04,18236
2026/8/23 15:01,MW2017B07822,AC20,A05607,-0.0284,52834.7,50872.1,3.21E+00,8.70E-04,18052
2026/8/23 15:01,MW2017B07823,AC20,A05607,-0.02644,51064.4,51948.4,3.22E+00,9.00E-04,18045
2026/8/23 15:00,MW2017B07824,AC20,A05607,-0.03798,54186.9,52262.9,3.21E+00,8.50E-04,18207
2026/8/23 15:00,MW2017B00761,D43,A05607,-0.01116,50638.2,50178.7,3.24E+00,6.30E-04,18295
2026/8/23 15:00,MW2017B01744,B43,A05607,-0.02135,53911.2,49876.3,3.22E+00,6.20E-04,18281
2026/8/23 14:59,MW2017B01743,B43,A05607,-0.02166,51768.4,52889.3,3.23E+00,6.00E-04,18279
2026/8/23 14:59,MW2017B01742,B43,A05607,-0.02735,54265.8,53015.9,3.23E+00,6.10E-04,18227
2026/8/23 14:58,MW2041B15994,A41,A19404,-0.02643,53777.6,51499.4,3.22E+00,7.60E-04,17794
2026/8/23 14:58,MW2012A09008,B43,A19404,-0.02886,51204.2,52534.5,3.23E+00,5.70E-04,18202
2026/8/23 14:58,MW2041B02124,C43,A19404,-0.0302,54890.6,52585.8,3.22E+00,7.80E-04,18265
2026/8/23 14:57,MW2017B02084,A43,A19404,-0.01894,51554.6,49997.9,3.23E+00,6.00E-04,18242
2026/8/23 14:57,MW2017B02352,A43,A19404,-0.01236,54611.6,51037.1,3.20E+00,6.20E-04,18281
2026/8/23 14:56,MW2041B02126,C43,A19404,-0.0314,52291.8,49804.8,3.23E+00,7.90E-04,18296
2026/8/23 14:56,MW2017B02345,A42,A19404,-0.01125,51247.3,54564.4,3.22E+00,5.80E-04,18249
2026/8/23 14:56,MW2041B02112,AC20,A19404,-0.02425,51474.7,52113.9,3.23E+00,9.10E-04,17988
2026/8/23 14:55,MW2016B00364,C43,A19404,-0.02513,53015.4,52074.4,3.21E+00,6.00E-04,18063
2026/8/23 14:55,MW2041B17089,C42,A19404,-0.03465,54931.1,52345.6,3.22E+00,8.00E-04,18062
2026/8/23 14:54,MW2016B00041,B43,A19404,-0.0396,54883.2,52955.8,3.23E+00,6.70E-04,18221
2026/8/23 14:54,MW2017B02301,C43,A19404,-0.01881,53837.4,53163.8,3.21E+00,5.80E-04,18112
2026/8/23 14:54,MW2041B14912,O,A23194,-0.0963,52254.7,52611.6,3.24E+00,6.70E-04,17906
2026/8/23 14:53,MW2041B14829,O,A23194,-0.03114,50419.1,53794.7,3.24E+00,8.20E-04,18434
2026/8/23 14:53,MW2041B14917,O,A23194,-0.077,50662.9,52486.7,3.24E+00,6.70E-04,18235
2026/8/23 14:52,MW2041B14828,O,A23194,-0.03694,50667.2,51332.7,3.24E+00,8.50E-04,18359
2026/8/23 14:52,MW2041B14918,O,A23194,-0.02428,51284.3,51201.4,3.24E+00,8.10E-04,18200
2026/8/23 14:52,MW2041B14827,O,A23194,-0.02493,51154.7,50325.5,3.23E+00,8.10E-04,18426
2026/8/23 14:51,MW2041B10539,O,A23194,-0.0357,50777.2,50298.8,3.24E+00,9.70E-04,18245
2026/8/23 14:51,MW2041B14826,O,A23194,-0.0664,52268.7,49510.9,3.24E+00,7.90E-04,18438
2026/8/23 14:50,MW2041B10540,O,A23194,-0.01601,52244.3,50470.3,3.23E+00,7.60E-04,17858
2026/8/23 14:50,MW2041B14825,O,A23194,-0.03533,54155.5,49381.6,3.24E+00,8.60E-04,18368
2026/8/23 14:50,MW2041B10542,O,A23194,-0.01966,51462.3,54930.5,3.23E+00,7.90E-04,18007
2026/8/23 14:49,MW2041B14824,O,A23194,-0.0525,54605.4,50000.8,3.23E+00,8.30E-04,18214
2026/8/23 14:49,MW2045B61015,CHH,A12826,-0.01318,54906.6,54110.1,3.24E+00,6.10E-04,18062
2026/8/23 14:48,MW2045B61018,A46,A12826,-0.03607,50443.7,50356.7,3.24E+00,7.60E-04,18304
2026/8/23 14:48,MW2045B61014,AC20,A12826,-0.01669,53267.3,53248.2,3.24E+00,8.70E-04,18252
2026/8/23 14:48,MW2044B25137,AC20,A12826,-0.02672,51354.2,52760.1,3.24E+00,1.03E-03,18379
2026/8/23 14:47,MW2044B25136,AC20,A12826,-0.01904,52091.6,50032.4,3.24E+00,1.07E-03,18367
2026/8/23 14:47,MW2044B25139,AC20,A12826,-0.0282,51699.6,49492.9,3.24E+00,1.00E-03,18323
2026/8/23 14:46,MW2044B25141,AC20,A12826,-0.01058,54380.6,50515.4,3.24E+00,1.01E-03,18217
2026/8/23 14:46,MW2044B25140,AC20,A12826,-0.0137,51369.1,52529.9,3.24E+00,1.02E-03,18444
2026/8/23 14:46,MW2045B26108,O,A12826,-0.0668,53826.5,49917.9,3.23E+00,9.60E-04,18367
2026/8/23 14:45,MW2045B24719,O,A12826,-0.0118,50708.5,49569.2,3.24E+00,1.07E-03,18161
2026/8/23 14:45,MW2045B26079,O,A12826,-0.01279,51693.6,50560.6,3.23E+00,7.00E-04,18256
2026/8/23 14:44,MW2045B24723,O,A12826,-0.03079,51900.8,54829.8,3.23E+00,1.05E-03,18016
2026/8/23 14:44,MW2045B53750,O,A11635,-0.01462,51448.6,49226.4,3.23E+00,8.80E-04,18331
2026/8/23 14:44,MW2045B53736,O,A11635,-0.01221,51755.1,53559.6,3.23E+00,8.90E-04,18429
2026/8/23 14:43,MW2045B24953,O,A11635,-0.0284,52341.2,53264.6,3.23E+00,1.02E-03,18065
2026/8/23 14:43,MW2045B24928,O,A11635,-0.03381,51058.5,52975.1,3.24E+00,1.12E-03,18172
2026/8/23 14:42,MW2045B24929,O,A11635,-0.0586,53818.2,51402.4,3.24E+00,1.11E-03,18197
2026/8/23 14:42,MW2041B14830,O,A10439,-0.03996,51771.3,50358.2,3.24E+00,5.30E-04,18888
2026/8/23 14:42,MW2045B24930,O,A11635,-0.0152,50467.2,51360.2,3.23E+00,1.10E-03,18131
2026/8/23 14:42,MW2041B14914,O,A10439,-0.02818,54256.8,54704.9,3.24E+00,5.70E-04,18833
2026/8/23 14:42,MW2045B24931,O,A11635,-0.0499,54611.8,54404.3,3.23E+00,9.60E-04,18077
2026/8/23 14:41,MW2041B14831,O,A10439,-0.03513,51202.5,54385.5,3.24E+00,6.00E-04,18754
2026/8/23 14:41,MW2045B26327,O,A11635,-0.01669,53238.8,52684.3,3.23E+00,9.80E-04,18118
2026/8/23 14:41,MW2041B14832,O,A10439,-0.03383,51590.1,52845.9,3.24E+00,6.00E-04,18783
2026/8/23 14:41,MW2045B40995,O,A11635,-0.0597,53262.6,54742.6,3.24E+00,1.08E-03,18048
2026/8/23 14:40,MW2041B14833,O,A10439,-0.01467,52143.4,52306.1,3.23E+00,5.90E-04,18712
2026/8/23 14:40,MW2045B41766,O,A11635,-0.01318,51201.3,54296.1,3.24E+00,7.60E-04,17986
2026/8/23 14:40,MW2041B14915,O,A10439,-0.0546,51563.5,54593.1,2.91E+00,5.40E-04,18559
2026/8/23 14:40,MW2045B41774,O,A11635,-0.03864,52402.6,53225.7,2.99E+00,6.50E-04,18468
2026/8/23 14:40,MW2041B14916,O,A10439,-0.0747,54445.5,50356.2,3.24E+00,5.90E-04,18928
2026/8/23 14:40,MW2045B41767,O,A11635,-0.03757,52364.5,50783.3,3.24E+00,6.70E-04,18080
2026/8/23 14:39,MW2041B05745,O,A22063,-0.02742,53568.8,49985.6,3.23E+00,6.30E-04,18260
2026/8/23 14:39,MW2041B14834,O,A10439,-0.03988,51236.2,53246.4,3.24E+00,5.40E-04,18649
2026/8/23 14:39,MW2041B05747,O,A22063,-0.0287,54993.8,53476.4,3.23E+00,6.10E-04,18589
2026/8/23 14:39,MW2041B14868,O,A10439,-0.0126,50622.5,49161.4,3.24E+00,6.40E-04,18777
2026/8/23 14:38,MW2041B05748,O,A22063,-0.03449,54963.7,49409.1,3.23E+00,6.20E-04,18501
2026/8/23 14:38,MW2041B14867,O,A10439,-0.01138,53517.8,54072.3,3.24E+00,7.20E-04,18737
2026/8/23 14:38,MW2041B10543,O,A22063,-0.0948,50921.7,49601.5,3.24E+00,1.18E-03,17876
2026/8/23 14:38,MW2041B10170,O,A10439,-0.03046,53845.2,52174.7,3.24E+00,6.80E-04,18859
2026/8/23 14:38,MW2041B10541,O,A22063,-0.02035,54495.7,51991.1,3.24E+00,7.80E-04,18228
2026/8/23 14:37,MW2017B16714,O,A04450,-0.02482,54300.7,53704.8,3.22E+00,5.90E-04,18397
2026/8/23 14:37,MW2041B10545,O,A22063,-0.01024,51520.2,50481.8,3.24E+00,1.14E-03,18144
2026/8/23 14:37,MW2017B03593,CHH,A04450,-0.0683,51856.6,54292.7,3.22E+00,5.20E-04,18730
2026/8/23 14:37,MW2041B06749,O,A22063,-0.01049,52572.6,50938.8,3.24E+00,1.31E-03,18253
2026/8/23 14:36,MW2017B04471,O,A04450,-0.0527,51162.5,54531.1,3.22E+00,5.30E-04,18874
2026/8/23 14:36,MW2041B12309,O,A22063,-0.01028,51856.7,50085.1,3.24E+00,1.54E-03,18419
2026/8/23 14:36,MW2041B12310,O,A22063,-0.0281,50507.1,50109.1,3.24E+00,1.53E-03,18351
2026/8/23 14:36,MW2017B04469,O,A04450,-0.02441,54669.1,49280.1,3.22E+00,4.80E-04,18768
2026/8/23 14:36,MW2041B12311,O,A22063,-0.01086,53988.4,52692.9,3.24E+00,1.55E-03,18341
2026/8/23 14:35,MW2017B00776,KGH,A04450,-0.0237,53687.9,50382.2,3.22E+00,5.50E-04,18944
2026/8/23 14:35,MW2041B10167,O,A22063,-0.02988,52509.4,49761.3,3.24E+00,8.10E-04,18112
2026/8/23 14:35,MW2017B01303,D46,A04450,-0.0419,50843.1,52511.3,3.22E+00,5.00E-04,18801
2026/8/23 14:35,MW2041B10168,O,A22063,-0.01095,53037.1,51147.7,3.24E+00,8.20E-04,18277
2026/8/23 14:35,MW2045B37420,O,A04450,-0.0445,51683.5,52157.2,3.24E+00,6.00E-04,18734
2026/8/23 14:34,MW2041B11312,O,A00399,-0.03865,52954.8,51895.8,3.24E+00,1.31E-03,18133
2026/8/23 14:34,MW2045B38563,O,A04450,-0.0725,50624.9,52618.5,3.24E+00,7.60E-04,18698
2026/8/23 14:34,MW2041B11310,O,A00399,-0.03212,52894.1,51455.6,3.24E+00,1.13E-03,18272
2026/8/23 14:34,MW2017B01311,B46,A04450,-0.02727,52978.1,51996.5,3.22E+00,4.90E-04,18600
2026/8/23 14:34,MW2041B11309,O,A00399,-0.071,50351.5,53052.8,3.22E+00,1.15E-03,18266
2026/8/23 14:33,MW2045B47580,A44,A04450,-0.0334,51483.7,50478.5,3.23E+00,7.10E-04,18659
2026/8/23 14:33,MW2041B10174,O,A00399,-0.01906,53959.2,50632.1,3.24E+00,7.70E-04,18230
2026/8/23 14:33,MW2044B19780,AC20,A04450,-0.0398,51221.6,50488.2,3.24E+00,1.01E-03,18416
2026/8/23 14:33,MW2041B10171,O,A00399,-0.03576,52037.4,49317.2,3.24E+00,7.80E-04,18368
2026/8/23 14:32,MW2045B55173,O,A04450,-0.0371,53794.3,54365.3,3.24E+00,5.90E-04,18614
2026/8/23 14:32,MW2041B10173,O,A00399,-0.01477,54748.9,53512.3,3.24E+00,7.80E-04,18237
2026/8/23 14:32,MW2045B61000,A45,A24468,-0.01946,52136.1,49467.6,3.24E+00,6.30E-04,18555
2026/8/23 14:32,MW2041B10172,O,A00399,-0.01075,51623.3,53028.8,3.24E+00,8.00E-04,18344
2026/8/23 14:31,MW2045B60956,O,A24468,-0.03322,50703.3,49134.1,0.00E+00,0.00E+00,18599
2026/8/23 14:31,MW2041B10194,O,A00399,-0.039,51961.4,54965.5,3.23E+00,7.60E-04,18201
2026/8/23 14:31,MW2041B10195,O,A00399,-0.02316,51350.7,52083.2,3.23E+00,7.70E-04,18153
2026/8/23 14:31,MW2041B10196,O,A00399,-0.03168,52848.6,51631.8,3.23E+00,7.40E-04,18222
2026/8/23 14:30,MW2041B10197,O,A00399,-0.02653,54171.1,54877.4,3.23E+00,7.20E-04,18052
2026/8/23 14:30,MW2041B05777,O,A00399,-0.02569,53018.2,50255.6,3.23E+00,6.40E-04,18445
2026/8/23 14:29,MW2045B69435,O,A10978,-0.0327,50512.1,52801.1,3.24E+00,6.20E-04,17955
2026/8/23 14:29,MW2045B69434,O,A10978,-0.03354,52421.8,51135.6,3.24E+00,6.00E-04,18111
2026/8/23 14:29,MW2045B69432,O,A10978,-0.01729,53209.9,50669.7,3.24E+00,5.90E-04,18100
2026/8/23 14:28,MW2045B69442,O,A10978,-0.02784,53505.7,51394.4,3.24E+00,6.10E-04,18178
2026/8/23 14:28,MW2045B69591,O,A10978,-0.03247,50347.4,54032.6,3.24E+00,6.10E-04,18142
2026/8/23 14:27,MW2045B62128,O,A10978,-0.02763,53836.7,53756.1,3.24E+00,8.20E-04,18049
2026/8/23 14:27,MW2045B69625,O,A10978,-0.0361,50605.3,53998.5,3.24E+00,5.90E-04,18217
2026/8/23 14:26,MW2044B25969,O,A10978,-0.02881,53579.3,52810.2,3.24E+00,8.50E-04,18148
2026/8/23 14:26,MW2041B10166,O,A10978,-0.01477,54793.8,53905.2,3.24E+00,8.00E-04,18432
2026/8/23 14:26,MW2044B25555,O,A10978,-0.01443,52761.8,52945.4,3.24E+00,7.10E-04,18020
2026/8/23 14:25,MW2045B62127,O,A10978,-0.03474,53518.2,52593.2,3.24E+00,8.40E-04,17991
2026/8/23 14:25,MW2045B62138,O,A10978,-0.01897,51432.6,49731.8,3.24E+00,7.50E-04,18104
2026/8/23 14:24,MW2045B55154,O,A15137,-0.01677,53117.6,52994.4,3.24E+00,6.90E-04,18062
2026/8/23 14:24,MW2045B55153,O,A15137,-0.03209,52558.5,51067.1,3.24E+00,8.20E-04,18020
2026/8/23 14:24,MW2045B55148,O,A15137,-0.0257,51116.9,52377.9,3.24E+00,8.50E-04,17815
2026/8/23 14:23,MW2045B55147,O,A15137,-0.02488,51968.9,54814.6,3.24E+00,8.30E-04,18081
2026/8/23 14:23,MW2044B02350,O,A15137,-0.01754,53739.8,50038.5,3.24E+00,8.40E-04,17881
2026/8/23 14:22,MW2045B55149,O,A15137,-0.01524,52723.7,53535.9,3.24E+00,8.10E-04,17922
2026/8/23 14:22,MW2044B02349,O,A15137,-0.0215,52081.6,53362.7,3.24E+00,8.40E-04,17899
2026/8/23 14:21,MW2045B55102,O,A15137,-0.02906,54758.9,54694.2,3.24E+00,8.10E-04,18233
2026/8/23 14:21,MW2044B02348,O,A15137,-0.02035,53794.5,50286.4,3.24E+00,8.10E-04,17962
2026/8/23 14:21,MW2044B02347,O,A15137,-0.02835,53061.1,51063.9,3.24E+00,8.20E-04,17932
2026/8/23 14:20,MW2044B02346,O,A15137,-0.0919,50646.8,51026.8,3.24E+00,8.20E-04,17949
2026/8/23 14:20,MW2044B02345,O,A15137,-0.01123,51596.1,54785.4,3.24E+00,8.70E-04,17943
2026/8/23 14:19,MW2044B02344,O,A24882,-0.01851,54502.9,53539.7,3.24E+00,8.20E-04,18066
2026/8/23 14:19,MW2045B55162,O,A24882,-0.0249,51828.8,50281.9,3.24E+00,7.00E-04,18026
2026/8/23 14:19,MW2045B55158,O,A24882,-0.03677,52519.8,50279.7,3.24E+00,8.20E-04,17984
2026/8/23 14:18,MW2045B55157,O,A24882,-0.02861,52586.2,54105.9,3.24E+00,7.30E-04,18114
2026/8/23 14:18,MW2045B55155,O,A24882,-0.03831,51740.4,54871.7,3.24E+00,8.30E-04,17967
2026/8/23 14:17,MW2045B55161,O,A24882,-0.02436,53386.4,54484.7,3.24E+00,8.20E-04,17767
2026/8/23 14:17,MW2045B27893,AC20,A24882,-0.02004,54575.5,54191.9,3.24E+00,9.60E-04,18158
2026/8/23 14:17,MW2045B36914,O,A24882,-0.01155,51411.9,49618.2,3.23E+00,8.60E-04,18097
2026/8/23 14:16,MW2045B36915,O,A24882,-0.03082,51380.5,52502.9,3.23E+00,6.80E-04,18155
2026/8/23 14:16,MW2045B05873,O,A24882,-0.015,51814.1,51032.5,3.24E+00,8.70E-04,18048
2026/8/23 14:15,MW2045B55171,O,A24882,-0.01183,53821.7,52818.1,3.24E+00,8.70E-04,17978
2026/8/23 14:15,MW2045B55188,O,A24882,-0.04057,52442.8,50732.8,3.24E+00,9.00E-04,17959
2026/8/23 14:15,MW2045B60987,A45,A11807,-0.01354,52904.3,53568.2,3.24E+00,7.30E-04,18137
2026/8/23 14:14,MW2045B60920,O,A11807,-0.02653,50554.1,50391.7,3.24E+00,6.10E-04,18107
2026/8/23 14:14,MW2045B60921,A43,A11807,-0.03795,51021.3,50087.3,3.24E+00,6.50E-04,18214
2026/8/23 14:13,MW2045B60916,KEF,A11807,-0.03749,54672.9,54608.8,3.01E+00,6.30E-04,18169
2026/8/23 14:13,MW2045B60917,CLL,A11807,-0.02929,50910.8,49993.8,3.07E+00,5.90E-04,18043
2026/8/23 14:13,MW2045B60919,CLL,A11807,-0.02495,51770.6,51213.6,3.02E+00,6.30E-04,18136
2026/8/23 14:12,MW2044B25083,CLL,A11807,-0.01232,50933.9,52508.5,3.06E+00,9.20E-04,17530
2026/8/23 14:11,MW2044B25079,CLL,A11807,-0.0549,53351.4,49103.8,3.07E+00,8.80E-04,17948
2026/8/23 14:11,MW2045B60959,AC20,A11807,-0.02212,50792.9,52076.4,3.24E+00,8.40E-04,18209
2026/8/23 14:11,MW2045B60872,A45,A11807,-0.01792,53993.3,49958.2,3.24E+00,6.20E-04,18238
2026/8/23 14:10,MW2044B25143,AC20,A11807,-0.03558,54853.2,49817.6,3.24E+00,1.00E-03,18227
2026/8/23 14:10,MW2044B25142,AC20,A11807,-0.02417,53921.7,51725.1,3.24E+00,1.03E-03,18344
2026/8/23 14:10,MW2045B60954,A45,A24468,-0.02519,51145.3,50927.9,3.24E+00,6.20E-04,18792
2026/8/23 14:10,MW2041B14612,O,A09023,-0.02143,52244.1,52139.4,3.24E+00,8.30E-04,17871
2026/8/23 14:09,MW2045B60957,A43,A24468,-0.0434,54413.7,49133.7,3.24E+00,7.90E-04,18653
2026/8/23 14:09,MW2041B05722,O,A09023,-0.03276,52409.7,50076.2,3.24E+00,6.30E-04,18307
2026/8/23 14:09,MW2041B04882,O,A09023,-0.04197,53022.7,50292.2,3.24E+00,8.60E-04,18368
2026/8/23 14:09,MW2045B45363,O,A24468,-0.01979,54384.5,50261.4,3.23E+00,1.22E-03,18694
2026/8/23 14:08,MW2045B45364,O,A24468,-0.0242,50333.8,49063.4,3.24E+00,9.90E-04,18538
2026/8/23 14:08,MW2041B04881,O,A09023,-0.03707,50403.6,50531.6,3.24E+00,8.80E-04,18268
2026/8/23 14:08,MW2045B45365,O,A24468,-0.03868,51382.8,50991.4,3.24E+00,1.31E-03,18712
2026/8/23 14:08,MW2041B04887,O,A09023,-0.03511,50532.6,50394.2,3.23E+00,8.30E-04,18116
2026/8/23 14:07,MW2045B45366,O,A24468,-0.02699,54030.2,50944.1,3.24E+00,1.30E-03,18647
2026/8/23 14:07,MW2041B04962,O,A09023,-0.02281,54015.6,50450.7,3.24E+00,6.30E-04,18601
2026/8/23 14:07,MW2041B05749,O,A09023,-0.02501,50350.6,50574.9,3.23E+00,6.50E-04,18312
2026/8/23 14:07,MW2045B53746,O,A24468,-0.0619,51181.7,51637.2,3.23E+00,7.50E-04,18654
2026/8/23 14:06,MW2041B05721,O,A09023,-0.019,51267.5,49978.2,3.23E+00,6.40E-04,18392
2026/8/23 14:06,MW2045B53745,O,A24468,-0.035,51939.1,51424.9,3.24E+00,7.90E-04,18684
2026/8/23 14:06,MW2041B05720,O,A09023,-0.0115,50644.7,53327.9,3.23E+00,1.04E-03,18441
2026/8/23 14:06,MW2045B60871,A45,A24468,-0.01301,54020.9,49601.3,3.24E+00,4.80E-04,18821
2026/8/23 14:06,MW2041B05719,O,A09023,-0.03526,54432.3,50545.8,3.24E+00,6.20E-04,18647
2026/8/23 14:05,MW2045B60884,A45,A24468,-0.02952,50697.2,50116.8,3.24E+00,5.20E-04,18679
2026/8/23 14:05,MW2041B05718,O,A09023,-0.02906,50979.2,54964.1,3.24E+00,6.40E-04,18374
2026/8/23 14:05,MW2041B05717,O,A09023,-0.02677,53872.7,50273.6,3.23E+00,5.90E-04,18401
2026/8/23 14:03,MW2044B25254,A46,A20903,-0.02052,52753.7,50192.4,3.24E+00,6.10E-04,18568
2026/8/23 14:02,MW2045B61100,A46,A20903,-0.0825,51323.8,52721.7,3.24E+00,5.70E-04,18671
2026/8/23 14:02,MW2045B61102,A46,A20903,-0.03293,53208.7,53869.9,3.24E+00,5.50E-04,18503
2026/8/23 14:02,MW2044B25253,A46,A20903,-0.0589,54295.3,50672.5,3.24E+00,5.90E-04,18541
2026/8/23 14:01,MW2045B61104,O,A20903,-0.0486,51956.1,53425.9,3.24E+00,5.40E-04,18666
2026/8/23 14:01,MW2044B25145,A46,A20903,-0.0189,50980.4,50096.9,3.24E+00,7.80E-04,18686
2026/8/23 14:00,MW2044B25415,A46,A20903,-0.0383,50834.5,49838.2,3.24E+00,6.00E-04,18343
2026/8/23 14:00,MW2044B25409,A46,A20903,-0.01017,51325.7,49618.7,3.24E+00,5.90E-04,18489
2026/8/23 13:59,MW2044B25144,A46,A20903,-0.0221,50744.7,49779.4,3.24E+00,8.00E-04,18781
2026/8/23 13:59,MW2044B25414,A46,A20903,-0.0176,52002.2,51349.4,3.24E+00,5.90E-04,18500
2026/8/23 13:58,MW2044B25410,A46,A20903,-0.0399,52511.7,54323.8,3.24E+00,6.60E-04,18240
2026/8/23 13:58,MW2044B25413,A46,A20903,-0.03561,54617.6,53663.6,3.24E+00,6.00E-04,18423
2026/8/23 13:58,MW2045B24722,O,A16691,-0.03801,53707.9,50289.9,3.24E+00,1.06E-03,18120
2026/8/23 13:58,MW2045B38701,O,A00951,-0.01835,53698.6,51007.2,3.24E+00,7.70E-04,18653
2026/8/23 13:57,MW2045B26081,O,A16691,-0.091,54206.1,53675.4,3.23E+00,8.60E-04,18297
2026/8/23 13:57,MW2045B37544,A46,A00951,-0.03545,52321.9,54458.5,3.24E+00,7.60E-04,18597
2026/8/23 13:57,MW2045B24721,O,A16691,-0.0657,53835.3,52122.9,3.23E+00,1.02E-03,18050
2026/8/23 13:56,MW2045B26080,O,A16691,-0.01206,50371.2,50190.1,3.23E+00,9.50E-04,18163
2026/8/23 13:56,MW2045B24720,O,A16691,-0.03706,54073.7,52386.1,3.24E+00,8.60E-04,18197
2026/8/23 13:56,MW2045B24733,O,A16691,-0.03377,54260.6,50680.1,3.24E+00,1.05E-03,18164
2026/8/23 13:55,MW2045B26082,O,A16691,-0.0355,53210.8,54777.5,3.23E+00,8.20E-04,18410
2026/8/23 13:55,MW2045B53791,O,A16691,-0.053,51553.2,53685.2,3.23E+00,9.00E-04,18322
2026/8/23 13:54,MW2045B53747,O,A16691,-0.0892,54792.1,53449.2,3.23E+00,8.10E-04,18302
2026/8/23 13:54,MW2045B53748,O,A16691,-0.02056,53831.5,53338.9,3.23E+00,6.60E-04,18326
2026/8/23 13:54,MW2045B53749,O,A16691,-0.03773,54993.2,52029.9,3.23E+00,9.00E-04,18370
2026/8/23 13:53,MW2045B53751,O,A16691,-0.0126,51022.3,50034.7,3.23E+00,8.90E-04,18421
2026/8/23 13:53,MW2045B40024,AC20,A22925,-0.01426,51517.1,51334.6,3.24E+00,1.28E-03,18068
2026/8/23 13:52,MW2045B37525,C46,A00951,-0.02551,51548.2,50453.1,3.23E+00,7.10E-04,18746
2026/8/23 13:52,MW2045B40036,AC20,A22925,-0.01713,52190.3,49466.7,3.24E+00,1.38E-03,18145
2026/8/23 13:52,MW2045B37524,A46,A00951,-0.03934,52603.5,49422.4,3.24E+00,7.40E-04,18731
2026/8/23 13:52,MW2045B40037,AC20,A22925,-0.01685,54034.1,54356.5,3.24E+00,1.52E-03,18288
2026/8/23 13:52,MW2045B38636,CHH,A00951,-0.0328,53672.5,52138.2,3.24E+00,7.60E-04,18748
2026/8/23 13:52,MW2045B40039,AC20,A22925,-0.03562,53373.7,51890.5,3.24E+00,1.50E-03,18155
2026/8/23 13:51,MW2045B40056,AC20,A22925,-0.03341,51583.6,53627.5,3.24E+00,1.29E-03,18155
2026/8/23 13:51,MW2045B38637,A46,A00951,-0.02614,54776.3,53129.3,3.24E+00,6.30E-04,18547
2026/8/23 13:51,MW2045B38602,AC20,A22925,-0.0426,54088.8,51240.8,3.24E+00,9.10E-04,18312
2026/8/23 13:51,MW2044B02670,O,A00951,-0.03926,50833.8,50112.6,3.24E+00,9.40E-04,18727
2026/8/23 13:50,MW2044B02668,O,A00951,-0.01243,50966.9,54814.4,3.24E+00,8.80E-04,18767
2026/8/23 13:50,MW2045B39960,CHH,A22925,-0.02965,54141.6,54980.1,3.24E+00,6.90E-04,18081
2026/8/23 13:50,MW2044B02669,O,A00951,-0.01563,50743.4,50874.6,3.24E+00,9.00E-04,18724
2026/8/23 13:50,MW2045B40019,AC20,A22925,-0.03319,51807.8,50728.4,3.24E+00,1.38E-03,18207
2026/8/23 13:50,MW2045B39999,AC20,A22925,-0.01436,51803.3,52125.9,3.24E+00,1.32E-03,18139
2026/8/23 13:49,MW2044B02685,O,A00951,-0.0366,53753.2,49292.5,3.24E+00,1.07E-03,18507
2026/8/23 13:49,MW2045B39998,AC20,A22925,-0.02588,52116.9,51466.2,3.24E+00,1.38E-03,18122
2026/8/23 13:49,MW2044B02684,O,A00951,-0.0105,54002.7,49950.1,3.24E+00,1.07E-03,18520
2026/8/23 13:49,MW2045B40017,AC20,A22925,-0.02359,51540.5,52527.7,3.24E+00,1.07E-03,18123
2026/8/23 13:49,MW2044B02683,O,A00951,-0.02815,54860.3,49633.3,3.24E+00,1.07E-03,18620
2026/8/23 13:48,MW2045B40027,AC20,A22925,-0.01863,52201.3,49421.3,3.24E+00,1.28E-03,18143
2026/8/23 13:47,MW2044B02682,O,A22480,-0.0283,54851.7,51159.6,3.24E+00,1.03E-03,18545
2026/8/23 13:46,MW2044B02681,O,A22480,-0.04142,50701.5,50017.3,3.24E+00,1.07E-03,18730
2026/8/23 13:46,MW2045B40484,AC20,A22480,-0.02776,50404.3,51976.5,3.24E+00,1.29E-03,18830
2026/8/23 13:45,MW2045B37520,A46,A22480,-0.094,50405.5,54689.7,3.24E+00,7.40E-04,18807
2026/8/23 13:45,MW2045B39906,AC20,A22480,-0.0831,54812.2,52574.5,3.24E+00,1.36E-03,18670
2026/8/23 13:45,MW2045B39907,AC20,A22480,-0.02286,51927.4,52417.5,3.24E+00,1.36E-03,18772
2026/8/23 13:44,MW2045B54950,O,A22480,-0.0642,50945.2,54145.7,3.24E+00,6.60E-04,18584
2026/8/23 13:44,MW2045B39284,AC20,A22480,-0.03141,50419.8,49624.7,3.24E+00,8.30E-04,18737
2026/8/23 13:43,MW2045B55257,O,A15167,-0.04145,50851.3,50956.5,3.24E+00,8.70E-04,17895
2026/8/23 13:43,MW2045B39282,B46,A22480,-0.03988,50763.8,53065.6,3.24E+00,6.00E-04,18758
2026/8/23 13:43,MW2045B40408,AC20,A15167,-0.03882,51511.5,53520.1,3.24E+00,1.16E-03,18134
2026/8/23 13:43,MW2045B39180,AC20,A22480,-0.0191,52254.3,52817.7,3.24E+00,1.10E-03,18716
2026/8/23 13:43,MW2045B55252,O,A15167,-0.01449,52034.8,49553.4,3.24E+00,8.50E-04,17967
2026/8/23 13:42,MW2045B40035,AC20,A15167,-0.0641,50893.1,51335.7,3.24E+00,1.50E-03,18209
2026/8/23 13:42,MW2045B39178,AC20,A22480,-0.0948,54410.8,50207.7,3.24E+00,1.06E-03,18594
2026/8/23 13:42,MW2045B55009,O,A15167,-0.02484,52690.1,51697.3,3.24E+00,6.90E-04,18022
2026/8/23 13:42,MW2045B40689,AC20,A22480,-0.0636,52869.1,49941.1,3.24E+00,1.00E-03,18693
2026/8/23 13:42,MW2045B40062,AC20,A15167,-0.0105,50333.9,52679.9,3.24E+00,1.07E-03,18191
2026/8/23 13:41,MW2044B02686,O,A16632,-0.03956,52103.5,52209.6,3.24E+00,8.00E-04,18578
2026/8/23 13:41,MW2045B55003,O,A15167,-0.03608,54492.2,50431.4,3.24E+00,7.40E-04,18053
2026/8/23 13:41,MW2045B54953,O,A16632,-0.02826,54508.7,54536.4,3.24E+00,6.70E-04,18565
2026/8/23 13:41,MW2045B40042,AC20,A15167,-0.0119,53580.7,51682.8,3.24E+00,1.48E-03,18333
2026/8/23 13:40,MW2045B54954,O,A16632,-0.0887,50453.2,53684.4,3.24E+00,7.00E-04,18581
2026/8/23 13:40,MW2045B55004,O,A15167,-0.01935,50839.5,52910.8,3.24E+00,7.70E-04,17972
2026/8/23 13:40,MW2045B54969,O,A16632,-0.01072,53538.9,53358.1,3.24E+00,7.10E-04,18706
2026/8/23 13:40,MW2045B40049,AC20,A15167,-0.01341,51708.7,53911.1,3.24E+00,1.50E-03,18193
2026/8/23 13:40,MW2045B54952,O,A16632,-0.0192,50831.8,54418.2,3.24E+00,6.70E-04,18566
2026/8/23 13:40,MW2045B55005,O,A15167,-0.01126,50820.6,51625.6,3.24E+00,7.70E-04,17936
2026/8/23 13:39,MW2045B40030,AC20,A15167,-0.02236,52539.6,52647.6,3.24E+00,1.38E-03,18100
2026/8/23 13:39,MW2045B54951,O,A16632,-0.02539,53101.8,51116.1,3.24E+00,7.20E-04,18607
2026/8/23 13:39,MW2045B55229,O,A17143,-0.01971,54170.2,51483.5,3.24E+00,7.00E-04,18094
2026/8/23 13:39,MW2045B55006,O,A16632,-0.01748,51160.3,52008.7,3.24E+00,6.00E-04,18602
2026/8/23 13:38,MW2045B39988,AC20,A16632,-0.03364,53113.1,51110.8,3.24E+00,1.29E-03,18824
2026/8/23 13:38,MW2045B55193,O,A17143,-0.01295,50453.1,49328.9,3.24E+00,8.90E-04,18003
2026/8/23 13:38,MW2045B39980,AC20,A16632,-0.01007,51761.2,51645.5,3.24E+00,1.29E-03,18839
2026/8/23 13:37,MW2045B40015,AC20,A16632,-0.03453,52436.5,51026.2,3.24E+00,1.30E-03,18769
2026/8/23 13:37,MW2045B55230,O,A17143,-0.01484,51480.9,49462.2,3.24E+00,8.20E-04,17916
2026/8/23 13:37,MW2045B40031,AC20,A16632,-0.02871,52958.7,54489.7,3.24E+00,1.20E-03,18700
2026/8/23 13:37,MW2045B55183,O,A17143,-0.067,50453.7,50656.9,3.24E+00,8.80E-04,18183
2026/8/23 13:36,MW2045B55231,O,A17143,-0.02772,51980.9,49389.6,3.24E+00,8.30E-04,17840
2026/8/23 13:36,MW2045B40028,AC20,A16632,-0.0844,54176.7,53693.7,3.24E+00,1.35E-03,18809
2026/8/23 13:36,MW2045B54997,O,A17143,-0.01081,53197.6,52391.1,3.24E+00,8.10E-04,17829
2026/8/23 13:36,MW2045B60886,A45,A10230,-0.01125,50788.2,49980.8,3.24E+00,5.70E-04,18574
2026/8/23 13:36,MW2045B55184,O,A17143,-0.02706,51895.5,54044.7,3.23E+00,9.10E-04,17986
2026/8/23 13:35,MW2045B61106,A45,A10230,-0.0672,52556.3,54485.7,3.24E+00,5.60E-04,18673
2026/8/23 13:35,MW2045B55002,O,A17143,-0.0303,53808.6,49314.4,3.24E+00,7.00E-04,18008
2026/8/23 13:35,MW2044B25088,AC20,A10230,-0.0404,52574.4,54609.6,3.24E+00,9.70E-04,18513
2026/8/23 13:35,MW2045B55187,O,A17143,-0.06658,50477.6,54401.4,3.24E+00,8.80E-04,17971
2026/8/23 13:35,MW2045B60696,C45,A10230,-0.06629,53663.7,51211.6,3.24E+00,6.20E-04,18686
2026/8/23 13:34,MW2045B55007,O,A17143,-0.06665,50515.1,49245.6,3.23E+00,8.10E-04,17743
2026/8/23 13:34,MW2045B60708,C45,A10230,-0.02538,50790.5,52494.1,3.24E+00,6.80E-04,18640
2026/8/23 13:34,MW2045B55189,O,A17143,-0.012,51397.4,51072.6,3.24E+00,7.10E-04,18175
2026/8/23 13:34,MW2044B25087,AC20,A10230,-0.08094,50899.5,50115.9,3.24E+00,9.10E-04,18694
2026/8/23 13:34,MW2045B38643,AC20,A17143,-0.03494,54435.2,52608.5,3.24E+00,8.80E-04,18100
2026/8/23 13:33,MW2044B25086,AC20,A10230,-0.06384,50687.9,49622.8,3.24E+00,9.00E-04,18682
2026/8/23 13:33,MW2045B22685,O,A00151,-0.09431,54991.3,50638.8,3.24E+00,1.08E-03,18143
2026/8/23 13:33,MW2044B25085,AC20,A10230,-0.03046,53375.7,49089.6,3.24E+00,9.10E-04,18703
2026/8/23 13:33,MW2045B22677,O,A00151,-0.08387,50831.7,54568.7,3.24E+00,1.12E-03,18443
2026/8/23 13:32,MW2045B51874,O,A10230,-0.09298,51057.6,54395.7,3.24E+00,6.50E-04,18795
2026/8/23 13:32,MW2045B51890,O,A00151,-0.099,52395.3,53475.5,3.24E+00,9.00E-04,18171
2026/8/23 13:32,MW2045B47283,A46,A10230,-0.0597,50819.2,49717.8,3.23E+00,8.00E-04,18736
2026/8/23 13:32,MW2045B27870,O,A00151,-0.03184,50487.2,54012.6,3.24E+00,7.60E-04,18405
2026/8/23 13:31,MW2044B22539,A46,A10230,-0.03578,54950.5,50634.5,3.24E+00,6.60E-04,18414
2026/8/23 13:31,MW2045B27753,O,A00151,-0.01205,54226.7,50530.7,2.91E+00,6.80E-04,18493
2026/8/23 13:31,MW2045B27727,AC20,A10230,-0.02365,53989.1,49601.3,3.24E+00,8.30E-04,18761
2026/8/23 13:31,MW2045B27869,O,A00151,-0.04985,52955.9,50933.3,3.24E+00,1.02E-03,18356
2026/8/23 13:31,MW2045B24908,O,A14239,-0.03009,52350.5,53794.1,3.23E+00,8.80E-04,18727
2026/8/23 13:31,MW2045B27877,O,A00151,-0.07129,53779.2,53305.4,3.24E+00,1.00E-03,18234
2026/8/23 13:30,MW2045B58652,O,A14239,-0.09311,52859.6,53132.5,3.24E+00,8.20E-04,18724
2026/8/23 13:30,MW2045B27876,O,A00151,-0.08601,51611.1,52846.1,3.24E+00,9.00E-04,18259
2026/8/23 13:30,MW2045B58676,O,A14239,-0.0448,52120.5,53405.7,3.24E+00,7.70E-04,18680
2026/8/23 13:29,MW2045B58675,O,A14239,-0.05474,50939.1,54945.5,3.24E+00,6.00E-04,18759
2026/8/23 13:29,MW2045B27875,O,A00151,-0.05374,51013.8,53721.8,3.24E+00,7.40E-04,18373
2026/8/23 13:29,MW2045B26200,O,A14239,-0.049,52380.6,50328.3,3.23E+00,6.00E-04,18768
2026/8/23 13:29,MW2045B27880,O,A00151,-0.06757,51866.6,53503.8,3.24E+00,8.90E-04,18386
2026/8/23 13:28,MW2045B24907,O,A14239,-0.05989,54654.3,50342.3,3.23E+00,9.50E-04,18681
2026/8/23 13:28,MW2045B27879,O,A00151,-0.01343,54798.4,51474.4,3.24E+00,7.50E-04,18419
2026/8/23 13:28,MW2044B16471,O,A00151,-0.09771,53089.1,52492.7,3.24E+00,7.50E-04,18300
2026/8/23 13:28,MW2045B58674,O,A14239,-0.05746,52410.9,51931.7,3.24E+00,7.20E-04,18691
2026/8/23 13:27,MW2041B02150,O,A13061,-0.0579,54322.7,53082.7,3.24E+00,6.40E-04,17758
2026/8/23 13:27,MW2045B26199,O,A14239,-0.01112,51375.1,51613.8,3.23E+00,5.10E-04,18804
2026/8/23 13:27,MW2045B26175,O,A13061,-0.01298,54254.4,54621.7,3.23E+00,9.30E-04,18174
2026/8/23 13:27,MW2045B58673,O,A14239,-0.03934,52744.5,50492.5,3.23E+00,7.70E-04,18685
2026/8/23 13:27,MW2041B02140,O,A13061,-0.08438,53665.9,52270.2,3.24E+00,1.26E-03,18330
2026/8/23 13:26,MW2045B26198,O,A14239,-0.07654,52818.3,50793.7,3.23E+00,8.70E-04,18627
2026/8/23 13:26,MW2045B26181,O,A13061,-0.0738,52974.2,50869.1,3.23E+00,8.40E-04,18367
2026/8/23 13:26,MW2045B58654,O,A14239,-0.02,50745.2,51185.6,3.24E+00,5.90E-04,18667
2026/8/23 13:26,MW2045B26176,O,A13061,-0.09014,51894.3,51384.5,3.23E+00,6.10E-04,18255
2026/8/23 13:26,MW2045B26192,O,A14239,-0.04085,51235.7,49691.1,3.23E+00,5.10E-04,18800
2026/8/23 13:26,MW2045B24909,O,A13061,-0.08306,52390.1,53233.7,3.24E+00,9.10E-04,17926
2026/8/23 13:25,MW2041B02151,O,A10758,-0.08311,54444.2,51900.9,3.24E+00,7.30E-04,18661
2026/8/23 13:25,MW2045B26281,O,A13061,-0.09083,53992.1,49702.4,3.23E+00,8.60E-04,18023
2026/8/23 13:25,MW2041B02148,O,A10758,-0.03923,54774.8,54157.5,3.24E+00,1.16E-03,19082
2026/8/23 13:25,MW2045B26195,O,A13061,-0.05645,54642.4,53635.6,3.23E+00,7.10E-04,18188
2026/8/23 13:24,MW2041B02149,O,A10758,-0.03357,52955.4,53209.4,3.24E+00,1.05E-03,18786
2026/8/23 13:24,MW2041B02147,O,A10758,-0.04784,54800.1,51329.6,3.24E+00,1.28E-03,18766
2026/8/23 13:24,MW2045B26194,O,A13061,-0.0241,53975.9,50220.2,3.23E+00,9.60E-04,18049
2026/8/23 13:23,MW2041B05859,O,A10758,-0.08819,51507.5,50300.5,3.23E+00,4.90E-04,18784
2026/8/23 13:23,MW2045B58656,O,A13061,-0.04399,53279.7,49527.3,3.24E+00,8.50E-04,18137
2026/8/23 13:23,MW2045B26193,O,A13061,-0.01797,53487.5,53006.2,3.23E+00,9.00E-04,18387
2026/8/23 13:23,MW2045B36482,O,A10758,-0.0123,53297.3,50594.1,3.24E+00,8.30E-04,18718
2026/8/23 13:23,MW2045B58655,O,A13061,-0.07713,51622.2,50142.1,3.24E+00,8.70E-04,17997
2026/8/23 13:22,MW2045B36475,O,A10758,-0.05737,54269.7,51521.1,3.24E+00,8.30E-04,18758
2026/8/23 13:22,MW2045B44682,O,A05537,-0.02061,52597.8,54227.1,3.24E+00,1.54E-03,17964
2026/8/23 13:22,MW2045B36476,O,A10758,-0.09467,51878.5,52656.7,3.23E+00,7.80E-04,18765
2026/8/23 13:22,MW2045B44710,O,A05537,-0.07251,50776.5,50426.3,3.24E+00,1.20E-03,18176
2026/8/23 13:22,MW2045B36477,O,A10758,-0.03472,52327.5,53513.7,3.24E+00,8.60E-04,18717
2026/8/23 13:21,MW2044B22957,AC20,A05537,-0.0633,50578.2,50962.6,3.23E+00,8.30E-04,18056
2026/8/23 13:21,MW2045B36478,O,A10758,-0.07181,53350.6,52281.1,3.24E+00,8.20E-04,18717
2026/8/23 13:21,MW2045B57886,O,A05537,-0.02291,54657.7,49841.6,3.23E+00,8.80E-04,18155
2026/8/23 13:21,MW2045B36479,O,A10758,-0.09436,54129.1,53276.2,3.23E+00,6.40E-04,18909
2026/8/23 13:20,MW2045B42103,O,A05537,-0.0801,54601.6,49776.1,3.23E+00,9.40E-04,18076
2026/8/23 13:20,MW2045B36480,O,A10758,-0.05585,52031.6,51024.8,3.24E+00,7.90E-04,18787
2026/8/23 13:20,MW2045B57190,O,A05537,-0.07405,54715.2,50170.7,3.24E+00,9.10E-04,18242
2026/8/23 13:20,MW2044B24346,AC20,A17225,-0.03015,53435.3,52367.5,3.24E+00,8.60E-04,18957
2026/8/23 13:20,MW2045B55777,O,A05537,-0.01406,53557.9,54034.9,3.24E+00,7.30E-04,18344
2026/8/23 13:19,MW2044B24349,AC20,A17225,-0.05579,54334.5,51974.6,3.24E+00,8.50E-04,18806
2026/8/23 13:19,MW2045B55778,O,A05537,-0.08719,52303.2,54101.2,3.24E+00,8.50E-04,18129
2026/8/23 13:19,MW2045B69441,O,A17225,-0.0841,54862.4,50773.8,3.24E+00,5.40E-04,18614
2026/8/23 13:19,MW2045B55779,O,A05537,-0.03977,53661.8,54970.4,3.24E+00,7.90E-04,18097
2026/8/23 13:18,MW2045B55784,O,A05537,-0.03267,52997.8,53488.4,3.24E+00,8.00E-04,18234
2026/8/23 13:18,MW2045B69440,O,A17225,-0.05155,51222.9,51454.2,3.24E+00,5.10E-04,18806
2026/8/23 13:18,MW2045B55776,O,A05537,-0.06224,53880.8,52404.1,3.24E+00,8.00E-04,18096
2026/8/23 13:18,MW2045B69439,O,A17225,-0.0757,52080.9,52605.4,3.24E+00,4.90E-04,18751
2026/8/23 13:18,MW2045B55790,O,A05537,-0.0324,51576.3,53917.8,3.24E+00,8.50E-04,18026
2026/8/23 13:17,MW2045B69438,O,A17225,-0.06635,51190.7,53859.3,3.24E+00,5.00E-04,18645
2026/8/23 13:17,MW2045B56687,O,A04539,-0.08076,53016.3,53171.2,3.24E+00,8.50E-04,18094
2026/8/23 13:17,MW2045B62104,O,A17225,-0.01502,51490.6,50666.4,3.24E+00,6.30E-04,18504
2026/8/23 13:17,MW2045B56043,O,A04539,-0.07202,51644.7,50171.7,3.24E+00,7.90E-04,18205
2026/8/23 13:17,MW2045B62103,O,A17225,-0.02221,51415.6,52749.9,3.24E+00,5.80E-04,18508
2026/8/23 13:16,MW2045B56681,O,A04539,-0.0419,51312.9,50515.6,3.24E+00,8.30E-04,18109
2026/8/23 13:16,MW2045B69626,O,A17225,-0.07576,54326.6,54082.4,3.24E+00,4.90E-04,18655
2026/8/23 13:16,MW2045B56040,O,A04539,-0.0914,51629.7,49512.2,3.24E+00,8.40E-04,18125
2026/8/23 13:16,MW2045B62105,O,A17225,-0.06202,53444.7,53263.2,3.24E+00,6.60E-04,18711
2026/8/23 13:16,MW2045B56038,O,A04539,-0.0305,51968.9,52524.5,3.24E+00,8.20E-04,18111
2026/8/23 13:15,MW2045B69627,O,A17225,-0.09184,54960.7,53390.2,3.24E+00,4.80E-04,18749
2026/8/23 13:15,MW2045B57192,O,A04539,-0.05133,53465.3,52712.5,3.24E+00,9.60E-04,18218
2026/8/23 13:15,MW2045B62097,O,A17225,-0.0555,54748.2,52269.6,3.24E+00,7.60E-04,18573
2026/8/23 13:15,MW2045B56689,O,A04539,-0.05931,51003.1,54646.1,3.24E+00,7.50E-04,18149
2026/8/23 13:14,MW2027B09879,O,A07896,-0.03795,54033.6,53657.1,0.00E+00,0.00E+00,19132
2026/8/23 13:14,MW2045B57191,O,A04539,-0.032,52777.3,51392.5,3.24E+00,9.30E-04,18254
2026/8/23 13:14,MW2045B42494,O,A04539,-0.0695,52100.3,51892.1,3.24E+00,1.15E-03,18151
2026/8/23 13:13,MW2045B56682,O,A04539,-0.05986,52543.1,52030.7,3.24E+00,8.60E-04,18158
2026/8/23 13:13,MW2045B44684,O,A04539,-0.06064,52599.5,54886.2,3.24E+00,1.06E-03,17934
2026/8/23 13:13,MW2045B44683,O,A04539,-0.03624,52195.6,54664.4,3.24E+00,1.54E-03,17866
2026/8/23 13:11,MW2044B26063,AC20,A12467,-0.08759,52430.2,49092.7,3.24E+00,8.40E-04,18231
2026/8/23 13:10,MW2044B26070,AC20,A12467,-0.03667,52526.3,49118.6,3.24E+00,8.60E-04,18102
2026/8/23 13:10,MW2041B14208,AC20,A12467,-0.03118,53131.1,53060.1,3.24E+00,8.60E-04,18273
2026/8/23 13:10,MW2041B15598,O,A12467,-0.0361,54894.8,50005.1,3.23E+00,8.70E-04,18326
2026/8/23 13:09,MW2026B00245,O,A07896,-0.01403,50958.8,54209.6,3.16E+00,0.00E+00,18721
2026/8/23 13:09,MW2041B14866,O,A12467,-0.05641,52145.3,50393.8,3.24E+00,8.00E-04,18265
2026/8/23 13:09,MW2041B14865,O,A12467,-0.07752,50490.8,50575.2,3.24E+00,8.80E-04,18306
2026/8/23 13:09,MW2041B14651,O,A12467,-0.085,50840.4,51337.5,3.24E+00,9.80E-04,17855
2026/8/23 13:08,MW2041B11289,O,A12467,-0.0543,50899.7,51173.7,3.24E+00,1.16E-03,18281
2026/8/23 13:08,MW2041B11288,O,A12467,-0.03469,53066.9,50363.6,3.24E+00,1.14E-03,18310
2026/8/23 13:07,MW2041B11287,O,A12467,-0.08885,50996.7,51254.8,3.24E+00,1.19E-03,18255
2026/8/23 13:07,MW2041B11286,O,A12467,-0.03133,51995.1,49243.1,3.24E+00,1.22E-03,18316
2026/8/23 13:06,MW2041B11313,O,A12467,-0.04258,51991.9,49199.8,3.23E+00,1.14E-03,18083
2026/8/23 13:06,MW2045B69614,O,A03852,-0.04669,50341.2,52852.1,3.24E+00,6.20E-04,18181
2026/8/23 13:06,MW2045B69606,O,A03852,-0.09954,51476.5,51897.2,3.24E+00,6.20E-04,18083
2026/8/23 13:05,MW2045B62033,O,A03852,-0.01769,50792.9,52231.7,3.24E+00,7.30E-04,17928
2026/8/23 13:05,MW2027B09434,O,A07896,-0.0297,54132.2,52037.1,0.00E+00,0.00E+00,18841
2026/8/23 13:05,MW2045B62027,O,A03852,-0.02292,54264.3,52159.7,3.24E+00,8.90E-04,17730
2026/8/23 13:04,MW2025B00631,CHH,A03852,-0.07047,51331.4,52775.3,3.21E+00,6.70E-04,18204
2026/8/23 13:04,MW2045B05872,O,A03852,-0.08493,54749.7,54592.7,3.24E+00,8.00E-04,18152
2026/8/23 13:04,MW2045B62218,O,A03852,-0.0925,54626.2,51034.2,3.24E+00,8.30E-04,17946
2026/8/23 13:03,MW2045B62249,O,A03852,-0.05999,54798.3,51088.9,3.24E+00,8.00E-04,18089
2026/8/23 13:03,MW2045B69487,O,A03852,-0.07117,50540.4,53212.1,3.24E+00,5.90E-04,18144
2026/8/23 13:02,MW2045B69496,O,A03852,-0.07134,50639.2,52055.7,3.24E+00,6.10E-04,18127
2026/8/23 13:02,MW2045B69436,O,A03852,-0.0505,53810.3,49787.8,3.24E+00,6.10E-04,18078
2026/8/23 13:02,MW2045B69433,O,A03852,-0.0696,53426.1,50926.4,3.24E+00,6.00E-04,18163
2026/8/23 13:01,MW2045B09204,AC20,A00515,-0.05948,52352.1,49574.3,3.24E+00,1.01E-03,18210
2026/8/23 13:01,MW2045B69479,O,A00515,-0.0358,54910.4,52933.5,3.24E+00,6.00E-04,18178
2026/8/23 13:00,MW2045B08814,AC20,A00515,-0.0259,51969.3,49473.7,3.24E+00,8.90E-04,18132
2026/8/23 13:00,MW2045B69478,O,A00515,-0.03209,50978.9,53930.4,3.24E+00,5.80E-04,18283
2026/8/23 13:00,MW2045B08813,AC20,A00515,-0.08808,54763.4,50604.1,3.24E+00,1.05E-03,17898
2026/8/23 12:59,MW2045B08812,AC20,A00515,-0.01482,54831.8,50594.8,3.24E+00,8.70E-04,18220
2026/8/23 12:59,MW2045B08811,AC20,A00515,-0.03732,51132.3,51942.1,3.24E+00,1.05E-03,18139
2026/8/23 12:58,MW2045B08810,AC20,A00515,-0.0413,54293.2,52282.2,3.25E+00,9.90E-04,18164
2026/8/23 12:58,MW2044B26094,C45,A00515,-0.02305,52286.7,52809.1,3.24E+00,7.90E-04,18190
2026/8/23 12:57,MW2044B26061,AC20,A00515,-0.0353,52207.4,53940.7,3.24E+00,8.50E-04,18211
2026/8/23 12:56,MW2044B26138,AC20,A00515,-0.05744,54798.9,52401.6,3.24E+00,8.10E-04,18143
2026/8/23 12:56,MW2044B26062,AC20,A00515,-0.0608,50945.5,52046.4,3.24E+00,8.40E-04,17995
2026/8/23 12:56,MW2044B24345,AC20,A12191,-0.02329,53540.2,51144.7,3.24E+00,1.00E-03,18326
2026/8/23 12:55,MW2026B00844,B46,A07896,-0.0497,54221.6,53727.2,3.21E+00,5.10E-04,18912
2026/8/23 12:55,MW2044B24344,AC20,A12191,-0.08445,51591.6,50397.3,3.24E+00,9.90E-04,18398
2026/8/23 12:55,MW2027B09454,O,A07896,-0.03103,53808.4,54551.6,3.21E+00,0.00E+00,18886
2026/8/23 12:55,MW2044B24343,AC20,A12191,-0.03065,54461.2,50523.3,3.24E+00,1.00E-03,18514
2026/8/23 12:53,MW2044B24343,AC20,A12191,-0.03253,52615.3,52214.2,3.24E+00,1.00E-03,18514
2026/8/23 12:53,MW2044B24089,AC20,A12191,-0.09513,52536.6,53343.6,3.24E+00,1.01E-03,18200
2026/8/23 12:52,MW2044B24084,AC20,A12191,-0.0226,52015.8,50585.2,3.24E+00,9.30E-04,18173
2026/8/23 12:52,MW2044B24078,AC20,A12191,-0.09817,53526.3,49825.1,3.24E+00,8.70E-04,18294
2026/8/23 12:52,MW2045B62330,O,A12191,-0.05199,52871.5,52622.5,3.24E+00,8.20E-04,18056
2026/8/23 12:51,MW2045B62091,O,A12191,-0.01794,53159.7,52705.6,3.24E+00,9.30E-04,18145
2026/8/23 12:51,MW2045B62030,O,A12191,-0.08989,53183.1,52691.4,3.24E+00,9.70E-04,18091
2026/8/23 12:50,MW2045B62031,O,A12191,-0.0492,51451.6,51592.8,3.24E+00,8.60E-04,17948
2026/8/23 12:50,MW2045B69450,O,A12191,-0.019,53613.5,53618.9,3.24E+00,5.90E-04,18132
2026/8/23 12:50,MW2045B69449,O,A12191,-0.01056,53993.3,50415.8,3.24E+00,6.00E-04,18073
2026/8/23 12:49,MW2044B26277,A46,A13624,-0.01234,52270.9,52974.5,3.24E+00,7.30E-04,18324
2026/8/23 12:49,MW2045B69474,O,A13624,-0.02634,52309.2,52185.7,3.24E+00,6.10E-04,18209
2026/8/23 12:48,MW2045B69475,O,A13624,-0.09975,51485.7,49740.9,3.24E+00,5.90E-04,18154
2026/8/23 12:48,MW2044B24090,AC20,A13624,-0.02202,51289.5,52885.6,3.24E+00,9.30E-04,18012
2026/8/23 12:48,MW2045B69473,O,A13624,-0.09561,54256.8,53442.9,3.24E+00,6.00E-04,18113
2026/8/23 12:47,MW2044B25199,CLL,A13624,-0.01906,51565.5,50967.2,2.99E+00,7.10E-04,18357
2026/8/23 12:47,MW2045B69482,O,A13624,-0.0777,52100.6,54713.9,3.24E+00,6.00E-04,18139
2026/8/23 12:46,MW2044B25200,CLL,A13624,-0.04809,51622.6,54364.3,2.96E+00,7.30E-04,18064
2026/8/23 12:46,MW2027B09290,CHH,A07896,-0.07329,53084.2,54472.6,3.22E+00,4.30E-04,19011
2026/8/23 12:46,MW2044B25201,CLL,A13624,-0.05688,54577.5,54984.2,2.95E+00,6.60E-04,18188
2026/8/23 12:46,MW2026B00845,CHH,A07896,-0.0106,53088.6,50759.1,3.21E+00,4.60E-04,18984
2026/8/23 12:46,MW2045B09205,AC20,A13624,-0.09284,54627.5,53628.7,3.24E+00,9.30E-04,18255
2026/8/23 12:45,MW2026B01411,CHH,A07896,-0.0254,54616.3,50897.4,3.22E+00,4.90E-04,18821
2026/8/23 12:45,MW2045B69481,O,A13624,-0.05392,52822.4,52842.6,3.24E+00,6.00E-04,17998
2026/8/23 12:45,MW2026B00900,CHH,A07896,-0.07416,51664.1,49386.4,3.21E+00,4.70E-04,18913
2026/8/23 12:37,MW2026B00846,KEF,A07896,-0.0737,54582.5,53707.8,3.21E+00,4.50E-04,18978
2026/8/23 12:37,MW2027B07077,O,A07896,-0.0924,53413.4,51405.9,3.21E+00,4.60E-04,18903
2026/8/23 12:37,MW2045B69480,O,A13624,-0.01084,52348.9,51468.6,3.24E+00,6.00E-04,18075
2026/8/23 12:36,MW2027B05662,O,A07896,-0.0339,54880.6,50924.6,3.18E+00,4.70E-04,19129
2026/8/23 12:36,MW2017B07883,AC20,A24527,-0.09144,52248.2,54454.4,3.21E+00,8.10E-04,18305
2026/8/23 12:36,MW2041B15254,A43,A10199,-0.09717,53093.5,52424.5,3.22E+00,6.20E-04,18643
2026/8/23 12:36,MW2045B57399,AC20,A24527,-0.03811,52595.9,54069.5,3.23E+00,8.20E-04,18176
2026/8/23 12:35,MW2017B09212,A43,A10199,-0.01368,54569.2,49891.1,3.22E+00,6.50E-04,18889
2026/8/23 12:35,MW2045B47626,AC20,A24527,-0.08567,51791.9,49548.1,3.23E+00,8.10E-04,18008
2026/8/23 12:35,MW2045B43521,AC20,A24527,-0.0289,50954.8,52514.9,3.23E+00,1.14E-03,18296
2026/8/23 12:35,MW2041B15253,C42,A10199,-0.05709,54782.1,51411.7,3.22E+00,6.70E-04,18666
2026/8/23 12:35,MW2044B22106,C44,A24527,-0.0629,50638.9,51626.4,3.23E+00,7.90E-04,18292
2026/8/23 12:35,MW2041B15252,C43,A10199,-0.09793,50614.4,54951.3,3.22E+00,7.80E-04,18824
2026/8/23 12:34,MW2045B57850,AC20,A24527,-0.08308,52438.4,49136.7,3.24E+00,9.10E-04,18118
2026/8/23 12:34,MW2041B15251,C43,A10199,-0.0376,51644.3,54878.5,3.22E+00,7.20E-04,18890
2026/8/23 12:29,MW2045B41430,AC20,A24527,-0.0634,53742.8,51048.3,3.24E+00,9.80E-04,18179
2026/8/23 12:29,MW2041B15250,A43,A10199,-0.07936,53466.7,53967.8,3.22E+00,7.10E-04,18882
2026/8/23 12:29,MW2044B09291,O,A24527,-0.09907,53995.8,52130.1,3.23E+00,9.60E-04,18100
2026/8/23 12:29,MW2041B05847,A42,A10199,-0.0898,50615.3,50795.3,3.22E+00,4.90E-04,18787
2026/8/23 12:29,MW2044B25574,O,A24527,-0.0174,50642.2,54632.1,3.24E+00,7.40E-04,18105
2026/8/23 12:28,MW2041B10149,C43,A10199,-0.0731,54928.4,53463.6,3.22E+00,7.80E-04,18587
2026/8/23 12:28,MW2045B62131,O,A24527,-0.04519,50453.2,52651.1,3.24E+00,7.40E-04,18254
2026/8/23 12:28,MW2041B05881,C43,A10199,-0.05866,54853.1,52981.5,3.21E+00,4.60E-04,18870
2026/8/23 12:28,MW2045B62124,O,A24527,-0.02315,54023.7,51543.9,3.24E+00,8.60E-04,18099
2026/8/23 12:27,MW2041B11922,A43,A10199,-0.09381,53948.6,50814.5,3.22E+00,5.00E-04,18729
2026/8/23 12:27,MW2045B69607,O,A24527,-0.02788,51422.4,52021.9,3.24E+00,5.90E-04,18150
2026/8/23 12:27,MW2041B11921,A43,A10199,-0.07644,51013.3,51998.1,3.22E+00,4.80E-04,18949
2026/8/23 12:27,MW2017B02303,C43,A00037,-0.07926,52799.3,54411.2,3.22E+00,6.20E-04,18126
2026/8/23 12:26,MW2041B15249,A43,A10199,-0.07447,50772.2,52601.6,3.22E+00,6.50E-04,18822
2026/8/23 12:26,MW2017B02305,C43,A00037,-0.06718,50515.9,52594.3,3.23E+00,6.00E-04,18312
2026/8/23 12:26,MW2045B63584,A43,A17414,-0.0343,50736.3,53749.1,3.24E+00,7.00E-04,18592
2026/8/23 12:26,MW2017B02393,A43,A00037,-0.09416,52771.5,51346.3,3.23E+00,6.00E-04,18074
2026/8/23 12:26,MW2045B28712,A42,A17414,-0.0603,50971.8,49228.3,3.24E+00,7.70E-04,18643
2026/8/23 12:23,MW2045B28674,A42,A17414,-0.08214,51060.1,50660.5,3.24E+00,7.60E-04,18567
2026/8/23 12:23,MW2017B07907,A43,A00037,-0.05114,52946.2,53125.2,3.22E+00,7.70E-04,18098
2026/8/23 12:23,MW2045B13899,A43,A17414,-0.02074,52942.6,51282.4,3.23E+00,7.70E-04,18776
2026/8/23 12:23,MW2017B07912,A43,A00037,-0.09002,54726.2,50736.8,3.22E+00,7.60E-04,18153
2026/8/23 12:23,MW2045B19922,A43,A17414,-0.013,51234.7,49928.1,3.23E+00,7.70E-04,18981
2026/8/23 12:22,MW2017B07893,A42,A00037,-0.02254,52634.2,49987.6,3.22E+00,6.70E-04,17906
2026/8/23 12:22,MW2045B20140,A43,A17414,-0.01876,54356.5,54661.2,3.23E+00,7.60E-04,18609
2026/8/23 12:22,MW2017B07566,A42,A00037,-0.07418,52231.9,53006.2,3.22E+00,7.50E-04,18212
2026/8/23 12:22,MW2045B43710,A43,A17414,-0.03317,51546.3,49726.9,3.24E+00,6.50E-04,18868
2026/8/23 12:22,MW2017B04610,A43,A00037,-0.09,54820.5,51949.7,3.23E+00,5.80E-04,18113
2026/8/23 12:21,MW2045B43711,A43,A17414,-0.02755,52633.9,50388.1,3.24E+00,6.80E-04,18811
2026/8/23 12:21,MW2017B04420,A43,A00037,-0.04949,51472.8,49289.1,3.22E+00,6.00E-04,18160
2026/8/23 12:21,MW2017B04613,C43,A00037,-0.02642,54883.9,50479.9,3.23E+00,5.90E-04,18146
2026/8/23 12:21,MW2045B40730,A42,A17414,-0.05192,53475.4,52347.5,3.24E+00,7.90E-04,18786
2026/8/23 12:20,MW2045B63699,A43,A17414,-0.01671,53887.1,50643.7,3.24E+00,6.70E-04,18566
2026/8/23 12:20,MW2044B24052,O,A17414,-0.0969,54752.8,51998.7,0.00E+00,0.00E+00,18459
2026/8/23 12:20,MW2017B09640,A41,A00037,-0.01028,53801.1,52829.2,3.22E+00,6.80E-04,18388
2026/8/23 12:06,MW2017B09640,A41,A00037,-0.07884,51373.4,49078.7,3.22E+00,6.80E-04,18388
2026/8/23 12:06,MW2017B04424,A43,A00037,-0.07503,51333.8,51135.9,3.22E+00,6.00E-04,18264
2026/8/23 12:05,MW2045B53326,A43,A22661,-0.01796,54152.5,51279.2,3.24E+00,8.00E-04,18038
2026/8/23 12:05,MW2016B01811,A43,A22661,-0.02138,54931.6,50378.9,3.23E+00,5.60E-04,18107
2026/8/23 12:04,MW2016B01812,C43,A22661,-0.03207,53439.3,50026.8,3.22E+00,5.60E-04,18077
2026/8/23 12:04,MW2045B39769,AC20,A22661,-0.08582,53032.7,52138.6,3.24E+00,8.70E-04,18288
2026/8/23 12:03,MW2045B39768,AC20,A22661,-0.06552,50468.6,50794.7,3.24E+00,8.70E-04,18157
2026/8/23 12:03,MW2045B38592,AC20,A22661,-0.06828,51812.1,52360.5,3.24E+00,8.60E-04,17892
2026/8/23 12:03,MW2045B38590,C43,A22661,-0.09714,54117.9,54227.8,3.24E+00,7.00E-04,17932
2026/8/23 12:02,MW2045B39545,C42,A22661,-0.04545,51021.3,51567.1,3.24E+00,7.50E-04,18311
2026/8/23 12:02,MW2044B15367,AC20,A22661,-0.06953,52208.3,52673.2,3.24E+00,8.50E-04,18224
2026/8/23 12:01,MW2044B15369,AC20,A22661,-0.08723,50754.7,51277.6,3.24E+00,8.40E-04,18190
2026/8/23 12:01,MW2044B11708,AC20,A22661,-0.08445,52468.1,50541.9,3.24E+00,8.90E-04,18088
2026/8/23 12:01,MW2045B57679,AC20,A22661,-0.07736,53048.2,52674.6,3.24E+00,8.80E-04,17947
2026/8/23 12:00,MW2041B02557,B42,A16657,-0.07647,54944.9,49089.5,3.24E+00,8.00E-04,18242
2026/8/23 12:00,MW2041B02560,B42,A16657,-0.03008,51428.7,51514.4,3.24E+00,8.00E-04,18176
2026/8/23 11:59,MW2045B39190,AC20,A16657,-0.01919,52881.6,52737.5,3.24E+00,9.10E-04,18136
2026/8/23 11:59,MW2045B51629,B43,A16657,-0.06846,50928.8,51683.9,3.24E+00,7.70E-04,18109
2026/8/23 11:59,MW2045B51628,B43,A16657,-0.0595,53581.6,51565.4,3.24E+00,7.80E-04,18137
2026/8/23 11:58,MW2045B40115,AC20,A16657,-0.0393,54030.6,52851.7,3.24E+00,8.70E-04,18046
2026/8/23 11:58,MW2045B40412,A43,A16657,-0.07964,54221.2,53199.1,3.24E+00,7.60E-04,18085
2026/8/23 11:57,MW2045B40416,A43,A16657,-0.07177,51215.8,53928.7,3.24E+00,7.40E-04,18050
2026/8/23 11:57,MW2045B39509,C43,A16657,-0.07215,52368.7,50259.3,3.24E+00,7.60E-04,18329
2026/8/23 11:57,MW2045B39514,C43,A16657,-0.03695,54287.3,50113.1,3.24E+00,7.30E-04,18298
2026/8/23 11:56,MW2045B39783,AC20,A16657,-0.07016,53485.9,54337.4,3.24E+00,8.60E-04,18192
2026/8/23 11:56,MW2045B39517,C43,A16657,-0.06703,52224.1,53916.5,3.24E+00,7.30E-04,18314
2026/8/23 11:55,MW2045B61189,A45,A22684,-0.05594,54516.8,52081.8,3.24E+00,8.00E-04,17844
2026/8/23 11:55,MW2045B61195,A46,A22684,-0.02529,54958.3,54562.2,3.24E+00,7.40E-04,18013
2026/8/23 11:55,MW2045B61196,A46,A22684,-0.09028,54347.3,49210.3,3.24E+00,7.50E-04,18025
2026/8/23 11:54,MW2045B63727,AC20,A22684,-0.06383,51369.3,49967.1,3.24E+00,8.40E-04,18278
2026/8/23 11:54,MW2045B63421,AC20,A22684,-0.06945,50562.9,54370.7,3.24E+00,9.50E-04,18178
2026/8/23 11:53,MW2045B63422,A46,A22684,-0.07262,51361.1,51363.1,3.24E+00,7.60E-04,18203
2026/8/23 11:53,MW2045B63423,A46,A22684,-0.09955,53967.3,50181.1,3.24E+00,7.80E-04,18109
2026/8/23 11:52,MW2045B63424,A46,A22684,-0.02999,53589.4,52970.5,3.24E+00,7.30E-04,18188
2026/8/23 11:52,MW2045B63420,A46,A22684,-0.0256,50781.7,51671.5,3.24E+00,5.70E-04,17783
2026/8/23 11:52,MW2045B63419,A45,A22684,-0.07501,51881.1,51556.8,3.24E+00,8.00E-04,18107
2026/8/23 11:51,MW2045B61502,CHH,A22684,-0.0566,54712.9,49815.4,3.24E+00,8.00E-04,18223
2026/8/23 11:51,MW2045B63417,A45,A22684,-0.04559,51646.5,49751.1,3.24E+00,5.60E-04,17929
2026/8/23 11:50,MW2045B63490,AC20,A15953,-0.05311,50911.8,49894.5,3.24E+00,8.10E-04,18054
2026/8/23 11:50,MW2045B63489,A44,A15953,-0.07905,52748.7,54039.7,3.24E+00,8.00E-04,17996
2026/8/23 11:50,MW2045B63488,A45,A15953,-0.08877,54610.4,50184.1,3.24E+00,5.80E-04,18012
2026/8/23 11:49,MW2044B24180,AC20,A15953,-0.07192,52450.8,51044.2,3.24E+00,8.30E-04,17995
2026/8/23 11:49,MW2044B24182,A46,A15953,-0.07377,52740.4,50176.7,3.24E+00,8.00E-04,18091
2026/8/23 11:48,MW2044B24181,AC20,A15953,-0.02459,52735.9,51166.1,3.24E+00,8.20E-04,17997
2026/8/23 11:48,MW2044B24183,AC20,A15953,-0.05468,52790.4,49565.8,3.24E+00,8.10E-04,17970
2026/8/23 11:48,MW2044B24268,AC20,A15953,-0.08127,54161.1,53934.3,3.24E+00,8.50E-04,18095
2026/8/23 11:47,MW2044B24186,A45,A15953,-0.0125,53548.3,49156.1,3.24E+00,7.20E-04,18086
2026/8/23 11:47,MW2045B63482,A44,A15953,-0.06515,52038.2,53815.5,3.24E+00,7.50E-04,18112
2026/8/23 11:46,MW2044B24146,A45,A15953,-0.01285,53128.5,49671.2,3.24E+00,7.00E-04,17876
2026/8/23 11:46,MW2044B24149,A45,A15953,-0.06548,50535.6,52850.1,3.24E+00,7.50E-04,18017
2026/8/23 11:46,MW2045B68125,O,A25126,-0.0114,51142.1,49896.5,3.24E+00,6.10E-04,18063
2026/8/23 11:45,MW2045B68142,O,A25126,-0.02607,52587.9,49337.6,3.24E+00,6.20E-04,18196
2026/8/23 11:45,MW2045B68141,O,A25126,-0.02556,51629.7,54051.4,3.24E+00,6.10E-04,18126
2026/8/23 11:44,MW2044B24140,AC20,A25126,-0.05956,52093.7,52033.3,3.24E+00,8.60E-04,17898
2026/8/23 11:44,MW2044B24102,AC20,A25126,-0.05194,54763.4,51205.7,3.24E+00,8.30E-04,17930
2026/8/23 11:43,MW2044B24103,AC20,A25126,-0.06118,53676.6,53847.4,3.24E+00,8.70E-04,17978
2026/8/23 11:43,MW2044B24101,A44,A25126,-0.06541,54659.5,54666.1,3.24E+00,7.20E-04,17909
2026/8/23 11:43,MW2044B24100,A45,A25126,-0.02981,51978.6,50057.8,3.24E+00,7.30E-04,17906
2026/8/23 11:42,MW2044B24203,AC20,A25126,-0.05442,53694.9,52052.7,3.24E+00,8.60E-04,18212
2026/8/23 11:42,MW2045B63761,A45,A25126,-0.09755,51191.2,51208.5,3.24E+00,7.40E-04,17931
2026/8/23 11:41,MW2045B63760,A45,A25126,-0.02393,53096.5,52337.5,3.24E+00,7.90E-04,18020
2026/8/23 11:41,MW2045B63759,C45,A25126,-0.08218,52038.9,54140.4,3.23E+00,7.60E-04,18086
2026/8/23 11:41,MW2045B53933,O,A24264,-0.01332,52917.4,49288.9,3.23E+00,6.80E-04,17962
2026/8/23 11:40,MW2045B36416,O,A24264,-0.06953,54929.9,49346.4,3.23E+00,9.80E-04,18211
2026/8/23 11:40,MW2045B53931,O,A24264,-0.0711,51988.3,53897.4,3.23E+00,6.80E-04,18057
2026/8/23 11:39,MW2044B23890,O,A24264,-0.03277,52749.7,51941.9,3.24E+00,7.70E-04,18100
2026/8/23 11:39,MW2045B53936,O,A24264,-0.09086,50760.5,52554.1,3.23E+00,8.20E-04,18194
2026/8/23 11:39,MW2045B53789,O,A24264,-0.01235,54420.5,49137.8,3.24E+00,7.00E-04,18247
2026/8/23 11:38,MW2045B53788,O,A24264,-0.06269,51557.4,50609.7,3.24E+00,7.60E-04,18154
2026/8/23 11:38,MW2045B26100,O,A24264,-0.06584,53077.8,51168.6,3.23E+00,1.01E-03,18181
2026/8/23 11:37,MW2045B26101,O,A24264,-0.05498,51729.2,50920.3,3.23E+00,8.60E-04,18122
2026/8/23 11:37,MW2045B26083,O,A24264,-0.01558,54426.7,51001.5,3.23E+00,9.60E-04,18105
2026/8/23 11:37,MW2045B53790,O,A24264,-0.04273,51745.7,50363.1,3.23E+00,8.70E-04,18114
2026/8/23 11:36,MW2045B63487,A44,A24264,-0.0539,51886.4,50359.2,3.24E+00,8.00E-04,18093
2026/8/23 11:36,MW2045B55255,O,A22332,-0.07891,53054.3,50989.6,3.24E+00,8.60E-04,17980
2026/8/23 11:35,MW2045B55253,O,A22332,-0.07,53707.6,54289.4,3.24E+00,7.30E-04,18102
2026/8/23 11:35,MW2045B55254,O,A22332,-0.08846,51799.6,52669.3,3.24E+00,8.50E-04,18088
2026/8/23 11:34,MW2045B60664,O,A22332,-0.06842,50465.1,53413.6,3.24E+00,7.90E-04,18162
2026/8/23 11:34,MW2045B60585,O,A22332,-0.02748,52675.4,52869.6,3.24E+00,8.20E-04,17960
2026/8/23 11:34,MW2045B60588,O,A22332,-0.092,53217.3,54454.9,3.24E+00,8.30E-04,18113
2026/8/23 11:33,MW2045B60587,O,A22332,-0.07911,53050.1,50026.1,3.24E+00,8.60E-04,17997
2026/8/23 11:33,MW2045B60586,O,A22332,-0.07393,54325.1,53444.9,3.24E+00,7.60E-04,17887
2026/8/23 11:32,MW2045B60581,O,A22332,-0.03318,51272.7,54974.8,3.24E+00,8.00E-04,17923
2026/8/23 11:32,MW2045B60584,O,A22332,-0.0936,54636.9,50770.1,3.24E+00,8.80E-04,18095
2026/8/23 11:32,MW2045B55248,O,A22332,-0.00629,54782.2,52996.8,3.24E+00,7.00E-04,18032
2026/8/23 11:31,MW2045B55250,O,A22332,-0.0036,52404.5,53467.6,3.24E+00,8.40E-04,17880
2026/8/23 11:31,MW2045B63690,A45,A12383,-0.0085,53844.4,49722.6,3.24E+00,7.90E-04,18127
2026/8/23 11:30,MW2045B61525,AC20,A12383,-0.00428,51182.8,53153.3,3.24E+00,9.00E-04,18086
2026/8/23 11:30,MW2045B61268,A45,A12383,-0.00237,52405.1,54470.8,3.24E+00,7.70E-04,18069
2026/8/23 11:30,MW2045B61269,AC20,A12383,-0.00345,50853.7,51151.1,3.24E+00,9.30E-04,18025
2026/8/23 11:29,MW2045B61259,A45,A12383,-0.00919,50808.5,49958.2,3.24E+00,7.60E-04,18131
2026/8/23 11:29,MW2045B65728,O,A12383,-0.00944,53397.2,53793.6,3.24E+00,6.10E-04,17903
2026/8/23 11:28,MW2045B65723,O,A12383,-0.00194,53906.4,53849.8,3.24E+00,6.10E-04,18090
2026/8/23 11:28,MW2045B65724,O,A12383,-0.00936,51220.3,50919.2,3.24E+00,6.00E-04,17847
2026/8/23 11:28,MW2045B65726,O,A12383,-0.00939,50652.9,51717.7,3.24E+00,6.10E-04,18067
2026/8/23 11:27,MW2045B55247,O,A12383,-0.00315,50901.6,49538.4,3.24E+00,8.60E-04,17928
2026/8/23 11:27,MW2045B55246,O,A12383,-0.00414,51814.1,51086.3,3.24E+00,7.10E-04,18031
2026/8/23 11:26,MW2045B55256,O,A12383,-0.00285,52520.6,54317.3,3.24E+00,7.70E-04,18218
2026/8/23 11:26,MW2045B63418,A45,A12363,-0.00813,50747.5,54695.3,3.24E+00,7.50E-04,18299
2026/8/23 11:26,MW2045B63433,AC20,A12363,-0.0051,54896.6,51705.9,3.24E+00,8.10E-04,18149
2026/8/23 11:25,MW2045B63432,A46,A12363,-0.00846,51526.1,49598.3,3.24E+00,5.60E-04,17964
2026/8/23 11:25,MW2045B63610,A43,A17414,-0.00347,54859.9,50290.1,3.24E+00,7.30E-04,18610
2026/8/23 11:25,MW2045B63431,C45,A12363,-0.00362,52633.7,51821.5,3.24E+00,8.00E-04,18575
2026/8/23 11:24,MW2045B68120,O,A07028,-0.00302,54380.5,50114.4,3.24E+00,5.20E-04,18635
2026/8/23 11:24,MW2045B26508,AC20,A12363,-0.00775,50362.5,54199.7,3.24E+00,1.01E-03,18428
2026/8/23 11:24,MW2045B68121,O,A07028,-0.00519,51748.8,53896.5,3.24E+00,5.10E-04,18635
2026/8/23 11:24,MW2045B26492,AC20,A12363,-0.0078,50344.5,50779.6,3.24E+00,1.02E-03,18393
2026/8/23 11:23,MW2045B26493,AC20,A12363,-0.00517,52631.7,51162.2,3.24E+00,9.30E-04,18381
2026/8/23 11:23,MW2045B67958,O,A07028,-0.00425,51005.2,49521.9,0.00E+00,0.00E+00,18376
2026/8/23 11:23,MW2045B26494,AC20,A12363,-0.00821,51625.5,54165.5,3.24E+00,9.70E-04,18380
2026/8/23 11:23,MW2045B39496,O,A12363,-0.0086,50505.9,51741.5,3.24E+00,1.05E-03,17829
2026/8/23 11:22,MW2045B39527,O,A12363,-0.00152,51739.9,52388.3,3.24E+00,8.60E-04,18035
2026/8/23 11:22,MW2045B39528,O,A12363,-0.00541,50883.4,52575.1,3.24E+00,9.60E-04,18080
2026/8/23 11:21,MW2045B39538,O,A12363,-0.00905,50349.9,50322.2,3.24E+00,9.90E-04,17897
2026/8/23 11:21,MW2044B24147,B45,A01039,-0.0006,51634.9,53638.4,3.24E+00,7.50E-04,17928
2026/8/23 11:21,MW2044B24148,A45,A01039,-0.00659,52883.9,54919.1,3.24E+00,7.40E-04,17944
2026/8/23 11:20,MW2044B24129,AC20,A01039,-0.00225,51445.6,50995.9,3.24E+00,8.70E-04,18027
2026/8/23 11:20,MW2044B25584,A46,A01039,-0.00721,54875.8,53863.8,3.23E+00,6.80E-04,18066
2026/8/23 11:19,MW2044B25609,A46,A01039,-0.00539,50524.5,53965.5,3.24E+00,6.10E-04,18209
2026/8/23 11:19,MW2044B25617,A45,A01039,-0.0051,54822.5,51611.6,3.24E+00,7.30E-04,18090
2026/8/23 11:18,MW2044B25618,A45,A01039,-0.0082,52243.8,54786.2,3.24E+00,7.30E-04,18109
2026/8/23 11:18,MW2044B25619,A46,A01039,-0.0031,50487.9,49175.5,3.24E+00,7.10E-04,17988
2026/8/23 11:18,MW2044B25620,A46,A01039,-0.00753,54590.4,53309.7,3.24E+00,7.00E-04,18018
2026/8/23 11:17,MW2044B25686,CHH,A01039,-0.00432,53322.9,54173.1,3.24E+00,6.90E-04,17934
2026/8/23 11:17,MW2044B24278,AC20,A01039,-0.0078,51833.8,54441.3,3.24E+00,8.10E-04,17841
2026/8/23 11:17,MW2045B61190,CLL,A01039,-0.0035,50401.1,53468.6,2.92E+00,7.00E-04,18076
2026/8/23 11:16,MW2045B36483,O,A21141,-0.00232,50443.4,53191.2,3.23E+00,8.70E-04,18241
2026/8/23 11:16,MW2045B67960,O,A07028,-0.00866,54885.1,49670.4,3.24E+00,5.00E-04,18678
2026/8/23 11:16,MW2045B36611,O,A21141,-0.00279,52380.7,52616.1,3.24E+00,1.02E-03,18239
2026/8/23 11:15,MW2045B67961,O,A07028,-0.00455,52406.4,54332.1,3.24E+00,5.10E-04,18682
2026/8/23 11:15,MW2045B36474,O,A21141,-0.0061,53155.1,50220.5,3.24E+00,8.70E-04,18222
2026/8/23 11:15,MW2045B67965,O,A07028,-0.00369,53054.6,52606.4,3.24E+00,5.30E-04,18616
2026/8/23 11:15,MW2045B36612,O,A21141,-0.0092,54130.4,52913.2,3.24E+00,8.80E-04,18157
2026/8/23 11:15,MW2045B36409,O,A21141,-0.00648,52305.9,52240.7,3.23E+00,8.80E-04,18095
2026/8/23 11:14,MW2045B67964,O,A07028,-0.00453,51783.5,54259.2,3.24E+00,5.20E-04,18644
2026/8/23 11:14,MW2045B36410,O,A21141,-0.00735,51031.7,53705.2,3.24E+00,9.20E-04,18192
2026/8/23 11:14,MW2044B25621,O,A07028,-0.0035,52684.3,54473.6,3.24E+00,6.20E-04,18425
2026/8/23 11:14,MW2045B36412,O,A21141,-0.00897,52698.3,52383.4,3.23E+00,7.80E-04,18084
2026/8/23 11:13,MW2045B63483,A44,A07028,-0.00889,51386.2,54320.6,3.24E+00,7.20E-04,18485
2026/8/23 11:13,MW2045B36413,O,A21141,-0.0073,50951.8,53307.4,3.23E+00,7.80E-04,18037
2026/8/23 11:13,MW2045B63484,A45,A07028,-0.00844,52803.8,52389.8,3.24E+00,4.70E-04,18497
2026/8/23 11:13,MW2045B53935,O,A21141,-0.00695,54451.8,50657.4,3.23E+00,8.10E-04,18275
2026/8/23 11:13,MW2045B63486,A45,A07028,-0.00327,52853.2,52802.8,3.24E+00,6.50E-04,18642
2026/8/23 11:12,MW2045B36414,O,A21141,-0.00512,54927.8,53208.2,3.23E+00,8.10E-04,18176
2026/8/23 11:12,MW2045B63485,A44,A07028,-0.0039,54910.6,53822.9,3.24E+00,7.10E-04,18643
2026/8/23 11:12,MW2045B53934,O,A21141,-0.00822,53529.1,50074.5,3.24E+00,8.30E-04,18207
2026/8/23 11:12,MW2045B36588,O,A18088,-0.00832,54152.9,53641.1,3.24E+00,6.80E-04,18903
2026/8/23 11:12,MW2045B36415,O,A21141,-0.00785,50925.7,50768.1,3.23E+00,9.00E-04,18081
2026/8/23 11:11,MW2045B36484,O,A18088,-0.00624,51351.5,51720.3,3.23E+00,6.90E-04,18760
2026/8/23 11:11,MW2045B56670,O,A00123,-0.00773,52556.2,51739.4,3.24E+00,7.40E-04,18236
2026/8/23 11:11,MW2045B36587,O,A18088,-0.00754,52069.2,53787.4,3.24E+00,1.03E-03,19045
2026/8/23 11:11,MW2045B56675,O,A00123,-0.00353,51276.3,52055.3,3.24E+00,7.90E-04,18229
2026/8/23 11:10,MW2045B36485,O,A18088,-0.00896,54019.6,52770.2,3.23E+00,8.20E-04,18868
2026/8/23 11:10,MW2045B36586,O,A18088,-0.00632,53078.9,54972.7,3.24E+00,8.00E-04,19002
2026/8/23 11:10,MW2045B56035,O,A00123,-0.0071,54310.1,54153.8,3.24E+00,8.60E-04,18149
2026/8/23 11:09,MW2045B36433,O,A18088,-0.00561,54583.1,50140.4,3.23E+00,7.20E-04,18689
2026/8/23 11:09,MW2045B56685,O,A00123,-0.00373,50475.5,53156.3,3.24E+00,7.90E-04,18286
2026/8/23 11:09,MW2045B36585,O,A18088,-0.00417,50766.7,50346.8,3.24E+00,8.80E-04,18874
2026/8/23 11:09,MW2045B56665,O,A00123,-0.0082,53723.3,53025.8,3.24E+00,7.30E-04,18239
2026/8/23 11:09,MW2045B56683,O,A00123,-0.00392,53290.9,51860.9,3.24E+00,7.30E-04,18232
2026/8/23 11:09,MW2045B36594,O,A18088,-0.00233,53246.3,52065.8,3.23E+00,6.70E-04,18812
2026/8/23 11:08,MW2045B56031,O,A00123,-0.00933,54319.3,51506.7,3.24E+00,8.70E-04,18041
2026/8/23 11:08,MW2045B36589,O,A18088,-0.00192,52257.6,54443.9,3.24E+00,8.80E-04,18887
2026/8/23 11:08,MW2045B36593,O,A18088,-0.0009,54931.8,54186.1,3.24E+00,8.00E-04,18792
2026/8/23 11:08,MW2045B56037,O,A00123,-0.00832,53944.7,51711.8,3.24E+00,8.60E-04,18208
2026/8/23 11:07,MW2045B36590,O,A18088,-0.00949,53667.6,51832.4,3.23E+00,7.60E-04,18860
2026/8/23 11:07,MW2045B56044,O,A00123,-0.0076,53402.7,52900.6,3.24E+00,8.50E-04,18233
2026/8/23 11:07,MW2045B36592,O,A18088,-0.00838,53374.3,53015.5,3.24E+00,1.03E-03,18928
2026/8/23 11:07,MW2045B56686,O,A00123,-0.00573,53101.7,50024.2,3.24E+00,8.10E-04,18069
2026/8/23 11:06,MW2045B52784,O,A04022,-0.00685,53318.8,53723.2,3.24E+00,6.30E-04,18447
2026/8/23 11:06,MW2045B56039,O,A00123,-0.00967,50709.6,53086.4,3.24E+00,7.70E-04,18201
2026/8/23 11:06,MW2045B52788,O,A04022,-0.00968,50873.1,52232.8,3.24E+00,6.70E-04,18605
2026/8/23 11:06,MW2045B56048,O,A00123,-0.00745,52832.3,54219.2,3.24E+00,8.80E-04,18099
2026/8/23 11:05,MW2044B15518,O,A11474,-0.00547,51061.2,52642.6,3.23E+00,7.20E-04,18135
2026/8/23 11:05,MW2045B52787,O,A04022,-0.00491,50868.3,51179.3,3.24E+00,6.10E-04,18476
2026/8/23 11:05,MW2044B15414,O,A11474,-0.00679,51349.4,53333.3,3.24E+00,9.10E-04,18261
2026/8/23 11:05,MW2017B09619,O,A04022,-0.00898,50907.7,51721.6,3.22E+00,7.40E-04,19018
2026/8/23 11:05,MW2044B15519,O,A11474,-0.00969,51592.4,53789.5,3.24E+00,8.10E-04,18132
2026/8/23 11:04,MW2045B52790,O,A04022,-0.00293,53982.3,49608.9,3.24E+00,6.90E-04,18612
2026/8/23 11:04,MW2044B15413,O,A11474,-0.0022,51485.7,54946.8,3.24E+00,8.70E-04,18289
2026/8/23 11:04,MW2017B09617,O,A04022,-0.00733,51228.7,53002.8,3.22E+00,7.00E-04,19062
2026/8/23 11:03,MW2044B15520,O,A11474,-0.00283,51135.3,54542.1,3.24E+00,8.90E-04,18101
2026/8/23 11:02,MW2017B09618,O,A04022,-0.00103,51252.2,54113.2,3.21E+00,6.70E-04,19123
2026/8/23 11:02,MW2044B15742,O,A11474,-0.00213,54165.8,51167.2,3.24E+00,7.70E-04,18274
2026/8/23 11:01,MW2017B09618,O,A04022,-0.00392,54066.7,51763.5,3.21E+00,6.70E-04,19123
2026/8/23 11:01,MW2044B15742,O,A11474,-0.00915,51631.1,53823.9,3.24E+00,7.70E-04,18274
2026/8/23 11:01,MW2045B52645,O,A04022,-0.00354,53983.4,51879.6,3.24E+00,6.90E-04,18513
2026/8/23 11:00,MW2044B15528,O,A11474,-0.00553,50986.7,50209.9,3.24E+00,8.70E-04,17986
2026/8/23 11:00,MW2045B52647,O,A04022,-0.00376,53803.9,52637.5,3.24E+00,7.40E-04,18571
2026/8/23 11:00,MW2044B15744,O,A11474,-0.00562,50910.4,52550.8,3.24E+00,1.06E-03,18465
2026/8/23 11:00,MW2045B52648,O,A04022,-0.00984,51982.7,54203.1,3.24E+00,5.50E-04,18615
2026/8/23 10:59,MW2045B52798,O,A04022,-0.0019,51632.6,53703.5,3.24E+00,7.00E-04,18616
2026/8/23 10:59,MW2044B15745,O,A11474,-0.0083,51762.9,52608.1,3.24E+00,1.11E-03,18387
2026/8/23 10:59,MW2045B52785,O,A04022,-0.00634,53797.5,50784.9,3.24E+00,7.10E-04,18643
2026/8/23 10:59,MW2045B52580,O,A11474,-0.0058,53115.2,52563.1,3.24E+00,7.40E-04,18140
2026/8/23 10:58,MW2045B56191,O,A14368,-0.00599,52731.2,52835.9,3.24E+00,7.50E-04,18548
2026/8/23 10:58,MW2044B15746,O,A11474,-0.00487,52209.8,49815.8,3.24E+00,1.13E-03,18063
2026/8/23 10:58,MW2045B52649,O,A11474,-0.00808,53089.1,50914.9,3.24E+00,7.90E-04,18200
2026/8/23 10:58,MW2045B56036,O,A14368,-0.0014,52204.9,49756.6,3.24E+00,7.40E-04,18529
2026/8/23 10:57,MW2045B42464,O,A03070,-0.0061,52899.9,50207.3,3.24E+00,1.15E-03,18175
2026/8/23 10:57,MW2045B56021,O,A14368,-0.0067,50601.6,52004.6,3.24E+00,7.60E-04,18626
2026/8/23 10:57,MW2045B42438,O,A03070,-0.00997,51134.5,54431.6,3.24E+00,1.14E-03,18033
2026/8/23 10:57,MW2045B42469,O,A14368,-0.00116,53725.3,50477.8,3.24E+00,1.10E-03,18963
2026/8/23 10:56,MW2045B58832,O,A14368,-0.00182,52030.3,54289.7,3.23E+00,5.30E-04,18699
2026/8/23 10:55,MW2045B42422,O,A14368,-0.00984,53101.9,52955.6,3.24E+00,6.80E-04,18737
2026/8/23 10:55,MW2045B42465,O,A03070,-0.0044,54943.9,52771.1,3.24E+00,8.10E-04,18126
2026/8/23 10:55,MW2045B44703,O,A14368,-0.00256,52634.8,54630.5,3.23E+00,9.70E-04,18595
2026/8/23 10:55,MW2045B42439,O,A03070,-0.00749,51054.2,50196.5,3.23E+00,8.10E-04,18270
2026/8/23 10:54,MW2045B42468,O,A14368,-0.00573,50898.5,53353.2,3.24E+00,1.10E-03,18808
2026/8/23 10:54,MW2045B42426,O,A03070,-0.00102,51131.2,51031.4,3.24E+00,1.15E-03,18191
2026/8/23 10:54,MW2045B36759,O,A14368,-0.00598,51960.1,53703.3,3.23E+00,6.50E-04,18847
2026/8/23 10:54,MW2045B42421,O,A03070,-0.00836,51551.6,51554.7,3.24E+00,1.20E-03,18369
2026/8/23 10:54,MW2045B42425,O,A03070,-0.00509,53287.6,53719.6,3.24E+00,1.16E-03,18169
2026/8/23 10:53,MW2045B42423,O,A14368,-0.00707,52692.2,51365.7,3.24E+00,1.08E-03,18747
2026/8/23 10:53,MW2045B36755,O,A03070,-0.0099,52695.4,52766.6,3.24E+00,8.80E-04,18167
2026/8/23 10:53,MW2045B42466,O,A14368,-0.00458,52971.2,52537.3,3.24E+00,1.17E-03,18816
2026/8/23 10:53,MW2045B36756,O,A03070,-0.0023,52103.4,51779.5,3.24E+00,8.60E-04,18229
2026/8/23 10:53,MW2045B36758,O,A14368,-0.00895,54983.3,52348.9,3.23E+00,5.80E-04,18953
2026/8/23 10:52,MW2045B42467,O,A03070,-0.006,53887.7,50579.1,3.24E+00,1.26E-03,18439
2026/8/23 10:52,MW2044B15415,O,A15002,-0.00959,52630.6,51178.7,3.24E+00,8.00E-04,18565
2026/8/23 10:52,MW2045B36757,O,A03070,-0.00839,53962.2,50224.8,3.23E+00,8.70E-04,18224
2026/8/23 10:52,MW2044B15517,O,A15002,-0.00184,52809.5,53593.3,3.24E+00,5.70E-04,18492
2026/8/23 10:51,MW2045B42424,O,A03070,-0.00618,52101.9,53291.6,3.24E+00,1.03E-03,18023
2026/8/23 10:51,MW2044B15416,O,A15002,-0.00831,53294.2,52335.7,3.24E+00,8.30E-04,18626
2026/8/23 10:51,MW2044B15516,O,A15002,-0.00986,51037.1,54997.7,3.24E+00,6.20E-04,18465
2026/8/23 10:50,MW2044B15418,O,A15002,-0.00241,51816.9,54551.7,3.24E+00,8.30E-04,18534
2026/8/23 10:50,MW2044B15400,O,A15002,-0.0081,52013.3,49267.8,3.24E+00,7.70E-04,18827
2026/8/23 10:49,MW2044B15419,O,A15002,-0.00621,53259.8,49064.6,3.24E+00,8.40E-04,18561
2026/8/23 10:49,MW2044B15393,O,A15002,-0.0053,54862.8,51670.4,3.24E+00,8.90E-04,18538
2026/8/23 10:48,MW2044B15394,O,A15002,-0.00497,54232.4,52158.1,3.24E+00,8.90E-04,18674
2026/8/23 10:48,MW2044B15757,O,A15002,-0.00213,53400.2,49746.5,3.24E+00,9.50E-04,18532
2026/8/23 10:48,MW2044B15395,O,A15002,-0.0012,51240.1,53937.5,3.24E+00,9.20E-04,18626
2026/8/23 10:47,MW2044B15760,O,A15002,-0.00356,54740.8,50933.8,3.24E+00,8.70E-04,18630
2026/8/23 10:47,MW2045B42484,O,A07716,-0.00179,54982.8,50800.9,3.23E+00,1.02E-03,18743
2026/8/23 10:47,MW2045B42461,O,A17738,-0.00711,53718.4,52553.3,3.24E+00,1.16E-03,17826
2026/8/23 10:46,MW2045B44713,O,A07716,-0.00186,53900.3,54830.4,3.24E+00,1.02E-03,18790
2026/8/23 10:46,MW2045B44666,O,A17738,-0.00569,51714.2,54850.6,3.24E+00,1.57E-03,17855
2026/8/23 10:46,MW2045B56331,O,A07716,-0.0037,50999.2,52825.9,3.24E+00,8.10E-04,18679
2026/8/23 10:46,MW2045B42483,O,A17738,-0.00182,52503.4,53634.2,3.24E+00,1.17E-03,18287
2026/8/23 10:45,MW2045B44712,O,A07716,-0.00599,53937.7,50867.3,3.24E+00,9.70E-04,18802
2026/8/23 10:45,MW2045B44667,O,A17738,-0.00254,52689.6,49980.2,3.24E+00,1.58E-03,18123
2026/8/23 10:45,MW2045B44670,O,A07716,-0.00172,53285.2,50276.1,3.24E+00,1.47E-03,18692
2026/8/23 10:45,MW2045B44668,O,A17738,-0.00571,52911.4,49562.5,3.24E+00,1.45E-03,18098
2026/8/23 10:44,MW2045B42462,O,A17738,-0.00454,54287.7,51280.1,3.24E+00,1.23E-03,18298
2026/8/23 10:44,MW2045B44711,O,A07716,-0.0073,54236.9,50244.6,3.24E+00,1.15E-03,18682
2026/8/23 10:44,MW2045B44669,O,A17738,-0.00307,53646.5,49973.9,3.24E+00,1.14E-03,18146
2026/8/23 10:44,MW2045B57682,O,A07716,-0.00849,51322.3,49499.2,3.24E+00,7.40E-04,18624
2026/8/23 10:44,MW2045B42482,O,A17738,-0.00286,50870.8,54224.9,3.23E+00,7.70E-04,18060
2026/8/23 10:43,MW2045B55788,O,A07716,-0.00892,52201.2,49713.4,3.24E+00,7.10E-04,18549
2026/8/23 10:43,MW2045B42455,O,A17738,-0.00989,52434.8,51145.7,3.24E+00,1.13E-03,18410
2026/8/23 10:43,MW2045B55796,O,A07716,-0.00417,53091.8,53652.2,3.24E+00,0.00E+00,18703
2026/8/23 10:43,MW2045B42463,O,A17738,-0.00382,52873.1,52894.5,3.24E+00,1.16E-03,18174
2026/8/23 10:42,MW2045B42481,O,A17738,-0.00591,52323.8,50184.9,3.24E+00,1.09E-03,18040
2026/8/23 10:42,MW2045B42420,O,A17738,-0.0048,52052.4,51654.3,3.24E+00,9.10E-04,18250
2026/8/23 10:42,MW2045B59811,O,A04587,-0.0063,52993.1,54493.2,3.24E+00,8.90E-04,17889
2026/8/23 10:41,MW2045B59812,O,A04587,-0.0008,50342.3,51062.5,3.24E+00,7.70E-04,18024
2026/8/23 10:41,MW2045B59813,O,A04587,-0.00316,51586.3,50438.7,3.24E+00,7.80E-04,18023
2026/8/23 10:40,MW2045B59814,O,A04587,-0.00979,52928.2,53152.2,3.24E+00,7.40E-04,17959
2026/8/23 10:40,MW2044B27633,O,A04587,-0.0057,52733.3,51480.2,3.24E+00,5.90E-04,18194
2026/8/23 10:40,MW2017B00047,A46,A04587,-0.00335,53882.3,52168.2,3.22E+00,6.70E-04,18205
2026/8/23 10:39,MW2017B02947,O,A04587,-0.00473,50382.3,51510.9,3.21E+00,6.00E-04,18123
2026/8/23 10:39,MW2016B01785,O,A04587,-0.00329,52491.2,52772.4,3.22E+00,5.90E-04,18081
2026/8/23 10:38,MW2017B00029,O,A04587,-0.00179,53899.3,52348.5,3.22E+00,6.50E-04,18201
2026/8/23 10:38,MW2016B01782,O,A04587,-0.00671,54658.8,49796.1,3.22E+00,6.00E-04,18184
2026/8/23 10:37,MW2045B55780,O,A07716,-0.00871,52117.1,49726.3,3.24E+00,7.00E-04,18521
2026/8/23 10:37,MW2045B52584,O,A04587,-0.00343,51621.8,52792.4,3.24E+00,8.90E-04,18122
2026/8/23 10:37,MW2045B52582,O,A04587,-0.0088,52770.4,52221.7,3.23E+00,8.20E-04,18163
2026/8/23 10:37,MW2045B43169,CHH,A07716,-0.00887,54981.2,50505.6,3.23E+00,7.80E-04,18816
2026/8/23 10:37,MW2045B46176,O,A24524,-0.00635,53547.3,53353.5,3.24E+00,1.01E-03,17923
2026/8/23 10:37,MW2017B09153,O,A07716,-0.00153,53302.4,51498.2,3.22E+00,6.30E-04,18948
2026/8/23 10:36,MW2045B46173,O,A24524,-0.00864,51796.4,50693.4,3.25E+00,1.67E-03,17817
2026/8/23 10:36,MW2017B09152,O,A03335,-0.00506,50940.1,50454.6,3.22E+00,6.00E-04,18946
2026/8/23 10:36,MW2045B46168,O,A24524,-0.00437,53397.3,52598.1,3.24E+00,1.24E-03,17947
2026/8/23 10:36,MW2017B09151,O,A03335,-0.00821,53872.4,50754.7,3.22E+00,7.10E-04,18975
2026/8/23 10:35,MW2044B27634,O,A24524,-0.00219,50730.9,53061.4,3.24E+00,6.00E-04,18178
2026/8/23 10:35,MW2017B09150,O,A03335,-0.00221,54907.2,49394.2,3.21E+00,7.00E-04,18888
2026/8/23 10:35,MW2045B46157,O,A24524,-0.00673,52864.6,54429.7,3.24E+00,1.12E-03,17885
2026/8/23 10:35,MW2017B06187,O,A03335,-0.00726,50416.9,51927.1,3.22E+00,5.30E-04,18769
2026/8/23 10:35,MW2044B27908,O,A24524,-0.00826,54478.7,49255.9,3.24E+00,8.70E-04,18204
2026/8/23 10:34,MW2017B06188,O,A03335,-0.00122,52514.2,50409.9,3.22E+00,5.10E-04,18770
2026/8/23 10:34,MW2045B59932,O,A24524,-0.00464,54673.9,49651.6,3.24E+00,7.90E-04,18125
2026/8/23 10:34,MW2017B04807,O,A03335,-0.00905,53711.1,49071.9,0.00E+00,0.00E+00,19100
2026/8/23 10:34,MW2045B59929,O,NULL,-0.00713,53086.6,51163.3,3.24E+00,8.90E-04,18034
2026/8/23 10:31,MW2045B59931,O,A24524,-0.00214,54932.8,52585.7,3.24E+00,8.70E-04,18037
2026/8/23 10:30,MW2045B59919,O,A24524,-0.00463,52718.9,49859.5,3.24E+00,8.80E-04,18017
2026/8/23 10:30,MW2045B59909,O,A24524,-0.00724,54040.7,52910.4,3.24E+00,6.00E-04,18053
2026/8/23 10:30,MW2045B59918,O,A24524,-0.00291,51213.7,53955.1,3.24E+00,8.40E-04,18029
2026/8/23 10:29,MW2045B67963,O,A03072,-0.00695,51633.8,52309.3,3.24E+00,6.00E-04,18178
2026/8/23 10:29,MW2045B68138,O,A03072,-0.0078,53926.1,54442.5,3.24E+00,6.20E-04,18227
2026/8/23 10:29,MW2045B68140,O,A03072,-0.00845,51147.3,54042.5,3.24E+00,6.20E-04,18239
2026/8/23 10:28,MW2045B68139,O,A03072,-0.00735,50548.3,50553.8,3.24E+00,6.10E-04,17987
2026/8/23 10:28,MW2045B38878,A45,A03072,-0.003,52774.4,49491.5,3.24E+00,7.10E-04,17994
2026/8/23 10:27,MW2045B59927,O,A03072,-0.00108,51249.6,52051.6,3.24E+00,7.70E-04,18094
2026/8/23 10:27,MW2045B59928,O,A03072,-0.00477,54155.6,53538.1,3.24E+00,8.00E-04,18074
2026/8/23 10:27,MW2044B27870,O,A03072,-0.00678,52866.3,52591.5,3.24E+00,8.60E-04,17964
2026/8/23 10:26,MW2044B27941,O,A03072,-0.00299,51428.8,51472.4,3.24E+00,8.90E-04,17965
2026/8/23 10:26,MW2044B27939,O,A03072,-0.00543,54902.2,51613.6,3.24E+00,8.90E-04,18170
2026/8/23 10:25,MW2044B27940,O,A03072,-0.0095,53712.2,53648.3,3.24E+00,8.40E-04,18004
2026/8/23 10:25,MW2044B27935,O,A03072,-0.00458,54142.6,50677.1,3.24E+00,8.70E-04,18004
2026/8/23 10:25,MW2045B69630,O,A24055,-0.00343,50335.1,51041.6,3.24E+00,5.90E-04,18217
2026/8/23 10:24,MW2045B68118,O,A24055,-0.00254,54335.2,53934.4,3.24E+00,6.00E-04,17891
2026/8/23 10:24,MW2045B68122,O,A24055,-0.00551,51935.6,52076.3,3.24E+00,6.30E-04,18040
2026/8/23 10:23,MW2045B46320,O,A24055,-0.00724,53241.8,53059.6,3.24E+00,8.70E-04,17801
2026/8/23 10:23,MW2017B04730,O,A03335,-0.00259,52088.1,51287.9,3.22E+00,4.90E-04,18529
2026/8/23 10:23,MW2045B68106,O,A24055,-0.00767,53999.7,51670.2,3.24E+00,6.20E-04,18283
2026/8/23 10:23,MW2017B04810,O,A03335,-0.00277,54444.5,51130.8,3.22E+00,5.40E-04,18779
2026/8/23 10:23,MW2045B68107,O,A24055,-0.00652,52833.5,50501.6,3.24E+00,6.00E-04,18000
2026/8/23 10:22,MW2017B04731,O,A03335,-0.00141,52622.9,53419.1,3.22E+00,5.00E-04,18804
2026/8/23 10:22,MW2045B68108,O,A24055,-0.0054,51068.9,54729.3,3.24E+00,6.30E-04,18187
2026/8/23 10:22,MW2017B04740,O,A03335,-0.0083,52904.7,49281.7,3.22E+00,5.00E-04,18924
2026/8/23 10:22,MW2045B68105,O,A24055,-0.00774,51356.6,49293.4,3.24E+00,6.00E-04,18098
2026/8/23 10:21,MW2017B04896,O,A03335,-0.00655,52384.9,52364.8,3.22E+00,5.10E-04,18719
2026/8/23 10:21,MW2045B68109,O,A24055,-0.00484,51123.9,54432.9,3.24E+00,6.00E-04,18196
2026/8/23 10:21,MW2017B09620,O,A03335,-0.0016,54337.6,49809.6,3.22E+00,6.90E-04,19075
2026/8/23 10:20,MW2017B09621,O,A03643,-0.00186,51478.8,50538.8,3.22E+00,7.60E-04,18927
2026/8/23 10:20,MW2045B67971,O,A24055,-0.00526,51779.3,52012.7,3.24E+00,5.90E-04,18124
2026/8/23 10:20,MW2017B09622,O,A03643,-0.00562,53308.7,51531.7,3.21E+00,7.00E-04,19105
2026/8/23 10:20,MW2045B68104,O,A24055,-0.00187,52976.2,54675.8,3.24E+00,6.20E-04,18227
2026/8/23 10:19,MW2016B01673,O,A03643,-0.00526,54848.1,54027.9,3.22E+00,5.30E-04,19033
2026/8/23 10:19,MW2045B68137,O,A24055,-0.00626,54264.1,53427.2,3.24E+00,6.10E-04,17995
2026/8/23 10:19,MW2017B03915,O,A03643,-0.00525,54890.8,52192.1,3.22E+00,4.80E-04,18820
2026/8/23 10:19,MW2045B55249,O,A20039,-0.00942,52377.1,50643.8,3.24E+00,8.50E-04,17974
2026/8/23 10:19,MW2017B09154,O,A03643,-0.00986,51505.9,53825.5,3.20E+00,6.70E-04,18894
2026/8/23 10:19,MW2045B55220,O,A20039,-0.00455,51649.1,50841.4,3.24E+00,6.60E-04,18018
2026/8/23 10:18,MW2017B00055,O,A03643,-0.00722,51146.5,54640.8,3.22E+00,5.30E-04,18823
2026/8/23 10:18,MW2045B55215,O,A20039,-0.00523,51209.1,51062.1,3.24E+00,6.40E-04,17969
2026/8/23 10:18,MW2017B09155,O,A03643,-0.0011,54170.1,50382.5,3.21E+00,7.20E-04,18930
2026/8/23 10:17,MW2045B60506,O,A20039,-0.00774,53619.5,50268.1,3.24E+00,8.00E-04,17907
2026/8/23 10:17,MW2017B09186,O,A03643,-0.00442,54294.1,51250.8,3.22E+00,6.30E-04,18974
2026/8/23 10:17,MW2045B60505,O,A20039,-0.0076,54282.1,52535.7,3.24E+00,7.20E-04,18158
2026/8/23 10:17,MW2017B16651,O,A03643,-0.00754,53527.5,53233.2,3.22E+00,5.70E-04,18675
2026/8/23 10:17,MW2045B60503,O,A20039,-0.00917,51152.9,49295.8,3.24E+00,7.60E-04,18182
2026/8/23 10:16,MW2017B09187,O,A03643,-0.00992,52770.9,54904.1,3.22E+00,5.50E-04,18726
2026/8/23 10:16,MW2045B60559,O,A20039,-0.00806,51300.1,49356.9,3.24E+00,8.10E-04,18201
2026/8/23 10:16,MW2017B16653,O,A03643,-0.00234,52054.5,49824.5,3.21E+00,5.80E-04,18515
2026/8/23 10:16,MW2045B60582,O,A20039,-0.0039,52071.9,54962.6,3.24E+00,8.00E-04,18208
2026/8/23 10:15,MW2017B09188,O,A03643,-0.00449,54204.2,49325.5,3.20E+00,7.10E-04,18696
2026/8/23 10:15,MW2045B55239,O,A20039,-0.0097,51367.3,53906.2,3.24E+00,9.00E-04,18028
2026/8/23 10:15,MW2043B08292,O,A07236,-0.00204,50374.4,50702.5,3.23E+00,7.00E-04,18737
2026/8/23 10:15,MW2045B09184,O,A20039,-0.00385,53258.4,49170.1,3.24E+00,6.90E-04,18075
2026/8/23 10:15,MW2042B04689,O,A07236,-0.00584,53580.7,50943.9,3.23E+00,6.80E-04,18950
2026/8/23 10:15,MW2045B09043,O,A20039,-0.00514,53337.5,51705.5,3.23E+00,6.80E-04,18099
2026/8/23 10:14,MW2043B07488,O,A07236,-0.0033,52659.9,49422.9,3.23E+00,7.80E-04,18858
2026/8/23 10:14,MW2045B40212,O,A20039,-0.00559,53009.4,50188.5,3.24E+00,1.30E-03,18051
2026/8/23 10:14,MW2045B52698,O,A16748,-0.00473,51896.5,50403.5,3.23E+00,8.70E-04,18030
2026/8/23 10:14,MW2042B03798,O,A07236,-0.00228,52344.7,53472.6,3.23E+00,6.20E-04,18860
2026/8/23 10:13,MW2017B09203,O,A16748,-0.00808,53338.6,49432.3,3.22E+00,7.40E-04,18065
2026/8/23 10:13,MW2043B03684,O,A07236,-0.00625,50619.1,51923.5,3.23E+00,8.10E-04,18709
2026/8/23 10:13,MW2017B09205,O,A16748,-0.0022,54658.2,50795.4,3.22E+00,7.00E-04,18289
2026/8/23 10:13,MW2043B07486,O,A07236,-0.00374,54534.6,54881.5,3.23E+00,8.00E-04,18775
2026/8/23 10:12,MW2017B09122,O,A16748,-0.00659,50430.3,52253.1,3.22E+00,7.40E-04,18172
2026/8/23 10:12,MW2043B03685,O,A07236,-0.00976,52639.8,51102.9,3.23E+00,8.10E-04,18918
2026/8/23 10:12,MW2017B09123,O,A16748,-0.00608,50560.9,53801.2,3.22E+00,6.90E-04,18190
2026/8/23 10:12,MW2043B03807,O,A07236,-0.00777,53910.7,52647.6,3.22E+00,6.20E-04,18731
2026/8/23 10:12,MW2017B16681,O,A16748,-0.00884,51963.3,51524.3,3.22E+00,6.20E-04,17939
2026/8/23 10:11,MW2042B05821,O,A07236,-0.00541,51486.5,52303.8,0.00E+00,0.00E+00,18901
2026/8/23 10:11,MW2017B09198,O,A16748,-0.00989,53605.6,52276.1,3.22E+00,7.30E-04,18228
2026/8/23 10:11,MW2017B16668,O,A16748,-0.00367,51304.1,50969.4,3.21E+00,7.00E-04,18046
2026/8/23 10:10,MW2017B09236,O,A16748,-0.00783,53527.9,49503.6,3.22E+00,8.30E-04,18266
2026/8/23 10:10,MW2017B16655,O,A16748,-0.00959,53820.7,49681.6,3.22E+00,6.80E-04,17885
2026/8/23 10:10,MW2017B09189,O,A16748,-0.00251,53071.8,54865.7,3.22E+00,7.20E-04,18366
2026/8/23 10:09,MW2017B16654,O,A16748,-0.0065,54159.4,51692.8,3.22E+00,7.30E-04,18009
2026/8/23 10:09,MW2043B09851,O,A05351,-0.00192,54941.5,49279.7,3.23E+00,7.90E-04,18346
2026/8/23 10:08,MW2042B04672,O,A05351,-0.0089,51406.1,53628.5,3.23E+00,8.40E-04,18030
2026/8/23 10:08,MW2043B08294,O,A05351,-0.00888,54010.3,52984.5,3.23E+00,7.30E-04,18207
2026/8/23 10:08,MW2043B04039,O,A05351,-0.00531,51628.4,49168.6,3.23E+00,9.90E-04,18221
2026/8/23 10:07,MW2043B08293,O,A05351,-0.00537,54349.6,54162.4,3.22E+00,8.60E-04,18352
2026/8/23 10:07,MW2042B04673,O,A05351,-0.001,53603.4,50405.2,3.23E+00,9.00E-04,18036
2026/8/23 10:06,MW2043B08295,O,A05351,-0.00748,54402.1,51671.4,3.23E+00,7.30E-04,18222
2026/8/23 10:06,MW2042B03609,O,A05351,-0.00658,51454.5,53693.4,3.23E+00,8.40E-04,18481
2026/8/23 10:06,MW2042B02863,O,A05351,-0.00265,54647.1,50352.9,3.23E+00,1.03E-03,18424
2026/8/23 10:05,MW2043B02312,O,A05351,-0.00332,51616.9,49503.5,3.23E+00,7.80E-04,18266
2026/8/23 10:05,MW2042B02864,O,A05351,-0.00563,54112.9,52963.6,3.23E+00,1.04E-03,18429
2026/8/23 10:04,MW2043B02355,O,A05351,-0.00684,50443.2,51467.2,3.23E+00,8.30E-04,18117
2026/8/23 10:04,MW2042B06833,O,A07236,-0.00359,50622.3,51882.4,3.23E+00,9.90E-04,18743
2026/8/23 10:04,MW2042B04687,O,A00475,-0.00212,54020.3,52022.3,3.23E+00,1.06E-03,18267
2026/8/23 10:04,MW2043B03698,O,A07236,-0.00443,53451.5,51756.9,3.23E+00,8.60E-04,18698
2026/8/23 10:04,MW2042B06809,O,A00475,-0.00163,54250.2,49390.1,3.22E+00,1.18E-03,18365
2026/8/23 10:03,MW2042B06774,O,A07236,-0.00117,50659.2,49099.3,3.23E+00,1.19E-03,18948
2026/8/23 10:03,MW2042B06821,O,A00475,-0.00802,51341.6,50891.4,3.23E+00,1.22E-03,18203
2026/8/23 10:03,MW2042B06820,O,A06290,-0.00158,53929.1,50717.5,3.23E+00,1.11E-03,18841
2026/8/23 10:03,MW2043B03702,O,A00475,-0.00283,50330.3,51313.1,3.23E+00,1.03E-03,18153
2026/8/23 10:02,MW2042B06817,O,A06290,-0.0074,53555.3,49392.6,3.23E+00,6.50E-04,18952
2026/8/23 10:02,MW2042B06811,O,A00475,-0.00847,50911.6,53760.2,3.23E+00,1.19E-03,18491
2026/8/23 10:02,MW2043B04212,O,A06290,-0.00456,52689.9,52899.9,3.23E+00,6.80E-04,18590
2026/8/23 10:02,MW2042B06954,O,A00475,-0.00929,54149.8,53926.8,3.23E+00,7.50E-04,18238
2026/8/23 10:01,MW2042B04686,O,A06290,-0.0048,53520.4,50900.8,3.23E+00,9.30E-04,18825
2026/8/23 10:01,MW2042B06953,O,A06290,-0.00353,52357.4,49393.7,3.23E+00,9.10E-04,18875
2026/8/23 10:01,MW2042B06777,O,A00475,-0.0048,52129.1,54158.7,3.24E+00,1.32E-03,18511
2026/8/23 10:01,MW2043B04112,O,A06290,-0.00384,53513.9,53210.8,3.23E+00,6.50E-04,18549
2026/8/23 10:01,MW2043B03703,O,A00475,-0.00996,54507.9,54869.4,3.23E+00,8.70E-04,18275
2026/8/23 10:00,MW2042B01816,O,A00475,-0.00236,54717.4,49993.1,3.23E+00,7.70E-04,18178
2026/8/23 10:00,MW2043B04195,O,A06290,-0.00433,52422.5,51908.4,3.23E+00,6.90E-04,18474
2026/8/23 10:00,MW2043B03808,O,A00475,-0.00864,54022.3,50568.8,3.22E+00,8.70E-04,18360
2026/8/23 10:00,MW2043B04092,O,A06290,-0.0088,54142.8,54800.8,3.23E+00,6.90E-04,18810
2026/8/23 09:59,MW2042B06771,O,A00475,-0.00252,52957.7,50323.3,3.23E+00,1.12E-03,18161
2026/8/23 09:59,MW2043B04060,O,A06290,-0.00228,50374.4,52279.5,3.23E+00,6.30E-04,18555
2026/8/23 09:59,MW2043B03699,O,A00475,-0.00411,51440.6,51605.8,3.23E+00,8.90E-04,18067
2026/8/23 09:59,MW2042B06772,O,A06290,-0.00622,54080.4,52037.9,3.23E+00,6.90E-04,18961
2026/8/23 09:58,MW2042B06778,O,A06290,-0.00479,53086.4,51223.8,3.23E+00,1.11E-03,18934
2026/8/23 09:58,MW2042B05657,O,A25204,-0.00856,54725.3,53842.6,3.24E+00,1.20E-03,18218
2026/8/23 09:58,MW2042B04735,O,A06290,-0.00237,54600.1,50823.5,3.23E+00,6.60E-04,18651
2026/8/23 09:58,MW2043B02356,O,A25204,-0.00122,54085.1,50554.1,3.23E+00,9.30E-04,18373
2026/8/23 09:57,MW2042B03299,O,A25204,-0.00851,50620.7,51987.2,3.23E+00,9.30E-04,18396
2026/8/23 09:57,MW2045B22227,O,A20721,-0.00218,54255.5,50384.4,3.23E+00,5.10E-04,18859
2026/8/23 09:57,MW2042B03298,O,A25204,-0.00185,53386.1,53619.7,3.23E+00,9.40E-04,18411
2026/8/23 09:57,MW2045B22226,O,A20721,-0.00212,52325.3,49463.9,3.23E+00,8.10E-04,18763
2026/8/23 09:57,MW2042B03297,O,A25204,-0.00658,54428.6,50782.8,3.22E+00,7.40E-04,18429
2026/8/23 09:56,MW2045B13140,B46,A20721,-0.00335,52273.9,54152.5,3.23E+00,6.90E-04,18961
2026/8/23 09:56,MW2042B03124,O,A25204,-0.00373,52755.7,54910.2,3.23E+00,8.30E-04,18545
2026/8/23 09:56,MW2045B02115,O,A20721,-0.00558,51716.6,54663.6,3.23E+00,6.60E-04,18323
2026/8/23 09:56,MW2042B04739,O,A25204,-0.00641,50674.1,50041.6,3.23E+00,1.09E-03,18138
2026/8/23 09:56,MW2045B02110,O,A20721,-0.00456,52468.2,52296.5,3.23E+00,6.40E-04,18529
2026/8/23 09:55,MW2042B04738,O,A25204,-0.00553,51395.7,54822.2,3.23E+00,1.00E-03,18347
2026/8/23 09:55,MW2044B00596,O,A20721,-0.00207,52480.8,50605.8,3.23E+00,1.06E-03,18544
2026/8/23 09:55,MW2042B04711,O,A25204,-0.00598,53143.7,51622.4,3.23E+00,7.00E-04,18151
2026/8/23 09:55,MW2044B00643,O,A20721,-0.0085,52326.4,53500.5,3.23E+00,7.00E-04,18712
2026/8/23 09:55,MW2042B03120,O,A25204,-0.00602,53067.1,52124.6,3.23E+00,8.30E-04,18516
2026/8/23 09:54,MW2044B00577,O,A20721,-0.00497,52190.1,50089.3,3.23E+00,6.30E-04,18623
2026/8/23 09:54,MW2042B04713,O,A25204,-0.00926,52770.1,54046.3,3.23E+00,7.10E-04,18224
2026/8/23 09:54,MW2044B00457,O,A20721,-0.009,50771.8,49520.7,3.23E+00,9.90E-04,18584
2026/8/23 09:54,MW2042B04712,O,A25204,-0.00344,54031.7,52497.4,3.23E+00,7.10E-04,18100
2026/8/23 09:53,MW2044B01304,O,A20721,-0.0078,54266.3,52606.3,0.00E+00,0.00E+00,18529
2026/8/23 09:53,MW2042B02501,O,A24516,-0.00455,50955.7,54317.8,0.00E+00,0.00E+00,18346
2026/8/23 09:53,MW2042B05622,O,A24516,-0.0077,53730.4,50999.3,3.23E+00,7.20E-04,18488
2026/8/23 09:52,MW2043B01095,O,A24516,-0.00346,53218.8,52343.7,3.23E+00,8.50E-04,18277
2026/8/23 09:50,MW2042B05623,O,A24516,-0.00818,54053.2,54646.7,3.23E+00,7.00E-04,18434
2026/8/23 09:49,MW2043B01096,O,A24516,-0.0077,51615.7,54593.3,3.23E+00,8.30E-04,18288
2026/8/23 09:49,MW2042B05661,O,A24516,-0.00923,50760.7,53212.9,3.23E+00,9.10E-04,18304
2026/8/23 09:48,MW2043B01093,O,A24516,-0.00191,54492.5,51209.2,3.23E+00,8.20E-04,18259
2026/8/23 09:48,MW2042B05658,O,A24516,-0.0066,53071.3,53687.7,3.23E+00,1.13E-03,18265
2026/8/23 09:48,MW2043B01094,O,A24516,-0.00624,50352.8,53888.5,3.22E+00,8.10E-04,18321
2026/8/23 09:47,MW2043B01091,O,A24516,-0.00307,53221.2,53113.7,3.22E+00,7.50E-04,18537
2026/8/23 09:47,MW2042B05656,O,A24516,-0.00954,52483.7,50156.5,3.24E+00,1.14E-03,18297
2026/8/23 09:46,MW2042B07693,O,A24516,-0.00541,51696.1,50906.6,3.23E+00,8.40E-04,18211
2026/8/23 09:46,MW2043B09692,O,A03478,-0.0011,53226.8,53338.5,3.23E+00,1.08E-03,18325
2026/8/23 09:45,MW2043B02450,O,A03478,-0.00666,53469.3,54924.9,3.23E+00,7.70E-04,18426
2026/8/23 09:45,MW2041B08016,O,A03478,-0.00948,50776.9,51021.1,3.00E+00,7.00E-04,18125
2026/8/23 09:45,MW2043B08815,O,A03478,-0.00292,54250.1,52995.3,3.23E+00,9.00E-04,18351
2026/8/23 09:44,MW2041B06633,O,A03478,-0.00515,54114.5,50193.3,3.23E+00,1.12E-03,18391
2026/8/23 09:44,MW2043B09694,O,A03478,-0.00376,51463.2,53106.9,3.23E+00,9.70E-04,18189
2026/8/23 09:43,MW2043B08814,O,A03478,-0.00579,52458.2,49676.1,3.23E+00,8.80E-04,18190
2026/8/23 09:43,MW2041B08032,O,A03478,-0.00898,53714.8,53987.5,3.23E+00,7.80E-04,17985
2026/8/23 09:43,MW2043B08849,O,A03478,-0.00607,54959.6,50343.7,3.23E+00,8.60E-04,18399
2026/8/23 09:42,MW2044B01340,O,A20721,-0.00369,52997.9,52684.7,3.23E+00,1.55E-03,18477
2026/8/23 09:42,MW2044B00453,O,A20721,-0.0002,52066.3,54523.9,3.23E+00,7.00E-04,18751
2026/8/23 09:42,MW2041B08011,O,A03478,-0.00451,51106.9,53901.6,2.94E+00,7.30E-04,18077
2026/8/23 09:42,MW2043B08816,O,A18739,-0.00588,52453.8,50371.5,3.23E+00,7.20E-04,18687
2026/8/23 09:42,MW2043B09695,O,A03478,-0.00326,51985.7,54382.1,3.23E+00,7.50E-04,18160
2026/8/23 09:41,MW2043B03809,O,A18739,-0.00228,52826.8,53208.7,3.23E+00,7.20E-04,18954
2026/8/23 09:41,MW2041B10190,O,A03478,-0.00391,53144.3,52558.8,2.96E+00,7.70E-04,18104
2026/8/23 09:41,MW2043B05373,O,A18739,-0.00275,50985.8,49735.8,3.23E+00,6.80E-04,18609
2026/8/23 09:41,MW2042B09678,O,A00201,-0.00732,53055.4,53894.1,3.23E+00,6.70E-04,18075
2026/8/23 09:40,MW2042B03306,O,A00201,-0.00469,52913.7,52291.4,3.23E+00,9.60E-04,18456
2026/8/23 09:40,MW2043B08757,O,A18739,-0.00332,54185.8,54552.3,3.23E+00,8.30E-04,18939
2026/8/23 09:40,MW2043B08860,O,A18739,-0.00752,51977.3,50608.5,3.22E+00,7.70E-04,18767
2026/8/23 09:40,MW2043B08810,O,A00201,-0.00416,53220.6,51936.7,3.23E+00,8.90E-04,18254
2026/8/23 09:39,MW2042B09676,O,A00201,-0.00431,51440.6,53486.6,3.23E+00,8.90E-04,18357
2026/8/23 09:39,MW2043B08817,O,A18739,-0.00291,51233.6,51306.6,3.23E+00,8.10E-04,18824
2026/8/23 09:39,MW2043B09693,O,A18739,-0.00161,53544.9,54775.2,3.23E+00,6.70E-04,18804
2026/8/23 09:39,MW2043B00047,O,A00201,-0.00987,52317.5,53743.5,3.23E+00,9.40E-04,18272
2026/8/23 09:38,MW2043B09276,O,A18739,-0.004,51892.8,51606.8,3.23E+00,8.50E-04,18771
2026/8/23 09:38,MW2043B00046,O,A00201,-0.00634,50843.5,51497.3,3.23E+00,1.40E-03,18185
2026/8/23 09:38,MW2043B08756,O,A18739,-0.0057,54569.3,53251.6,3.23E+00,8.20E-04,18730
2026/8/23 09:38,MW2043B08811,O,A00201,-0.00837,54524.3,50730.6,3.23E+00,9.20E-04,18423
2026/8/23 09:37,MW2042B03118,O,A00201,-0.00518,54837.2,49463.8,3.23E+00,8.40E-04,18539
2026/8/23 09:37,MW2043B09690,O,A18739,-0.00819,54731.6,51023.4,3.23E+00,6.60E-04,18638
2026/8/23 09:37,MW2043B08754,O,A18739,-0.00625,51552.8,49945.4,3.23E+00,8.10E-04,18543
2026/8/23 09:37,MW2042B09700,O,A00201,-0.0019,50720.3,49816.2,3.23E+00,6.50E-04,18109
2026/8/23 09:37,MW2043B09274,O,A18739,-0.00916,53572.6,49710.6,2.91E+00,6.10E-04,18778
2026/8/23 09:37,MW2042B09693,O,A00201,-0.00774,54243.4,51969.7,3.23E+00,6.70E-04,18226
2026/8/23 09:36,MW2043B00048,O,A16567,-0.00605,51483.2,53462.8,3.23E+00,8.20E-04,18634
2026/8/23 09:36,MW2041B08027,O,A00201,-0.00763,51084.2,49432.7,3.22E+00,8.30E-04,17825
2026/8/23 09:36,MW2042B03283,O,A16567,-0.0063,52156.8,52602.2,3.23E+00,5.40E-04,18773
2026/8/23 09:36,MW2043B08755,O,A00201,-0.00687,52530.1,50347.5,3.23E+00,9.00E-04,18282
2026/8/23 09:35,MW2042B09677,O,A16567,-0.00785,50598.9,51750.3,3.23E+00,7.80E-04,18711
2026/8/23 09:35,MW2042B03103,O,A06562,-0.00675,51296.5,49465.9,3.23E+00,9.30E-04,18474
2026/8/23 09:35,MW2043B07504,O,A16567,-0.00606,54635.8,49532.6,3.23E+00,7.10E-04,18875
2026/8/23 09:35,MW2016B03404,O,A06562,-0.006,54852.7,49947.7,3.22E+00,6.30E-04,18050
2026/8/23 09:34,MW2043B08285,O,A16567,-0.00821,53288.4,54684.4,3.23E+00,7.30E-04,18689
2026/8/23 09:34,MW2042B03102,O,A06562,-0.00139,50601.1,49806.6,3.23E+00,9.80E-04,18414
2026/8/23 09:34,MW2019B01107,O,A06562,-0.00476,50955.2,50513.4,3.22E+00,7.10E-04,18115
2026/8/23 09:34,MW2043B08287,O,A16567,-0.00977,53577.2,51516.4,3.23E+00,8.60E-04,18609
2026/8/23 09:34,MW2019B07604,O,A06562,-0.005,54200.5,53979.8,3.22E+00,7.20E-04,18018
2026/8/23 09:33,MW2043B07502,O,A16567,-0.00734,51989.4,53373.6,3.23E+00,7.70E-04,18854
2026/8/23 09:33,MW2043B08288,O,A16567,-0.00583,52944.5,51326.1,3.23E+00,6.60E-04,18757
2026/8/23 09:33,MW2016B03403,O,A06562,-0.00836,53894.7,54685.6,3.22E+00,6.40E-04,17942
2026/8/23 09:32,MW2043B07509,O,A16567,-0.00724,53506.3,50800.4,3.23E+00,7.50E-04,18960
2026/8/23 09:32,MW2017B14954,O,A06562,-0.00741,50591.5,50020.6,3.22E+00,9.70E-04,18186
2026/8/23 09:32,MW2042B04863,AC20,A16567,-0.0049,52506.1,54310.8,3.23E+00,1.03E-03,18850
2026/8/23 09:32,MW2017B20197,O,A06562,-0.00866,50769.3,49819.9,3.23E+00,7.30E-04,17965
2026/8/23 09:32,MW2043B08289,O,A16567,-0.00153,51902.7,54491.1,3.23E+00,7.80E-04,18846
2026/8/23 09:32,MW2017B29377,O,A06562,-0.00804,51783.5,53617.9,3.22E+00,8.60E-04,18021
2026/8/23 09:31,MW2043B08290,O,A16567,-0.00944,53775.6,49263.4,3.23E+00,6.50E-04,18681
2026/8/23 09:31,MW2043B08291,O,A06562,-0.00156,50554.7,49495.2,3.23E+00,7.30E-04,18223
2026/8/23 09:31,MW2042B03301,O,A03707,-0.00201,50801.3,50506.3,3.23E+00,8.60E-04,18772
2026/8/23 09:30,MW2043B08286,O,A06562,-0.00725,54311.9,52358.1,3.23E+00,7.70E-04,18284
2026/8/23 09:29,MW2017B23497,O,A03707,-0.0051,52575.2,51146.6,3.22E+00,5.80E-04,18462
2026/8/23 09:29,MW2025B00978,O,A06562,-0.0068,53516.1,54240.6,3.22E+00,6.40E-04,18186
2026/8/23 09:29,MW2017B23494,O,A03707,-0.0094,50990.9,50761.2,3.23E+00,5.80E-04,18424
2026/8/23 09:29,MW2042B06813,O,A04490,-0.00906,51996.1,54572.2,3.23E+00,1.20E-03,18295
2026/8/23 09:28,MW2042B03302,O,A03707,-0.00874,50514.4,50080.9,3.23E+00,8.30E-04,18843
2026/8/23 09:28,MW2045B02120,O,A04490,-0.00598,52326.7,51360.9,3.23E+00,6.50E-04,18060
2026/8/23 09:28,MW2017B20198,O,A03707,-0.00311,51389.1,52303.8,3.23E+00,6.10E-04,18659
2026/8/23 09:28,MW2042B06815,O,A04490,-0.00291,53077.7,53392.6,3.23E+00,1.27E-03,18386
2026/8/23 09:28,MW2042B03303,O,A03707,-0.00413,52295.7,52280.5,3.23E+00,8.40E-04,18998
2026/8/23 09:28,MW2042B06816,O,A04490,-0.00734,51337.8,52567.2,3.23E+00,1.22E-03,18059
2026/8/23 09:27,MW2042B06810,O,A04490,-0.00249,52781.5,51990.3,3.23E+00,1.17E-03,18313
2026/8/23 09:27,MW2042B03304,O,A03707,-0.00771,52602.4,49878.4,3.23E+00,8.70E-04,18827
2026/8/23 09:27,MW2042B06818,O,A04490,-0.00208,52017.8,53615.6,3.23E+00,1.21E-03,18209
2026/8/23 09:27,MW2043B04327,O,A03707,-0.00689,54580.7,50343.8,3.23E+00,8.70E-04,18636
2026/8/23 09:26,MW2043B04111,O,A04490,-0.00756,51738.7,52917.8,3.23E+00,8.20E-04,18115
2026/8/23 09:26,MW2042B03305,O,A03707,-0.00402,50765.2,52202.2,3.23E+00,7.90E-04,18787
2026/8/23 09:26,MW2043B04125,O,A04490,-0.00741,53390.9,50139.6,3.23E+00,9.30E-04,18093
2026/8/23 09:26,MW2043B07500,O,A03707,-0.007,53737.7,53316.1,3.23E+00,7.50E-04,18850
2026/8/23 09:26,MW2042B05654,O,A04490,-0.00522,50911.9,52381.1,3.24E+00,1.19E-03,18123
2026/8/23 09:25,MW2042B04734,O,A03707,-0.00252,50624.5,50806.9,3.23E+00,7.80E-04,18676
2026/8/23 09:25,MW2042B05655,O,A04490,-0.00643,51891.8,49644.1,3.23E+00,1.14E-03,18153
2026/8/23 09:25,MW2043B00374,O,A03707,-0.00172,50713.1,52345.1,3.24E+00,6.20E-04,18633
2026/8/23 09:25,MW2043B00375,O,A04490,-0.00329,52250.9,53762.6,3.24E+00,7.40E-04,18382
2026/8/23 09:24,MW2042B03114,O,A04490,-0.00828,53163.2,52285.9,3.23E+00,7.80E-04,18479
2026/8/23 09:22,MW2045B02121,O,A12742,-0.00689,51819.7,53445.6,3.22E+00,6.40E-04,18392
2026/8/23 09:22,MW2042B04882,AC20,A04459,-0.00921,52769.1,52355.1,3.23E+00,9.60E-04,18604
2026/8/23 09:22,MW2042B06812,O,A12742,-0.00284,53525.2,52078.7,3.23E+00,1.09E-03,18837
2026/8/23 09:21,MW2045B02111,O,A12742,-0.00466,50920.6,49644.7,3.23E+00,6.70E-04,18532
2026/8/23 09:21,MW2042B04878,CHH,A04459,-0.00863,53443.5,54348.1,3.23E+00,6.10E-04,18407
2026/8/23 09:21,MW2042B06773,O,A12742,-0.0096,54054.6,52398.8,3.22E+00,1.00E-03,18756
2026/8/23 09:21,MW2043B05301,O,A04459,-0.00197,51864.6,52165.2,3.23E+00,7.20E-04,18435
2026/8/23 09:20,MW2042B05820,O,A12742,-0.0083,50666.9,49924.2,3.24E+00,1.06E-03,18971
2026/8/23 09:20,MW2042B07973,AC20,A04459,-0.0035,54798.1,52863.4,3.23E+00,8.30E-04,18473
2026/8/23 09:20,MW2043B03993,O,A12742,-0.00472,53270.8,51306.4,3.23E+00,1.12E-03,18741
2026/8/23 09:20,MW2042B00781,AC20,A04459,-0.00489,52849.1,54263.9,3.23E+00,8.60E-04,17978
2026/8/23 09:20,MW2042B06776,O,A12742,-0.00866,53197.1,52179.4,3.24E+00,1.10E-03,18987
2026/8/23 09:19,MW2042B04773,O,A04459,-0.00143,51856.9,49725.5,3.23E+00,9.10E-04,18319
2026/8/23 09:19,MW2042B04688,O,A12742,-0.00609,54510.9,54372.7,3.23E+00,6.80E-04,19027
2026/8/23 09:19,MW2042B00777,AC20,A04459,-0.00966,53637.9,50020.1,3.23E+00,9.00E-04,18221
2026/8/23 09:19,MW2042B02865,O,A12742,-0.00448,51160.4,50328.7,3.23E+00,9.00E-04,18942
2026/8/23 09:19,MW2042B00775,AC20,A04459,-0.00971,51662.3,53760.3,3.23E+00,8.60E-04,18239
2026/8/23 09:18,MW2042B09680,O,A12742,-0.00583,51716.1,49611.3,3.23E+00,7.30E-04,18740
2026/8/23 09:18,MW2042B07974,AC20,A04459,-0.00778,52335.8,54373.1,3.23E+00,8.30E-04,18443
2026/8/23 09:18,MW2042B07980,AC20,A04459,-0.0025,54883.8,53765.8,3.23E+00,8.40E-04,18430
2026/8/23 09:18,MW2042B06775,O,A12742,-0.00703,53272.7,53912.3,3.23E+00,1.11E-03,19050
2026/8/23 09:17,MW2042B00776,AC20,A04459,-0.00963,54907.8,52974.7,3.23E+00,8.70E-04,18302
2026/8/23 09:17,MW2043B03705,O,A12742,-0.00403,51654.6,52148.6,3.23E+00,7.80E-04,18908
2026/8/23 09:17,MW2043B09228,O,A04459,-0.00491,54555.2,50791.9,3.23E+00,8.70E-04,18138
2026/8/23 09:15,MW2043B03315,O,A11739,-0.00848,52741.8,49829.6,3.23E+00,9.30E-04,18717
2026/8/23 09:14,MW2043B03304,O,A11739,-0.0016,50755.6,53910.2,3.23E+00,7.30E-04,18643
2026/8/23 09:14,MW2043B05303,O,A12927,-0.00887,51421.7,53079.8,3.23E+00,8.00E-04,18260
2026/8/23 09:14,MW2043B03317,O,A12927,-0.00809,50557.7,51857.1,3.23E+00,9.40E-04,18390
2026/8/23 09:14,MW2043B03316,O,A11739,-0.00317,53180.6,49506.2,3.23E+00,8.00E-04,18862
2026/8/23 09:13,MW2042B07409,O,A12927,-0.00765,52392.1,52590.8,3.23E+00,1.20E-03,18216
2026/8/23 09:13,MW2042B07410,O,A11739,-0.00525,52012.7,51226.2,3.23E+00,8.20E-04,18874
2026/8/23 09:13,MW2043B03318,O,A12927,-0.0023,51748.2,53265.8,3.23E+00,9.50E-04,18222
2026/8/23 09:13,MW2042B07407,O,A11739,-0.00167,51903.9,52683.3,3.23E+00,6.70E-04,18841
2026/8/23 09:13,MW2043B03313,O,A12927,-0.00623,54310.4,52131.1,3.23E+00,9.20E-04,18308
2026/8/23 09:12,MW2043B05302,O,A11739,-0.0036,54616.9,53247.6,3.23E+00,7.10E-04,18679
2026/8/23 09:12,MW2043B05306,O,A12927,-0.00561,50795.9,49432.3,3.23E+00,6.60E-04,18271
2026/8/23 09:12,MW2043B01378,O,A11739,-0.00967,53688.1,49552.2,3.23E+00,7.20E-04,18795
2026/8/23 09:12,MW2042B07181,O,A12927,-0.00797,53730.1,53612.4,3.23E+00,9.50E-04,18347
2026/8/23 09:12,MW2043B10355,O,A11739,-0.00592,53900.3,51191.3,0.00E+00,0.00E+00,18880
2026/8/23 09:11,MW2043B03319,O,A12927,-0.00653,54245.8,50039.6,3.23E+00,8.90E-04,18437
2026/8/23 09:10,MW2043B03309,O,A11739,-0.00651,51849.3,51689.3,3.23E+00,7.20E-04,18783
2026/8/23 09:10,MW2043B01377,O,A11739,-0.00473,54160.8,50834.4,3.23E+00,7.80E-04,18788
2026/8/23 09:09,MW2043B09253,O,A11739,-0.00102,54586.1,49091.2,3.23E+00,8.50E-04,18843
2026/8/23 09:09,MW2043B05300,O,A11739,-0.0094,53544.3,53216.5,3.23E+00,5.60E-04,18725
2026/8/23 09:08,MW2041B06779,O,A22948,-0.0042,53066.9,52482.5,3.23E+00,1.13E-03,18695
2026/8/23 09:08,MW2041B06782,O,A22948,-0.00348,52858.7,53800.7,3.23E+00,1.02E-03,18899
2026/8/23 09:07,MW2043B09687,O,A22948,-0.0075,54383.7,54460.7,0.00E+00,0.00E+00,18791
2026/8/23 09:07,MW2043B03319,O,A12927,-0.00535,52114.9,49957.4,3.23E+00,8.90E-04,18437
2026/8/23 09:07,MW2042B04299,AC20,A12927,-0.0062,52705.7,53463.7,3.23E+00,8.60E-04,18385
2026/8/23 09:07,MW2042B07411,O,A12927,-0.0099,54954.3,50498.2,3.23E+00,8.30E-04,18238
2026/8/23 09:06,MW2042B04302,AC20,A12927,-0.00594,50511.1,51629.1,3.23E+00,9.00E-04,18393
2026/8/23 09:06,MW2043B03311,O,A12927,-0.00933,51283.5,50290.7,3.23E+00,8.50E-04,18362
2026/8/23 09:05,MW2043B03314,O,A03179,-0.00512,51954.4,51111.4,3.23E+00,8.90E-04,18402
2026/8/23 09:05,MW2043B01382,O,A03179,-0.00334,53954.4,52679.4,3.23E+00,8.30E-04,18356
2026/8/23 09:05,MW2043B01371,O,A03179,-0.00526,52339.3,51132.2,3.23E+00,8.30E-04,18448
2026/8/23 09:04,MW2043B03320,O,A03179,-0.00205,51963.3,53863.6,3.23E+00,1.02E-03,18237
2026/8/23 09:04,MW2043B03307,O,A03179,-0.0016,54503.6,50659.6,3.23E+00,9.90E-04,18334
2026/8/23 09:03,MW2043B01372,O,A03179,-0.0001,53310.6,51542.9,3.23E+00,8.20E-04,18236
2026/8/23 09:03,MW2043B05297,O,A03179,-0.00942,50961.2,51950.4,3.23E+00,7.50E-04,18321
2026/8/23 09:02,MW2042B05822,O,A22948,-0.00347,52946.9,50651.7,3.23E+00,8.30E-04,18902
2026/8/23 09:02,MW2043B05298,O,A03179,-0.00331,53558.8,52755.8,3.23E+00,8.10E-04,18290
2026/8/23 09:00,MW2042B05822,O,A22948,-0.0051,51366.7,54999.8,3.23E+00,8.30E-04,18902
2026/8/23 09:00,MW2043B05298,O,A03179,-0.0054,53277.4,51499.6,3.23E+00,8.10E-04,18290
2026/8/23 09:00,MW2041B06783,O,A22948,-0.005,51665.2,52578.4,3.23E+00,1.00E-03,18749
2026/8/23 09:00,MW2043B09251,O,A03179,-0.0078,51578.4,53382.4,3.23E+00,7.80E-04,18399
2026/8/23 08:59,MW2041B06786,O,A22948,-0.0018,53189.1,53631.4,3.23E+00,1.09E-03,18718
2026/8/23 08:59,MW2043B09256,O,A03179,-0.00588,50998.6,50630.7,3.23E+00,9.40E-04,18280
2026/8/23 08:59,MW2041B06787,O,A22948,-0.0023,51657.7,49410.4,3.23E+00,1.07E-03,18820
2026/8/23 08:59,MW2043B01381,O,A03179,-0.00759,53604.2,52865.4,3.23E+00,8.20E-04,18302
2026/8/23 08:58,MW2043B04076,O,A22948,-0.00786,50701.2,49882.4,3.23E+00,7.40E-04,18581
2026/8/23 08:58,MW2043B09254,O,A03179,-0.00713,52293.9,52500.8,3.23E+00,7.50E-04,18333
2026/8/23 08:58,MW2042B07408,O,A04685,-0.00575,52678.5,49468.6,3.23E+00,9.60E-04,18464
2026/8/23 08:58,MW2043B09688,O,A22948,-0.00228,50603.7,53809.3,3.23E+00,6.40E-04,18719
2026/8/23 08:57,MW2041B06789,O,A22948,-0.00904,52836.7,53804.2,3.23E+00,6.00E-04,18852
2026/8/23 08:57,MW2043B09272,O,A04685,-0.0066,52972.3,53526.6,3.23E+00,9.30E-04,18168
2026/8/23 08:57,MW2043B07506,O,A22948,-0.0014,52536.5,54771.9,3.23E+00,7.40E-04,18786
2026/8/23 08:57,MW2042B00752,O,A04685,-0.0087,54920.5,51260.6,3.23E+00,6.20E-04,18245
2026/8/23 08:56,MW2041B10187,O,A22948,-0.00958,53957.1,50902.8,3.23E+00,6.90E-04,18833
2026/8/23 08:56,MW2041B07869,O,A04685,-0.00935,51699.2,50865.7,3.23E+00,7.30E-04,18355
2026/8/23 08:56,MW2041B06788,O,A11878,-0.00953,51708.2,53636.7,3.23E+00,8.80E-04,18705
2026/8/23 08:56,MW2043B08847,O,A04685,-0.00232,53182.7,51438.7,3.23E+00,8.90E-04,18389
2026/8/23 08:55,MW2041B10189,O,A11878,-0.00663,52736.5,50068.4,3.23E+00,7.50E-04,18755
2026/8/23 08:55,MW2042B00751,O,A04685,-0.001,54904.2,50209.2,3.23E+00,6.30E-04,18338
2026/8/23 08:55,MW2041B06811,O,A04685,-0.00904,50962.2,53507.8,3.23E+00,6.10E-04,18120
2026/8/23 08:55,MW2043B05371,O,A11878,-0.00252,51806.5,53312.2,3.23E+00,8.30E-04,18903
2026/8/23 08:55,MW2043B04091,O,A04685,-0.00948,51724.3,53985.2,3.23E+00,9.50E-04,18339
2026/8/23 08:55,MW2043B03701,O,A11878,-0.0039,51100.2,50544.9,3.23E+00,8.60E-04,18754
2026/8/23 08:54,MW2041B06632,O,A04685,-0.00342,52498.5,54423.4,3.23E+00,1.03E-03,18419
2026/8/23 08:54,MW2042B09679,O,A11878,-0.00765,54500.7,50263.5,3.23E+00,5.60E-04,18761
2026/8/23 08:54,MW2043B08753,O,A04685,-0.00852,53419.9,51317.7,3.23E+00,9.10E-04,18476
2026/8/23 08:54,MW2043B08850,O,A11878,-0.00841,54055.6,50004.3,3.23E+00,7.50E-04,18928
2026/8/23 08:53,MW2043B09271,O,A04685,-0.00826,51996.3,52676.2,3.23E+00,9.00E-04,18217
2026/8/23 08:53,MW2041B08023,O,A11878,-0.00565,51193.8,53031.8,3.23E+00,4.40E-04,18792
2026/8/23 08:53,MW2043B03867,O,A04685,-0.00134,51726.1,51108.7,3.23E+00,9.70E-04,18193
2026/8/23 08:53,MW2043B05372,O,A11878,-0.00398,52284.5,54820.3,0.00E+00,0.00E+00,18604
2026/8/23 08:52,MW2042B09698,O,A15317,-0.00848,53415.9,53071.8,3.23E+00,8.80E-04,18182
2026/8/23 08:52,MW2043B09270,O,A15317,-0.00705,54790.6,51943.7,3.23E+00,7.30E-04,18174
2026/8/23 08:51,MW2042B09696,O,A15317,-0.0061,50925.4,50414.2,3.23E+00,6.60E-04,17999
2026/8/23 08:51,MW2043B09001,O,A15317,-0.00331,53919.7,53804.7,3.23E+00,7.20E-04,18405
2026/8/23 08:50,MW2043B05374,O,A15317,-0.00775,52125.8,53578.5,3.23E+00,7.50E-04,18340
2026/8/23 08:50,MW2042B09697,O,A15317,-0.00678,52578.9,50136.6,3.23E+00,8.90E-04,18204
2026/8/23 08:49,MW2042B09695,O,A15317,-0.00715,51091.2,54729.1,3.23E+00,6.90E-04,18249
2026/8/23 08:49,MW2042B09682,O,A11878,-0.00544,51703.4,50853.4,3.23E+00,7.40E-04,18809
2026/8/23 08:49,MW2043B09275,O,A15317,-0.00469,51080.4,50303.5,3.23E+00,7.30E-04,18207
2026/8/23 08:49,MW2043B08861,O,A11878,-0.00199,51812.1,49146.1,3.23E+00,5.80E-04,18686
2026/8/23 08:49,MW2041B08037,O,A15317,-0.00171,51042.9,49641.2,3.23E+00,7.70E-04,18099
2026/8/23 08:48,MW2041B08025,O,A11878,-0.0021,54078.7,53688.4,3.23E+00,7.00E-04,18568
2026/8/23 08:48,MW2043B09273,O,A15317,-0.0089,54462.5,49643.8,2.92E+00,7.80E-04,18179
2026/8/23 08:48,MW2043B09689,O,A11878,-0.00332,53859.9,49266.1,0.00E+00,0.00E+00,18762
2026/8/23 08:48,MW2041B08042,O,NULL,-0.00143,52529.5,53622.2,3.23E+00,8.00E-04,18097
2026/8/23 08:41,MW2043B08848,O,A15317,-0.00709,53764.6,52341.5,3.23E+00,6.80E-04,18284
2026/8/23 08:41,MW2043B03969,O,A15533,-0.00748,54481.9,50537.8,3.23E+00,9.10E-04,18850
2026/8/23 08:41,MW2043B09248,O,A07016,-0.0027,51961.2,51965.2,3.23E+00,9.10E-04,18232
2026/8/23 08:41,MW2043B01002,CHH,A15533,-0.00593,54096.4,54931.6,3.23E+00,6.30E-04,18742
2026/8/23 08:41,MW2043B09198,O,A07016,-0.0076,52491.4,51961.1,3.23E+00,9.30E-04,18417
2026/8/23 08:40,MW2043B06074,O,A15533,-0.00262,51019.6,53038.2,3.23E+00,6.70E-04,18836
2026/8/23 08:40,MW2042B03982,O,A07016,-0.00398,52524.9,50135.9,3.23E+00,7.80E-04,18627
2026/8/23 08:40,MW2043B06084,O,A07016,-0.00819,53453.5,54261.2,3.23E+00,7.30E-04,18040
2026/8/23 08:40,MW2043B06487,O,A15533,-0.00294,50650.9,50510.9,3.23E+00,6.50E-04,18759
2026/8/23 08:38,MW2043B06490,O,A07016,-0.00887,52873.6,54562.7,3.23E+00,7.90E-04,18210
2026/8/23 08:38,MW2043B01004,CHH,A15533,-0.00228,51395.5,49159.7,3.23E+00,7.00E-04,18557
2026/8/23 08:38,MW2043B06489,O,A07016,-0.00486,53405.8,52368.6,3.23E+00,7.90E-04,18260
2026/8/23 08:38,MW2043B02543,B45,A15533,-0.00266,53327.1,51052.9,3.23E+00,7.70E-04,18772
2026/8/23 08:38,MW2043B06491,O,A07016,-0.00718,52688.4,54967.5,3.23E+00,8.90E-04,18367
2026/8/23 08:37,MW2043B08652,AC20,A15533,-0.00608,53600.1,54994.9,3.23E+00,8.60E-04,18806
2026/8/23 08:37,MW2043B05726,O,A07016,-0.0049,52305.3,49548.1,3.23E+00,7.80E-04,18191
2026/8/23 08:37,MW2043B00165,CHH,A15533,-0.00459,53346.9,52700.2,3.23E+00,6.90E-04,18797
2026/8/23 08:37,MW2043B05727,O,A07016,-0.0082,52408.4,52167.4,3.22E+00,7.70E-04,18276
2026/8/23 08:36,MW2043B04304,O,A15533,-0.00455,52708.3,54549.7,3.23E+00,7.30E-04,18559
2026/8/23 08:36,MW2043B05636,O,A07016,-0.00684,53180.9,50890.6,3.23E+00,7.80E-04,18368
2026/8/23 08:36,MW2043B00044,A46,A15533,-0.00453,52430.6,53499.6,3.23E+00,7.40E-04,18735
2026/8/23 08:36,MW2043B03960,O,A07016,-0.00448,53022.9,50436.9,3.23E+00,1.01E-03,18237
2026/8/23 08:36,MW2043B00042,CHH,A15533,-0.00128,53427.5,52933.8,3.23E+00,7.30E-04,18911
2026/8/23 08:36,MW2043B06071,O,A07016,-0.00835,53085.8,52010.7,0.00E+00,0.00E+00,18238
2026/8/23 08:35,MW2043B06083,O,A15533,-0.00775,50824.3,50575.3,3.23E+00,6.70E-04,18772
2026/8/23 08:33,MW2043B09197,O,A00618,-0.00914,51517.5,49814.2,3.23E+00,6.90E-04,18722
2026/8/23 08:32,MW2043B09196,O,A00618,-0.00146,53763.8,50066.3,3.23E+00,8.30E-04,18710
2026/8/23 08:32,MW2043B09247,O,A00618,-0.0082,51099.9,54414.3,3.23E+00,7.30E-04,18869
2026/8/23 08:32,MW2042B04969,O,A07422,-0.00269,51652.9,54560.8,3.23E+00,8.90E-04,18494
2026/8/23 08:32,MW2043B04134,O,A00618,-0.00932,54761.5,49443.5,3.21E+00,6.90E-04,18555
2026/8/23 08:32,MW2042B00783,AC20,A07422,-0.00994,50349.7,51761.3,3.23E+00,1.06E-03,18342
2026/8/23 08:31,MW2042B04295,AC20,A07422,-0.00482,51736.1,52459.4,3.23E+00,8.60E-04,18532
2026/8/23 08:31,MW2043B09195,O,A00618,-0.00374,51719.5,53879.4,3.23E+00,7.50E-04,18874
2026/8/23 08:31,MW2042B00786,AC20,A00618,-0.00794,51979.3,50374.4,3.23E+00,8.20E-04,18853
2026/8/23 08:31,MW2043B09230,O,A07422,-0.00454,54703.5,50495.4,3.23E+00,8.30E-04,18326
2026/8/23 08:30,MW2043B09249,O,A00618,-0.00542,53502.3,52695.4,3.23E+00,6.30E-04,18815
2026/8/23 08:30,MW2042B00778,AC20,A07422,-0.00543,53556.1,53710.8,3.23E+00,8.30E-04,18320
2026/8/23 08:30,MW2042B00780,CHH,A00618,-0.00598,50490.8,53677.2,3.23E+00,6.40E-04,18536
2026/8/23 08:30,MW2042B04353,O,A07422,-0.00475,51452.5,54292.3,3.23E+00,1.07E-03,18395
2026/8/23 08:29,MW2042B00773,AC20,A07422,-0.00556,51475.1,51447.1,3.23E+00,8.20E-04,18352
2026/8/23 08:29,MW2043B09365,AC20,A00618,-0.00917,54696.7,51437.1,3.23E+00,9.70E-04,18926
2026/8/23 08:29,MW2042B04879,CHH,A07422,-0.00604,51106.7,49075.8,3.23E+00,6.10E-04,18487
2026/8/23 08:29,MW2042B04355,O,A00618,-0.00342,53390.8,50314.4,3.24E+00,7.80E-04,18864
2026/8/23 08:29,MW2042B04782,O,A07422,-0.00639,52257.5,51752.8,3.23E+00,9.60E-04,18322
2026/8/23 08:28,MW2043B09229,O,A00618,-0.0002,54357.6,52980.5,3.23E+00,8.40E-04,18753
2026/8/23 08:28,MW2042B04870,AC20,A07422,-0.0027,50457.1,51993.2,3.23E+00,9.00E-04,18437
2026/8/23 08:28,MW2043B00112,AC20,A00618,-0.006,53892.8,53612.9,3.23E+00,8.30E-04,18716
2026/8/23 08:28,MW2044B00456,O,A07422,-0.00256,52802.4,53313.1,3.23E+00,8.70E-04,18147
2026/8/23 08:27,MW2043B07636,AC20,A07422,-0.00673,52505.6,53400.3,3.23E+00,1.01E-03,18293
2026/8/23 08:25,MW2042B00782,A46,A12071,-0.00872,54723.4,53712.6,3.23E+00,7.90E-04,18366
2026/8/23 08:25,MW2042B04781,O,A12071,-0.008,53230.3,54580.7,3.23E+00,8.90E-04,18783
2026/8/23 08:25,MW2042B00774,CHH,A17400,-0.00212,50360.2,49285.8,3.23E+00,8.00E-04,18342
2026/8/23 08:24,MW2042B02464,AC20,A17400,-0.00599,52939.4,49382.7,3.23E+00,9.30E-04,18392
2026/8/23 08:24,MW2042B04297,AC20,A12071,-0.00373,51675.3,51488.5,3.23E+00,8.40E-04,18823
2026/8/23 08:24,MW2042B04356,O,A17400,-0.00644,53541.6,49298.6,3.24E+00,8.80E-04,18270
2026/8/23 08:24,MW2042B04350,O,A12071,-0.009,52282.5,54382.4,3.24E+00,7.40E-04,18747
2026/8/23 08:23,MW2042B04357,O,A17400,-0.00947,54562.9,54347.1,3.24E+00,8.70E-04,18272
2026/8/23 08:23,MW2042B04298,A46,A12071,-0.00163,50364.2,52291.6,3.23E+00,7.80E-04,18802
2026/8/23 08:23,MW2042B03680,CHH,A17400,-0.00748,51258.9,54828.6,3.22E+00,6.80E-04,18456
2026/8/23 08:23,MW2042B04966,O,A12071,-0.00185,51677.8,52104.1,3.22E+00,8.00E-04,18780
2026/8/23 08:22,MW2042B05646,AC20,A17400,-0.00939,51757.1,53749.3,3.23E+00,9.30E-04,18293
2026/8/23 08:22,MW2043B09252,O,A12071,-0.00495,54483.8,53830.8,3.23E+00,7.80E-04,19077
2026/8/23 08:22,MW2042B04813,O,A12071,-0.00682,52193.6,54675.5,3.23E+00,1.00E-03,18739
2026/8/23 08:22,MW2042B04942,O,A17400,-0.00509,54767.2,49666.7,3.23E+00,9.70E-04,18375
2026/8/23 08:21,MW2043B09255,O,A12071,-0.00373,54610.5,50148.9,3.23E+00,8.30E-04,18809
2026/8/23 08:21,MW2043B04642,KEF,A12071,-0.00685,50496.1,51028.6,3.23E+00,1.05E-03,18806
2026/8/23 08:21,MW2042B04301,AC20,A17400,-0.00916,53028.5,50079.4,3.23E+00,9.00E-04,18479
2026/8/23 08:19,MW2043B04642,KEF,A12071,-0.00632,52215.4,49887.8,3.23E+00,1.05E-03,18806
2026/8/23 08:19,MW2042B04301,AC20,A17400,-0.00371,54644.7,50618.9,3.23E+00,9.00E-04,18479
2026/8/23 08:18,MW2042B04301,AC20,A17400,-0.00368,50424.5,50592.2,3.23E+00,9.00E-04,18479
2026/8/23 08:18,MW2043B04642,KEF,A12071,-0.00598,50432.6,49765.1,3.23E+00,1.05E-03,18806
2026/8/23 08:17,MW2042B03984,O,A17400,-0.00743,52068.1,54721.1,3.23E+00,8.10E-04,18305
2026/8/23 08:17,MW2042B04952,O,A12071,-0.00627,54775.4,50569.8,3.22E+00,8.50E-04,18858
2026/8/23 08:17,MW2042B04948,O,A17400,-0.00854,51123.8,51987.5,3.23E+00,1.00E-03,18163
2026/8/23 08:17,MW2042B04946,O,A12071,-0.0032,52496.4,50330.4,3.23E+00,8.90E-04,18891
2026/8/23 08:17,MW2042B03997,O,A17400,-0.00971,54180.8,51853.2,3.23E+00,8.20E-04,18402
2026/8/23 08:16,MW2042B03983,O,A17400,-0.00937,54336.8,54993.1,3.23E+00,7.60E-04,18379
2026/8/23 08:16,MW2043B07615,CHH,A15794,-0.001,51159.4,49816.9,3.23E+00,7.40E-04,18893
2026/8/23 08:15,MW2042B07976,CHH,A15794,-0.00155,52399.8,54136.7,3.23E+00,7.60E-04,18641
2026/8/23 08:15,MW2042B04894,AC20,A15794,-0.00473,52275.2,50826.2,3.23E+00,1.09E-03,18653
2026/8/23 08:15,MW2042B07978,CHH,A15794,-0.00331,52470.6,54947.3,3.23E+00,7.30E-04,18625
2026/8/23 08:14,MW2042B04305,AC20,A15794,-0.00329,53068.4,51533.8,3.23E+00,8.40E-04,18894
2026/8/23 08:14,MW2042B07979,CHH,A15794,-0.00754,51856.5,54503.4,3.23E+00,7.70E-04,18546
2026/8/23 08:13,MW2042B04306,CHH,A15794,-0.00336,52505.8,50227.4,3.23E+00,7.20E-04,19047
2026/8/23 08:13,MW2042B07981,CHH,A15794,-0.00835,54507.7,54546.2,3.23E+00,7.60E-04,18544
2026/8/23 08:13,MW2043B03885,O,A00402,-0.00377,53141.9,51811.1,3.22E+00,9.30E-04,18393
2026/8/23 08:12,MW2042B04303,AC20,A15794,-0.00537,53048.4,51016.7,3.23E+00,8.80E-04,18811
2026/8/23 08:12,MW2043B03868,O,A00402,-0.00848,51535.8,52296.1,3.22E+00,6.60E-04,18229
2026/8/23 08:12,MW2043B03856,O,A00402,-0.00335,52017.7,51501.8,3.23E+00,9.40E-04,18325
2026/8/23 08:12,MW2042B07975,CHH,A15794,-0.00325,50905.2,49888.9,3.23E+00,7.00E-04,18596
2026/8/23 08:11,MW2042B03969,O,A15794,-0.0068,54009.3,50206.1,3.23E+00,6.00E-04,18844
2026/8/23 08:11,MW2043B03866,O,A00402,-0.00227,54117.5,54775.3,3.23E+00,1.06E-03,18382
2026/8/23 08:11,MW2042B00779,A46,A15794,-0.00801,52423.3,53186.9,3.23E+00,7.70E-04,18612
2026/8/23 08:11,MW2043B03857,O,A00402,-0.00515,50499.7,54784.9,3.23E+00,8.80E-04,18309
2026/8/23 08:11,MW2045B22025,O,A00012,-0.0042,53373.5,54498.4,3.23E+00,7.30E-04,18730
2026/8/23 08:11,MW2043B04328,O,A00402,-0.00598,50617.6,49745.6,3.23E+00,7.50E-04,18209
2026/8/23 08:10,MW2043B08284,O,A00402,-0.00783,53774.8,54987.9,3.22E+00,7.20E-04,18225
2026/8/23 08:10,MW2045B22026,O,A00012,-0.0015,52972.1,51640.6,3.23E+00,5.60E-04,19012
2026/8/23 08:10,MW2043B07505,O,A00402,-0.0059,50571.1,51140.5,3.23E+00,8.80E-04,18351
2026/8/23 08:10,MW2045B15907,O,A00012,-0.00592,51577.5,51895.5,3.23E+00,7.50E-04,18672
2026/8/23 08:09,MW2042B01668,O,A00402,-0.00635,50500.9,53560.6,3.23E+00,9.60E-04,18228
2026/8/23 08:09,MW2045B16546,O,A00012,-0.00326,53333.8,49565.1,3.23E+00,8.50E-04,18789
2026/8/23 07:46,MW2043B05360,O,A00402,-0.00663,54130.4,50111.4,3.23E+00,1.05E-03,18503
2026/8/23 07:46,MW2041B10188,O,A00402,-0.00667,51906.8,54704.7,3.23E+00,8.00E-04,18279
2026/8/23 07:45,MW2042B03792,O,A00402,-0.00929,53670.6,50041.7,3.23E+00,1.02E-03,18448
2026/8/23 07:44,MW2045B16547,O,A00012,-0.00944,53043.7,52140.5,3.23E+00,6.10E-04,18865
2026/8/23 07:43,MW2045B16536,O,A00012,-0.00976,51897.1,51695.9,3.23E+00,8.00E-04,18704
2026/8/23 07:43,MW2045B16537,O,A00012,-0.00889,50410.1,51185.2,3.23E+00,5.90E-04,18799
2026/8/23 07:42,MW2045B16538,O,A00012,-0.00261,50391.9,50290.5,3.23E+00,6.00E-04,18675
2026/8/23 07:42,MW2045B16539,O,A00012,-0.00691,54821.3,52778.8,3.23E+00,7.00E-04,18914
2026/8/23 07:41,MW2045B11365,O,A00012,-0.00983,54095.8,51688.2,3.23E+00,7.30E-04,18790
2026/8/23 07:41,MW2045B21983,O,A03786,-0.00465,51288.9,50253.6,3.23E+00,8.80E-04,18088
2026/8/23 07:41,MW2045B11361,O,A00012,-0.00135,51345.9,52500.4,3.23E+00,6.70E-04,18685
2026/8/23 07:41,MW2045B21982,O,A03786,-0.00156,54951.7,54679.6,3.23E+00,8.10E-04,18373
2026/8/23 07:40,MW2045B06617,A43,A00012,-0.00669,52817.3,54449.4,3.24E+00,7.20E-04,18947
2026/8/23 07:40,MW2045B15910,O,A03786,-0.00855,53399.4,54767.4,3.23E+00,7.80E-04,18176
2026/8/23 07:40,MW2045B29608,O,A22363,-0.00839,52607.4,54966.5,3.23E+00,8.10E-04,18580
2026/8/23 07:40,MW2045B15546,O,A03786,-0.00546,51188.9,52851.9,3.23E+00,7.60E-04,18140
2026/8/23 07:39,MW2045B30637,O,A22363,-0.00301,50438.1,51825.1,3.23E+00,6.90E-04,18638
2026/8/23 07:39,MW2045B15908,O,A03786,-0.0032,53977.3,54633.8,3.23E+00,7.70E-04,18330
2026/8/23 07:39,MW2045B30639,O,A22363,-0.0009,51422.4,51185.5,3.23E+00,8.60E-04,18527
2026/8/23 07:39,MW2045B15909,O,A03786,-0.00626,53094.8,54221.6,3.23E+00,8.40E-04,18264
2026/8/23 07:38,MW2045B30635,O,A22363,-0.00262,53410.3,54226.4,3.23E+00,8.10E-04,18724
2026/8/23 07:38,MW2045B15906,O,A03786,-0.00753,54382.6,53831.1,3.23E+00,8.60E-04,18261
2026/8/23 07:37,MW2045B27246,O,A22363,-0.0039,52768.5,51178.2,3.22E+00,1.02E-03,18744
2026/8/23 07:37,MW2045B22027,O,A03786,-0.00245,50680.3,54228.7,3.23E+00,8.00E-04,18151
2026/8/23 07:37,MW2045B27218,O,A22363,-0.0042,54666.5,53806.4,3.23E+00,8.10E-04,18777
2026/8/23 07:37,MW2045B22015,O,A03786,-0.00712,53743.3,52826.8,3.23E+00,7.90E-04,18174
2026/8/23 07:37,MW2045B29569,C45,A22363,-0.00951,54594.8,54175.1,3.23E+00,7.00E-04,18744
2026/8/23 07:36,MW2045B17304,O,A03786,-0.00706,54220.7,50349.5,3.23E+00,6.90E-04,17873
2026/8/23 07:36,MW2045B27216,A44,A22363,-0.00775,50922.8,53384.6,3.24E+00,6.90E-04,18621
2026/8/23 07:36,MW2045B17296,O,A03786,-0.00789,54135.3,54863.7,3.24E+00,6.90E-04,17970
2026/8/23 07:36,MW2045B22014,O,A03786,-0.0026,54663.8,50977.7,3.23E+00,8.20E-04,18275
2026/8/23 07:36,MW2045B01457,AC20,A22363,-0.00101,53813.9,52120.8,3.24E+00,9.00E-04,18753
2026/8/23 07:35,MW2045B06355,AC20,A00326,-0.0011,51918.2,54866.7,3.22E+00,9.00E-04,17968
2026/8/23 07:35,MW2045B14541,B43,A22363,-0.00843,52639.8,54663.4,3.24E+00,6.40E-04,18805
2026/8/23 07:35,MW2045B17384,AC20,A00326,-0.00924,54737.4,49370.6,3.23E+00,8.40E-04,18055
2026/8/23 07:35,MW2045B16262,B46,A22363,-0.00543,52846.5,53138.2,3.24E+00,4.70E-04,18651
2026/8/23 07:34,MW2045B17387,AC20,A00326,-0.0027,54363.4,50004.6,3.23E+00,8.30E-04,18073
2026/8/23 07:34,MW2045B21985,O,A22363,-0.00908,50584.9,50241.9,3.23E+00,9.70E-04,18771
2026/8/23 07:34,MW2045B17386,A46,A00326,-0.00208,51538.2,53965.1,3.23E+00,6.80E-04,17775
2026/8/23 07:34,MW2045B06371,A44,A16542,-0.00975,54382.6,51280.6,3.24E+00,7.80E-04,18690
2026/8/23 07:34,MW2045B17385,AC20,A00326,-0.00412,51156.6,53401.4,3.23E+00,8.80E-04,17989
2026/8/23 07:33,MW2045B03322,A46,A16542,-0.00289,52674.5,52366.8,3.24E+00,5.70E-04,18649
2026/8/23 07:33,MW2045B17388,AC20,A00326,-0.00102,50969.9,53641.1,3.23E+00,8.20E-04,18009
2026/8/23 07:33,MW2045B03319,A46,A16542,-0.00803,51014.2,54955.5,3.24E+00,5.80E-04,18643
2026/8/23 07:33,MW2045B17390,CHH,A00326,-0.00704,52596.7,49105.9,3.23E+00,6.80E-04,17807
2026/8/23 07:32,MW2045B03320,AC20,A16542,-0.00813,51307.4,52460.5,3.24E+00,8.70E-04,18648
2026/8/23 07:32,MW2045B17391,AC20,A00326,-0.00812,52554.5,53969.1,3.23E+00,8.70E-04,17909
2026/8/23 07:32,MW2045B04340,A45,A16542,-0.00899,54141.1,52198.4,3.24E+00,6.30E-04,18430
2026/8/23 07:32,MW2045B22159,B44,A00326,-0.00273,53619.5,54354.7,3.24E+00,7.00E-04,18206
2026/8/23 07:31,MW2042B09515,O,A16542,-0.00536,52510.7,54219.1,3.23E+00,5.80E-04,18757
2026/8/23 07:31,MW2045B16640,CHH,A00326,-0.00321,54784.8,52342.3,3.23E+00,7.30E-04,18160
2026/8/23 07:31,MW2042B09514,O,A16542,-0.00446,53262.6,50975.7,3.23E+00,5.70E-04,18738
2026/8/23 07:26,MW2045B01364,A44,A16542,-0.00978,50356.4,52462.1,3.24E+00,7.00E-04,18705
2026/8/23 07:26,MW2045B18051,A45,A16542,-0.00755,54410.3,50968.9,3.23E+00,7.40E-04,18928
2026/8/23 07:26,MW2045B19092,AC20,A00326,-0.00516,54421.1,52986.4,3.23E+00,8.60E-04,17802
2026/8/23 07:25,MW2045B18045,A45,A16542,-0.00695,51502.5,53184.3,3.23E+00,5.90E-04,18908
2026/8/23 07:25,MW2045B14763,A45,A00326,-0.00958,54563.8,52925.3,3.23E+00,7.60E-04,17916
2026/8/23 07:25,MW2043B00447,O,A16542,-0.0084,53446.6,50743.5,3.24E+00,8.20E-04,18864
2026/8/23 07:25,MW2045B04626,CLL,A17360,-0.00982,52020.4,50973.8,3.24E+00,1.30E-03,18145
2026/8/23 07:24,MW2045B04624,AC20,A17360,-0.00801,50466.8,50971.1,3.23E+00,9.70E-04,18128
2026/8/23 07:24,MW2043B00452,O,A16542,-0.00339,50359.5,50650.9,3.24E+00,9.20E-04,18733
2026/8/23 07:24,MW2045B17383,A46,A17360,-0.00637,53204.7,53498.7,3.23E+00,8.00E-04,17697
2026/8/23 07:24,MW2045B04490,AC20,A22506,-0.00825,51210.5,49659.8,3.23E+00,8.80E-04,18595
2026/8/23 07:24,MW2043B00449,O,A17360,-0.00918,52120.4,49366.9,3.23E+00,7.40E-04,17876
2026/8/23 07:23,MW2045B07510,A46,A22506,-0.00295,54944.5,54081.3,3.23E+00,6.90E-04,18622
2026/8/23 07:23,MW2045B12578,CHH,A17360,-0.002,50723.9,50906.6,3.23E+00,8.00E-04,18124
2026/8/23 07:23,MW2045B06333,A46,A22506,-0.00128,51505.4,54445.9,3.23E+00,7.80E-04,18761
2026/8/23 07:23,MW2043B00448,O,A17360,-0.00965,54953.5,49406.9,3.24E+00,7.70E-04,17909
2026/8/23 07:22,MW2045B06332,AC20,A22506,-0.00627,53269.8,51130.4,3.23E+00,8.10E-04,18726
2026/8/23 07:22,MW2043B00450,O,A17360,-0.00756,52058.3,53001.3,3.24E+00,9.00E-04,18106
2026/8/23 07:22,MW2045B06335,A45,A22506,-0.00665,52028.1,51258.1,3.23E+00,6.80E-04,18762
2026/8/23 07:22,MW2042B09518,O,A17360,-0.00356,51249.5,51178.7,3.23E+00,7.40E-04,18173
2026/8/23 07:21,MW2045B06334,A45,A22506,-0.00579,54452.4,52321.4,3.24E+00,7.70E-04,18698
2026/8/23 07:21,MW2043B00446,O,A17360,-0.00622,54318.7,49411.8,3.23E+00,8.40E-04,18118
2026/8/23 07:21,MW2045B06377,AC20,A17360,-0.00154,51559.3,53334.6,3.23E+00,8.90E-04,18208
2026/8/23 07:21,MW2045B06337,A45,A22506,-0.00759,54288.3,50635.2,3.24E+00,6.80E-04,18855
2026/8/23 07:20,MW2042B09517,O,A17360,-0.00203,54962.4,52931.9,3.23E+00,7.00E-04,17935
2026/8/23 07:20,MW2045B06336,A44,A22506,-0.0036,52132.4,53507.3,3.24E+00,7.50E-04,18767
2026/8/23 07:20,MW2042B09516,O,A17360,-0.00483,52547.6,54013.1,3.23E+00,7.30E-04,18169
2026/8/23 07:20,MW2045B06339,A44,A22506,-0.00451,51133.4,51756.3,3.23E+00,7.50E-04,18799
2026/8/23 07:19,MW2045B06338,AC20,A22506,-0.0091,52285.6,53914.8,3.24E+00,8.10E-04,18671
2026/8/23 07:19,MW2045B06341,A43,A22506,-0.00847,51867.6,53035.3,3.24E+00,8.00E-04,18928
2026/8/23 07:18,MW2042B08569,A45,A22506,-0.0057,50848.5,54824.7,3.23E+00,6.50E-04,18962
2026/8/23 07:18,MW2045B14279,A45,A05420,-0.00496,52579.9,54198.5,3.24E+00,7.90E-04,18108
2026/8/23 07:17,MW2043B10202,AC20,A05420,-0.00228,52448.1,53738.5,3.24E+00,9.40E-04,18220
2026/8/23 07:17,MW2045B03317,A45,A05420,-0.00367,54991.5,53147.8,3.24E+00,6.80E-04,18078
2026/8/23 07:17,MW2045B03318,A45,A05420,-0.00675,54863.2,49801.9,3.24E+00,6.70E-04,18185
2026/8/23 07:16,MW2045B03303,CLL,A05420,-0.0027,51589.8,54037.5,3.24E+00,1.21E-03,17626
2026/8/23 07:16,MW2045B03316,KEF,A05420,-0.00937,50500.3,52720.7,3.23E+00,6.60E-04,17832
2026/8/23 07:15,MW2045B03798,AC20,A05420,-0.00398,50433.4,50856.9,3.24E+00,9.00E-04,17853
2026/8/23 07:15,MW2045B03799,A44,A05420,-0.00252,54049.3,53028.5,3.24E+00,7.70E-04,18058
2026/8/23 07:14,MW2045B03796,AC20,A05420,-0.00251,52308.6,51294.8,3.24E+00,8.40E-04,17781
2026/8/23 07:13,MW2045B17392,C43,A05420,-0.00547,52255.4,53380.4,3.24E+00,7.90E-04,17863
2026/8/23 07:13,MW2045B30633,O,A05327,-0.00182,54777.8,50313.6,3.24E+00,7.00E-04,18711
2026/8/23 07:13,MW2045B06322,AC20,A05420,-0.00471,53212.3,53567.7,3.24E+00,8.40E-04,17913
2026/8/23 07:13,MW2045B30636,O,A05327,-0.0078,51945.9,49535.1,3.24E+00,5.40E-04,18753
2026/8/23 07:13,MW2045B06340,AC20,A05420,-0.00267,51941.1,54500.9,3.24E+00,8.50E-04,18010
2026/8/23 07:12,MW2045B22304,O,A05327,-0.00476,54702.2,52730.2,3.24E+00,7.70E-04,18838
2026/8/23 07:12,MW2045B30634,O,A03840,-0.0008,50827.6,54613.9,3.24E+00,6.90E-04,18180
2026/8/23 07:12,MW2045B22307,O,A05327,-0.00742,51125.3,54612.2,3.24E+00,7.90E-04,18646
2026/8/23 07:12,MW2045B30631,O,A03840,-0.00591,53401.8,52483.2,3.24E+00,6.70E-04,18128
2026/8/23 07:12,MW2045B22306,O,A05327,-0.0079,52726.1,53682.1,3.24E+00,7.60E-04,18772
2026/8/23 07:11,MW2045B30632,O,A03840,-0.00469,52969.6,50143.5,3.24E+00,1.15E-03,18064
2026/8/23 07:11,MW2045B30615,O,A05327,-0.00166,52808.3,51819.3,3.24E+00,6.00E-04,18588
2026/8/23 07:11,MW2045B30629,O,A03840,-0.0075,53263.2,53082.3,3.24E+00,9.40E-04,18023
2026/8/23 07:11,MW2045B22203,O,A05327,-0.0007,52980.1,49305.3,3.24E+00,5.80E-04,18604
2026/8/23 07:11,MW2045B30630,O,A03840,-0.00427,54278.5,54570.4,3.24E+00,1.02E-03,17813
2026/8/23 07:10,MW2045B22208,O,A05327,-0.00753,51143.4,50005.9,3.23E+00,7.80E-04,18694
2026/8/23 07:10,MW2045B30627,O,A03840,-0.00647,52987.6,53553.6,3.24E+00,7.90E-04,18188
2026/8/23 07:10,MW2045B22209,O,A05327,-0.00601,53823.7,52771.3,3.23E+00,5.20E-04,18843
2026/8/23 07:10,MW2045B30391,O,A03840,-0.00352,51658.4,49411.5,3.23E+00,6.30E-04,17955
2026/8/23 07:09,MW2045B22210,O,A05327,-0.00397,52928.9,51420.7,3.24E+00,6.30E-04,18731
2026/8/23 07:09,MW2045B22231,O,A03840,-0.00853,53352.2,54428.3,3.23E+00,6.10E-04,17893
2026/8/23 07:09,MW2045B22230,O,A03840,-0.00854,54526.3,50634.2,3.23E+00,9.00E-04,17977
2026/8/23 07:09,MW2045B22224,O,A05327,-0.00196,54827.4,51226.9,3.23E+00,7.90E-04,18719
2026/8/23 07:09,MW2045B22229,O,A03840,-0.00497,54912.9,49416.8,3.22E+00,6.90E-04,17935
2026/8/23 07:08,MW2045B22225,O,A05327,-0.00961,50482.8,53179.9,3.23E+00,6.10E-04,18651
2026/8/23 07:08,MW2045B30618,AC20,A03840,-0.00406,54048.8,50978.7,3.23E+00,8.60E-04,18199
2026/8/23 07:08,MW2045B11233,O,A12062,-0.00834,54150.4,52200.9,3.23E+00,6.70E-04,18735
2026/8/23 07:08,MW2041B07500,CHH,A03840,-0.00572,51965.2,50829.4,3.23E+00,6.80E-04,18375
2026/8/23 07:08,MW2045B30061,O,A12062,-0.0082,54673.2,50651.9,3.23E+00,8.20E-04,18767
2026/8/23 07:07,MW2043B02649,O,A22595,-0.00308,54844.4,50199.5,2.90E+00,7.60E-04,18442
2026/8/23 07:07,MW2045B02093,O,A12062,-0.00721,54033.1,49144.3,3.23E+00,6.60E-04,18602
2026/8/23 07:07,MW2043B02650,O,A22595,-0.00424,52694.1,51112.3,2.90E+00,6.20E-04,18354
2026/8/23 07:07,MW2045B02094,O,A12062,-0.00225,52607.7,54936.3,3.23E+00,9.10E-04,18428
2026/8/23 07:07,MW2043B02651,O,A22595,-0.00154,50924.1,51283.5,2.81E+00,7.90E-04,18216
2026/8/23 07:06,MW2045B04992,O,A12062,-0.0053,53561.6,53445.7,3.23E+00,9.20E-04,18409
2026/8/23 07:06,MW2043B02634,O,A22595,-0.00145,50596.2,50836.9,2.90E+00,8.50E-04,18178
2026/8/23 07:06,MW2043B02635,O,A22595,-0.00763,54088.6,51752.1,2.89E+00,8.50E-04,18189
2026/8/23 07:06,MW2045B04983,O,A12062,-0.00411,50600.8,54185.8,3.23E+00,7.00E-04,18458
2026/8/23 07:05,MW2045B05009,O,A12062,-0.00828,54522.8,50573.8,3.23E+00,9.20E-04,18670
2026/8/23 07:05,MW2043B06947,O,A22595,-0.00115,52258.4,52385.5,2.87E+00,7.40E-04,18164
2026/8/23 07:05,MW2045B03233,O,A12062,-0.00796,52369.8,53684.9,3.22E+00,5.50E-04,18637
2026/8/23 07:05,MW2043B07027,O,A22595,-0.00357,51945.2,53929.8,2.87E+00,7.60E-04,18275
2026/8/23 07:04,MW2043B06948,O,A22595,-0.0012,54803.3,52445.7,2.91E+00,7.60E-04,18136
2026/8/23 07:04,MW2045B03234,O,A12062,-0.00337,54900.9,52616.9,3.22E+00,6.70E-04,18506
2026/8/23 07:04,MW2043B06953,O,A22595,-0.00868,54589.6,53004.3,2.90E+00,6.80E-04,18204
2026/8/23 07:04,MW2045B03236,O,A12062,-0.00277,54430.5,50973.8,3.22E+00,5.70E-04,18512
2026/8/23 07:04,MW2043B06950,O,A22595,-0.00161,51484.3,51380.1,2.91E+00,7.90E-04,18193
2026/8/23 07:03,MW2045B03237,O,A12062,-0.0038,52686.4,50260.7,3.23E+00,5.60E-04,18537
2026/8/23 07:03,MW2043B06949,O,A22595,-0.00643,52650.6,54258.6,2.89E+00,6.90E-04,18190
2026/8/23 07:03,MW2045B03241,O,A12062,-0.00471,54772.9,49979.4,3.23E+00,5.60E-04,18557
2026/8/23 07:03,MW2043B06942,O,A22595,-0.00457,52298.6,49454.9,2.90E+00,6.60E-04,17906
2026/8/23 07:03,MW2045B03240,O,A16549,-0.00999,53473.5,52110.5,3.20E+00,6.70E-04,18422
2026/8/23 07:02,MW2043B01098,O,A07680,-0.00118,52741.6,52893.3,3.22E+00,8.00E-04,18300
2026/8/23 07:02,MW2045B03239,O,A16549,-0.00477,54685.9,51381.6,3.23E+00,5.80E-04,18548
2026/8/23 07:02,MW2017B32168,CHH,A07680,-0.00506,52843.9,50770.3,3.21E+00,7.80E-04,17845
2026/8/23 07:02,MW2045B22990,O,A16549,-0.00256,53598.5,54968.5,3.23E+00,7.70E-04,18642
2026/8/23 07:01,MW2045B15122,AC20,A07680,-0.005,51287.8,52082.8,3.23E+00,8.80E-04,18107
2026/8/23 07:01,MW2045B22966,O,A16549,-0.00344,52618.3,51401.5,3.23E+00,9.00E-04,18642
2026/8/23 07:01,MW2045B22780,AC20,A07680,-0.00394,51397.3,52147.3,3.24E+00,8.30E-04,18206
2026/8/23 07:01,MW2045B28639,O,A16549,-0.0092,50526.1,49783.3,3.23E+00,6.40E-04,18924
2026/8/23 07:01,MW2044B00581,O,A07680,-0.00624,51334.9,53782.3,3.23E+00,1.12E-03,18117
2026/8/23 07:00,MW2045B21032,AC20,A16549,-0.00654,53028.4,51180.9,3.24E+00,8.80E-04,18912
2026/8/23 07:00,MW2044B00580,O,A07680,-0.0093,51738.4,49297.3,3.23E+00,9.60E-04,18081
2026/8/23 07:00,MW2045B04917,O,A16549,-0.00534,54430.5,52324.4,3.24E+00,9.00E-04,18588
2026/8/23 07:00,MW2045B01660,O,A07680,-0.00892,53556.3,51024.7,3.23E+00,1.13E-03,18054
2026/8/23 06:59,MW2045B04825,O,A16549,-0.00842,54680.2,52782.6,3.23E+00,7.60E-04,18607
2026/8/23 06:59,MW2045B01661,O,A07680,-0.0089,54602.4,52249.6,3.23E+00,9.30E-04,18094
2026/8/23 06:59,MW2045B21354,A41,A16549,-0.00325,53340.1,52710.2,3.23E+00,6.10E-04,18773
2026/8/23 06:58,MW2045B28696,B45,A16549,-0.0053,51966.3,53726.5,3.23E+00,7.50E-04,18873
2026/8/23 06:58,MW2045B02119,O,A07680,-0.00666,53975.2,52771.9,3.23E+00,7.60E-04,17932
2026/8/23 06:58,MW2045B28721,CLL,A16549,-0.00984,52400.9,51125.5,3.24E+00,9.40E-04,18836
2026/8/23 06:58,MW2044B00454,O,A07680,-0.00383,53923.8,51590.4,3.23E+00,7.90E-04,18192
2026/8/23 06:58,MW2045B29750,CHH,A16549,-0.00795,52068.3,49783.3,3.23E+00,6.50E-04,18809
2026/8/23 06:57,MW2044B00455,O,A07680,-0.00841,51525.9,51677.6,3.23E+00,9.00E-04,18358
2026/8/23 06:57,MW2043B09018,C43,A07514,-0.0002,52900.4,53352.7,3.23E+00,7.90E-04,18789
2026/8/23 06:57,MW2044B01305,O,A07680,-0.00664,54838.6,51116.4,3.23E+00,1.86E-03,18463
2026/8/23 06:57,MW2043B09005,A43,A07514,-0.00264,51981.5,52273.2,3.24E+00,7.20E-04,18860
2026/8/23 06:57,MW2043B01190,AC20,A19371,-0.00493,50764.6,50960.2,3.22E+00,8.30E-04,18279
2026/8/23 06:56,MW2043B09006,C41,A07514,-0.00436,54484.7,49078.4,3.24E+00,8.00E-04,18903
2026/8/23 06:56,MW2041B07052,CHH,A19371,-0.00338,54722.5,51238.4,3.23E+00,7.00E-04,18171
2026/8/23 06:56,MW2043B00555,A42,A07514,-0.00181,53114.5,50578.1,3.24E+00,7.00E-04,18652
2026/8/23 06:56,MW2016B02595,CHH,A19371,-0.00305,52630.6,49129.4,3.22E+00,6.20E-04,18548
2026/8/23 06:55,MW2043B10372,A43,A07514,-0.00761,50668.8,53331.8,3.24E+00,7.20E-04,18786
2026/8/23 06:55,MW2043B00586,A42,A07514,-0.00556,52236.8,52246.8,3.24E+00,7.20E-04,18704
2026/8/23 06:55,MW2017B15649,CHH,A19371,-0.00425,52088.3,52353.5,3.22E+00,5.80E-04,18208
2026/8/23 06:54,MW2043B08983,C43,A07514,-0.00956,51739.6,54995.5,3.24E+00,7.50E-04,18786
2026/8/23 06:54,MW2016B03698,CHH,A19371,-0.0034,51174.9,49398.4,3.22E+00,6.30E-04,18353
2026/8/23 06:54,MW2017B11299,C46,A19371,-0.00839,54535.9,51376.2,3.22E+00,7.70E-04,18352
2026/8/23 06:54,MW2043B08985,C41,A07514,-0.00622,50752.2,49556.7,3.24E+00,7.90E-04,18771
2026/8/23 06:54,MW2018B00342,CLL,A19371,-0.00387,52260.3,52498.7,3.18E+00,2.73E-03,17479
2026/8/23 06:54,MW2043B02374,C43,A07514,-0.0046,54992.6,50795.5,3.24E+00,6.40E-04,18744
2026/8/23 06:53,MW2043B02379,C43,A07514,-0.0019,53927.1,51334.2,3.24E+00,6.40E-04,18729
2026/8/23 06:53,MW2043B09308,C43,A07514,-0.0093,52100.2,49066.1,3.24E+00,7.40E-04,19000
2026/8/23 06:52,MW2043B02884,O,A07514,-0.0075,51666.2,52049.5,0.00E+00,0.00E+00,18987
2026/8/23 06:52,MW2042B06636,KEF,A19371,-0.00666,50986.6,49531.1,3.23E+00,1.12E-03,18269
2026/8/23 06:52,MW2042B06636,KEF,A19371,-0.00349,53722.1,54722.9,3.23E+00,1.12E-03,18269
2026/8/23 06:51,MW2043B00332,A45,A19371,-0.00607,51953.4,52232.6,3.23E+00,7.30E-04,17892
2026/8/23 06:51,MW2042B02747,AC20,A19371,-0.00966,53166.3,49560.2,3.23E+00,8.70E-04,18313
2026/8/23 06:51,MW2042B02748,AC20,A19371,-0.00687,52940.6,51120.6,3.23E+00,8.70E-04,18398
2026/8/23 06:50,MW2043B03990,O,A19371,-0.0076,51243.8,53744.4,3.23E+00,1.10E-03,18213
2026/8/23 06:50,MW2045B17332,O,A01842,-0.0056,50995.1,49527.2,3.24E+00,6.90E-04,17908
2026/8/23 06:49,MW2017B18539,O,A19411,-0.00442,52296.7,49560.5,0.00E+00,0.00E+00,18587
2026/8/23 06:49,MW2045B17294,O,A01842,-0.0089,51505.3,51950.8,3.24E+00,8.20E-04,18194
2026/8/23 06:49,MW2045B22028,O,A01842,-0.00381,53492.3,53850.2,3.23E+00,8.30E-04,18067
2026/8/23 06:48,MW2045B22013,O,A01842,-0.00485,52515.1,53545.5,3.23E+00,8.60E-04,18223
2026/8/23 06:48,MW2045B22036,O,A01842,-0.00998,52597.3,54717.3,3.23E+00,8.20E-04,18047
2026/8/23 06:48,MW2045B22029,O,A01842,-0.00903,52657.2,53711.4,3.23E+00,1.11E-03,18169
2026/8/23 06:47,MW2045B22030,O,A01842,-0.00834,54341.1,51626.1,3.23E+00,8.10E-04,18214
2026/8/23 06:47,MW2016B07157,A43,A19411,-0.00822,54897.8,54777.4,3.23E+00,4.90E-04,18611
2026/8/23 06:47,MW2045B22031,O,A01842,-0.00203,53382.8,53782.2,3.23E+00,6.60E-04,18345
2026/8/23 06:47,MW2016B07154,A43,A19411,-0.00354,53726.6,52279.1,3.23E+00,5.10E-04,18680
2026/8/23 06:46,MW2045B22032,O,A01842,-0.00478,50867.5,54410.9,3.23E+00,8.10E-04,18131
2026/8/23 06:46,MW2016B07102,A43,A19411,-0.00287,53370.4,51892.3,3.23E+00,5.10E-04,18641
2026/8/23 06:46,MW2045B22033,O,A01842,-0.0081,50970.4,49221.5,3.23E+00,8.10E-04,18357
2026/8/23 06:46,MW2016B07101,A43,A19411,-0.00551,54397.1,52509.6,3.23E+00,5.50E-04,18648
2026/8/23 06:46,MW2045B22034,O,A01842,-0.0039,52819.7,52170.6,3.23E+00,9.10E-04,18331
2026/8/23 06:45,MW2045B22035,O,A01842,-0.0062,52300.6,49280.1,3.23E+00,1.08E-03,18366
2026/8/23 06:45,MW2016B07099,O,A19411,-0.00108,50687.9,50563.8,3.23E+00,0.00E+00,18631
2026/8/23 06:45,MW2025B01095,CHH,A16802,-0.00525,52287.6,51309.7,3.21E+00,6.20E-04,18401
2026/8/23 06:44,MW2025B01014,CHH,A16802,-0.0028,54531.2,50746.4,3.22E+00,6.60E-04,18335
2026/8/23 06:44,MW2025B01094,CHH,A16802,-0.00115,50590.8,51307.6,3.20E+00,6.80E-04,18506
2026/8/23 06:43,MW2026B00670,A43,A16802,-0.00446,54407.4,53507.9,3.21E+00,5.60E-04,18596
2026/8/23 06:43,MW2025B01178,CHH,A16802,-0.00696,53090.5,54465.7,3.21E+00,6.20E-04,18480
2026/8/23 06:43,MW2026B00669,A43,A16802,-0.0054,53204.9,49850.7,3.21E+00,5.60E-04,18550
2026/8/23 06:42,MW2026B00668,B43,A16802,-0.00106,54533.4,51405.8,3.22E+00,5.40E-04,18565
2026/8/23 06:42,MW2026B00665,A42,A16802,-0.0091,51793.5,51615.6,3.20E+00,6.00E-04,18283
2026/8/23 06:41,MW2027B13698,D43,A16802,-0.00463,50365.1,50860.4,3.22E+00,5.50E-04,18259
2026/8/23 06:41,MW2027B13699,A42,A16802,-0.00229,53621.4,52807.5,3.20E+00,5.30E-04,18212
2026/8/23 06:41,MW2016B07098,C43,A19411,-0.00871,52673.5,54428.7,3.22E+00,5.00E-04,18671
2026/8/23 06:41,MW2045B61952,AC20,A16802,-0.00112,50989.7,50337.6,3.24E+00,8.80E-04,18040
2026/8/23 06:40,MW2016B07097,C43,A19411,-0.00333,54322.5,54526.5,3.21E+00,5.30E-04,18605
2026/8/23 06:40,MW2045B61859,AC20,A16802,-0.00926,54343.8,51242.3,3.24E+00,8.80E-04,18012
2026/8/23 06:40,MW2016B07096,C43,A19411,-0.0052,54580.9,53245.6,3.23E+00,5.20E-04,18629
2026/8/23 06:39,MW2017B22038,A43,A19411,-0.00294,53606.5,50092.2,3.23E+00,5.30E-04,18503
2026/8/23 06:39,MW2045B30474,AC20,A05001,-0.00603,54916.8,53475.8,3.24E+00,8.40E-04,17994
2026/8/23 06:39,MW2045B30469,AC20,A05001,-0.00977,53674.9,49364.1,3.24E+00,9.10E-04,18154
2026/8/23 06:39,MW2045B03626,A43,A19411,-0.00157,51153.8,53835.7,3.23E+00,6.50E-04,18316
2026/8/23 06:39,MW2045B30471,A42,A05001,-0.0045,53076.2,50782.5,3.24E+00,7.00E-04,18080
2026/8/23 06:38,MW2043B06091,CHH,A19411,-0.00763,50556.7,54572.8,3.23E+00,6.40E-04,18663
2026/8/23 06:38,MW2044B04465,AC20,A05001,-0.00964,51082.4,50157.9,3.24E+00,8.40E-04,18093
2026/8/23 06:38,MW2045B06292,A43,A16153,-0.00425,54891.5,51245.3,3.23E+00,6.40E-04,18609
2026/8/23 06:38,MW2045B08626,AC20,A05001,-0.0048,54229.2,50950.1,3.24E+00,9.10E-04,17828
2026/8/23 06:37,MW2045B12546,C43,A16153,-0.00632,50374.5,49552.9,3.23E+00,6.10E-04,18944
2026/8/23 06:37,MW2045B21859,B42,A05001,-0.00865,54027.2,49969.7,3.24E+00,7.70E-04,18164
2026/8/23 06:37,MW2045B13097,A43,A16153,-0.00632,50911.1,54608.5,3.24E+00,6.40E-04,18968
2026/8/23 06:37,MW2045B18521,AC20,A05001,-0.00532,51606.6,51296.3,3.24E+00,9.10E-04,17913
2026/8/23 06:37,MW2045B14361,B43,NULL,-0.00368,51946.7,54083.3,3.24E+00,7.40E-04,18229
2026/8/23 06:36,MW2045B13060,A43,A16153,-0.00272,51579.9,52880.1,3.24E+00,7.30E-04,18862
2026/8/23 06:36,MW2045B06637,O,A16153,-0.0022,50863.1,50693.8,0.00E+00,0.00E+00,18595
2026/8/23 06:34,MW2045B14370,B43,A05001,-0.007,52954.9,52053.4,3.24E+00,7.70E-04,18103
2026/8/23 06:34,MW2045B18533,AC20,A05001,-0.00451,50914.8,50095.3,3.23E+00,9.20E-04,18023
2026/8/23 06:34,MW2045B14358,B43,A05001,-0.00385,52475.2,51668.5,3.24E+00,7.60E-04,18075
2026/8/23 06:33,MW2045B14357,B43,A05001,-0.00703,53723.2,51572.1,3.24E+00,7.80E-04,18173
2026/8/23 06:33,MW2045B07568,A43,A16153,-0.0058,50664.9,51779.2,3.24E+00,6.80E-04,18735
2026/8/23 06:33,MW2044B03829,A43,A16153,-0.00289,51496.9,52879.4,3.24E+00,7.10E-04,18616
2026/8/23 06:32,MW2045B01417,O,A16153,-0.0085,50863.5,51034.4,0.00E+00,0.00E+00,18476
2026/8/23 06:31,MW2045B12551,C43,A16153,-0.00488,51786.2,53830.9,3.23E+00,6.00E-04,18885
2026/8/23 06:30,MW2045B04410,A43,A16153,-0.00363,54580.5,54244.3,3.23E+00,6.70E-04,18754
2026/8/23 06:30,MW2045B01098,B43,A13295,-0.00181,53066.6,49297.9,3.24E+00,6.20E-04,18176
2026/8/23 06:30,MW2045B04411,A43,A16153,-0.00278,51156.8,53634.7,3.23E+00,5.70E-04,18747
2026/8/23 06:30,MW2045B04558,C43,A16153,-0.00263,53712.8,51274.9,3.23E+00,6.90E-04,18411
2026/8/23 06:29,MW2045B05285,B43,A13295,-0.00694,53973.5,50416.4,3.24E+00,7.20E-04,17880
2026/8/23 06:29,MW2045B07587,A41,A07607,-0.00319,50944.9,51923.6,3.23E+00,5.80E-04,18742
2026/8/23 06:29,MW2045B05286,AC20,A13295,-0.00721,52298.4,51279.6,3.24E+00,8.40E-04,17914
2026/8/23 06:29,MW2045B06618,C43,A07607,-0.00799,51778.7,53750.7,3.24E+00,7.50E-04,18801
2026/8/23 06:29,MW2045B01100,B43,A13295,-0.00694,51404.2,53845.9,3.24E+00,6.10E-04,18131
2026/8/23 06:28,MW2045B01089,B43,A13295,-0.00803,51721.6,49096.9,3.24E+00,6.40E-04,18226
2026/8/23 06:28,MW2045B16405,A41,A07607,-0.00216,50923.6,53979.6,3.24E+00,7.00E-04,18772
2026/8/23 06:26,MW2045B16400,A41,A07607,-0.0026,51464.1,51310.6,3.24E+00,6.90E-04,18780
2026/8/23 06:26,MW2045B01093,B43,A13295,-0.00243,51878.8,52252.5,3.24E+00,6.40E-04,18165
2026/8/23 06:25,MW2045B04557,C43,A07607,-0.00606,54819.3,54463.6,3.23E+00,7.00E-04,18339
2026/8/23 06:25,MW2045B11644,AC20,A13295,-0.00839,51629.2,54562.7,3.24E+00,8.90E-04,18018
2026/8/23 06:25,MW2045B22467,A43,A07607,-0.00667,53643.6,51424.1,3.24E+00,7.60E-04,18649
2026/8/23 06:25,MW2043B08346,A42,A13295,-0.00546,54846.4,51428.5,3.24E+00,8.00E-04,18229
2026/8/23 06:25,MW2045B22445,A41,A07607,-0.00591,54062.9,53119.2,3.24E+00,7.60E-04,18886
2026/8/23 06:25,MW2042B08543,AC20,A13295,-0.0015,53789.7,51042.5,3.23E+00,8.10E-04,17528
2026/8/23 06:24,MW2042B08540,AC20,A13295,-0.00936,51818.1,54107.9,3.23E+00,8.40E-04,18368
2026/8/23 06:24,MW2045B16817,A43,A07607,-0.0016,51857.5,51779.6,3.23E+00,6.90E-04,18905
2026/8/23 06:24,MW2042B08541,AC20,A13295,-0.00569,54873.3,53475.7,3.23E+00,8.30E-04,18032
2026/8/23 06:24,MW2045B22453,AC20,A07607,-0.00916,52653.8,51133.2,3.24E+00,8.20E-04,18896
2026/8/23 06:23,MW2045B02105,A43,A13295,-0.00383,52476.4,50213.5,3.24E+00,8.00E-04,17890
2026/8/23 06:23,MW2045B19093,A42,A07607,-0.00648,50497.1,54231.4,3.24E+00,7.10E-04,18659
2026/8/23 06:23,MW2043B00785,AC20,A23063,-0.00514,53058.7,49565.6,3.23E+00,9.20E-04,18214
2026/8/23 06:23,MW2045B18031,C43,A07607,-0.00323,54655.6,52428.6,3.24E+00,5.60E-04,18796
2026/8/23 06:23,MW2043B00783,A42,A23063,-0.00308,52563.1,52157.7,3.23E+00,7.50E-04,18014
2026/8/23 06:22,MW2045B10960,A43,A07607,-0.00482,52081.3,51208.7,3.23E+00,6.70E-04,18692
2026/8/23 06:22,MW2043B00782,A41,A23063,-0.00125,54991.2,50631.3,3.23E+00,7.90E-04,18279
2026/8/23 06:22,MW2045B18411,B41,A01499,-0.0035,52606.9,53221.9,3.24E+00,6.90E-04,18640
2026/8/23 06:22,MW2042B07341,A41,A23063,-0.00806,51357.7,50011.9,3.23E+00,7.10E-04,18237
2026/8/23 06:21,MW2045B18414,O,A01499,-0.00975,51982.3,53325.9,0.00E+00,0.00E+00,18911
2026/8/23 06:21,MW2042B00299,O,A23063,-0.00752,51970.4,51973.1,2.95E+00,0.00E+00,17478
2026/8/23 06:20,MW2045B10568,C42,A01499,-0.00722,53685.4,50682.8,3.22E+00,6.40E-04,18729
2026/8/23 06:20,MW2045B14680,B43,A01499,-0.0089,50587.7,51278.9,3.23E+00,7.90E-04,18653
2026/8/23 06:19,MW2045B17695,AC20,A01499,-0.00889,54005.8,51396.2,3.24E+00,8.50E-04,18553
2026/8/23 06:19,MW2045B18604,A42,A01499,-0.0033,52192.5,53921.6,3.23E+00,6.80E-04,18566
2026/8/23 06:19,MW2045B18588,A42,A01499,-0.00296,52248.7,49440.8,3.23E+00,7.70E-04,18658
2026/8/23 06:18,MW2045B18568,A42,A01499,-0.00998,51243.8,54883.3,3.23E+00,8.00E-04,18741
2026/8/23 06:18,MW2045B30334,B43,A01499,-0.00912,53159.1,53633.1,3.24E+00,6.60E-04,18633
2026/8/23 06:17,MW2042B00298,A41,A23063,-0.0098,52331.7,53508.5,2.97E+00,6.30E-04,18315
2026/8/23 06:17,MW2045B30336,B43,A01499,-0.00864,53312.8,51541.9,3.24E+00,6.40E-04,18661
2026/8/23 06:17,MW2042B05276,B43,A23063,-0.0002,50801.7,51588.4,3.21E+00,7.50E-04,18106
2026/8/23 06:17,MW2045B30331,B43,A01499,-0.00674,52834.2,53762.9,3.24E+00,6.60E-04,18559
2026/8/23 06:17,MW2043B09981,A43,A23063,-0.00422,54296.8,52389.7,3.23E+00,7.80E-04,18217
2026/8/23 06:16,MW2045B20604,A43,A01499,-0.0081,50397.8,50846.8,3.23E+00,5.90E-04,18655
2026/8/23 06:16,MW2025B01070,CHH,A23063,-0.00857,53028.6,53577.9,3.22E+00,6.50E-04,18398
2026/8/23 06:15,MW2043B05321,B41,A06171,-0.00324,51718.8,53268.3,3.23E+00,6.40E-04,18682
2026/8/23 06:14,MW2025B01074,CHH,A23063,-0.00544,52086.1,51956.6,3.21E+00,7.00E-04,18268
2026/8/23 06:14,MW2042B01900,C41,A06171,-0.00436,53550.5,52821.5,3.24E+00,7.20E-04,18840
2026/8/23 06:14,MW2025B01177,CHH,A23063,-0.00693,51666.8,50399.7,3.22E+00,6.50E-04,18341
2026/8/23 06:13,MW2025B01106,CHH,A23063,-0.0043,53358.5,50247.4,3.21E+00,6.30E-04,18326
2026/8/23 06:13,MW2042B01899,A42,A06171,-0.00191,53608.9,54591.6,3.24E+00,7.10E-04,18857
2026/8/23 06:13,MW2043B03146,B43,A06171,-0.0072,53238.7,53686.2,3.24E+00,7.60E-04,18681
2026/8/23 06:13,MW2042B03354,A42,A18425,-0.00276,54909.3,49920.5,3.23E+00,6.50E-04,18465
2026/8/23 06:13,MW2043B06807,A42,A06171,-0.00224,54576.5,51460.5,3.23E+00,6.20E-04,18905
2026/8/23 06:12,MW2042B03353,C42,A18425,-0.00786,53888.4,49427.5,3.23E+00,6.60E-04,18429
2026/8/23 06:12,MW2043B03826,A43,A06171,-0.00817,53174.3,52513.6,3.23E+00,7.70E-04,18735
2026/8/23 06:12,MW2042B01895,A43,A18425,-0.00649,54068.8,50195.7,3.23E+00,7.90E-04,18337
2026/8/23 06:12,MW2042B03329,A43,A18425,-0.00212,53135.7,54006.8,3.24E+00,8.00E-04,18366
2026/8/23 06:12,MW2043B03825,A43,A06171,-0.00843,51387.5,49571.4,3.23E+00,8.00E-04,18770
2026/8/23 06:11,MW2042B03331,A43,A18425,-0.00798,53540.6,49099.6,3.23E+00,7.90E-04,18390
2026/8/23 06:11,MW2043B03824,A42,A06171,-0.0023,54091.7,52263.8,3.23E+00,6.00E-04,18603
2026/8/23 06:11,MW2042B03361,A41,A18425,-0.00745,54933.8,51415.1,3.23E+00,6.80E-04,18445
2026/8/23 06:11,MW2043B03815,AC20,A06171,-0.0064,52987.4,54133.4,3.23E+00,8.40E-04,18786
2026/8/23 06:11,MW2042B03358,A41,A18425,-0.00362,52405.8,51342.4,3.23E+00,6.50E-04,18299
2026/8/23 06:10,MW2025B01120,CHH,A06171,-0.0016,51357.6,50457.7,3.20E+00,5.20E-04,18913
2026/8/23 06:10,MW2042B03356,A43,A18425,-0.00136,53163.9,50074.1,3.23E+00,6.50E-04,18409
2026/8/23 06:10,MW2025B01162,O,A06171,-0.0054,53149.6,51818.7,0.00E+00,0.00E+00,18773
2026/8/23 06:10,MW2042B03352,A42,A18425,-0.00132,53232.1,53975.8,3.22E+00,6.50E-04,18403
2026/8/23 06:09,MW2042B03351,A42,A18425,-0.00313,52002.3,49708.3,3.22E+00,6.50E-04,18417
2026/8/23 06:09,MW2043B06821,A41,A18425,-0.00216,52469.1,54131.4,3.23E+00,6.70E-04,18329
2026/8/23 06:09,MW2042B03141,A43,A18425,-0.00974,52239.9,52206.9,3.23E+00,7.70E-04,18193
2026/8/23 06:08,MW2045B19213,A43,A24404,-0.0006,53511.1,53634.7,3.24E+00,7.00E-04,17910
2026/8/23 06:08,MW2045B19038,AC20,A24404,-0.002,52550.5,51978.4,3.24E+00,8.10E-04,17960
2026/8/23 06:07,MW2045B15939,B42,A24404,-0.00667,51480.3,54428.3,3.23E+00,7.60E-04,17922
2026/8/23 06:07,MW2045B10693,A43,A24404,-0.00758,52568.6,54551.5,3.24E+00,7.90E-04,17816
2026/8/23 06:07,MW2045B10692,B43,A24404,-0.00347,50885.1,52191.6,3.24E+00,7.80E-04,18102
2026/8/23 06:06,MW2045B14861,AC20,A24404,-0.00929,52381.4,51846.4,3.24E+00,9.00E-04,18255
2026/8/23 06:06,MW2025B01205,CHH,A06171,-0.00682,50597.1,50345.3,3.21E+00,5.00E-04,18626
2026/8/23 06:06,MW2045B10680,AC20,A24404,-0.00547,51961.5,52008.2,3.23E+00,8.20E-04,17924
2026/8/23 06:06,MW2045B01099,B43,A20693,-0.00341,52393.3,54302.7,3.24E+00,5.40E-04,18719
2026/8/23 06:05,MW2045B15989,B43,A24404,-0.00963,50763.4,49693.5,3.24E+00,7.50E-04,18197
2026/8/23 06:05,MW2045B01109,D43,A20693,-0.00184,51194.5,53727.9,3.23E+00,5.40E-04,18587
2026/8/23 06:05,MW2045B08251,AC20,A24404,-0.0062,54331.2,53860.9,3.24E+00,9.00E-04,18014
2026/8/23 06:05,MW2045B17435,C43,A20693,-0.005,53532.9,53611.7,3.24E+00,6.60E-04,18809
2026/8/23 06:05,MW2045B08281,AC20,A24404,-0.00629,51207.1,51345.2,3.24E+00,8.80E-04,17852
2026/8/23 06:04,MW2045B10969,B42,A20693,-0.0037,50713.8,53669.8,3.24E+00,6.40E-04,18668
2026/8/23 06:04,MW2045B08285,C43,A24404,-0.00325,54392.7,51294.1,3.24E+00,7.70E-04,18208
2026/8/23 06:04,MW2045B17442,A42,A20693,-0.00517,51505.5,51407.4,3.24E+00,6.10E-04,18607
2026/8/23 06:03,MW2045B08316,A43,A24404,-0.00621,52360.2,51564.6,3.24E+00,7.80E-04,17940
2026/8/23 06:03,MW2045B10962,B42,A20693,-0.00545,52082.2,54773.3,3.24E+00,6.30E-04,18596
2026/8/23 06:03,MW2045B18530,AC20,A11475,-0.00646,51894.9,49509.3,3.23E+00,9.20E-04,17993
2026/8/23 06:02,MW2045B17443,A42,A20693,-0.00969,52157.7,49117.6,3.24E+00,6.90E-04,18650
2026/8/23 06:02,MW2045B18513,AC20,A11475,-0.00737,51385.1,49920.9,3.24E+00,9.00E-04,18021
2026/8/23 06:02,MW2045B02834,A41,A20693,-0.00308,53961.8,53637.5,3.24E+00,7.20E-04,18756
2026/8/23 06:02,MW2045B30472,A43,A11475,-0.00277,52152.6,51040.1,3.24E+00,7.50E-04,18186
2026/8/23 06:01,MW2045B19208,A43,A11475,-0.00171,54570.1,53497.3,3.24E+00,7.20E-04,17910
2026/8/23 06:01,MW2045B10964,B43,A20693,-0.00483,54889.1,52860.2,3.24E+00,7.00E-04,18563
2026/8/23 06:01,MW2045B22504,AC20,A11475,-0.00786,53672.9,49166.6,3.24E+00,8.20E-04,18236
2026/8/23 06:01,MW2045B10965,B42,A20693,-0.00126,52958.1,51972.4,3.24E+00,6.40E-04,18598
2026/8/23 06:01,MW2045B22508,B43,A11475,-0.00216,54635.7,49746.8,3.24E+00,7.30E-04,18225
2026/8/23 06:00,MW2044B04040,A42,A20693,-0.00162,50920.8,50727.8,3.24E+00,6.70E-04,18631
2026/8/23 06:00,MW2045B18058,A43,A11475,-0.00299,52351.5,51125.4,3.24E+00,7.20E-04,18118
2026/8/23 06:00,MW2045B10966,A42,A20693,-0.00186,54655.6,52087.2,3.23E+00,7.30E-04,18661
2026/8/23 06:00,MW2045B18055,AC20,A11475,-0.00578,53047.7,53981.9,3.24E+00,8.10E-04,18045
2026/8/23 06:00,MW2045B00327,AC20,A21493,-0.00172,53714.8,49180.5,3.24E+00,8.20E-04,18716
2026/8/23 05:59,MW2045B18056,C41,A11475,-0.00735,50504.5,54334.3,3.24E+00,8.00E-04,18052
2026/8/23 05:59,MW2044B00764,A41,A21493,-0.00865,53103.4,52579.8,3.24E+00,7.70E-04,18665
2026/8/23 05:59,MW2045B18053,C43,A11475,-0.0026,52706.1,54715.1,3.24E+00,6.40E-04,18094
2026/8/23 05:59,MW2044B01212,A43,A21493,-0.00606,50506.6,51590.3,3.24E+00,5.70E-04,18572
2026/8/23 05:59,MW2045B19212,A43,A11475,-0.00139,53851.8,50388.2,3.24E+00,6.90E-04,17916
2026/8/23 05:58,MW2045B19207,B43,A11475,-0.00863,54324.9,54315.3,3.24E+00,7.00E-04,17939
2026/8/23 05:58,MW2044B01213,A43,A21493,-0.00611,54049.9,53542.7,3.24E+00,5.70E-04,18607
2026/8/23 05:58,MW2045B06615,AC20,A07488,-0.00462,53372.6,50949.9,3.24E+00,8.10E-04,18088
2026/8/23 05:58,MW2041B11977,C42,A21493,-0.00116,51480.5,53888.3,3.23E+00,5.10E-04,18546
2026/8/23 05:57,MW2045B06616,A43,A07488,-0.00316,53972.4,51168.5,3.24E+00,7.80E-04,18041
2026/8/23 05:57,MW2041B11943,A41,A21493,-0.00561,54525.6,51771.2,3.23E+00,5.30E-04,18737
2026/8/23 05:57,MW2045B16334,A42,A07488,-0.00999,54556.5,51951.4,3.24E+00,7.40E-04,18135
2026/8/23 05:57,MW2041B11942,A42,A21493,-0.0022,51373.2,49171.9,3.23E+00,5.30E-04,18848
2026/8/23 05:57,MW2045B17038,A42,A07488,-0.00215,53470.3,49708.4,3.23E+00,7.50E-04,18260
2026/8/23 05:56,MW2041B11976,A42,A21493,-0.0017,54366.7,50599.7,3.23E+00,5.10E-04,18499
2026/8/23 05:56,MW2045B17037,A42,A07488,-0.00163,54303.3,52582.1,3.23E+00,7.40E-04,18211
2026/8/23 05:56,MW2041B11945,A41,A21493,-0.00302,53952.7,50900.6,3.23E+00,5.30E-04,18663
2026/8/23 05:56,MW2045B13169,A42,A07488,-0.00667,50875.9,51192.9,3.24E+00,8.00E-04,18082
2026/8/23 05:55,MW2041B11946,A41,A21493,-0.00948,54060.1,53634.3,3.23E+00,5.30E-04,18707
2026/8/23 05:55,MW2045B13168,A43,A07488,-0.00621,52189.7,52851.6,3.24E+00,7.70E-04,18192
2026/8/23 05:55,MW2041B09986,C43,A21493,-0.00972,52956.9,51040.4,3.23E+00,7.40E-04,18836
2026/8/23 05:55,MW2045B13174,A43,A07488,-0.0033,51810.4,51244.8,3.24E+00,7.80E-04,18221
2026/8/23 05:55,MW2036B06913,C42,A21493,-0.00342,53519.8,51173.2,3.22E+00,6.20E-04,18895
2026/8/23 05:55,MW2045B16361,B41,A07488,-0.0091,54960.5,52172.3,3.24E+00,7.60E-04,18269
2026/8/23 05:54,MW2044B27622,A46,A16819,-0.00402,51019.8,49743.4,3.24E+00,4.60E-04,18539
2026/8/23 05:54,MW2045B13597,AC20,A07488,-0.00314,54985.5,54985.3,3.24E+00,8.10E-04,17929
2026/8/23 05:54,MW2045B13600,D43,A07488,-0.00158,50414.3,49495.7,3.24E+00,6.80E-04,18074
2026/8/23 05:54,MW2044B27430,KGH,A16819,-0.00153,50897.5,54330.2,3.27E+00,9.10E-04,18399
2026/8/23 05:53,MW2045B13599,B43,A07488,-0.00249,54013.9,52888.1,3.24E+00,6.10E-04,18010
2026/8/23 05:53,MW2044B27431,C46,A16819,-0.00903,51780.3,50753.7,3.24E+00,4.40E-04,18598
2026/8/23 05:53,MW2044B28024,A46,A20043,-0.00166,52009.8,49196.1,3.24E+00,7.90E-04,18265
2026/8/23 05:53,MW2044B27617,A46,A16819,-0.00371,54881.7,49962.7,3.24E+00,4.50E-04,18484
2026/8/23 05:52,MW2044B28021,A46,A20043,-0.00199,52941.3,54022.8,3.24E+00,7.90E-04,18302
2026/8/23 05:52,MW2044B27432,CHH,A16819,-0.00156,54616.1,49739.5,3.24E+00,4.50E-04,18677
2026/8/23 05:52,MW2044B28022,A46,A20043,-0.0088,51463.8,54497.3,3.24E+00,8.00E-04,18259
2026/8/23 05:52,MW2044B27618,A46,A16819,-0.00706,54442.7,49773.9,3.24E+00,4.60E-04,18496
2026/8/23 05:52,MW2044B28020,A46,A20043,-0.00637,51124.6,53894.9,3.24E+00,7.90E-04,18290
2026/8/23 05:51,MW2044B27433,CHH,A16819,-0.00267,52500.6,53993.3,3.24E+00,4.50E-04,18655
2026/8/23 05:51,MW2044B28088,CHH,A20043,-0.0066,52064.6,54956.6,3.24E+00,6.50E-04,18326
2026/8/23 05:51,MW2044B27394,CHH,A16819,-0.00275,52547.2,54064.7,3.24E+00,4.60E-04,18476
2026/8/23 05:51,MW2044B28089,CHH,A20043,-0.00837,53431.3,51927.3,3.24E+00,7.30E-04,18220
2026/8/23 05:50,MW2044B27395,CHH,A16819,-0.00592,50703.1,52026.3,3.24E+00,4.60E-04,18562
2026/8/23 05:50,MW2044B28090,CHH,A20043,-0.00203,54817.2,53626.9,3.24E+00,7.50E-04,18338
2026/8/23 05:50,MW2044B27396,CHH,A16819,-0.0023,50550.9,54278.7,3.24E+00,4.50E-04,18616
2026/8/23 05:50,MW2044B28091,CHH,A20043,-0.00784,50647.8,51591.7,3.24E+00,7.20E-04,18195
2026/8/23 05:50,MW2045B65152,O,A16819,-0.00993,52579.2,54140.9,3.24E+00,4.90E-04,18646
2026/8/23 05:50,MW2044B28092,CHH,A20043,-0.00188,53417.5,52047.4,3.24E+00,7.20E-04,18400
2026/8/23 05:49,MW2044B28093,CHH,A20043,-0.00337,51220.5,52604.3,3.24E+00,7.20E-04,18260
2026/8/23 05:49,MW2044B28059,O,A16819,-0.00739,51380.9,53992.3,3.24E+00,6.70E-04,18610
2026/8/23 05:49,MW2044B28094,CHH,A20043,-0.00395,52946.9,52279.3,3.24E+00,7.20E-04,18261
2026/8/23 05:49,MW2045B30605,KEF,A10714,-0.00802,50793.5,54624.1,3.24E+00,4.90E-04,18653
2026/8/23 05:48,MW2044B27402,CHH,A20043,-0.00124,52636.9,49221.6,3.24E+00,5.80E-04,18300
2026/8/23 05:48,MW2045B30610,KEF,A10714,-0.00247,50557.3,53869.5,3.24E+00,7.80E-04,18644
2026/8/23 05:48,MW2044B27578,A45,A20553,-0.00172,54962.9,50349.1,3.24E+00,5.80E-04,18181
2026/8/23 05:48,MW2044B27883,KEF,A10714,-0.0062,53966.9,54035.6,3.24E+00,7.70E-04,18654
2026/8/23 05:48,MW2044B27579,A46,A20553,-0.0059,53380.2,53787.2,3.24E+00,5.80E-04,18188
2026/8/23 05:47,MW2045B30606,KEF,A10714,-0.00183,53228.6,53748.9,3.24E+00,6.00E-04,18550
2026/8/23 05:47,MW2044B27576,A46,A20553,-0.00573,50569.5,52224.8,3.24E+00,5.70E-04,18322
2026/8/23 05:47,MW2044B27365,KEF,A10714,-0.00822,53004.5,50977.5,3.24E+00,4.90E-04,18484
2026/8/23 05:47,MW2044B27575,CHH,A20553,-0.00473,53361.4,53573.7,3.24E+00,5.90E-04,18239
2026/8/23 05:46,MW2045B46353,KEF,A10714,-0.0029,53024.3,50712.3,3.24E+00,8.50E-04,18407
2026/8/23 05:46,MW2045B65606,O,A20553,-0.0058,53312.1,51061.6,3.24E+00,6.00E-04,17992
2026/8/23 05:46,MW2044B27364,KEF,A10714,-0.00557,53359.6,52285.1,3.24E+00,4.90E-04,18662
2026/8/23 05:46,MW2044B27546,CHH,A20553,-0.00561,51285.5,52989.3,3.24E+00,6.10E-04,18302
2026/8/23 05:45,MW2044B28076,KEF,A10714,-0.00621,54687.9,54095.4,3.24E+00,5.90E-04,18741
2026/8/23 05:45,MW2044B27547,CHH,A20553,-0.00481,53516.4,52940.2,3.24E+00,6.10E-04,18306
2026/8/23 05:45,MW2045B63158,KEF,A10714,-0.0015,50781.3,52865.1,3.24E+00,6.60E-04,18551
2026/8/23 05:45,MW2044B27537,CHH,A20553,-0.00352,52855.2,51832.3,3.24E+00,6.00E-04,18310
2026/8/23 05:45,MW2044B27808,KEF,A10714,-0.00881,51940.3,54481.2,3.24E+00,4.90E-04,18636
2026/8/23 05:45,MW2044B25189,AC20,A20553,-0.00219,54936.1,49093.7,3.24E+00,8.50E-04,18368
2026/8/23 05:44,MW2045B14746,KEF,A10714,-0.0003,54906.3,52081.6,3.24E+00,8.40E-04,18732
2026/8/23 05:44,MW2044B25223,A45,A20553,-0.00372,53080.9,52225.2,3.24E+00,8.00E-04,18300
2026/8/23 05:44,MW2045B28950,KEF,A10714,-0.00957,52073.3,54373.4,3.24E+00,6.20E-04,18623
2026/8/23 05:43,MW2044B29577,O,A21917,-0.00328,54827.5,52323.7,3.24E+00,5.20E-04,18610
2026/8/23 05:43,MW2045B63197,A45,A20553,-0.0027,52391.7,53995.7,3.24E+00,8.00E-04,18182
2026/8/23 05:43,MW2044B27723,CHH,A21917,-0.00396,54484.3,50464.5,3.24E+00,5.00E-04,18592
2026/8/23 05:42,MW2044B28025,AC20,A20553,-0.00838,53587.7,54292.8,3.24E+00,8.10E-04,18123
2026/8/23 05:42,MW2044B29575,O,A21917,-0.00371,51202.3,52227.4,3.24E+00,5.10E-04,18629
2026/8/23 05:42,MW2044B28116,CHH,A19801,-0.00395,53124.7,51454.6,3.24E+00,6.40E-04,18383
2026/8/23 05:42,MW2044B27725,CHH,A21917,-0.00577,53034.2,54475.4,3.24E+00,4.90E-04,18580
2026/8/23 05:42,MW2044B28114,CHH,A19801,-0.0095,52366.2,52657.3,3.24E+00,6.40E-04,18308
2026/8/23 05:41,MW2044B29576,O,A21917,-0.00575,54456.6,54055.1,3.24E+00,5.00E-04,18520
2026/8/23 05:41,MW2044B28115,CHH,A19801,-0.00867,51763.4,49750.9,3.24E+00,6.50E-04,18333
2026/8/23 05:41,MW2044B27722,CHH,A21917,-0.00365,54328.1,53874.3,3.24E+00,4.80E-04,18344
2026/8/23 05:41,MW2044B28113,CHH,A19801,-0.00564,51065.8,52309.7,3.24E+00,6.40E-04,18353
2026/8/23 05:40,MW2044B29574,O,A21917,-0.00337,53946.1,51163.4,3.24E+00,5.30E-04,18509
2026/8/23 05:40,MW2044B28112,CHH,A19801,-0.00138,51892.3,54361.1,3.24E+00,6.40E-04,18324
2026/8/23 05:40,MW2044B27499,A46,A21917,-0.00765,52151.7,53172.3,3.24E+00,4.90E-04,18452
2026/8/23 05:40,MW2044B27501,A46,A19801,-0.00314,50895.9,51814.9,3.24E+00,5.80E-04,18301
2026/8/23 05:40,MW2044B27504,CHH,A19801,-0.00734,52857.1,52892.5,3.24E+00,5.60E-04,18294
2026/8/23 05:39,MW2044B29573,O,A21917,-0.00352,54318.1,51404.5,3.24E+00,5.00E-04,18464
2026/8/23 05:39,MW2044B27503,CHH,A19801,-0.00882,53250.6,49785.2,3.24E+00,5.90E-04,18256
2026/8/23 05:39,MW2044B29568,O,A21917,-0.00753,51369.9,52538.4,3.24E+00,5.20E-04,18636
2026/8/23 05:39,MW2044B28085,A46,A19801,-0.00543,52443.2,50111.7,3.24E+00,7.60E-04,18216
2026/8/23 05:39,MW2044B29561,O,A21917,-0.00133,53754.1,53547.3,3.24E+00,5.30E-04,18500
2026/8/23 05:38,MW2044B29560,O,A21917,-0.00684,53328.3,53377.3,3.24E+00,5.20E-04,18521
2026/8/23 04:47,MW2044B28118,CHH,A11392,-0.00747,53409.1,54960.5,3.24E+00,5.50E-04,18626
2026/8/23 04:47,MW2044B29564,O,A19801,-0.0015,51907.9,51663.3,3.24E+00,6.10E-04,18026
2026/8/23 04:47,MW2044B29566,O,A19801,-0.00985,51795.8,50831.4,3.24E+00,6.10E-04,18013
2026/8/23 04:47,MW2044B28074,CHH,A11392,-0.00466,52622.1,49076.9,3.24E+00,4.70E-04,18723
2026/8/23 04:47,MW2044B28125,CHH,A11392,-0.00458,54718.3,51855.2,3.24E+00,5.40E-04,18692
2026/8/23 04:47,MW2044B29565,O,A19801,-0.00149,52970.4,53888.5,3.24E+00,5.80E-04,18038
2026/8/23 04:46,MW2044B28137,CHH,A11392,-0.00752,54682.2,51114.1,3.24E+00,6.20E-04,18548
2026/8/23 04:46,MW2045B14742,AC20,A11392,-0.0042,52900.4,53188.8,3.24E+00,8.20E-04,18956
2026/8/23 04:45,MW2045B04535,A44,A11392,-0.00296,51237.1,50045.2,3.24E+00,6.50E-04,18742
2026/8/23 04:45,MW2045B12824,A44,A11392,-0.00781,53167.2,50779.1,3.24E+00,6.70E-04,18734
2026/8/23 04:44,MW2044B03550,KGH,A11392,-0.0099,50777.7,54370.6,3.22E+00,6.80E-04,18754
2026/8/23 04:44,MW2044B09939,O,A17875,-0.00994,51344.3,49590.3,3.24E+00,7.50E-04,18346
2026/8/23 04:44,MW2044B28087,CHH,A11392,-0.00707,51371.2,53787.5,3.24E+00,7.30E-04,18705
2026/8/23 04:44,MW2044B09938,O,A17875,-0.00154,54592.1,49117.7,3.24E+00,6.30E-04,18125
2026/8/23 04:43,MW2044B28045,A46,A11392,-0.00724,51273.6,53763.9,3.24E+00,6.60E-04,18553
2026/8/23 04:43,MW2044B09937,O,A17875,-0.00832,50680.5,54581.9,3.24E+00,6.80E-04,18353
2026/8/23 04:43,MW2044B28111,CHH,A11392,-0.00262,51943.9,51028.1,3.24E+00,5.50E-04,18711
2026/8/23 04:43,MW2044B09936,O,A17875,-0.00587,51852.2,49534.9,3.24E+00,7.20E-04,18129
2026/8/23 04:43,MW2045B62982,C45,A11392,-0.0027,50971.1,54753.6,3.24E+00,6.50E-04,18625
2026/8/23 04:43,MW2044B09935,O,A17875,-0.00365,53191.3,51580.3,3.23E+00,6.80E-04,18133
2026/8/23 04:42,MW2045B39497,O,A23333,-0.0009,51225.9,49464.9,3.24E+00,7.30E-04,18754
2026/8/23 04:42,MW2044B09934,O,A17875,-0.00365,53013.9,50085.9,3.23E+00,6.50E-04,18285
2026/8/23 04:42,MW2045B39495,O,A23333,-0.0017,50827.7,50876.2,3.24E+00,8.90E-04,18762
2026/8/23 04:41,MW2045B39498,O,A23333,-0.00661,54445.5,49916.4,3.24E+00,9.10E-04,18805
2026/8/23 04:39,MW2045B39490,O,A23333,-0.00124,54832.7,54697.9,3.23E+00,7.20E-04,18757
2026/8/23 04:39,MW2045B39494,O,A23333,-0.00319,53486.3,52716.9,3.24E+00,9.40E-04,18759
2026/8/23 04:39,MW2044B09933,O,A17875,-0.00332,52761.2,49534.6,3.23E+00,6.30E-04,18251
2026/8/23 04:39,MW2045B39493,O,A23333,-0.00231,54913.8,51659.4,3.24E+00,7.40E-04,18777
2026/8/23 04:38,MW2042B02955,O,A17875,-0.0088,51402.6,51908.2,3.22E+00,7.70E-04,18052
2026/8/23 04:38,MW2042B02962,O,NULL,-0.0098,51142.9,50794.3,3.23E+00,1.10E-03,18406
2026/8/23 04:37,MW2045B39772,O,A23333,-0.00268,52789.5,53617.6,3.23E+00,1.32E-03,18708
2026/8/23 04:36,MW2045B39771,O,A23333,-0.00589,52132.8,54733.6,3.24E+00,1.38E-03,18672
2026/8/23 04:36,MW2045B39780,O,A23333,-0.0035,54989.5,54925.4,3.24E+00,7.70E-04,18756
2026/8/23 04:35,MW2045B39777,O,A23333,-0.00646,51650.5,51407.5,3.24E+00,7.80E-04,18866
2026/8/23 04:35,MW2042B02769,O,A17875,-0.00737,50780.7,53868.9,3.23E+00,8.70E-04,18268
2026/8/23 04:35,MW2045B39536,O,A23333,-0.00998,52605.3,53011.7,3.23E+00,7.80E-04,18908
2026/8/23 04:35,MW2042B02768,O,A17875,-0.00899,50937.8,52765.8,3.23E+00,9.10E-04,18470
2026/8/23 04:34,MW2042B02767,O,A17875,-0.00439,50511.1,54228.8,3.23E+00,9.40E-04,18390
2026/8/23 04:34,MW2045B39531,O,A23333,-0.008,51421.2,52981.3,3.24E+00,0.00E+00,18803
2026/8/23 04:31,MW2045B39501,O,A14621,-0.0077,50327.4,51410.1,3.24E+00,8.80E-04,18097
2026/8/23 04:30,MW2045B39530,O,A14621,-0.00229,50954.2,54020.5,3.24E+00,7.40E-04,18296
2026/8/23 04:30,MW2045B39534,O,A14621,-0.0043,53637.3,52375.9,3.24E+00,9.90E-04,18252
2026/8/23 04:30,MW2045B39535,O,A14621,-0.00255,52789.6,49190.1,3.24E+00,7.50E-04,18317
2026/8/23 04:29,MW2045B39533,O,A14621,-0.00101,51371.8,54430.8,3.24E+00,1.02E-03,18117
2026/8/23 04:29,MW2045B39532,O,A14621,-0.004,51322.9,49301.1,3.24E+00,1.02E-03,17976
2026/8/23 04:29,MW2045B39537,O,A14621,-0.00636,53816.5,49214.1,3.24E+00,1.03E-03,18315
2026/8/23 04:28,MW2045B39541,O,A14621,-0.00127,52663.8,50604.3,3.24E+00,9.00E-04,18442
2026/8/23 04:28,MW2044B22569,CHH,A14621,-0.00345,50705.9,49545.7,3.24E+00,6.50E-04,18202
2026/8/23 04:27,MW2045B19719,AC20,A14621,-0.00927,53198.4,52871.5,3.23E+00,8.60E-04,18242
2026/8/23 04:27,MW2045B33826,AC20,A14621,-0.00291,53935.8,49297.5,3.24E+00,1.04E-03,17968
2026/8/23 04:27,MW2045B20188,AC20,A14621,-0.00517,54870.5,49788.1,3.23E+00,8.10E-04,18384
2026/8/23 04:26,MW2045B61854,A46,A23555,-0.00344,53317.3,54369.4,3.24E+00,7.80E-04,18108
2026/8/23 04:26,MW2045B61877,AC20,A23555,-0.00446,51082.2,52909.9,3.24E+00,8.40E-04,17877
2026/8/23 04:25,MW2045B61879,AC20,A23555,-0.00986,53654.7,51727.2,3.24E+00,9.20E-04,17856
2026/8/23 04:25,MW2045B62986,AC20,A23555,-0.00757,50427.3,53157.4,3.24E+00,8.30E-04,18165
2026/8/23 04:25,MW2045B62987,A46,A23555,-0.00178,51476.3,52714.6,3.24E+00,7.70E-04,17963
2026/8/23 04:24,MW2045B63033,AC20,A23555,-0.00348,54963.2,50461.8,3.24E+00,8.40E-04,18163
2026/8/23 04:24,MW2044B27717,CHH,A23555,-0.00695,54238.5,54111.3,3.24E+00,5.60E-04,18174
2026/8/23 04:23,MW2045B61855,AC20,A21948,-0.00788,52765.6,54816.5,3.24E+00,8.30E-04,18543
2026/8/23 04:23,MW2045B63020,A45,A23555,-0.00277,50848.4,51774.2,3.24E+00,7.60E-04,18237
2026/8/23 04:23,MW2045B61856,CHH,A21948,-0.00566,50997.7,51707.3,3.24E+00,7.20E-04,18656
2026/8/23 04:23,MW2045B63023,AC20,A23555,-0.003,54462.5,54236.8,3.24E+00,8.20E-04,18177
2026/8/23 04:22,MW2045B61860,AC20,A21948,-0.00775,50845.9,52226.8,3.24E+00,8.40E-04,18708
2026/8/23 04:22,MW2045B63037,C45,A23555,-0.00209,53410.4,52301.6,3.24E+00,7.40E-04,18284
2026/8/23 04:22,MW2045B63042,A44,NULL,-0.002,54528.4,49317.9,3.24E+00,8.00E-04,18101
2026/8/23 04:22,MW2045B61619,O,A21948,-0.00291,52385.4,51247.1,0.00E+00,0.00E+00,18545
2026/8/23 04:20,MW2045B63207,A46,A21948,-0.0057,52811.2,52421.1,3.24E+00,5.80E-04,18634
2026/8/23 04:20,MW2045B61857,AC20,A21948,-0.00182,51287.4,50995.8,3.24E+00,8.20E-04,18628
2026/8/23 04:19,MW2045B61861,A46,A21948,-0.00123,52269.9,52211.2,3.24E+00,7.20E-04,18611
2026/8/23 04:19,MW2045B63044,A44,A23555,-0.0022,51976.8,50906.3,3.24E+00,7.30E-04,18001
2026/8/23 04:19,MW2045B61863,A46,A21948,-0.00471,54511.8,50943.7,3.24E+00,7.30E-04,18601
2026/8/23 04:19,MW2045B61324,AC20,A14458,-0.00563,53067.7,54634.5,3.24E+00,8.10E-04,17934
2026/8/23 04:19,MW2045B63640,AC20,A14458,-0.00269,50962.5,52438.9,3.24E+00,8.20E-04,18165
2026/8/23 04:18,MW2045B61873,O,A21948,-0.00403,52726.5,53150.9,0.00E+00,0.00E+00,18392
2026/8/23 04:18,MW2045B61320,AC20,A14458,-0.00441,52488.6,52661.8,3.24E+00,8.10E-04,18011
2026/8/23 04:18,MW2045B63641,A46,A14458,-0.00736,52642.7,49929.7,3.24E+00,8.00E-04,18039
2026/8/23 04:17,MW2045B63813,O,A14458,-0.00892,53806.6,50060.3,3.24E+00,7.90E-04,18160
2026/8/23 04:17,MW2045B61331,CHH,A14458,-0.0036,51621.2,52141.1,3.24E+00,7.90E-04,18125
2026/8/23 04:17,MW2045B61326,A46,A14458,-0.00273,52594.1,53606.4,3.24E+00,7.80E-04,18105
2026/8/23 04:16,MW2045B61327,CHH,A14458,-0.0016,54779.2,53631.9,3.24E+00,8.00E-04,18064
2026/8/23 04:16,MW2045B61862,A46,A21948,-0.00924,51069.4,53630.5,3.24E+00,6.60E-04,18785
2026/8/23 04:16,MW2045B61328,CHH,A14458,-0.00463,54194.3,51163.6,3.24E+00,7.10E-04,18149
2026/8/23 04:15,MW2044B24193,AC20,A14458,-0.00559,53391.6,53891.8,3.24E+00,9.10E-04,18036
2026/8/23 04:15,MW2045B61866,A45,A21948,-0.00678,52402.7,52145.2,3.24E+00,7.90E-04,18672
2026/8/23 04:15,MW2045B61329,AC20,A14458,-0.00313,54372.1,49451.8,3.24E+00,8.20E-04,18007
2026/8/23 04:15,MW2045B61208,A46,A21948,-0.00901,51930.3,49313.5,3.24E+00,6.60E-04,18622
2026/8/23 04:15,MW2045B61360,A46,A14458,-0.00667,52043.7,53201.2,3.24E+00,6.90E-04,18116
2026/8/23 04:14,MW2045B63620,A46,A23554,-0.00292,54755.2,49213.2,3.24E+00,7.30E-04,18497
2026/8/23 04:14,MW2045B63618,CHH,A01236,-0.00933,52094.7,49375.9,3.24E+00,7.30E-04,17979
2026/8/23 04:14,MW2045B63619,CHH,A23554,-0.00714,52124.4,51965.9,3.24E+00,6.40E-04,18509
2026/8/23 04:14,MW2045B63612,AC20,A01236,-0.0011,54048.3,51569.6,3.24E+00,8.20E-04,18095
2026/8/23 04:13,MW2045B63735,A46,A23554,-0.00643,50697.7,54083.4,3.24E+00,7.10E-04,18600
2026/8/23 04:13,MW2045B63613,AC20,A01236,-0.00394,54895.5,49753.5,3.24E+00,8.40E-04,18259
2026/8/23 04:13,MW2045B26044,O,A23554,-0.00513,52881.3,51705.7,3.24E+00,7.70E-04,18684
2026/8/23 04:13,MW2045B63615,AC20,A01236,-0.00285,50788.1,54252.4,3.24E+00,8.20E-04,18081
2026/8/23 04:13,MW2044B25050,O,A23554,-0.00633,52128.1,51128.1,3.24E+00,8.40E-04,18499
2026/8/23 04:12,MW2045B63500,AC20,A01236,-0.00621,53663.3,49087.2,3.24E+00,8.10E-04,18168
2026/8/23 04:12,MW2044B25046,O,A23554,-0.00556,52633.2,52549.5,3.24E+00,8.80E-04,18589
2026/8/23 04:12,MW2045B63503,A45,A01236,-0.00924,52766.2,51124.3,3.24E+00,6.60E-04,17983
2026/8/23 04:12,MW2044B25047,O,A23554,-0.00107,51156.8,52196.4,3.24E+00,8.60E-04,18372
2026/8/23 04:12,MW2045B61395,A46,A01236,-0.00978,54034.9,53242.8,3.24E+00,8.00E-04,18191
2026/8/23 04:11,MW2045B60817,O,A23554,-0.00987,51711.1,49814.5,3.24E+00,6.20E-04,18668
2026/8/23 04:11,MW2045B63622,AC20,A01236,-0.00561,53096.9,52641.9,3.24E+00,8.30E-04,18221
2026/8/23 04:11,MW2045B60765,O,A23554,-0.00848,52146.6,50989.4,3.24E+00,6.40E-04,18662
2026/8/23 04:11,MW2045B61397,AC20,A01236,-0.00391,54381.8,50562.5,3.24E+00,8.20E-04,17921
2026/8/23 04:10,MW2045B63623,AC20,NULL,-0.00683,53843.1,49669.2,3.24E+00,8.50E-04,18259
2026/8/23 04:08,MW2045B60764,O,A23554,-0.00175,53355.5,51377.2,0.00E+00,0.00E+00,18715
2026/8/23 04:07,MW2045B61393,A46,A01236,-0.00741,52413.8,50322.2,3.24E+00,7.90E-04,18036
2026/8/23 04:07,MW2045B61062,O,A23554,-0.00274,54989.1,51795.2,3.24E+00,6.60E-04,18693
2026/8/23 04:07,MW2045B63621,A46,A01236,-0.00949,54553.1,52321.7,3.24E+00,7.80E-04,18201
2026/8/23 04:06,MW2045B61022,O,A23554,-0.00105,50521.5,52956.7,0.00E+00,0.00E+00,18650
2026/8/23 04:05,MW2045B61246,A46,A24489,-0.00408,50646.6,50265.1,3.24E+00,7.70E-04,18103
2026/8/23 04:05,MW2045B61372,A46,A24489,-0.00742,52060.4,54150.2,3.24E+00,7.60E-04,18126
2026/8/23 04:05,MW2045B61377,A46,A24489,-0.00519,53809.8,52890.3,3.24E+00,7.70E-04,18086
2026/8/23 04:04,MW2045B61481,A46,A24489,-0.00683,54177.1,52800.6,3.24E+00,7.80E-04,18142
2026/8/23 04:04,MW2044B21999,AC20,A12936,-0.00847,51464.3,53541.7,3.24E+00,8.50E-04,18894
2026/8/23 04:04,MW2045B26496,AC20,A24489,-0.0032,52552.3,53676.8,3.24E+00,1.00E-03,18201
2026/8/23 04:04,MW2044B27736,A46,A12936,-0.00763,53447.4,50208.9,3.24E+00,5.00E-04,18454
2026/8/23 04:03,MW2044B27514,CHH,A24489,-0.00612,50410.8,51863.1,3.24E+00,5.60E-04,18249
2026/8/23 04:03,MW2044B27742,A46,A12936,-0.0012,53304.7,54367.7,3.24E+00,4.90E-04,18618
2026/8/23 04:03,MW2045B26495,AC20,A24489,-0.00654,53429.5,52899.5,3.24E+00,9.60E-04,18285
2026/8/23 04:03,MW2044B27737,A46,A12936,-0.00768,54544.6,54634.7,3.24E+00,4.80E-04,18551
2026/8/23 04:03,MW2045B61383,A46,A24489,-0.00221,51815.4,52615.9,3.24E+00,8.00E-04,18106
2026/8/23 04:02,MW2044B27738,A46,A12936,-0.00981,54917.9,53151.5,3.24E+00,5.00E-04,18587
2026/8/23 04:02,MW2044B24862,O,A24489,-0.00507,50999.9,50387.6,3.24E+00,9.70E-04,18167
2026/8/23 04:02,MW2044B24861,O,A24489,-0.00274,50841.5,51652.3,3.24E+00,8.80E-04,17969
2026/8/23 04:02,MW2044B27719,A46,A12936,-0.00325,53816.1,53480.6,3.24E+00,4.80E-04,18492
2026/8/23 04:01,MW2044B24860,O,A24489,-0.00323,51722.5,54086.4,3.24E+00,8.50E-04,18059
2026/8/23 04:01,MW2045B61358,A45,A12936,-0.00966,54691.8,53323.3,3.24E+00,6.80E-04,18679
2026/8/23 04:01,MW2045B59045,O,A24489,-0.0062,50546.7,54288.4,3.24E+00,7.00E-04,17843
2026/8/23 04:01,MW2044B25614,O,A12936,-0.00161,53972.4,54791.6,0.00E+00,0.00E+00,18399
2026/8/23 03:59,MW2045B61206,A46,A07793,-0.00129,53267.2,52733.5,3.24E+00,7.50E-04,18012
2026/8/23 03:58,MW2045B61864,A46,A07793,-0.0022,50703.5,54764.3,3.24E+00,7.90E-04,17976
2026/8/23 03:58,MW2045B61205,CHH,A07793,-0.00664,51801.8,49847.4,3.24E+00,6.60E-04,18039
2026/8/23 03:58,MW2045B61865,AC20,A07793,-0.0036,50732.8,54836.8,3.24E+00,8.30E-04,17782
2026/8/23 03:57,MW2045B61204,C46,A07793,-0.00132,50681.6,54673.1,3.24E+00,7.50E-04,18021
2026/8/23 03:57,MW2045B61846,AC20,A07793,-0.00369,54676.9,53395.5,3.24E+00,8.80E-04,17892
2026/8/23 03:56,MW2045B61210,CHH,A07793,-0.00803,51298.8,52221.7,3.24E+00,6.70E-04,17994
2026/8/23 03:56,MW2044B25593,A45,A12936,-0.00671,53887.7,52608.6,3.24E+00,5.00E-04,18599
2026/8/23 03:56,MW2045B61853,A46,A07793,-0.00884,52742.3,49620.9,3.24E+00,7.90E-04,18253
2026/8/23 03:56,MW2044B25481,A46,A12936,-0.00751,52729.1,50845.3,3.24E+00,5.40E-04,18043
2026/8/23 03:56,MW2045B61211,A46,A07793,-0.00849,51475.9,52368.6,3.24E+00,7.90E-04,17882
2026/8/23 03:55,MW2045B65795,O,A07793,-0.00649,52197.1,51626.5,3.24E+00,6.30E-04,18090
2026/8/23 03:55,MW2045B61953,AC20,A12936,-0.00713,53011.7,52057.8,3.24E+00,8.40E-04,18686
2026/8/23 03:55,MW2045B61209,A46,A07793,-0.00602,54831.8,54738.6,3.24E+00,7.30E-04,18117
2026/8/23 03:55,MW2045B63064,A45,A12936,-0.00832,51039.1,54432.1,3.24E+00,6.40E-04,18678
2026/8/23 03:54,MW2045B61852,A46,A07793,-0.0037,53475.3,53270.5,3.24E+00,7.90E-04,18318
2026/8/23 03:53,MW2045B61023,O,A04130,-0.00957,51081.7,53306.5,3.24E+00,6.40E-04,18554
2026/8/23 03:53,MW2045B61076,O,A04130,-0.0055,50517.6,51643.4,3.24E+00,6.50E-04,18698
2026/8/23 03:52,MW2045B36233,O,A20890,-0.00643,54553.6,52078.6,3.23E+00,9.10E-04,18083
2026/8/23 03:52,MW2045B61077,O,A04130,-0.00301,51581.9,52593.3,3.24E+00,5.80E-04,18741
2026/8/23 03:52,MW2045B63751,A45,A20890,-0.00565,53082.1,52774.7,3.24E+00,7.70E-04,18174
2026/8/23 03:52,MW2045B59050,O,A04130,-0.00495,51729.5,51173.7,3.24E+00,7.80E-04,18672
2026/8/23 03:52,MW2045B63752,A45,A20890,-0.00839,53484.5,53838.3,3.24E+00,7.50E-04,18241
2026/8/23 03:51,MW2045B59051,O,A04130,-0.00833,51621.3,51288.7,3.24E+00,7.80E-04,18599
2026/8/23 03:51,MW2045B63753,AC20,A20890,-0.00993,53916.4,52921.3,3.24E+00,8.40E-04,18260
2026/8/23 03:51,MW2045B59052,O,A04130,-0.0065,52532.5,52610.1,3.24E+00,6.00E-04,18846
2026/8/23 03:51,MW2044B24229,AC20,A20890,-0.00403,53824.9,54587.8,3.24E+00,1.04E-03,18352
2026/8/23 03:51,MW2045B65800,O,A20890,-0.00918,52808.9,54398.3,3.24E+00,5.90E-04,18054
2026/8/23 03:51,MW2045B59053,O,A04130,-0.00461,50860.9,52312.2,3.24E+00,6.90E-04,18792
2026/8/23 03:50,MW2045B63757,A45,A20890,-0.00832,54223.4,54016.7,3.24E+00,5.80E-04,17990
2026/8/23 03:50,MW2044B24859,O,A04130,-0.00266,50642.1,52378.1,3.24E+00,7.60E-04,18427
2026/8/23 03:50,MW2045B65799,O,A20890,-0.00282,53000.1,50674.8,3.24E+00,6.10E-04,18109
2026/8/23 03:50,MW2045B59064,O,A04130,-0.00688,54974.5,52444.7,3.24E+00,7.60E-04,18506
2026/8/23 03:49,MW2045B63548,C45,NULL,-0.00906,54526.8,50095.4,3.24E+00,7.80E-04,18182
2026/8/23 03:47,MW2045B59063,O,A04130,-0.00725,53635.2,54426.2,0.00E+00,0.00E+00,18558
2026/8/23 03:47,MW2045B65798,O,A20890,-0.00151,50490.3,50682.7,3.24E+00,6.00E-04,18059
2026/8/23 03:46,MW2045B63689,A45,A20890,-0.00315,50483.9,51961.9,3.24E+00,8.00E-04,18080
2026/8/23 03:46,MW2045B65727,O,A20890,-0.00283,50453.8,53280.1,3.24E+00,6.10E-04,18112
2026/8/23 03:44,MW2045B63050,AC20,A18537,-0.00979,50587.8,52136.7,3.24E+00,8.50E-04,18204
2026/8/23 03:44,MW2045B63053,A44,A18537,-0.0039,52105.4,53923.6,3.24E+00,7.70E-04,18230
2026/8/23 03:43,MW2045B63065,AC20,A18537,-0.00192,53837.4,49108.4,3.24E+00,8.20E-04,17984
2026/8/23 03:43,MW2045B63057,C45,A18537,-0.0082,53194.6,52392.4,3.24E+00,7.50E-04,18088
2026/8/23 03:43,MW2045B63058,A45,A18537,-0.00644,53581.5,52251.3,3.24E+00,8.00E-04,18045
2026/8/23 03:42,MW2045B63055,A45,A18537,-0.00126,54952.6,52586.4,3.24E+00,7.50E-04,18199
2026/8/23 03:42,MW2044B09339,O,A18537,-0.00913,52083.3,50493.1,3.24E+00,9.40E-04,18207
2026/8/23 03:42,MW2045B59062,O,A04130,-0.00235,53238.5,51025.6,3.24E+00,6.70E-04,18893
2026/8/23 03:41,MW2044B09324,O,NULL,-0.00693,54593.9,54157.2,3.24E+00,8.50E-04,18307
2026/8/23 03:39,MW2045B59057,O,A04130,-0.00805,51336.5,52762.1,0.00E+00,0.00E+00,18432
2026/8/23 03:38,MW2044B09070,O,A18537,-0.00833,53894.4,54624.5,3.24E+00,9.30E-04,18255
2026/8/23 03:37,MW2044B09071,O,A18537,-0.0058,54641.3,54444.5,3.24E+00,7.00E-04,18168
2026/8/23 03:33,MW2044B09060,O,A18537,-0.00381,54849.7,54231.8,3.24E+00,8.00E-04,18251
2026/8/23 03:33,MW2045B36591,O,A18537,-0.00971,51161.5,51925.3,3.24E+00,8.80E-04,18134
2026/8/23 01:52,MW2044B24860,O,A24489,-0.00706,50403.1,50075.7,3.24E+00,8.50E-04,18089
2026/8/23 01:49,MW2044B24860,O,A24489,-0.00223,51588.4,50685.7,3.24E+00,8.50E-04,18089
2026/8/23 01:47,MW2044B24860,O,A24489,-0.00756,53763.3,49358.5,3.24E+00,8.50E-04,18089
2026/8/23 01:46,MW2044B24860,O,A24489,-0.00819,50555.1,54431.9,3.24E+00,8.50E-04,18089
2026/8/23 01:44,MW2044B24860,O,A24489,-0.00713,53005.5,50699.4,3.24E+00,8.50E-04,18089
2026/8/23 01:44,MW2045B26496,AC20,A21285,-0.00787,54861.7,53591.9,3.24E+00,9.20E-04,18620
2026/8/23 01:44,MW2045B59045,O,A24489,-0.00681,53958.7,50711.6,3.24E+00,7.00E-04,17900
2026/8/23 01:43,MW2045B61483,A46,A21285,-0.00682,51095.8,49307.4,3.24E+00,6.70E-04,18529
2026/8/23 01:43,MW2045B59048,O,A24489,-0.00246,53155.1,49882.9,3.24E+00,7.90E-04,18478
2026/8/23 01:43,MW2045B65801,O,A21285,-0.00411,53023.2,54559.6,3.24E+00,5.10E-04,18527
2026/8/23 01:43,MW2045B59047,O,A24489,-0.00435,51553.6,53930.8,3.24E+00,8.70E-04,18126
2026/8/23 01:42,MW2045B61524,A46,A21285,-0.00742,54752.1,54924.1,3.24E+00,7.60E-04,18614
2026/8/23 01:42,MW2045B59046,O,A24489,-0.0015,51504.2,50958.1,3.24E+00,7.00E-04,18283
2026/8/23 01:42,MW2045B65786,O,A03521,-0.00756,51714.7,51985.4,3.24E+00,5.20E-04,18674
2026/8/23 01:42,MW2045B59049,O,A24489,-0.00326,50438.4,53447.3,3.24E+00,8.60E-04,17987
2026/8/23 01:42,MW2045B61528,C46,A03521,-0.00802,53606.8,51783.1,3.24E+00,6.30E-04,18464
2026/8/23 01:42,MW2045B59059,O,A24489,-0.00255,52942.3,51983.9,3.24E+00,9.20E-04,17921
2026/8/23 01:41,MW2045B59060,O,A24489,-0.00949,54755.5,50167.4,3.24E+00,7.00E-04,18256
2026/8/23 01:41,MW2045B65787,O,A03521,-0.00409,53331.6,51664.2,3.24E+00,5.00E-04,18496
2026/8/23 01:41,MW2045B59061,O,A24489,-0.00925,51965.3,51216.4,3.24E+00,8.50E-04,18281
2026/8/23 01:41,MW2045B63517,A46,A03521,-0.00984,50763.3,51262.5,3.24E+00,7.10E-04,18712
2026/8/23 01:40,MW2045B61260,CLL,A03611,-0.00174,50771.9,50525.4,2.91E+00,7.50E-04,18007
2026/8/23 01:40,MW2045B65788,O,A03521,-0.00317,52720.5,50974.3,3.24E+00,5.00E-04,18400
2026/8/23 01:40,MW2045B61258,A46,A03611,-0.00297,54031.8,54172.9,3.24E+00,7.70E-04,18176
2026/8/23 01:40,MW2045B63516,A46,A03521,-0.00814,52036.6,50206.6,3.24E+00,7.10E-04,18726
2026/8/23 01:40,MW2045B61264,A45,A03611,-0.00814,51111.7,54956.8,3.24E+00,7.60E-04,18220
2026/8/23 01:39,MW2045B65789,O,A03521,-0.00426,52527.6,49981.5,2.97E+00,5.00E-04,18682
2026/8/23 01:39,MW2045B63522,AC20,A03521,-0.0052,52225.9,54343.5,3.24E+00,8.10E-04,18755
2026/8/23 01:39,MW2045B61261,CLL,A03611,-0.00908,53737.5,53719.8,2.91E+00,6.20E-04,17864
2026/8/23 01:38,MW2045B65790,O,A03521,-0.0094,54169.9,52539.1,2.99E+00,4.90E-04,18516
2026/8/23 01:38,MW2045B61262,CLL,A03611,-0.00309,54575.1,52001.4,2.91E+00,7.50E-04,18187
2026/8/23 01:38,MW2045B61263,A45,A03611,-0.00798,54179.3,50799.3,3.24E+00,7.80E-04,18134
2026/8/23 01:38,MW2045B63521,A46,A03521,-0.00228,52927.8,52467.5,3.24E+00,7.20E-04,18764
2026/8/23 01:38,MW2045B61333,CHH,A03611,-0.00106,51097.2,53444.2,3.24E+00,7.90E-04,18152
2026/8/23 01:38,MW2045B61336,CHH,A03521,-0.0087,53795.5,54997.9,3.24E+00,7.30E-04,18677
2026/8/23 01:37,MW2045B61337,AC20,A03611,-0.00539,53027.1,50790.8,3.24E+00,8.10E-04,18027
2026/8/23 01:37,MW2045B61587,CHH,A03521,-0.00834,54896.5,52043.4,3.24E+00,5.60E-04,18585
2026/8/23 01:37,MW2045B61348,CHH,A03611,-0.00964,50871.5,50511.8,3.24E+00,7.80E-04,17991
2026/8/23 01:37,MW2044B21994,O,A15841,-0.00393,52052.6,52610.8,3.24E+00,8.60E-04,18650
2026/8/23 01:36,MW2045B61394,O,A03611,-0.00585,52515.9,54899.1,3.24E+00,7.90E-04,17970
2026/8/23 01:36,MW2045B59637,O,A15841,-0.00614,52530.1,53862.8,3.24E+00,7.40E-04,18511
2026/8/23 01:35,MW2045B59637,O,A15841,-0.00428,51975.1,49340.1,3.24E+00,7.40E-04,18511
2026/8/23 01:35,MW2045B32021,O,A15841,-0.00369,53942.3,50574.4,3.23E+00,7.50E-04,18697
2026/8/23 01:34,MW2045B61334,AC20,A03611,-0.00827,54262.1,50455.5,3.24E+00,8.30E-04,18241
2026/8/23 01:34,MW2045B32022,O,A15841,-0.00253,51643.9,52467.6,3.23E+00,5.90E-04,18795
2026/8/23 01:34,MW2045B61335,CHH,A03611,-0.00437,53914.2,53752.4,3.24E+00,8.00E-04,18046
2026/8/23 01:34,MW2044B24870,O,A15841,-0.00419,54761.6,53181.6,3.24E+00,7.10E-04,18570
2026/8/23 01:34,MW2045B63642,AC20,A25172,-0.00771,53974.9,54816.7,3.24E+00,8.60E-04,18107
2026/8/23 01:33,MW2044B24867,O,A15841,-0.0019,53012.9,53338.4,3.24E+00,6.90E-04,18640
2026/8/23 01:33,MW2045B61482,A46,A25172,-0.00961,53633.9,51343.6,3.24E+00,7.20E-04,17988
2026/8/23 01:33,MW2044B24869,O,A15841,-0.00508,52935.1,52470.9,3.24E+00,7.10E-04,18506
2026/8/23 01:31,MW2044B24869,O,A15841,-0.0012,53217.4,49490.5,3.24E+00,7.10E-04,18506
2026/8/23 01:30,MW2044B24868,O,A15841,-0.00481,52539.1,49541.8,3.24E+00,6.40E-04,18440
2026/8/23 01:30,MW2045B61389,A46,A25172,-0.0011,50788.6,54989.1,3.24E+00,7.20E-04,18147
2026/8/23 01:30,MW2044B24866,O,A15841,-0.00341,54111.3,51433.8,3.24E+00,7.10E-04,18524
2026/8/23 01:30,MW2045B61931,AC20,A25172,-0.00115,50426.3,49408.2,3.24E+00,8.30E-04,17913
2026/8/23 01:29,MW2045B59092,O,A15841,-0.00907,54510.8,50331.6,3.24E+00,6.20E-04,18580
2026/8/23 01:29,MW2045B61388,A46,A25172,-0.00586,54064.8,54770.4,3.24E+00,7.80E-04,18163
2026/8/23 01:29,MW2045B59091,O,A15841,-0.00734,54039.2,52051.9,3.24E+00,7.50E-04,18622
2026/8/23 01:29,MW2045B61927,AC20,A25172,-0.0036,54818.3,50456.8,3.24E+00,8.20E-04,17724
2026/8/23 01:29,MW2045B59090,O,A15841,-0.00976,52918.5,54295.7,0.00E+00,0.00E+00,18729
2026/8/23 01:25,MW2045B61391,A46,A25172,-0.00995,52332.1,53667.1,3.24E+00,7.80E-04,18019
2026/8/23 01:24,MW2045B61255,A46,A25172,-0.00468,53235.6,51598.2,3.24E+00,7.70E-04,18067
2026/8/23 01:24,MW2045B32032,O,A04927,-0.00462,52426.7,52004.5,3.23E+00,7.60E-04,18718
2026/8/23 01:24,MW2045B63015,A46,A25172,-0.0038,52983.5,50145.7,3.24E+00,7.90E-04,18271
2026/8/23 01:24,MW2045B32031,O,A04927,-0.00403,54033.7,50119.2,3.23E+00,8.50E-04,18698
2026/8/23 01:24,MW2045B61930,AC20,A25172,-0.00572,52323.3,51700.9,3.24E+00,8.90E-04,17954
2026/8/23 01:23,MW2045B32030,O,A04927,-0.00227,51101.6,51377.4,3.23E+00,8.40E-04,18769
2026/8/23 01:21,MW2045B32030,O,A04927,-0.00783,53597.9,52531.1,3.23E+00,8.40E-04,18769
2026/8/23 01:20,MW2045B32028,O,A04927,-0.0045,53349.9,49505.5,3.23E+00,7.30E-04,18736
2026/8/23 01:19,MW2045B32029,O,A04927,-0.00579,54208.7,51913.6,3.23E+00,5.90E-04,18776
2026/8/23 01:19,MW2045B63210,A46,A25172,-0.00801,52462.4,52238.4,3.24E+00,6.70E-04,17992
2026/8/23 01:19,MW2045B63203,A46,A25172,-0.00925,54792.8,52361.2,3.24E+00,6.90E-04,17887
2026/8/23 01:19,MW2045B32027,O,A04927,-0.0024,53424.6,51277.1,3.23E+00,8.70E-04,18654
2026/8/23 01:19,MW2045B61392,CHH,A18830,-0.0018,50471.3,50109.7,3.24E+00,7.00E-04,18191
2026/8/23 01:18,MW2045B51998,O,A04927,-0.00717,52138.7,50700.4,3.24E+00,6.70E-04,18646
2026/8/23 01:18,MW2045B61325,AC20,A18830,-0.00371,54924.2,54352.9,3.24E+00,8.20E-04,18256
2026/8/23 01:18,MW2045B51997,O,A04927,-0.00464,52024.8,51556.3,3.24E+00,7.30E-04,18714
2026/8/23 01:15,MW2045B51996,O,A04927,-0.00209,52322.4,54481.4,3.24E+00,6.80E-04,18609
2026/8/23 01:15,MW2045B51996,O,A04927,-0.00579,54794.2,51547.3,3.24E+00,6.80E-04,18609
2026/8/23 01:14,MW2045B51995,O,A04927,-0.00209,51732.8,50838.3,3.24E+00,7.00E-04,18518
2026/8/23 01:13,MW2044B28060,CHH,A18830,-0.0065,53854.8,53172.4,3.24E+00,7.90E-04,18254
2026/8/23 01:13,MW2045B51994,O,A04927,-0.00294,52024.5,52163.9,3.24E+00,6.60E-04,18632
2026/8/23 01:13,MW2044B28058,CHH,A18830,-0.00335,51077.5,53596.9,3.24E+00,5.50E-04,18263
2026/8/23 01:13,MW2045B52004,O,A04927,-0.00206,50566.9,49914.4,3.24E+00,8.80E-04,18670
2026/8/23 01:13,MW2044B28061,CHH,A18830,-0.00833,53532.8,50588.9,3.24E+00,7.30E-04,18168
2026/8/23 01:12,MW2044B24865,O,A22159,-0.00469,53369.3,49588.1,3.24E+00,6.80E-04,18621
2026/8/23 01:12,MW2044B03105,CHH,A18830,-0.00363,51036.2,52654.7,3.23E+00,7.30E-04,18403
2026/8/23 01:12,MW2044B24863,O,A22159,-0.00518,50969.2,54771.4,3.24E+00,8.10E-04,18569
2026/8/23 01:12,MW2044B28109,CHH,A18830,-0.00896,50738.9,52833.4,3.24E+00,7.60E-04,18095
2026/8/23 01:11,MW2044B24864,O,A22159,-0.00381,51753.1,54305.9,0.00E+00,0.00E+00,18512
2026/8/23 01:11,MW2044B27787,CHH,A18830,-0.00513,54016.9,49776.7,3.24E+00,5.90E-04,18267
2026/8/23 01:11,MW2044B27787,CHH,A18830,-0.00514,52105.9,52637.9,3.24E+00,5.90E-04,18267
2026/8/23 01:11,MW2044B27802,CHH,A18830,-0.00618,54515.8,52429.8,3.24E+00,5.60E-04,18230
2026/8/23 01:10,MW2044B27786,CHH,A18830,-0.00581,50421.2,54764.2,3.24E+00,5.90E-04,18259
2026/8/23 01:10,MW2045B68284,AC20,A18830,-0.0068,51792.7,52423.8,3.24E+00,1.07E-03,18259
2026/8/23 01:10,MW2045B63226,A45,A11210,-0.001,54803.5,54889.4,3.24E+00,8.00E-04,18048
2026/8/23 01:09,MW2045B63202,AC20,A11210,-0.003,51761.8,49123.1,3.24E+00,8.10E-04,18200
2026/8/23 01:09,MW2045B63331,A46,A11210,-0.00848,54574.6,53028.7,3.24E+00,7.30E-04,18124
2026/8/23 00:52,MW2045B63208,AC20,A11210,-0.0092,50388.6,52328.5,3.24E+00,8.30E-04,18072
2026/8/23 00:51,MW2044B24856,O,A22159,-0.0062,51400.8,49413.1,3.24E+00,8.00E-04,18412
2026/8/23 00:51,MW2045B61662,AC20,A11210,-0.00668,51569.1,52657.7,3.24E+00,8.30E-04,18278
2026/8/23 00:51,MW2045B59058,O,A22159,-0.00394,54913.9,49351.1,3.24E+00,7.20E-04,18695
2026/8/23 00:51,MW2045B61872,AC20,A11210,-0.00155,50961.6,53533.4,3.24E+00,8.10E-04,17751
2026/8/23 00:50,MW2044B24874,O,A22159,-0.00297,51072.2,51842.3,3.24E+00,6.50E-04,18528
2026/8/23 00:50,MW2045B61874,AC20,A11210,-0.006,53967.4,54222.7,3.24E+00,8.90E-04,17998
2026/8/23 00:50,MW2045B61875,AC20,A11210,-0.0037,53389.9,49598.9,3.24E+00,9.70E-04,17956
2026/8/23 00:50,MW2044B24871,O,A22159,-0.00893,54790.2,50040.5,3.24E+00,7.20E-04,18524
2026/8/23 00:49,MW2045B61880,AC20,A11210,-0.00587,51330.2,54051.2,3.24E+00,9.00E-04,18041
2026/8/23 00:49,MW2044B24872,O,A22159,-0.00104,53757.4,52770.7,3.24E+00,7.00E-04,18454
2026/8/23 00:49,MW2044B27720,A46,A11210,-0.00857,52465.2,50079.7,3.24E+00,5.60E-04,18127
2026/8/23 00:49,MW2045B27573,O,A22159,-0.00621,51702.2,50201.6,3.23E+00,8.70E-04,18911
2026/8/23 00:49,MW2044B27721,A45,A11210,-0.0036,50896.1,53578.6,3.24E+00,5.50E-04,18126
2026/8/23 00:48,MW2045B27557,O,A22159,-0.00579,52405.9,51284.2,3.24E+00,8.50E-04,18778
2026/8/23 00:48,MW2044B27726,A45,A11210,-0.0069,53332.2,52261.2,3.24E+00,5.30E-04,18153
2026/8/23 00:48,MW2045B27836,O,A22159,-0.00757,52470.1,52343.2,3.24E+00,9.00E-04,18913
2026/8/23 00:48,MW2045B27555,O,A22159,-0.00158,51981.6,51610.9,3.24E+00,8.70E-04,18770
2026/8/23 00:42,MW2045B61480,A46,A20215,-0.009,50720.8,54838.4,3.24E+00,7.80E-04,18256
2026/8/23 00:42,MW2045B61482,A46,A20215,-0.0064,51988.9,51996.1,3.24E+00,7.20E-04,18006
2026/8/23 00:42,MW2045B63756,C44,A20215,-0.00631,51618.1,53217.3,3.24E+00,7.70E-04,17960
2026/8/23 00:40,MW2045B63748,A45,A20215,-0.00152,53184.8,50374.1,3.24E+00,7.70E-04,18210
2026/8/23 00:40,MW2045B63749,AC20,A20215,-0.0048,52102.5,51890.7,3.24E+00,8.60E-04,18241
2026/8/23 00:39,MW2045B61325,CHH,A18830,-0.00383,52418.1,49772.8,3.24E+00,7.10E-04,18635
2026/8/23 00:39,MW2045B63750,C45,A20215,-0.00812,51900.4,50121.5,3.24E+00,5.80E-04,18031
2026/8/23 00:39,MW2045B63642,A46,A18830,-0.00143,53610.3,49106.7,3.24E+00,7.70E-04,18558
2026/8/23 00:39,MW2045B09427,AC20,A20215,-0.00576,51994.7,53469.9,3.24E+00,1.02E-03,17951
2026/8/23 00:39,MW2045B61931,A46,A18830,-0.0019,54324.4,54327.4,3.24E+00,7.20E-04,18570
2026/8/23 00:39,MW2045B09426,AC20,A20215,-0.00606,51725.6,53929.9,3.24E+00,9.60E-04,18030
2026/8/23 00:38,MW2045B61389,A46,A18830,-0.0062,51700.3,54713.7,3.24E+00,6.20E-04,18630
2026/8/23 00:38,MW2045B42803,AC20,A20215,-0.00934,51134.9,50099.4,3.24E+00,1.05E-03,18275
2026/8/23 00:38,MW2045B61927,A46,A18830,-0.0047,50605.3,50432.8,3.24E+00,7.20E-04,18554
2026/8/23 00:38,MW2045B42798,AC20,A20215,-0.00808,51391.2,52169.4,3.24E+00,1.08E-03,18281
2026/8/23 00:37,MW2045B61388,A46,A18830,-0.00906,50708.8,53014.4,3.24E+00,6.80E-04,18664
2026/8/23 00:37,MW2045B42768,AC20,A20215,-0.0098,51050.2,53484.9,3.24E+00,1.13E-03,18199
2026/8/23 00:37,MW2045B61255,A46,A20215,-0.00741,52759.2,51284.5,3.24E+00,7.70E-04,18070
2026/8/23 00:37,MW2045B61928,AC20,A18830,-0.00111,51284.4,50004.9,3.24E+00,8.80E-04,18585
2026/8/23 00:36,MW2045B61391,A46,A18830,-0.00446,52184.5,49172.1,3.24E+00,6.90E-04,18616
2026/8/23 00:36,MW2045B61929,AC20,A18830,-0.00604,53076.4,50341.1,3.24E+00,8.40E-04,18513
2026/8/23 00:36,MW2045B61390,O,A18830,-0.0071,52888.5,49172.5,0.00E+00,0.00E+00,18747
2026/8/23 00:34,MW2045B32014,O,A19368,-0.00625,53325.8,50739.5,3.23E+00,9.20E-04,18015
2026/8/23 00:34,MW2045B32016,O,A19368,-0.00201,52455.2,49785.3,3.23E+00,6.20E-04,18026
2026/8/23 00:33,MW2045B32019,O,A19368,-0.00146,52322.3,49373.2,3.23E+00,9.70E-04,18192
2026/8/23 00:33,MW2045B32018,O,A19368,-0.00169,52226.5,53227.8,3.23E+00,8.60E-04,18181
2026/8/23 00:33,MW2045B32017,O,A19368,-0.00846,54615.5,50070.6,3.23E+00,6.70E-04,18233
2026/8/23 00:32,MW2045B32020,O,A19368,-0.00969,53942.3,52736.3,3.23E+00,9.60E-04,18232
2026/8/23 00:32,MW2045B51907,O,A19368,-0.00183,51244.5,54389.7,3.24E+00,8.80E-04,18297
2026/8/23 00:32,MW2045B27506,O,A19368,-0.00662,53934.7,53708.2,3.24E+00,9.90E-04,18291
2026/8/23 00:31,MW2045B32024,O,A19368,-0.00818,53692.1,49538.5,3.23E+00,8.40E-04,18107
2026/8/23 00:31,MW2045B32037,O,A19368,-0.00151,53010.9,49844.6,3.23E+00,8.40E-04,18178
2026/8/23 00:30,MW2045B32038,O,A19368,-0.0053,52935.1,49769.8,3.23E+00,9.70E-04,18233
2026/8/23 00:30,MW2045B32023,O,A19368,-0.00661,54862.7,52376.8,3.23E+00,9.50E-04,18261
2026/8/23 00:30,MW2045B63048,A45,A23808,-0.00171,52841.2,54524.7,3.24E+00,7.40E-04,18114
2026/8/23 00:29,MW2045B61930,A46,A18830,-0.00913,52838.1,53401.4,3.24E+00,7.90E-04,18534
2026/8/23 00:29,MW2045B63051,AC20,A23808,-0.00674,52602.7,51494.8,3.24E+00,8.50E-04,18080
2026/8/23 00:29,MW2045B61392,CHH,A18830,-0.0094,51874.2,53887.5,3.24E+00,6.00E-04,18772
2026/8/23 00:29,MW2045B63054,A45,A23808,-0.00587,54645.7,53850.2,3.24E+00,8.00E-04,17946
2026/8/23 00:28,MW2045B63016,A45,A23808,-0.00918,52501.1,49848.3,3.24E+00,7.90E-04,18139
2026/8/23 00:28,MW2045B63203,A46,A04496,-0.00853,50442.7,51126.5,3.24E+00,5.90E-04,18648
2026/8/23 00:28,MW2045B63015,A46,A23808,-0.00537,52637.5,54668.9,3.24E+00,7.90E-04,18322
2026/8/23 00:28,MW2045B63225,A45,A04496,-0.00385,51330.4,54832.5,3.24E+00,5.70E-04,18632
2026/8/23 00:28,MW2045B63063,AC20,A23808,-0.0011,54898.7,49514.2,3.24E+00,8.10E-04,18061
2026/8/23 00:27,MW2045B63210,A46,A04496,-0.01607,53257.6,54434.5,3.24E+00,5.70E-04,18695
2026/8/23 00:27,MW2045B63062,A46,A23808,-0.00803,52254.9,50828.4,3.24E+00,7.70E-04,18027
2026/8/23 00:27,MW2045B63224,A46,A04496,-0.00199,54334.8,51669.4,3.24E+00,6.80E-04,18670
2026/8/23 00:27,MW2045B63061,AC20,A23808,-0.00814,51705.1,50041.1,3.24E+00,8.60E-04,18071
2026/8/23 00:26,MW2045B63222,A46,A04496,-0.00771,53980.8,49797.5,3.24E+00,7.10E-04,18688
2026/8/23 00:26,MW2045B62991,A45,A23808,-0.0087,50780.7,53171.1,3.24E+00,8.00E-04,18107
2026/8/23 00:26,MW2045B63223,A45,A04496,-0.0002,52600.5,50253.4,3.24E+00,7.00E-04,18669
2026/8/23 00:26,MW2045B62988,A46,A23808,-0.00838,52892.6,50143.8,3.24E+00,7.40E-04,18176
2026/8/23 00:26,MW2045B62989,O,A23808,-0.00502,53424.2,50559.1,3.24E+00,8.40E-04,18175
2026/8/23 00:25,MW2045B63209,A46,A04496,-0.00689,50330.9,53957.4,3.24E+00,7.30E-04,18485
2026/8/23 00:25,MW2045B63364,CLL,A23808,-0.00405,51214.8,53672.5,2.91E+00,7.40E-04,18139
2026/8/23 00:25,MW2045B61868,AC20,A04496,-0.00121,51799.3,53083.1,3.24E+00,8.20E-04,18540
2026/8/23 00:25,MW2044B15613,O,A01068,-0.0001,51031.6,52189.3,3.24E+00,8.60E-04,18031
2026/8/23 00:25,MW2045B61869,CLL,A04496,-0.0074,53680.7,52226.1,2.94E+00,6.50E-04,18598
2026/8/23 00:24,MW2044B15607,O,A01068,-0.04394,53361.5,53434.9,3.24E+00,9.50E-04,18117
2026/8/23 00:24,MW2045B61870,CLL,A04496,-0.09602,50435.2,49982.2,2.93E+00,7.40E-04,18526
2026/8/23 00:24,MW2044B15617,O,A01068,-0.0359,53389.3,53281.5,3.24E+00,1.04E-03,18027
2026/8/23 00:23,MW2045B61867,CLL,A04496,-0.02151,52575.1,49717.3,2.94E+00,7.50E-04,18533
2026/8/23 00:22,MW2044B15612,O,A01068,-0.05396,52525.1,54505.2,3.24E+00,8.60E-04,18249
2026/8/23 00:21,MW2045B63510,CLL,A04496,-0.07503,52200.6,53262.8,2.94E+00,6.70E-04,18633
2026/8/23 00:20,MW2044B15608,O,A01068,-0.07008,53872.9,51043.3,3.24E+00,8.40E-04,18232
2026/8/23 00:19,MW2044B15614,O,A19780,-0.06784,53853.9,53996.3,3.24E+00,7.60E-04,18612
2026/8/23 00:19,MW2044B15611,O,A01068,-0.09216,52154.8,51428.9,3.24E+00,9.60E-04,18095
2026/8/23 00:19,MW2045B51662,O,A19780,-0.07858,54874.2,52582.1,3.24E+00,5.80E-04,18670
2026/8/23 00:19,MW2044B15626,O,A01068,-0.0599,50458.8,54505.2,3.24E+00,7.40E-04,18159
2026/8/23 00:18,MW2045B51968,O,A19780,-0.01974,51492.3,54341.6,3.24E+00,6.80E-04,18778
2026/8/23 00:18,MW2044B15622,O,A01068,-0.04899,50370.7,52703.9,3.24E+00,9.70E-04,18049
2026/8/23 00:18,MW2045B52000,O,A19780,-0.01235,52080.3,50457.4,3.24E+00,6.70E-04,18605
2026/8/23 00:18,MW2044B15623,O,A01068,-0.07099,53929.6,52916.2,3.24E+00,1.02E-03,18108
2026/8/23 00:18,MW2045B51999,O,A19780,-0.05012,51585.3,49396.8,3.24E+00,7.60E-04,18751
2026/8/23 00:18,MW2044B15589,O,A01068,-0.05848,54018.9,54856.8,3.24E+00,9.50E-04,18102
2026/8/23 00:17,MW2044B15616,O,A01068,-0.04503,51396.1,49376.1,3.24E+00,9.90E-04,18234
2026/8/23 00:17,MW2045B51993,O,A19780,-0.02757,54893.5,51693.6,3.23E+00,7.30E-04,18669
2026/8/23 00:17,MW2045B52003,O,A01068,-0.05634,50886.8,50470.9,3.24E+00,8.30E-04,18296
2026/8/23 00:17,MW2044B27794,A46,A19780,-0.0311,51248.6,51219.9,3.24E+00,5.10E-04,18525
2026/8/23 00:16,MW2044B27588,A46,A14485,-0.0914,51775.6,53293.1,3.24E+00,5.40E-04,18102
2026/8/23 00:16,MW2045B63397,A45,A19780,-0.08852,50613.3,52903.6,3.24E+00,6.70E-04,18671
2026/8/23 00:16,MW2044B27587,A45,A14485,-0.03021,52765.7,52660.1,3.24E+00,6.30E-04,18224
2026/8/23 00:16,MW2044B27793,A46,A19780,-0.04647,53893.3,54583.5,3.24E+00,5.00E-04,18504
2026/8/23 00:16,MW2045B63013,A45,A14485,-0.05151,53961.7,54210.9,3.24E+00,8.00E-04,18170
2026/8/23 00:15,MW2045B63411,C44,A19780,-0.07881,50635.7,51436.9,3.24E+00,7.30E-04,18638
2026/8/23 00:15,MW2044B27991,A46,A14485,-0.0801,52120.4,53597.4,3.24E+00,6.90E-04,18231
2026/8/23 00:15,MW2044B27803,A46,A19780,-0.08145,51502.1,54035.4,3.24E+00,5.40E-04,18618
2026/8/23 00:15,MW2044B28011,A45,A14485,-0.0283,50341.8,51153.2,3.24E+00,7.70E-04,18199
2026/8/23 00:14,MW2045B63410,A45,A19780,-0.03297,52171.8,50887.2,3.24E+00,7.20E-04,18727
2026/8/23 00:14,MW2045B30608,KEF,A14485,-0.01002,51462.1,53262.2,3.24E+00,1.18E-03,17889
2026/8/23 00:14,MW2044B27998,A45,A14485,-0.09879,51432.3,51194.2,3.24E+00,7.70E-04,18338
2026/8/23 00:14,MW2044B27589,C45,A25172,-0.02025,52704.9,53397.2,3.24E+00,5.30E-04,18471
2026/8/23 00:14,MW2044B27999,A45,A14485,-0.08413,54299.9,49389.7,3.24E+00,7.60E-04,18255
2026/8/23 00:13,MW2044B27591,A45,A25172,-0.07818,51508.1,51475.4,3.24E+00,5.20E-04,18525
2026/8/23 00:13,MW2044B28000,A45,A14485,-0.02266,51026.5,52268.2,3.24E+00,7.30E-04,18217
2026/8/23 00:13,MW2045B63196,A44,A25172,-0.06159,54389.2,49551.3,3.24E+00,6.50E-04,18453
2026/8/23 00:13,MW2044B27996,A45,A14485,-0.04464,51277.4,50381.7,3.24E+00,6.50E-04,18030
2026/8/23 00:13,MW2045B62971,C44,A25172,-0.0881,53688.7,53130.6,3.24E+00,6.50E-04,18546
2026/8/23 00:12,MW2044B27789,C46,A14485,-0.0694,50992.1,53123.8,3.24E+00,5.90E-04,18299
2026/8/23 00:12,MW2045B62972,A45,A25172,-0.06624,50377.7,54832.4,3.24E+00,6.30E-04,18630
2026/8/23 00:12,MW2044B27795,A46,A14485,-0.09736,51377.2,50054.1,3.24E+00,6.00E-04,18286
2026/8/23 00:12,MW2045B62974,A45,A25172,-0.06659,52677.7,50346.5,3.24E+00,7.20E-04,18689
2026/8/23 00:12,MW2045B64944,O,A10645,-0.02422,51333.6,49518.5,3.24E+00,6.00E-04,17833
2026/8/23 00:11,MW2044B25602,A46,A25172,-0.0469,53316.5,54882.3,3.24E+00,5.90E-04,18448
2026/8/23 00:11,MW2045B64945,O,A10645,-0.08627,54354.2,51572.9,3.24E+00,5.80E-04,17938
2026/8/23 00:11,MW2044B25683,A46,A25172,-0.09007,54993.5,50368.2,3.24E+00,5.90E-04,18471
2026/8/23 00:11,MW2045B65570,O,A10645,-0.09134,50520.8,50321.8,3.24E+00,5.90E-04,17802
2026/8/23 00:10,MW2045B64946,O,A10645,-0.05454,52874.8,53053.3,3.24E+00,5.90E-04,18042
2026/8/23 00:10,MW2044B25689,A46,A25172,-0.01377,54497.2,54482.9,3.24E+00,6.00E-04,18401
2026/8/23 00:10,MW2045B63672,C46,A10645,-0.06587,53775.1,54053.2,3.24E+00,7.70E-04,17834
2026/8/23 00:10,MW2044B25688,A46,A25172,-0.08832,53397.9,54589.5,3.24E+00,6.00E-04,18258
2026/8/23 00:09,MW2044B25687,A46,A25172,-0.01902,51546.2,54213.9,3.24E+00,5.70E-04,18445
2026/8/23 00:09,MW2045B63674,C46,A10645,-0.03976,53396.8,53835.2,3.24E+00,7.80E-04,17935
2026/8/23 00:09,MW2045B65734,O,A25172,-0.07107,54327.3,54125.6,3.24E+00,4.90E-04,18498
2026/8/23 00:09,MW2045B63012,AC20,A10645,-0.0318,54208.4,52869.7,3.24E+00,8.30E-04,18204
2026/8/23 00:09,MW2045B63011,A45,A10645,-0.07052,53797.2,54493.7,3.24E+00,7.60E-04,18178
2026/8/23 00:09,MW2041B11927,A43,A01806,-0.06829,52129.9,51943.9,3.22E+00,4.70E-04,18927
2026/8/23 00:08,MW2045B63017,AC20,A10645,-0.06335,53425.1,52373.5,3.24E+00,8.40E-04,18217
2026/8/23 00:08,MW2041B11928,A43,A01806,-0.02633,51160.6,50216.1,3.22E+00,5.90E-04,18838
2026/8/23 00:08,MW2045B65730,O,A10645,-0.08909,52627.9,50533.7,3.24E+00,6.30E-04,18141
2026/8/23 00:08,MW2041B05114,A42,A01806,-0.07746,52246.2,54218.5,3.22E+00,6.60E-04,18983
2026/8/23 00:07,MW2041B11978,B42,A01806,-0.08334,54566.8,52069.1,3.22E+00,5.00E-04,18579
2026/8/23 00:07,MW2045B65732,O,A10645,-0.02255,52333.5,49777.1,3.24E+00,5.90E-04,18009
2026/8/23 00:07,MW2040B03516,A41,A01806,-0.04693,51331.7,52907.8,3.23E+00,6.30E-04,18368
2026/8/23 00:06,MW2045B65731,O,A10645,-0.08018,52796.3,49517.3,3.24E+00,5.90E-04,17988
2026/8/23 00:06,MW2027B11624,CHH,A01806,-0.0214,52151.5,49852.5,3.21E+00,4.90E-04,20017
2026/8/23 00:06,MW2044B28060,CHH,A23889,-0.07165,51073.4,51253.6,3.24E+00,7.90E-04,18240
2026/8/23 00:06,MW2045B14070,C43,A01806,-0.04339,53998.5,51563.7,3.23E+00,6.30E-04,18733
2026/8/23 00:06,MW2044B28061,CHH,A23889,-0.0307,54436.7,49778.6,3.24E+00,7.40E-04,18172
2026/8/23 00:05,MW2045B53614,A42,A01806,-0.01517,54041.9,50266.7,3.24E+00,7.70E-04,18751
2026/8/23 00:05,MW2042B01366,AC20,A23889,-0.01634,51883.8,54600.9,3.24E+00,1.03E-03,18477
2026/8/23 00:05,MW2045B53616,A43,A01806,-0.07098,54744.5,54521.6,3.24E+00,7.70E-04,18725
2026/8/23 00:05,MW2045B63192,A45,A23889,-0.05211,51548.9,53677.3,3.24E+00,8.00E-04,18249
2026/8/23 00:04,MW2045B53611,O,A01806,-0.07993,54400.7,50086.2,0.00E+00,0.00E+00,18706
2026/8/23 00:04,MW2045B63190,AC20,A23889,-0.06961,53027.7,50823.8,3.24E+00,8.10E-04,18238
2026/8/23 00:04,MW2045B63189,AC20,A23889,-0.04522,52936.7,49092.8,3.24E+00,8.70E-04,18190
2026/8/23 00:03,MW2044B25600,A46,A23889,-0.08201,53832.5,54150.4,3.24E+00,6.80E-04,17884
2026/8/23 00:03,MW2044B25601,A46,A23889,-0.01022,54338.7,51212.5,3.24E+00,7.10E-04,17820
2026/8/23 00:03,MW2044B25681,A46,A23889,-0.02866,51460.7,52396.9,3.24E+00,7.00E-04,17785
2026/8/23 00:02,MW2045B63666,A45,A23889,-0.09004,51606.8,50439.9,3.24E+00,7.70E-04,18041
2026/8/23 00:02,MW2045B63662,A45,A23889,-0.07804,53988.5,52533.9,3.24E+00,7.90E-04,17770
2026/8/23 00:01,MW2045B63663,C45,A23889,-0.03644,54620.2,50013.5,3.24E+00,7.80E-04,18043
2026/8/23 00:01,MW2044B28046,B45,A23453,-0.02808,52110.3,49978.7,3.24E+00,7.70E-04,18052
2026/8/23 00:01,MW2044B28047,B45,A23453,-0.07496,51688.8,51723.5,3.24E+00,7.30E-04,18103
2026/8/23 00:00,MW2044B28014,A46,A23453,-0.01687,54216.6,54374.7,3.24E+00,7.60E-04,18309
2026/8/23 00:00,MW2044B27989,A46,A23453,-0.01386,53201.5,53113.2,3.24E+00,7.30E-04,18228
2026/8/23 00:00,MW2044B27988,A46,A23453,-0.07085,52677.4,49187.9,3.24E+00,6.90E-04,18159
