Time,PLCCellID_CE,PLCCellIDClass_CE,PLCTrayID_CE,K_Value,3.45V_mAH,3.5-2.8V_mAH,acirVP12_CE,acirRP12_CE
2026/8/25 09:03,MW2038B07159,C48,A14005,-0.0494,52017.8,50899.4,3.25E+00,5.30E-04
2026/8/25 09:03,MW2038B07201,C47,A11171,-0.01487,51756.1,52435.2,3.25E+00,6.20E-04
2026/8/25 09:03,MW2038B07177,A47,A11171,-0.03234,52467.4,50928.4,3.25E+00,6.30E-04
2026/8/25 09:02,MW2038B07158,A47,A14005,-0.03996,53364.6,49617.6,3.25E+00,5.10E-04
2026/8/25 09:02,MW2038B07163,A48,A11171,-0.06018,52012.1,51388.9,3.25E+00,6.20E-04
2026/8/25 09:02,MW2038B07193,A47,A14005,-0.09092,52489.7,53081.2,3.25E+00,5.20E-04
2026/8/25 09:02,MW2038B07162,A48,A11171,-0.09189,53763.4,50296.6,3.25E+00,6.20E-04
2026/8/25 09:02,MW2038B07194,A47,A14005,-0.06873,53482.7,51162.7,3.25E+00,5.20E-04
2026/8/25 09:01,MW2038B07164,A48,A11171,-0.02881,53329.2,49419.1,3.25E+00,6.00E-04
2026/8/25 09:01,MW2038B07196,A47,A14005,-0.02334,54388.6,52068.1,3.25E+00,5.10E-04
2026/8/25 09:01,MW2038B07165,A47,A11171,-0.02147,52232.4,51783.2,3.25E+00,6.00E-04
2026/8/25 09:01,MW2038B07167,A47,A14005,-0.0064,51898.8,53224.9,3.25E+00,5.10E-04
2026/8/25 09:01,MW2038B12809,A48,A20105,-0.00872,52631.9,50083.1,3.25E+00,5.60E-04
2026/8/25 09:00,MW2038B12802,A48,A11170,-0.00216,51176.6,50149.6,3.25E+00,4.60E-04
2026/8/25 09:00,MW2038B12804,A48,A20105,-0.00217,51381.3,51237.3,3.25E+00,5.70E-04
2026/8/25 09:00,MW2038B12800,A48,A11170,-0.00806,53059.5,52748.2,3.24E+00,4.50E-04
2026/8/25 09:00,MW2038B12805,A48,A20105,-0.00703,53158.1,53477.9,3.25E+00,6.50E-04
2026/8/25 08:56,MW2038B12805,A48,A20105,-0.00905,50669.9,52236.1,3.25E+00,6.50E-04
2026/8/25 08:53,MW2038B12812,A48,A11170,-0.00594,52549.4,51307.9,3.24E+00,4.80E-04
2026/8/25 08:53,MW2038B12805,A48,A20105,-0.0503,52010.6,51335.3,3.25E+00,6.50E-04
2026/8/25 08:53,MW2038B12799,A48,A20105,-0.02465,53293.2,52278.9,3.25E+00,5.60E-04
2026/8/25 08:52,MW2038B12817,A48,A11170,-0.0996,53979.4,52419.7,3.25E+00,4.80E-04
2026/8/25 08:52,MW2038B16594,A47,A20105,-0.05245,54961.9,50857.5,3.25E+00,6.10E-04
2026/8/25 08:52,MW2038B12959,A47,A11170,-0.0926,52460.2,52213.3,3.24E+00,5.00E-04
2026/8/25 08:52,MW2038B16595,A48,A20105,-0.07959,54273.5,52213.8,3.25E+00,6.00E-04
2026/8/25 08:52,MW2038B10919,A45,A11170,-0.06689,54774.4,50304.2,3.25E+00,5.10E-04
2026/8/25 08:51,MW2038B16596,A48,A20105,-0.01061,51845.2,54502.2,3.25E+00,6.20E-04
2026/8/25 08:51,MW2038B10918,A45,A11170,-0.04356,51180.9,53963.2,3.25E+00,5.10E-04
2026/8/25 08:51,MW2038B16696,A47,A20105,-0.045,54007.8,50083.4,3.25E+00,6.10E-04
2026/8/25 08:51,MW2038B10923,A45,A11170,-0.0363,53885.7,53948.8,3.25E+00,4.90E-04
2026/8/25 08:51,MW2038B12797,A47,A20105,-0.0153,51948.8,54558.5,3.25E+00,5.80E-04
2026/8/25 08:50,MW2038B10926,A45,A11170,-0.03227,54683.4,51357.1,3.25E+00,4.90E-04
2026/8/25 08:50,MW2038B16574,A47,A20105,-0.07621,53607.7,51612.7,3.25E+00,6.10E-04
2026/8/25 08:50,MW2038B15601,A45,A11170,-0.01482,53658.4,54312.6,3.24E+00,4.90E-04
2026/8/25 08:50,MW2038B16575,KEF,A20105,-0.09902,50500.6,52770.5,3.25E+00,6.00E-04
2026/8/25 08:49,MW2038B16576,A48,A20105,-0.0594,50409.4,49978.2,3.25E+00,5.90E-04
2026/8/25 08:49,MW2038B15603,C46,A11170,-0.09162,50784.2,51355.4,3.24E+00,5.00E-04
2026/8/25 08:49,MW2038B15317,A47,A10789,-0.06883,50329.5,49593.2,3.25E+00,6.10E-04
2026/8/25 08:49,MW2038B15604,A46,A11170,-0.0901,54194.5,54063.8,3.25E+00,5.00E-04
2026/8/25 08:49,MW2038B15316,A47,A10789,-0.06179,53120.2,50516.5,3.25E+00,6.10E-04
2026/8/25 08:48,MW2038B05443,A47,A17129,-0.0574,54766.7,49490.6,3.25E+00,5.40E-04
2026/8/25 08:48,MW2038B15315,A47,A10789,-0.01424,53993.5,52403.1,3.25E+00,6.10E-04
2026/8/25 08:48,MW2038B05447,A47,A17129,-0.01864,54513.2,50489.1,3.25E+00,5.30E-04
2026/8/25 08:48,MW2038B15314,A47,A10789,-0.02464,53116.8,51098.3,3.25E+00,6.10E-04
2026/8/25 08:48,MW2038B05442,C47,A17129,-0.06344,50632.6,53298.9,3.25E+00,5.10E-04
2026/8/25 08:47,MW2038B15313,B47,A10789,-0.0164,53641.2,50320.3,3.25E+00,6.10E-04
2026/8/25 08:47,MW2038B05436,A47,A17129,-0.01341,50330.3,53966.1,3.25E+00,5.30E-04
2026/8/25 08:47,MW2038B15312,B47,A10789,-0.0783,54119.1,52087.5,3.25E+00,6.30E-04
2026/8/25 08:47,MW2038B05437,A47,A17129,-0.0407,51198.3,52425.9,3.25E+00,5.30E-04
2026/8/25 08:46,MW2038B15310,A47,A10789,-0.01077,52875.9,53277.8,3.24E+00,6.20E-04
2026/8/25 08:46,MW2038B15169,A47,A17129,-0.05121,51809.9,52625.8,3.24E+00,5.00E-04
2026/8/25 08:46,MW2038B15356,A47,A10789,-0.09872,53186.1,52643.2,3.24E+00,6.00E-04
2026/8/25 08:46,MW2038B15170,A47,A17129,-0.07969,54436.9,53297.1,3.24E+00,5.30E-04
2026/8/25 08:46,MW2038B15355,A47,A10789,-0.01232,54685.5,51349.7,3.24E+00,6.20E-04
2026/8/25 08:45,MW2038B15171,A46,A17129,-0.05774,52344.2,54742.1,3.25E+00,5.80E-04
2026/8/25 08:45,MW2038B07821,A47,A10789,-0.01557,52555.6,52751.6,3.25E+00,6.00E-04
2026/8/25 08:45,MW2038B13816,A47,A17129,-0.02787,53731.1,53494.2,3.24E+00,4.90E-04
2026/8/25 08:45,MW2038B10934,A46,A10789,-0.08982,54275.8,52277.8,3.24E+00,6.00E-04
2026/8/25 08:44,MW2038B15168,CLL,A17129,-0.06552,51572.2,51162.2,3.26E+00,1.15E-03
2026/8/25 08:44,MW2038B10933,A46,A10789,-0.01316,51326.9,54594.8,3.24E+00,6.10E-04
2026/8/25 08:44,MW2038B07811,B45,A17129,-0.06212,50669.8,54268.3,3.24E+00,5.20E-04
2026/8/25 08:44,MW2038B05446,A48,A24430,-0.03912,53410.6,50912.1,3.25E+00,6.40E-04
2026/8/25 08:44,MW2038B15141,A48,A17129,-0.08168,51241.4,49959.7,3.25E+00,5.10E-04
2026/8/25 08:43,MW2038B05444,A48,A24430,-0.08172,53535.9,51120.9,3.25E+00,6.40E-04
2026/8/25 08:43,MW2038B15140,A48,A17129,-0.05148,53283.1,50896.3,3.25E+00,5.00E-04
2026/8/25 08:43,MW2038B05453,A47,A24430,-0.0657,51572.8,53144.8,3.25E+00,6.40E-04
2026/8/25 08:43,MW2038B07576,C46,A18728,-0.07702,54826.2,53514.1,3.24E+00,5.40E-04
2026/8/25 08:43,MW2038B10974,KEF,A24430,-0.02566,51863.1,54764.4,3.25E+00,9.40E-04
2026/8/25 08:42,MW2038B07576,C46,A18728,-0.08064,52220.8,49583.2,3.24E+00,5.40E-04
2026/8/25 08:42,MW2038B10974,KEF,A24430,-0.09747,53029.8,49475.3,3.25E+00,9.40E-04
2026/8/25 08:42,MW2038B10893,C47,A18728,-0.027,54565.5,53817.3,3.25E+00,5.70E-04
2026/8/25 08:42,MW2038B05587,A47,A24430,-0.03224,50582.6,54041.6,3.25E+00,6.10E-04
2026/8/25 08:42,MW2038B05587,A47,A24430,-0.09037,53276.4,54847.3,3.25E+00,6.10E-04
2026/8/25 08:42,MW2038B10893,C47,A18728,-0.04516,53441.7,51991.7,3.25E+00,5.70E-04
2026/8/25 08:41,MW2038B13078,A45,A24430,-0.04248,54732.2,49547.1,3.25E+00,5.70E-04
2026/8/25 08:41,MW2038B13210,A46,A18728,-0.08948,52421.9,49581.6,3.24E+00,5.30E-04
2026/8/25 08:41,MW2038B13098,A46,A24430,-0.09102,53185.7,51369.7,3.25E+00,6.10E-04
2026/8/25 08:41,MW2038B16045,A47,A18728,-0.041,51342.7,49527.4,3.25E+00,5.20E-04
2026/8/25 08:41,MW2038B13965,A47,A24430,-0.0344,52772.9,50449.9,3.24E+00,6.00E-04
2026/8/25 08:40,MW2038B13965,A47,A24430,-0.06675,50332.1,54726.6,3.24E+00,6.00E-04
2026/8/25 08:40,MW2038B13818,A47,A18728,-0.05316,54132.2,52481.5,3.24E+00,5.00E-04
2026/8/25 08:38,MW2038B13993,A47,A24430,-0.0321,52767.4,49753.4,3.24E+00,5.90E-04
2026/8/25 08:38,MW2038B13818,A47,A18728,-0.0205,51874.4,51692.7,3.24E+00,5.00E-04
2026/8/25 08:35,MW2038B14126,A47,A24430,-0.06981,54453.3,51439.3,3.25E+00,6.00E-04
2026/8/25 08:35,MW2038B15267,A47,A24430,-0.0678,53359.5,49387.8,3.24E+00,6.10E-04
2026/8/25 08:34,MW2038B15318,A47,A24430,-0.04213,50511.5,53097.4,3.25E+00,6.00E-04
2026/8/25 08:34,MW2038B15944,A47,A13251,-0.03255,54912.8,50436.8,3.24E+00,6.10E-04
2026/8/25 08:33,MW2038B15943,A46,A13251,-0.04114,52255.1,52897.2,3.24E+00,6.00E-04
2026/8/25 08:33,MW2038B16163,A46,A13251,-0.03307,54486.3,51953.7,3.24E+00,6.00E-04
2026/8/25 08:33,MW2038B16162,C46,A13251,-0.04122,54571.6,54793.2,3.24E+00,6.10E-04
2026/8/25 08:32,MW2038B16161,A47,A13251,-0.09106,51821.8,50528.7,3.24E+00,6.00E-04
2026/8/25 08:32,MW2038B16160,A47,A13251,-0.06783,54854.5,49652.2,3.24E+00,6.10E-04
2026/8/25 08:31,MW2038B16159,A47,A13251,-0.02592,53711.3,54923.1,3.25E+00,6.00E-04
2026/8/25 08:31,MW2038B15283,A47,A13251,-0.03928,52894.7,53996.5,3.24E+00,6.10E-04
2026/8/25 08:31,MW2038B15281,A47,A13251,-0.01048,51662.9,54498.6,3.24E+00,6.00E-04
2026/8/25 08:30,MW2038B15240,A47,A13251,-0.05167,53217.9,52385.5,3.24E+00,6.20E-04
2026/8/25 08:30,MW2038B13972,B47,A13251,-0.01227,54581.4,50401.8,3.24E+00,6.10E-04
2026/8/25 08:29,MW2038B15436,A47,A18575,-0.07935,53956.1,50866.2,3.24E+00,6.10E-04
2026/8/25 08:29,MW2038B13818,A47,A18728,-0.02754,53992.9,51336.5,3.24E+00,5.00E-04
2026/8/25 08:29,MW2038B15435,A47,A18575,-0.09042,53806.1,53284.6,3.25E+00,6.10E-04
2026/8/25 08:22,MW2038B15435,A47,A18575,-0.0198,51667.1,53548.4,3.25E+00,6.10E-04
2026/8/25 08:22,MW2038B13818,A47,A18728,-0.0857,51491.8,53640.8,3.24E+00,5.00E-04
2026/8/25 08:21,MW2038B15434,A47,A18575,-0.06098,52113.8,50678.8,3.25E+00,6.20E-04
2026/8/25 08:21,MW2038B13598,A47,A18575,-0.0804,51941.2,51685.7,3.25E+00,6.30E-04
2026/8/25 08:21,MW2038B13818,A47,A18728,-0.0285,51549.2,50344.8,3.24E+00,5.00E-04
2026/8/25 08:20,MW2038B13600,A47,A18575,-0.04876,52842.1,53626.1,3.25E+00,6.20E-04
2026/8/25 08:20,MW2038B02943,A48,A18728,-0.03068,50623.1,52175.9,3.24E+00,4.90E-04
2026/8/25 08:20,MW2038B15433,A48,A18575,-0.05063,51253.9,52758.2,3.25E+00,6.20E-04
2026/8/25 08:20,MW2038B16609,A47,A18728,-0.0311,51366.4,49393.7,3.24E+00,5.00E-04
2026/8/25 08:20,MW2038B15432,A47,A18575,-0.01094,54426.9,54571.9,3.25E+00,6.20E-04
2026/8/25 08:19,MW2038B16597,A47,A18575,-0.05484,52104.7,51137.3,3.25E+00,6.30E-04
2026/8/25 08:19,MW2038B01930,A47,A18728,-0.08052,53880.9,50470.3,3.25E+00,5.10E-04
2026/8/25 08:19,MW2038B13146,A47,A18575,-0.05211,53478.3,51660.5,3.25E+00,6.60E-04
2026/8/25 08:19,MW2038B16672,A46,A18728,-0.08757,52414.2,53533.4,3.25E+00,5.00E-04
2026/8/25 08:18,MW2038B13145,AC20,A18575,-0.04032,51996.9,54891.9,3.25E+00,8.20E-04
2026/8/25 08:18,MW2038B09860,A47,A18728,-0.03405,50614.7,51166.6,3.24E+00,5.10E-04
2026/8/25 08:18,MW2038B13134,CLL,A18575,-0.08162,52599.5,49564.1,3.26E+00,1.18E-03
2026/8/25 08:18,MW2038B09831,A47,A18728,-0.05535,52659.1,50847.6,3.24E+00,4.60E-04
2026/8/25 08:18,MW2038B13132,CLL,A18575,-0.09139,52398.9,54284.4,3.26E+00,1.48E-03
2026/8/25 08:17,MW2038B16424,KGH,A17982,-0.07776,52728.4,49668.2,3.24E+00,5.10E-04
2026/8/25 08:17,MW2038B15522,A48,A17968,-0.01609,54253.8,53132.3,3.24E+00,6.00E-04
2026/8/25 08:17,MW2038B16423,C47,A17982,-0.05725,53889.5,50363.7,3.25E+00,5.70E-04
2026/8/25 08:17,MW2038B15557,C47,A17968,-0.07313,52549.5,53004.8,3.24E+00,6.00E-04
2026/8/25 08:16,MW2038B15494,A47,A17968,-0.08986,51142.5,53437.8,3.24E+00,5.80E-04
2026/8/25 08:16,MW2038B16422,KEF,A17982,-0.07828,51118.2,50112.5,3.26E+00,9.30E-04
2026/8/25 08:16,MW2038B15495,A47,A17968,-0.06822,53444.8,49613.5,3.24E+00,6.10E-04
2026/8/25 08:16,MW2038B10960,B46,A17982,-0.09608,53688.5,54834.1,3.25E+00,5.20E-04
2026/8/25 08:16,MW2038B15496,A47,A17968,-0.02084,51067.4,51584.1,3.24E+00,6.10E-04
2026/8/25 08:16,MW2038B16413,KEF,A17982,-0.0861,51027.9,51752.9,3.25E+00,7.20E-04
2026/8/25 08:15,MW2038B15497,A47,A17968,-0.02459,54522.1,49710.5,3.24E+00,6.00E-04
2026/8/25 08:15,MW2038B15301,B47,A17982,-0.01252,50794.4,54475.7,3.24E+00,5.10E-04
2026/8/25 08:15,MW2038B15498,A48,A17968,-0.04096,53310.4,52108.6,3.24E+00,6.10E-04
2026/8/25 08:15,MW2038B10905,A47,A17982,-0.05498,53533.5,53099.2,3.25E+00,5.30E-04
2026/8/25 08:14,MW2038B12975,B46,A17968,-0.02793,52119.1,52061.3,3.24E+00,5.80E-04
2026/8/25 08:14,MW2038B10903,A47,A17982,-0.09265,53149.7,54640.4,3.25E+00,5.20E-04
2026/8/25 08:14,MW2038B12976,A46,A17968,-0.03937,52250.9,51599.2,3.24E+00,6.10E-04
2026/8/25 08:14,MW2038B13073,A46,A17982,-0.0509,51601.8,54384.2,3.24E+00,4.90E-04
2026/8/25 08:14,MW2038B12962,B46,A17968,-0.07201,52114.2,50722.8,3.24E+00,6.10E-04
2026/8/25 08:13,MW2038B12955,A46,A17982,-0.02293,53536.4,50845.2,3.24E+00,5.00E-04
2026/8/25 08:13,MW2038B12963,A46,A17968,-0.01546,54979.3,54465.3,3.24E+00,6.00E-04
2026/8/25 08:13,MW2038B12950,A46,A17968,-0.04142,52265.8,51363.9,3.24E+00,6.10E-04
2026/8/25 08:13,MW2038B12954,A46,A17982,-0.04333,51998.2,52338.7,3.24E+00,4.90E-04
2026/8/25 08:12,MW2038B07348,A48,A19541,-0.07948,54018.1,52483.9,3.25E+00,6.20E-04
2026/8/25 08:12,MW2038B12951,A46,A17982,-0.0663,53675.8,54559.2,3.24E+00,4.80E-04
2026/8/25 08:12,MW2038B07369,B48,A19541,-0.09455,54442.5,51188.3,3.24E+00,6.20E-04
2026/8/25 08:12,MW2038B07355,A48,A13298,-0.09336,54396.3,54754.4,3.25E+00,5.40E-04
2026/8/25 08:12,MW2038B07370,B48,A19541,-0.07945,52706.3,49884.1,3.25E+00,6.30E-04
2026/8/25 08:11,MW2038B07354,A48,A13298,-0.01656,52347.5,54317.4,3.25E+00,5.10E-04
2026/8/25 08:11,MW2038B16411,C48,A19541,-0.09436,54259.2,49965.6,3.24E+00,6.10E-04
2026/8/25 08:11,MW2038B07353,A48,A13298,-0.04826,51284.1,50944.5,3.25E+00,5.10E-04
2026/8/25 08:11,MW2038B16412,KGH,A19541,-0.0343,52603.7,52597.5,3.24E+00,6.40E-04
2026/8/25 08:11,MW2038B12961,B47,A13298,-0.05692,53989.8,49687.1,3.24E+00,5.10E-04
2026/8/25 08:10,MW2038B16409,C48,A19541,-0.0403,54131.2,50513.9,3.24E+00,6.10E-04
2026/8/25 08:10,MW2038B12960,B47,A13298,-0.03882,51872.4,51501.1,3.24E+00,5.00E-04
2026/8/25 08:10,MW2038B16396,AC20,A19541,-0.06406,51348.9,53952.5,3.25E+00,9.30E-04
2026/8/25 08:10,MW2038B16072,C47,A13298,-0.09625,50677.6,52038.6,3.24E+00,5.10E-04
2026/8/25 08:09,MW2038B07200,A46,A19541,-0.05548,51147.1,50333.4,3.25E+00,6.30E-04
2026/8/25 08:09,MW2038B16073,A47,A13298,-0.05779,53290.9,52132.8,3.24E+00,5.10E-04
2026/8/25 08:09,MW2038B16586,O,A19541,-0.02024,52986.1,54362.9,0.00E+00,0.00E+00
2026/8/25 08:09,MW2038B16074,A47,A13298,-0.04933,51023.5,49772.9,3.24E+00,5.10E-04
2026/8/25 08:08,MW2038B16067,C48,A13298,-0.04068,51907.9,51144.4,3.24E+00,5.00E-04
2026/8/25 08:08,MW2038B12928,A48,A13298,-0.02514,50700.7,52315.6,3.24E+00,5.10E-04
2026/8/25 08:08,MW2038B12929,A48,A13298,-0.06901,54368.3,53304.8,3.24E+00,5.20E-04
2026/8/25 08:07,MW2038B10963,A47,A13298,-0.09067,52561.6,54353.6,3.25E+00,5.10E-04
2026/8/25 08:07,MW2038B15945,A47,A03451,-0.02916,52409.3,52634.8,3.24E+00,5.20E-04
2026/8/25 08:06,MW2038B15946,A47,A03451,-0.04306,52417.3,53796.5,3.24E+00,5.10E-04
2026/8/25 08:06,MW2038B05496,KEF,A03451,-0.07577,53727.8,54341.1,3.25E+00,5.60E-04
2026/8/25 08:05,MW2038B05497,C46,A03451,-0.01147,52359.4,54681.5,3.25E+00,5.50E-04
2026/8/25 08:05,MW2038B05495,A46,A03451,-0.032,54450.4,49428.5,3.25E+00,5.40E-04
2026/8/25 08:04,MW2038B15455,A48,A03451,-0.02882,52130.5,53291.7,3.25E+00,5.10E-04
2026/8/25 08:04,MW2038B15453,A48,A03451,-0.0184,54056.8,52974.5,3.25E+00,5.00E-04
2026/8/25 08:03,MW2038B15452,A48,A03451,-0.06244,50961.9,49243.5,3.25E+00,5.20E-04
2026/8/25 07:43,MW2038B15157,A47,A03451,-0.0979,52875.5,49582.9,3.25E+00,5.10E-04
2026/8/25 07:42,MW2038B15159,A47,A03451,-0.09333,52299.5,54285.6,3.25E+00,5.10E-04
2026/8/25 07:42,MW2038B15158,A47,A03451,-0.04285,54047.3,52932.8,3.25E+00,5.00E-04
2026/8/25 07:42,MW2038B15155,A47,A03451,-0.0635,54969.6,50209.7,3.25E+00,4.90E-04
2026/8/25 07:41,MW2038B10878,KGH,A16081,-0.03846,54610.8,51862.7,3.25E+00,6.60E-04
2026/8/25 07:41,MW2038B10880,C44,A16081,-0.02951,52960.8,50217.5,3.25E+00,7.20E-04
2026/8/25 07:40,MW2038B10881,KEF,A16081,-0.0777,52933.7,51001.7,3.25E+00,6.70E-04
2026/8/25 07:40,MW2038B10882,C46,A16081,-0.06869,53090.8,53002.7,3.25E+00,6.30E-04
2026/8/25 07:39,MW2038B10879,A46,A16081,-0.01648,52014.6,53580.8,3.25E+00,5.80E-04
2026/8/25 07:39,MW2038B11014,A45,A16081,-0.01171,53333.1,53675.2,3.25E+00,4.90E-04
2026/8/25 07:38,MW2038B11024,A46,A16081,-0.01689,53639.4,50387.2,3.25E+00,5.10E-04
2026/8/25 07:38,MW2038B10998,A46,A16081,-0.07308,51593.1,51734.8,3.25E+00,5.10E-04
2026/8/25 07:37,MW2038B16198,A46,A16081,-0.0343,53673.7,52741.7,3.25E+00,5.20E-04
2026/8/25 07:37,MW2038B13168,A46,A16081,-0.09454,50513.9,51350.4,3.25E+00,5.30E-04
2026/8/25 07:37,MW2038B13167,A46,A16081,-0.05637,51228.9,54679.8,3.25E+00,5.30E-04
2026/8/25 07:36,MW2038B13166,A46,A16081,-0.0308,50888.4,53481.2,3.25E+00,5.40E-04
2026/8/25 07:36,MW2038B16467,A48,A05386,-0.0201,50892.1,52119.4,3.25E+00,5.10E-04
2026/8/25 07:35,MW2038B16466,A47,A05386,-0.07747,53090.3,49442.7,3.25E+00,5.20E-04
2026/8/25 07:35,MW2038B16465,A47,A05386,-0.04611,54163.5,54929.1,3.25E+00,5.00E-04
2026/8/25 07:34,MW2038B16464,KEF,A05386,-0.0994,54507.8,53834.3,3.25E+00,4.90E-04
2026/8/25 07:34,MW2038B16463,A47,A05386,-0.05784,50323.7,50212.5,3.24E+00,5.20E-04
2026/8/25 07:33,MW2038B07366,A48,A05386,-0.02263,51131.7,52066.9,3.25E+00,5.30E-04
2026/8/25 07:33,MW2038B07365,A48,A05386,-0.09437,54429.8,52756.3,3.25E+00,5.40E-04
2026/8/25 07:32,MW2038B07364,A48,A05386,-0.01698,53529.7,53711.8,3.25E+00,5.40E-04
2026/8/25 07:32,MW2038B07371,B47,A05386,-0.06431,53252.6,54867.6,3.25E+00,5.60E-04
2026/8/25 07:32,MW2038B16427,KEF,A05386,-0.03971,54456.9,53883.7,3.25E+00,5.10E-04
2026/8/25 07:31,MW2038B16426,B48,A05386,-0.09045,50460.3,49884.2,3.25E+00,5.20E-04
2026/8/25 07:31,MW2038B16425,B48,A05386,-0.02582,54313.5,52143.3,3.25E+00,5.10E-04
2026/8/25 07:30,MW2038B15139,A48,A09016,-0.0455,52607.3,52394.8,3.24E+00,5.20E-04
2026/8/25 07:30,MW2038B15138,A48,A09016,-0.01098,51665.6,51591.1,3.24E+00,4.90E-04
2026/8/25 07:29,MW2038B15999,A47,A09016,-0.08384,52359.6,54468.8,3.24E+00,4.90E-04
2026/8/25 07:29,MW2038B16000,A47,A09016,-0.04174,52753.5,54101.9,3.24E+00,5.00E-04
2026/8/25 07:29,MW2038B16587,A47,A19541,-0.03713,50932.7,51665.3,3.25E+00,6.00E-04
2026/8/25 07:28,MW2038B16001,A47,A09016,-0.06662,50738.1,53136.3,3.24E+00,4.90E-04
2026/8/25 07:28,MW2038B16588,A47,A19541,-0.01961,51083.6,51775.8,3.25E+00,6.10E-04
2026/8/25 07:28,MW2038B12958,B47,A09016,-0.04211,54453.3,51934.4,3.25E+00,5.00E-04
2026/8/25 07:28,MW2038B16589,A47,A19541,-0.07224,54981.3,54860.6,3.25E+00,6.00E-04
2026/8/25 07:28,MW2038B12957,C47,A09016,-0.0912,52410.9,51693.2,3.25E+00,5.10E-04
2026/8/25 07:27,MW2038B10889,A47,A21655,-0.09876,54785.2,54490.1,3.25E+00,7.00E-04
2026/8/25 07:27,MW2038B12969,B47,A09016,-0.07283,54069.3,52698.5,3.25E+00,5.20E-04
2026/8/25 07:27,MW2038B16580,A48,A09016,-0.0948,53611.2,49580.7,3.25E+00,5.10E-04
2026/8/25 07:26,MW2038B16578,A48,A09016,-0.09748,51134.7,53740.7,3.25E+00,5.20E-04
2026/8/25 07:26,MW2038B16579,KEF,A09016,-0.02992,52877.1,51303.6,3.25E+00,5.30E-04
2026/8/25 07:25,MW2038B16577,A48,A09016,-0.09981,50352.4,53271.4,3.25E+00,5.10E-04
2026/8/25 07:25,MW2038B12930,B48,A15708,-0.04697,53167.2,53459.7,3.24E+00,5.10E-04
2026/8/25 07:25,MW2038B10890,A47,A21655,-0.01222,51134.2,53574.5,3.25E+00,6.30E-04
2026/8/25 07:24,MW2038B12934,A48,A15708,-0.06689,51376.2,49202.6,3.24E+00,5.20E-04
2026/8/25 07:24,MW2038B10999,A47,A21655,-0.0734,51707.8,53549.1,3.25E+00,6.10E-04
2026/8/25 07:24,MW2038B12931,B48,A15708,-0.05829,52686.1,49780.4,3.24E+00,5.10E-04
2026/8/25 07:24,MW2038B13041,A46,A21655,-0.0402,50776.8,50861.6,3.25E+00,5.80E-04
2026/8/25 07:24,MW2038B12947,A48,A15708,-0.0919,53717.1,51502.2,3.24E+00,5.00E-04
2026/8/25 07:23,MW2038B13161,A46,A21655,-0.08751,52749.8,50197.8,3.25E+00,6.40E-04
2026/8/25 07:23,MW2038B12948,A48,A15708,-0.06397,50354.1,50792.1,3.25E+00,5.00E-04
2026/8/25 07:23,MW2038B13163,A46,A21655,-0.0832,53627.6,49497.3,3.25E+00,6.40E-04
2026/8/25 07:23,MW2038B12944,A46,A15708,-0.09549,51212.6,52595.2,3.24E+00,5.00E-04
2026/8/25 07:22,MW2038B11004,A47,A21655,-0.06265,52039.3,54462.1,3.25E+00,6.00E-04
2026/8/25 07:22,MW2038B12953,B45,A15708,-0.02513,53814.6,49503.3,3.24E+00,5.10E-04
2026/8/25 07:22,MW2038B11007,A47,A21655,-0.06163,51275.3,54570.6,3.25E+00,6.10E-04
2026/8/25 07:22,MW2038B12952,B45,A15708,-0.0784,53133.9,51805.3,3.24E+00,5.10E-04
2026/8/25 07:22,MW2038B11009,A47,A21655,-0.09597,52527.6,51166.4,3.24E+00,6.10E-04
2026/8/25 07:21,MW2038B12956,A46,A15708,-0.02072,52192.7,54331.2,3.24E+00,5.00E-04
2026/8/25 07:21,MW2038B11008,A46,A21655,-0.08923,52392.2,53946.5,3.25E+00,6.00E-04
2026/8/25 07:21,MW2038B16324,A47,A15708,-0.09528,52401.1,52057.8,3.24E+00,5.10E-04
2026/8/25 07:21,MW2038B11006,A47,A21655,-0.03666,53235.4,49642.5,3.25E+00,6.00E-04
2026/8/25 07:20,MW2038B16326,A47,A15708,-0.01583,51552.7,49499.4,3.24E+00,5.10E-04
2026/8/25 07:20,MW2038B13128,CLL,A05919,-0.07373,52547.6,50897.8,3.26E+00,1.09E-03
2026/8/25 07:20,MW2038B13131,AC20,A05919,-0.04578,53483.3,51170.5,3.25E+00,8.60E-04
2026/8/25 07:20,MW2038B16327,A47,A15708,-0.05295,54942.5,52852.7,3.24E+00,5.00E-04
2026/8/25 07:20,MW2038B13129,B46,A05919,-0.09458,52477.1,52920.7,3.25E+00,7.40E-04
2026/8/25 07:20,MW2038B15655,A47,A10939,-0.08213,50452.8,54094.6,3.25E+00,5.10E-04
2026/8/25 07:19,MW2038B12968,A47,A05919,-0.03831,51197.3,54358.3,3.25E+00,6.60E-04
2026/8/25 07:19,MW2038B15656,A47,A10939,-0.03347,52742.6,50494.2,3.24E+00,5.20E-04
2026/8/25 07:19,MW2038B07170,A48,A05919,-0.01427,50399.1,53798.8,3.25E+00,6.20E-04
2026/8/25 07:19,MW2038B15657,A48,A10939,-0.02403,53241.1,52473.6,3.24E+00,5.10E-04
2026/8/25 07:18,MW2038B07179,A47,A05919,-0.07986,52545.9,50222.3,3.25E+00,6.30E-04
2026/8/25 07:18,MW2038B15658,A48,A10939,-0.06394,50556.2,53985.2,3.24E+00,5.30E-04
2026/8/25 07:18,MW2038B07178,C48,A05919,-0.03418,54413.1,50662.1,3.25E+00,6.20E-04
2026/8/25 07:18,MW2038B15659,A47,A10939,-0.06826,52096.7,51574.2,3.24E+00,5.20E-04
2026/8/25 07:18,MW2038B15135,A48,A05919,-0.0314,53267.6,50462.1,3.25E+00,6.30E-04
2026/8/25 07:17,MW2038B15134,A48,A10939,-0.04882,51200.1,50778.3,3.24E+00,5.00E-04
2026/8/25 07:17,MW2038B15136,A48,A05919,-0.01572,52922.1,50337.6,3.24E+00,6.30E-04
2026/8/25 07:17,MW2038B15133,A48,A10939,-0.0855,51392.8,49602.7,3.24E+00,5.20E-04
2026/8/25 07:17,MW2038B15137,KEF,A05919,-0.06452,53324.6,53663.8,3.25E+00,6.30E-04
2026/8/25 07:16,MW2038B15132,A48,A10939,-0.01455,52904.5,51807.5,3.24E+00,5.50E-04
2026/8/25 07:16,MW2038B15606,A46,A05919,-0.05904,51363.9,51184.4,3.25E+00,6.00E-04
2026/8/25 07:16,MW2038B15131,A46,A10939,-0.06251,53604.3,51125.4,3.25E+00,6.20E-04
2026/8/25 07:16,MW2038B15605,A46,A05919,-0.07543,53225.6,53245.4,3.25E+00,6.00E-04
2026/8/25 07:16,MW2038B13970,A47,A00903,-0.05923,53840.1,51899.8,3.24E+00,6.10E-04
2026/8/25 07:15,MW2038B15130,CLL,A10939,-0.01299,52839.7,54629.8,3.26E+00,1.14E-03
2026/8/25 07:15,MW2038B13973,B47,A00903,-0.0333,50862.9,54258.1,3.24E+00,6.00E-04
2026/8/25 07:15,MW2038B10939,CLL,A10939,-0.05434,53361.7,51547.3,3.25E+00,8.60E-04
2026/8/25 07:15,MW2038B13971,A47,A00903,-0.02221,52657.7,51661.4,3.24E+00,6.00E-04
2026/8/25 07:15,MW2038B10940,A46,A10939,-0.04552,54941.2,50068.2,3.24E+00,6.10E-04
2026/8/25 07:14,MW2038B13968,A47,A00903,-0.04489,53501.5,54713.4,3.24E+00,6.00E-04
2026/8/25 07:14,MW2038B15724,A47,A12315,-0.05519,51804.2,52703.9,3.24E+00,5.00E-04
2026/8/25 07:14,MW2038B13964,A47,A00903,-0.0862,52086.9,50831.2,3.24E+00,6.10E-04
2026/8/25 07:14,MW2038B16050,A47,A12315,-0.02422,50918.2,52313.9,3.25E+00,4.80E-04
2026/8/25 07:13,MW2038B13967,A47,A00903,-0.07651,53581.1,51081.8,3.24E+00,6.00E-04
2026/8/25 07:13,MW2038B16048,A47,A12315,-0.01275,51125.7,53857.9,3.25E+00,4.80E-04
2026/8/25 07:13,MW2038B13969,A46,A00903,-0.06303,52826.9,52833.8,3.25E+00,6.00E-04
2026/8/25 07:13,MW2038B12816,A48,A12315,-0.04884,50699.4,53289.3,3.25E+00,4.70E-04
2026/8/25 07:13,MW2039B18414,B48,A00903,-0.07517,54273.8,54266.8,3.24E+00,5.80E-04
2026/8/25 07:12,MW2038B12818,A48,A12315,-0.0359,51830.3,51823.6,3.25E+00,4.80E-04
2026/8/25 07:12,MW2038B09953,A47,A00903,-0.06678,52097.7,49240.5,3.24E+00,6.30E-04
2026/8/25 07:12,MW2038B10883,KEF,A12315,-0.08067,53821.7,49681.5,3.25E+00,5.60E-04
2026/8/25 07:12,MW2038B03455,B47,A00903,-0.0634,52207.8,53633.4,3.24E+00,6.30E-04
2026/8/25 07:11,MW2038B11013,A46,A12315,-0.08934,50372.2,53748.8,3.25E+00,5.00E-04
2026/8/25 07:11,MW2038B03454,A48,A00903,-0.03721,52213.4,52134.6,3.24E+00,6.10E-04
2026/8/25 07:11,MW2038B03449,B48,A00903,-0.01167,52849.3,52339.3,3.24E+00,6.20E-04
2026/8/25 07:11,MW2038B15372,A48,A12315,-0.06846,53661.1,51230.3,3.24E+00,5.10E-04
2026/8/25 07:11,MW2038B07599,B48,A23824,-0.04803,52340.1,51907.9,3.24E+00,6.30E-04
2026/8/25 07:11,MW2038B11000,A47,A12315,-0.0134,50787.7,49541.1,3.25E+00,4.90E-04
2026/8/25 07:10,MW2038B07595,B48,A23824,-0.03288,53411.5,49902.8,3.25E+00,6.30E-04
2026/8/25 07:10,MW2038B11001,A46,A12315,-0.04066,54432.6,53495.6,3.25E+00,5.10E-04
2026/8/25 07:10,MW2038B07596,D47,A23824,-0.08607,52442.8,54886.1,3.25E+00,6.30E-04
2026/8/25 07:10,MW2038B11003,A46,A12315,-0.01406,50894.1,51066.9,3.25E+00,5.10E-04
2026/8/25 07:09,MW2038B07598,B48,A23824,-0.03292,52422.8,50358.3,3.25E+00,6.30E-04
2026/8/25 07:09,MW2038B11002,A46,A12315,-0.01855,54617.2,52259.8,3.25E+00,5.00E-04
2026/8/25 07:09,MW2038B07588,B48,A23824,-0.05913,52668.7,53513.3,3.25E+00,6.20E-04
2026/8/25 07:09,MW2038B05582,A48,A11164,-0.06751,51600.1,52678.2,3.25E+00,5.30E-04
2026/8/25 07:09,MW2038B07597,B48,A23824,-0.03831,53140.9,52844.5,3.24E+00,6.30E-04
2026/8/25 07:08,MW2038B05580,A48,A11164,-0.03273,51689.3,50946.6,3.25E+00,5.50E-04
2026/8/25 07:08,MW2038B07589,B48,A23824,-0.07379,53623.1,53457.5,3.25E+00,6.30E-04
2026/8/25 07:08,MW2038B05578,A47,A11164,-0.03934,52678.4,50164.9,3.25E+00,5.30E-04
2026/8/25 07:08,MW2038B13176,A46,A23824,-0.06004,54143.9,53830.5,3.25E+00,6.30E-04
2026/8/25 07:07,MW2038B05573,A47,A11164,-0.0158,52275.4,49255.1,3.25E+00,5.40E-04
2026/8/25 07:07,MW2038B13175,A46,A23824,-0.08191,52133.1,49385.7,3.25E+00,6.00E-04
2026/8/25 07:07,MW2038B13174,A46,A23824,-0.04174,50471.9,49597.9,3.25E+00,6.20E-04
2026/8/25 07:07,MW2038B15160,C45,A11164,-0.05064,52931.5,52921.7,3.25E+00,6.10E-04
2026/8/25 07:07,MW2038B13178,A46,A23824,-0.048,51273.7,50221.9,3.25E+00,6.20E-04
2026/8/25 07:06,MW2038B16695,A48,A11164,-0.08702,53524.4,54709.6,3.24E+00,5.40E-04
2026/8/25 07:06,MW2038B13177,A47,A23824,-0.0166,50329.1,52030.8,3.25E+00,6.30E-04
2026/8/25 07:06,MW2038B16694,B48,A11164,-0.0881,54868.5,53866.8,3.24E+00,5.10E-04
2026/8/25 07:06,MW2038B13104,A47,A24297,-0.07544,53650.3,52403.1,3.25E+00,6.00E-04
2026/8/25 07:06,MW2038B16693,A48,A11164,-0.03099,51111.4,53006.3,3.25E+00,5.30E-04
2026/8/25 07:05,MW2038B13109,A47,A24297,-0.01897,52851.7,50576.3,3.25E+00,6.00E-04
2026/8/25 07:05,MW2038B10986,A47,A11164,-0.0205,51230.2,52054.9,3.25E+00,5.10E-04
2026/8/25 07:05,MW2038B13108,A47,A24297,-0.02284,51363.6,53394.8,3.25E+00,6.10E-04
2026/8/25 07:05,MW2038B13185,A47,A11164,-0.0617,50382.7,54148.6,3.24E+00,5.20E-04
2026/8/25 07:05,MW2038B13184,A47,A24297,-0.02563,51221.4,53752.3,3.24E+00,6.30E-04
2026/8/25 07:04,MW2038B13179,A47,A11164,-0.03545,52074.4,49564.6,3.25E+00,5.40E-04
2026/8/25 07:04,MW2038B13173,A47,A11164,-0.0948,53850.5,52996.7,3.25E+00,5.30E-04
2026/8/25 07:03,MW2038B13165,KEF,A10720,-0.08593,54484.8,53547.4,3.25E+00,5.20E-04
2026/8/25 07:03,MW2038B13158,A46,A10720,-0.07078,54385.3,50074.9,3.25E+00,5.10E-04
2026/8/25 07:02,MW2038B13164,A46,A10720,-0.01838,50621.1,49910.8,3.25E+00,5.40E-04
2026/8/25 07:02,MW2038B13159,A46,A10720,-0.09041,51648.7,50570.8,3.25E+00,5.10E-04
2026/8/25 07:01,MW2038B13160,A46,A10720,-0.01262,53685.4,53582.2,3.25E+00,5.20E-04
2026/8/25 07:01,MW2038B05441,A47,A10720,-0.02961,53048.6,50796.5,3.25E+00,5.30E-04
2026/8/25 07:01,MW2038B05439,A46,A10720,-0.09853,54126.1,54912.4,3.25E+00,5.30E-04
2026/8/25 07:00,MW2038B05440,A47,A10720,-0.01197,51073.5,52770.8,3.25E+00,5.30E-04
2026/8/25 07:00,MW2038B05571,A48,A24297,-0.0869,51424.5,52394.1,3.25E+00,6.30E-04
2026/8/25 07:00,MW2038B15405,A47,A10720,-0.0398,53868.7,49303.9,3.24E+00,5.40E-04
2026/8/25 07:00,MW2038B05570,A47,A24297,-0.04617,51062.8,54750.9,3.25E+00,6.30E-04
2026/8/25 06:59,MW2038B11015,C46,A24297,-0.01825,50423.9,52789.9,3.25E+00,6.00E-04
2026/8/25 06:59,MW2038B11010,A46,A10720,-0.01903,52983.7,49636.5,3.25E+00,4.90E-04
2026/8/25 06:59,MW2038B11018,A46,A24297,-0.07431,52472.6,53158.9,3.25E+00,6.00E-04
2026/8/25 06:59,MW2038B11011,A46,A10720,-0.09276,51923.7,52748.2,3.25E+00,5.00E-04
2026/8/25 06:58,MW2038B11019,A46,A24297,-0.07795,53072.2,50862.1,3.25E+00,5.90E-04
2026/8/25 06:58,MW2038B11016,A46,A10720,-0.01008,52951.5,51904.8,3.25E+00,5.00E-04
2026/8/25 06:58,MW2038B11022,A46,A24297,-0.05308,50386.8,53157.4,3.25E+00,5.80E-04
2026/8/25 06:58,MW2038B13100,A47,A17797,-0.04903,53977.6,52220.4,3.25E+00,5.20E-04
2026/8/25 06:58,MW2038B11017,A46,A24297,-0.04107,54729.7,51446.1,3.25E+00,6.00E-04
2026/8/25 06:57,MW2038B13101,B47,A17797,-0.09174,52333.3,51177.8,3.25E+00,5.00E-04
2026/8/25 06:57,MW2038B16096,B46,A00452,-0.06821,50578.9,50553.2,3.25E+00,6.20E-04
2026/8/25 06:57,MW2038B13102,A46,A17797,-0.0509,54100.9,49335.2,3.25E+00,4.80E-04
2026/8/25 06:57,MW2038B16089,B46,A00452,-0.08104,54405.9,52509.8,3.25E+00,6.10E-04
2026/8/25 06:57,MW2038B13103,A47,A17797,-0.05244,54216.6,53410.5,3.25E+00,5.20E-04
2026/8/25 06:56,MW2038B16095,B46,A00452,-0.05491,52936.4,51220.8,3.23E+00,6.10E-04
2026/8/25 06:56,MW2038B13099,C47,A17797,-0.045,53361.3,52553.3,3.25E+00,5.30E-04
2026/8/25 06:56,MW2038B16090,A46,A00452,-0.08808,51817.7,52372.4,3.25E+00,6.10E-04
2026/8/25 06:56,MW2038B16094,A46,A00452,-0.07746,54567.6,53936.3,3.25E+00,6.20E-04
2026/8/25 06:56,MW2038B13172,A47,A17797,-0.07152,52330.4,52440.9,3.25E+00,5.30E-04
2026/8/25 06:55,MW2038B16113,A46,A00452,-0.02976,51607.7,49208.9,3.25E+00,6.10E-04
2026/8/25 06:55,MW2038B13171,A47,A17797,-0.09974,52567.9,54572.3,3.25E+00,5.30E-04
2026/8/25 06:55,MW2038B16112,B46,A00452,-0.04842,50757.6,49482.2,3.25E+00,6.00E-04
2026/8/25 06:55,MW2038B13162,A46,A17797,-0.01358,51497.6,51988.7,3.25E+00,5.10E-04
2026/8/25 06:55,MW2038B15112,C46,A00452,-0.03779,51292.2,53813.8,3.24E+00,6.00E-04
2026/8/25 06:54,MW2038B13157,A46,A17797,-0.02492,50910.8,53690.9,3.25E+00,5.10E-04
2026/8/25 06:54,MW2038B15113,A47,A00452,-0.0321,52448.7,52055.9,3.24E+00,6.10E-04
2026/8/25 06:54,MW2038B15161,CLL,A17797,-0.01335,54737.7,53302.1,3.27E+00,1.40E-03
2026/8/25 06:54,MW2038B13937,A47,A00452,-0.07295,50473.2,51736.1,3.24E+00,6.10E-04
2026/8/25 06:53,MW2038B05586,A48,A17797,-0.051,53325.4,51868.1,3.25E+00,5.10E-04
2026/8/25 06:53,MW2038B13938,A46,A00452,-0.01428,50568.5,49392.7,3.24E+00,6.10E-04
2026/8/25 06:53,MW2038B05583,A48,A17797,-0.02538,54123.4,50236.5,3.25E+00,5.30E-04
2026/8/25 06:53,MW2038B13815,A46,A00452,-0.04178,51348.1,50254.2,3.25E+00,5.80E-04
2026/8/25 06:53,MW2038B16047,A47,A00811,-0.06314,52603.2,53403.6,3.24E+00,5.80E-04
2026/8/25 06:52,MW2038B02900,A47,A04367,-0.05347,53617.7,49398.3,3.25E+00,5.10E-04
2026/8/25 06:52,MW2038B16046,B47,A00811,-0.07851,54753.6,51806.8,3.24E+00,5.90E-04
2026/8/25 06:52,MW2038B02895,A47,A04367,-0.0196,54565.1,50070.9,3.25E+00,4.80E-04
2026/8/25 06:52,MW2038B16044,A47,A00811,-0.0787,52638.9,53374.6,3.25E+00,5.90E-04
2026/8/25 06:52,MW2038B02894,A47,A04367,-0.08258,53863.5,49903.3,3.25E+00,4.90E-04
2026/8/25 06:51,MW2038B02876,A47,A04367,-0.0853,54052.3,51396.9,3.25E+00,5.00E-04
2026/8/25 06:51,MW2038B02872,A47,A04367,-0.02714,50565.8,54099.5,3.25E+00,5.00E-04
2026/8/25 06:50,MW2039B18413,B48,A04367,-0.06206,54327.4,54832.3,3.25E+00,5.10E-04
2026/8/25 06:50,MW2039B18411,C48,A04367,-0.04017,52829.9,49292.1,3.24E+00,5.10E-04
2026/8/25 06:49,MW2039B18410,B48,A04367,-0.08412,50689.7,51116.4,3.24E+00,5.10E-04
2026/8/25 06:49,MW2039B18412,B48,A04367,-0.05627,51511.8,54052.7,3.24E+00,4.90E-04
2026/8/25 06:49,MW2038B16043,A47,A00811,-0.08251,52139.6,54521.5,3.25E+00,5.90E-04
2026/8/25 06:48,MW2038B16582,A48,A00811,-0.0542,52790.3,51889.5,3.24E+00,6.20E-04
2026/8/25 06:48,MW2039B18408,A48,A04367,-0.07141,50765.4,54708.2,3.24E+00,4.90E-04
2026/8/25 06:48,MW2039B18409,B48,A04367,-0.07497,53143.5,52644.9,3.24E+00,4.90E-04
2026/8/25 06:48,MW2038B16581,A48,A00811,-0.06987,53089.7,51918.1,3.24E+00,6.20E-04
2026/8/25 06:48,MW2038B09965,A48,A04367,-0.06207,51467.9,51471.4,3.24E+00,5.20E-04
2026/8/25 06:47,MW2038B16583,A48,A00811,-0.02607,53759.6,50733.8,3.25E+00,6.20E-04
2026/8/25 06:47,MW2038B16618,A47,A07223,-0.05571,52307.4,53860.3,3.25E+00,5.10E-04
2026/8/25 06:45,MW2038B12819,A48,A00811,-0.02683,51479.2,53265.9,3.25E+00,5.70E-04
2026/8/25 06:45,MW2038B16619,A47,A07223,-0.06046,54502.7,50951.4,3.25E+00,5.00E-04
2026/8/25 06:44,MW2038B16584,KGH,A00811,-0.04725,53096.1,54819.5,3.25E+00,6.10E-04
2026/8/25 06:44,MW2038B16620,B46,A07223,-0.01536,50602.8,52627.1,3.25E+00,5.10E-04
2026/8/25 06:44,MW2038B12821,A49,A00811,-0.02632,52056.1,52794.2,3.25E+00,5.60E-04
2026/8/25 06:44,MW2038B16621,B47,A07223,-0.01327,51863.1,51067.3,3.24E+00,5.00E-04
2026/8/25 06:43,MW2038B12822,A48,A00811,-0.05387,54529.3,54271.9,3.25E+00,5.80E-04
2026/8/25 06:43,MW2038B16599,B47,A07223,-0.04122,54720.1,54856.4,3.24E+00,5.20E-04
2026/8/25 06:43,MW2038B13816,A47,A03403,-0.04307,54363.1,49816.7,3.24E+00,5.90E-04
2026/8/25 06:43,MW2038B16598,A47,A07223,-0.011,51333.2,54598.8,3.24E+00,5.30E-04
2026/8/25 06:43,MW2038B13817,A47,A03403,-0.01947,50585.5,54187.9,3.24E+00,5.80E-04
2026/8/25 06:42,MW2038B16092,A46,A07223,-0.01613,50477.3,50800.7,3.25E+00,5.20E-04
2026/8/25 06:42,MW2038B16091,A46,A07223,-0.01141,51953.1,52031.3,3.25E+00,5.30E-04
2026/8/25 06:41,MW2038B16602,A47,A07223,-0.06369,53233.5,50979.8,3.24E+00,5.20E-04
2026/8/25 06:41,MW2038B16603,B47,A07223,-0.08089,51259.4,51348.2,3.24E+00,5.20E-04
2026/8/25 06:40,MW2038B16604,B47,A07223,-0.03905,51946.8,50968.5,3.24E+00,5.10E-04
2026/8/25 06:40,MW2038B13819,A47,A03403,-0.08128,52179.7,50560.6,3.24E+00,5.70E-04
2026/8/25 06:40,MW2038B16605,B47,A07223,-0.09226,50879.9,51490.9,3.24E+00,5.20E-04
2026/8/25 06:40,MW2038B13812,A47,A03403,-0.04268,53555.1,52527.6,3.24E+00,5.80E-04
2026/8/25 06:40,MW2038B12864,A48,A05167,-0.03358,52044.6,51421.5,3.25E+00,4.60E-04
2026/8/25 06:39,MW2038B13813,A47,A03403,-0.05103,54133.3,50209.6,3.24E+00,6.00E-04
2026/8/25 06:39,MW2038B12862,A48,A05167,-0.07994,51561.6,51238.2,3.24E+00,4.60E-04
2026/8/25 06:39,MW2038B13808,A46,A03403,-0.06716,53100.7,53331.9,3.24E+00,5.80E-04
2026/8/25 06:39,MW2038B12863,A48,A05167,-0.01332,54057.2,51958.4,3.24E+00,4.70E-04
2026/8/25 06:39,MW2038B09959,A47,A03403,-0.06819,52922.7,50199.2,3.24E+00,6.30E-04
2026/8/25 06:38,MW2038B07268,A48,A05167,-0.0809,50476.8,49772.4,3.25E+00,5.40E-04
2026/8/25 06:38,MW2038B11424,A48,A03403,-0.08379,52172.9,49998.6,3.24E+00,5.80E-04
2026/8/25 06:38,MW2038B07269,A48,A05167,-0.06125,50889.5,50180.3,3.25E+00,5.40E-04
2026/8/25 06:38,MW2039B18355,A47,A03403,-0.05117,52456.8,53030.7,3.24E+00,6.10E-04
2026/8/25 06:37,MW2038B12814,A49,A05167,-0.0307,54705.4,53563.9,3.24E+00,4.60E-04
2026/8/25 06:37,MW2039B18356,A48,A03403,-0.09309,51431.7,53445.6,3.24E+00,5.80E-04
2026/8/25 06:37,MW2038B00004,B47,A03403,-0.09719,52399.1,51304.6,3.24E+00,6.30E-04
2026/8/25 06:37,MW2038B12820,A49,A05167,-0.01838,54089.7,49369.3,3.24E+00,4.60E-04
2026/8/25 06:36,MW2038B12823,A48,A14391,-0.06955,51010.5,52146.6,3.25E+00,5.10E-04
2026/8/25 06:36,MW2038B07363,A49,A05167,-0.04618,53781.3,53967.2,3.25E+00,5.30E-04
2026/8/25 06:36,MW2038B12824,A48,A14391,-0.02247,52378.8,51041.3,3.24E+00,5.80E-04
2026/8/25 06:36,MW2038B07357,A49,A05167,-0.03945,51305.5,51005.5,3.25E+00,5.30E-04
2026/8/25 06:36,MW2038B12825,A48,A14391,-0.02843,54038.4,52225.5,3.24E+00,5.80E-04
2026/8/25 06:35,MW2038B07358,A49,A05167,-0.03119,54275.9,50257.8,3.25E+00,5.30E-04
2026/8/25 06:35,MW2038B12829,A49,A14391,-0.01596,54496.1,50118.1,3.24E+00,5.60E-04
2026/8/25 06:35,MW2038B07359,A49,A05167,-0.04307,50727.7,49944.8,3.24E+00,5.40E-04
2026/8/25 06:35,MW2038B12826,A49,A14391,-0.05221,53886.1,51606.3,3.24E+00,5.60E-04
2026/8/25 06:35,MW2038B07495,A48,A05167,-0.02434,54447.1,54811.7,3.24E+00,5.30E-04
2026/8/25 06:34,MW2038B15404,A48,A14391,-0.05612,50488.3,51994.2,3.24E+00,6.00E-04
2026/8/25 06:34,MW2038B16705,A48,A12963,-0.06902,51587.7,51401.3,3.25E+00,5.00E-04
2026/8/25 06:34,MW2038B11012,A46,A14391,-0.07873,54632.2,51590.6,3.25E+00,6.00E-04
2026/8/25 06:34,MW2038B16706,A48,A12963,-0.08398,52174.8,51795.2,3.25E+00,4.90E-04
2026/8/25 06:34,MW2038B12827,A49,A14391,-0.02243,52740.9,54163.4,3.24E+00,5.40E-04
2026/8/25 06:33,MW2038B16704,A48,A12963,-0.02552,51880.9,50220.1,3.25E+00,5.10E-04
2026/8/25 06:33,MW2038B12845,A48,A12963,-0.0155,51625.6,51156.7,3.25E+00,4.60E-04
2026/8/25 06:32,MW2038B12843,A47,A12963,-0.07707,50406.6,52857.2,3.25E+00,4.50E-04
2026/8/25 06:32,MW2038B12833,A49,A12963,-0.03054,54501.6,51084.7,3.24E+00,4.50E-04
2026/8/25 06:32,MW2038B12831,A49,A14391,-0.07451,52164.6,49703.4,3.24E+00,5.50E-04
2026/8/25 06:31,MW2038B16585,A47,A14391,-0.09858,52787.5,49762.4,3.24E+00,6.00E-04
2026/8/25 06:31,MW2038B12793,A49,A12963,-0.02936,54275.3,54402.8,3.24E+00,4.70E-04
2026/8/25 06:31,MW2038B07493,A47,A14391,-0.0561,53704.4,50006.4,3.24E+00,6.30E-04
2026/8/25 06:31,MW2038B12859,A49,A12963,-0.0191,50714.2,50236.5,3.24E+00,4.60E-04
2026/8/25 06:31,MW2038B07494,A48,A14391,-0.09242,51462.1,52232.9,3.24E+00,6.20E-04
2026/8/25 06:30,MW2038B12866,A48,A12963,-0.05868,50329.5,49946.7,3.25E+00,4.90E-04
2026/8/25 06:30,MW2038B16087,A46,A16686,-0.07881,54180.7,54257.4,3.25E+00,6.10E-04
2026/8/25 06:30,MW2038B12860,A48,A12963,-0.02307,52618.7,53260.7,3.24E+00,4.60E-04
2026/8/25 06:30,MW2038B16083,A46,A16686,-0.03671,53255.2,51326.4,3.25E+00,6.20E-04
2026/8/25 06:30,MW2038B12865,A48,A12963,-0.06294,52534.8,52700.6,3.24E+00,4.80E-04
2026/8/25 06:29,MW2038B16085,KEF,A16686,-0.02145,54628.4,51326.1,3.25E+00,6.20E-04
2026/8/25 06:29,MW2038B12861,A48,A12963,-0.07315,53340.5,52917.8,3.24E+00,4.70E-04
2026/8/25 06:29,MW2038B16086,A46,A16686,-0.09003,50697.1,54307.2,3.25E+00,6.20E-04
2026/8/25 06:29,MW2038B16082,A46,A11319,-0.01928,51879.6,51237.3,3.25E+00,5.30E-04
2026/8/25 06:29,MW2038B16084,A46,A16686,-0.08652,50991.8,49403.6,3.25E+00,6.20E-04
2026/8/25 06:28,MW2038B16081,A46,A11319,-0.03448,52507.8,50217.1,3.24E+00,5.30E-04
2026/8/25 06:28,MW2038B12856,A48,A16686,-0.05083,50504.1,54987.2,3.25E+00,5.50E-04
2026/8/25 06:28,MW2038B16088,A46,A11319,-0.04668,54418.9,54011.2,3.25E+00,5.30E-04
2026/8/25 06:28,MW2038B12867,A48,A16686,-0.0554,50401.2,52039.5,3.25E+00,5.60E-04
2026/8/25 06:27,MW2038B16100,A47,A11319,-0.07683,52101.4,53120.9,3.25E+00,5.10E-04
2026/8/25 06:27,MW2038B16041,B46,A16686,-0.03244,52753.3,50527.4,3.25E+00,5.80E-04
2026/8/25 06:27,MW2038B16039,B46,A16686,-0.0346,53724.2,54845.2,3.25E+00,5.80E-04
2026/8/25 06:27,MW2038B16111,B46,A11319,-0.07766,50610.2,54321.3,3.25E+00,5.10E-04
2026/8/25 06:26,MW2038B07266,C47,A11319,-0.08067,50997.4,49656.6,3.25E+00,5.30E-04
2026/8/25 06:26,MW2038B07356,A48,A11319,-0.07423,53974.1,50382.2,3.25E+00,5.40E-04
2026/8/25 06:25,MW2038B16692,A48,A11319,-0.06892,50523.7,53323.7,3.25E+00,5.20E-04
2026/8/25 06:25,MW2038B16691,A48,A11319,-0.0285,54443.3,50776.6,3.25E+00,5.00E-04
2026/8/25 06:25,MW2038B16708,A48,A11319,-0.07034,52738.5,51062.1,3.25E+00,5.30E-04
2026/8/25 06:24,MW2038B16709,A48,A11319,-0.04133,52850.8,52748.4,3.25E+00,5.10E-04
2026/8/25 06:24,MW2038B16707,A48,A11319,-0.03001,53713.9,52529.7,3.25E+00,5.10E-04
2026/8/25 06:23,MW2038B16931,A48,A01882,-0.05521,52276.3,51867.4,3.25E+00,5.50E-04
2026/8/25 06:23,MW2038B16930,A48,A01882,-0.01785,50694.1,50484.9,3.25E+00,5.30E-04
2026/8/25 06:22,MW2038B16929,A48,A01882,-0.01637,54429.5,49669.6,3.24E+00,5.30E-04
2026/8/25 06:22,MW2038B16927,A48,A01882,-0.0768,52854.7,52882.9,3.24E+00,5.40E-04
2026/8/25 06:21,MW2038B16684,A49,A01882,-0.03575,51725.6,50410.4,3.24E+00,5.20E-04
2026/8/25 06:21,MW2038B16683,A48,A01882,-0.07843,54928.7,49316.6,3.25E+00,5.10E-04
2026/8/25 06:20,MW2038B16892,A46,A01882,-0.05466,53528.1,52299.1,3.25E+00,5.10E-04
2026/8/25 06:20,MW2038B16910,A46,A01882,-0.01818,51848.1,54066.1,3.25E+00,5.20E-04
2026/8/25 06:20,MW2038B16680,A48,A01882,-0.01165,52424.7,54683.1,3.24E+00,5.30E-04
2026/8/25 06:19,MW2038B16679,B48,A01882,-0.08155,52887.1,53386.3,3.24E+00,5.10E-04
2026/8/25 06:19,MW2038B16678,B48,A01882,-0.0714,54753.4,50195.5,3.24E+00,5.30E-04
2026/8/25 06:18,MW2038B16677,B48,A01882,-0.01788,54486.2,53245.8,3.24E+00,5.30E-04
2026/8/25 06:18,MW2038B16914,A46,A16079,-0.0859,51227.9,53744.5,3.25E+00,5.10E-04
2026/8/25 06:17,MW2038B16893,A46,A16079,-0.08421,54266.5,50878.5,3.25E+00,4.80E-04
2026/8/25 06:17,MW2038B16894,A46,A16079,-0.07896,53631.2,50748.1,3.25E+00,5.10E-04
2026/8/25 06:16,MW2038B16895,A46,A16079,-0.02806,51286.9,52106.5,3.25E+00,5.20E-04
2026/8/25 06:16,MW2038B16099,A46,A16686,-0.03126,51464.8,52745.5,3.25E+00,6.10E-04
2026/8/25 06:16,MW2038B16957,A47,A16079,-0.08092,50817.2,52563.8,3.25E+00,5.20E-04
2026/8/25 06:16,MW2038B16098,A46,A16686,-0.09818,52735.1,54420.6,3.25E+00,6.10E-04
2026/8/25 06:15,MW2038B16956,A47,A16079,-0.08402,54620.6,50311.9,3.25E+00,5.10E-04
2026/8/25 06:15,MW2038B16097,A46,A16686,-0.07532,50899.4,53670.8,3.25E+00,6.10E-04
2026/8/25 06:15,MW2038B16923,A46,A16079,-0.0844,53351.9,51350.8,3.25E+00,5.20E-04
2026/8/25 06:15,MW2038B14051,A47,A15220,-0.01088,53361.5,52498.6,3.24E+00,6.10E-04
2026/8/25 06:15,MW2038B16924,A46,A16079,-0.09839,51331.1,54397.8,3.25E+00,5.10E-04
2026/8/25 06:14,MW2038B14053,A47,A15220,-0.07294,53033.1,50061.2,3.24E+00,6.10E-04
2026/8/25 06:14,MW2038B16953,A48,A16079,-0.0617,54596.8,50219.8,3.25E+00,5.20E-04
2026/8/25 06:14,MW2038B14052,A47,A15220,-0.0286,51275.2,54237.2,3.24E+00,6.10E-04
2026/8/25 06:14,MW2038B16952,A48,A16079,-0.0672,50835.2,49537.4,3.25E+00,5.10E-04
2026/8/25 06:14,MW2038B14047,KGH,A15220,-0.02201,50627.3,53317.5,3.24E+00,6.10E-04
2026/8/25 06:13,MW2038B16945,A48,A16079,-0.07289,54115.5,51808.2,3.25E+00,5.20E-04
2026/8/25 06:13,MW2038B14045,A47,A15220,-0.08079,53580.3,52187.1,3.24E+00,6.00E-04
2026/8/25 06:13,MW2038B16944,A47,A16079,-0.03124,51113.7,51713.5,3.25E+00,5.20E-04
2026/8/25 06:13,MW2038B14042,A47,A15220,-0.0711,52170.6,52568.7,3.24E+00,6.00E-04
2026/8/25 06:12,MW2038B11440,C48,A15220,-0.07627,51681.9,52578.9,3.24E+00,6.60E-04
2026/8/25 06:12,MW2038B16676,B48,A13388,-0.02806,51739.3,52149.5,3.25E+00,4.90E-04
2026/8/25 06:12,MW2038B09051,C47,A15220,-0.04532,50453.7,51071.6,3.24E+00,6.10E-04
2026/8/25 06:12,MW2038B16675,A48,A13388,-0.07224,51253.8,50384.5,3.25E+00,5.10E-04
2026/8/25 06:11,MW2038B02949,A48,A15220,-0.086,54658.9,51189.2,3.24E+00,5.90E-04
2026/8/25 06:11,MW2038B16673,A48,A13388,-0.0388,52506.2,51338.1,3.25E+00,5.10E-04
2026/8/25 06:11,MW2038B16674,A48,A13388,-0.0348,54380.7,51275.7,3.25E+00,4.90E-04
2026/8/25 06:10,MW2038B02942,O,A15220,-0.06426,54695.2,50803.4,0.00E+00,0.00E+00
2026/8/25 06:10,MW2038B16950,A47,A13388,-0.0298,51512.4,49283.7,3.25E+00,5.10E-04
2026/8/25 06:10,MW2038B16949,C47,A13388,-0.08157,53561.1,51558.7,3.25E+00,5.30E-04
2026/8/25 06:09,MW2038B16955,A48,A13388,-0.07482,51846.7,54034.5,3.24E+00,5.20E-04
2026/8/25 06:09,MW2038B16954,A48,A13388,-0.0557,53602.2,51841.5,3.25E+00,5.00E-04
2026/8/25 06:09,MW2038B16946,B47,A13388,-0.05291,51102.7,49999.8,3.25E+00,5.10E-04
2026/8/25 06:08,MW2038B16963,B47,A13388,-0.072,53922.1,50835.6,3.25E+00,5.20E-04
2026/8/25 06:08,MW2038B16962,B47,A13388,-0.07535,51275.4,54776.1,3.25E+00,5.10E-04
2026/8/25 06:07,MW2038B16961,B47,A13388,-0.04218,50555.9,52853.3,3.25E+00,5.20E-04
2026/8/25 06:07,MW2038B16661,A47,A10077,-0.057,50343.3,51704.4,3.24E+00,5.30E-04
2026/8/25 06:06,MW2038B16662,A47,A10077,-0.09659,51927.4,54384.6,3.25E+00,4.90E-04
2026/8/25 06:06,MW2038B16659,A47,A10077,-0.0867,50812.1,52017.5,3.24E+00,5.10E-04
2026/8/25 06:05,MW2038B16660,A47,A10077,-0.08536,54099.7,54919.9,3.24E+00,5.10E-04
2026/8/25 06:05,MW2038B16921,A47,A10077,-0.03532,51904.8,50959.9,3.24E+00,5.00E-04
2026/8/25 06:05,MW2038B16922,A47,A10077,-0.0921,52609.2,54901.3,3.24E+00,4.90E-04
2026/8/25 06:04,MW2038B16899,A47,A10077,-0.02326,52563.8,54610.9,3.24E+00,5.10E-04
2026/8/25 06:04,MW2038B16900,A47,A10077,-0.017,51846.7,54840.4,3.25E+00,5.10E-04
2026/8/25 06:03,MW2038B16925,A47,A10077,-0.01664,53297.1,49955.9,3.24E+00,5.20E-04
2026/8/25 06:03,MW2038B16926,B46,A10077,-0.03747,53044.7,49778.8,3.25E+00,5.10E-04
2026/8/25 06:02,MW2038B16903,A46,A10077,-0.08353,52170.7,54682.9,3.25E+00,5.00E-04
2026/8/25 06:02,MW2038B02954,A48,A15220,-0.054,51401.8,53515.8,3.24E+00,5.90E-04
2026/8/25 06:02,MW2038B16904,A46,A10077,-0.09283,53343.2,52947.8,3.25E+00,5.00E-04
2026/8/25 06:02,MW2038B15445,A46,A01904,-0.03255,50478.4,50531.7,3.24E+00,6.00E-04
2026/8/25 06:01,MW2038B14054,A47,A21463,-0.03419,52082.7,54883.7,3.24E+00,5.20E-04
2026/8/25 06:01,MW2038B15444,B46,A01904,-0.09316,54014.3,51027.3,3.24E+00,6.00E-04
2026/8/25 06:01,MW2038B14055,A47,A21463,-0.02576,51981.6,54276.6,3.24E+00,5.20E-04
2026/8/25 06:01,MW2038B14068,A47,A21463,-0.08664,54421.8,50594.4,3.24E+00,4.90E-04
2026/8/25 06:01,MW2038B15443,B46,A01904,-0.0544,54553.2,54140.5,3.24E+00,5.90E-04
2026/8/25 06:00,MW2038B14072,A47,A21463,-0.08044,53597.8,50589.3,3.24E+00,4.80E-04
2026/8/25 06:00,MW2038B15442,B46,A01904,-0.02886,54746.1,54698.2,3.24E+00,6.10E-04
2026/8/25 06:00,MW2038B16936,B48,A01904,-0.05541,50456.7,53443.7,3.24E+00,6.20E-04
2026/8/25 06:00,MW2038B13806,A47,A21463,-0.07767,54840.3,51272.9,3.24E+00,4.90E-04
2026/8/25 05:59,MW2038B16937,A48,A01904,-0.07954,53745.2,52061.4,3.25E+00,6.10E-04
2026/8/25 05:59,MW2038B13810,A47,A21463,-0.03176,54811.3,50110.8,3.24E+00,4.80E-04
2026/8/25 05:59,MW2038B15439,B45,A01904,-0.04353,50855.2,50450.9,3.25E+00,6.00E-04
2026/8/25 05:59,MW2038B10343,A48,A21463,-0.02412,51101.7,49351.8,3.24E+00,5.30E-04
2026/8/25 05:58,MW2038B15438,B45,A01904,-0.03863,52597.7,54657.3,3.25E+00,6.00E-04
2026/8/25 05:58,MW2038B00017,A47,A21463,-0.03658,54526.4,53095.9,3.24E+00,5.40E-04
2026/8/25 05:58,MW2038B16646,A48,A01904,-0.04312,53769.7,49741.9,3.25E+00,6.10E-04
2026/8/25 05:58,MW2038B00019,AC20,A21463,-0.042,53144.7,51463.3,3.24E+00,8.60E-04
2026/8/25 05:58,MW2038B16685,A48,A01904,-0.06607,50411.1,49710.3,3.25E+00,6.10E-04
2026/8/25 05:57,MW2038B00020,A47,A21463,-0.03439,52498.4,51814.8,3.24E+00,5.20E-04
2026/8/25 05:57,MW2038B16686,A48,A01904,-0.0603,54586.5,51905.4,3.25E+00,6.10E-04
2026/8/25 05:57,MW2038B16687,A48,A01904,-0.0793,53256.4,51756.2,3.25E+00,6.10E-04
2026/8/25 05:57,MW2038B00256,A48,A21463,-0.06879,54397.8,51028.9,3.24E+00,5.30E-04
2026/8/25 05:57,MW2038B16653,A47,A17130,-0.06171,51183.7,54189.9,3.24E+00,6.10E-04
2026/8/25 05:56,MW2038B00262,C47,A21463,-0.0721,52750.8,54503.6,3.24E+00,5.30E-04
2026/8/25 05:56,MW2038B16652,B47,A17130,-0.08503,50500.9,50355.9,3.24E+00,6.10E-04
2026/8/25 05:56,MW2038B16905,A46,A14501,-0.03691,51910.6,52660.3,3.24E+00,5.20E-04
2026/8/25 05:56,MW2038B16651,B47,A17130,-0.0189,51266.6,52176.7,3.24E+00,6.10E-04
2026/8/25 05:55,MW2038B16906,A46,A14501,-0.07101,54738.6,51687.8,3.24E+00,5.10E-04
2026/8/25 05:55,MW2038B16650,A47,A17130,-0.01384,51955.3,49559.3,3.24E+00,6.00E-04
2026/8/25 05:55,MW2038B16907,A47,A14501,-0.05071,52887.4,53990.7,3.24E+00,5.30E-04
2026/8/25 05:55,MW2038B16042,A47,A17130,-0.02095,52152.9,49957.9,3.25E+00,5.20E-04
2026/8/25 05:55,MW2038B16908,A47,A14501,-0.09674,51827.1,54491.9,3.24E+00,5.00E-04
2026/8/25 05:54,MW2038B16079,A47,A17130,-0.08608,53366.1,51520.6,3.24E+00,6.10E-04
2026/8/25 05:54,MW2038B16896,A46,A14501,-0.08308,54334.7,53220.2,3.25E+00,5.00E-04
2026/8/25 05:54,MW2038B16627,A47,A17130,-0.07252,51261.2,50983.7,3.25E+00,6.30E-04
2026/8/25 05:53,MW2038B16610,A46,A14501,-0.0591,53806.7,52205.4,3.25E+00,5.00E-04
2026/8/25 05:53,MW2038B13575,B45,A14501,-0.07687,53382.3,51711.1,3.25E+00,5.00E-04
2026/8/25 05:52,MW2038B13730,B45,A14501,-0.08083,50387.5,54861.3,3.25E+00,5.00E-04
2026/8/25 05:52,MW2038B16613,A46,A14501,-0.03368,54214.2,50153.3,3.25E+00,5.00E-04
2026/8/25 05:51,MW2038B16614,B46,A14501,-0.02683,54429.6,54941.4,3.25E+00,5.40E-04
2026/8/25 05:51,MW2038B16615,B46,A14501,-0.04826,51931.8,49760.3,3.25E+00,5.10E-04
2026/8/25 05:51,MW2038B16616,B46,A14501,-0.0393,54417.8,53694.7,3.25E+00,5.10E-04
2026/8/25 05:51,MW2038B16647,A47,A17130,-0.08697,51615.4,49699.7,3.24E+00,6.00E-04
2026/8/25 05:50,MW2038B00260,A47,A00358,-0.02714,52403.3,49738.4,3.24E+00,5.30E-04
2026/8/25 05:50,MW2038B16608,A47,A17130,-0.09952,53564.4,51283.2,3.24E+00,6.00E-04
2026/8/25 05:50,MW2038B16607,KEF,A17130,-0.05481,53919.6,54228.4,3.24E+00,6.10E-04
2026/8/25 05:50,MW2038B00259,C47,A00358,-0.0516,52947.9,50504.1,3.24E+00,5.30E-04
2026/8/25 05:49,MW2038B16606,B47,A17130,-0.03692,51153.3,52967.6,3.24E+00,6.20E-04
2026/8/25 05:49,MW2038B00018,C48,A00358,-0.06463,53984.7,53961.6,3.24E+00,5.60E-04
2026/8/25 05:49,MW2038B12807,A49,A05951,-0.05301,54858.9,49335.8,3.24E+00,5.60E-04
2026/8/25 05:49,MW2038B00263,C47,A00358,-0.0545,52989.3,52005.1,3.24E+00,5.30E-04
2026/8/25 05:49,MW2038B12808,A48,A05951,-0.07094,51465.7,50906.2,3.24E+00,5.60E-04
2026/8/25 05:48,MW2038B10342,C47,A00358,-0.07078,52803.7,49400.6,3.24E+00,5.20E-04
2026/8/25 05:48,MW2038B12803,A48,A05951,-0.01533,54729.9,50261.5,3.24E+00,5.60E-04
2026/8/25 05:48,MW2038B02989,A47,A00358,-0.04409,50815.6,52221.3,3.25E+00,5.10E-04
2026/8/25 05:48,MW2038B12801,A48,A05951,-0.0291,53814.9,49469.3,3.24E+00,5.70E-04
2026/8/25 05:47,MW2038B02988,A47,A00358,-0.03742,53009.6,50737.7,3.25E+00,5.00E-04
2026/8/25 05:47,MW2038B16681,A49,A05951,-0.09994,52103.8,54299.1,3.24E+00,6.10E-04
2026/8/25 05:47,MW2038B02990,A47,A00358,-0.03335,51897.5,51576.8,3.25E+00,5.10E-04
2026/8/25 05:47,MW2038B16682,C49,A05951,-0.01164,54493.6,53140.3,3.24E+00,6.10E-04
2026/8/25 05:46,MW2038B03004,A47,A00358,-0.02153,51452.3,54097.1,3.25E+00,4.90E-04
2026/8/25 05:46,MW2038B12815,A49,A05951,-0.01646,51558.3,53988.5,3.25E+00,5.70E-04
2026/8/25 05:46,MW2038B02991,C47,A00358,-0.08758,52293.9,51750.6,3.25E+00,5.30E-04
2026/8/25 05:46,MW2038B12813,A48,A05951,-0.01112,54879.2,49570.1,3.24E+00,5.70E-04
2026/8/25 05:46,MW2038B02995,A46,A00358,-0.08771,51643.3,49597.4,3.25E+00,5.30E-04
2026/8/25 05:45,MW2038B15449,A46,A05951,-0.02227,54732.8,53767.1,3.25E+00,6.00E-04
2026/8/25 05:45,MW2038B02893,A47,A00358,-0.02659,52913.6,49720.4,3.25E+00,4.80E-04
2026/8/25 05:45,MW2038B15447,B46,A05951,-0.02391,52512.6,51767.2,3.24E+00,5.90E-04
2026/8/25 05:45,MW2038B16617,A46,A24902,-0.02019,54692.5,53679.1,3.25E+00,5.20E-04
2026/8/25 05:45,MW2038B15448,B46,A05951,-0.04346,51749.5,54687.4,3.24E+00,6.00E-04
2026/8/25 05:44,MW2038B16624,A46,A24902,-0.0417,52175.3,54549.3,3.25E+00,5.10E-04
2026/8/25 05:44,MW2038B15446,B46,A05951,-0.09543,51408.4,54932.1,3.24E+00,6.10E-04
2026/8/25 05:44,MW2038B16625,B46,A24902,-0.01823,51044.1,52293.4,3.25E+00,5.10E-04
2026/8/25 05:16,MW2038B02945,A48,A01565,-0.0834,52169.6,54498.5,3.25E+00,5.70E-04
2026/8/25 05:16,MW2038B16626,A46,A24902,-0.08901,52152.2,53084.7,3.25E+00,5.00E-04
2026/8/25 05:16,MW2038B02950,A48,A01565,-0.05559,52290.6,53898.8,3.25E+00,5.70E-04
2026/8/25 05:16,MW2038B16897,A46,A24902,-0.0502,53734.7,54409.3,3.25E+00,5.30E-04
2026/8/25 05:16,MW2038B02956,A48,A01565,-0.03899,54740.3,49728.1,3.25E+00,6.00E-04
2026/8/25 05:16,MW2038B16898,A46,A24902,-0.01952,50411.9,54396.7,3.25E+00,5.10E-04
2026/8/25 05:15,MW2038B02960,A48,A01565,-0.03105,53004.4,54294.7,3.25E+00,5.90E-04
2026/8/25 05:15,MW2038B16490,A48,A24902,-0.06694,52845.4,50912.4,3.25E+00,5.00E-04
2026/8/25 05:15,MW2038B02955,A48,A01565,-0.098,52775.8,51723.4,3.25E+00,5.80E-04
2026/8/25 05:15,MW2038B16489,A48,A24902,-0.01402,51550.5,53317.3,3.25E+00,5.20E-04
2026/8/25 05:15,MW2038B02959,A48,A01565,-0.08257,52321.2,50269.2,3.25E+00,5.90E-04
2026/8/25 05:14,MW2038B16901,C47,A24902,-0.02351,51600.8,50002.2,3.25E+00,5.10E-04
2026/8/25 05:14,MW2038B16902,A47,A24902,-0.02584,53814.6,51162.1,3.25E+00,5.20E-04
2026/8/25 05:13,MW2038B16915,A47,A24902,-0.07865,54618.4,54147.5,3.25E+00,5.20E-04
2026/8/25 05:13,MW2038B16916,A47,A24902,-0.08992,50433.1,54377.3,3.25E+00,5.10E-04
2026/8/25 05:12,MW2038B07173,A48,A17616,-0.03784,52544.9,49284.9,3.25E+00,5.20E-04
2026/8/25 05:12,MW2038B03088,A47,A01565,-0.0411,53836.8,53250.3,3.25E+00,6.20E-04
2026/8/25 05:12,MW2038B07174,A48,A17616,-0.0992,51729.3,49243.6,3.25E+00,5.20E-04
2026/8/25 05:12,MW2038B13690,A47,A01565,-0.0476,52659.9,51146.9,3.25E+00,6.30E-04
2026/8/25 05:12,MW2038B07175,A48,A17616,-0.09684,51547.9,51732.1,3.25E+00,5.20E-04
2026/8/25 05:11,MW2038B02904,C48,A01565,-0.04413,51550.1,50548.1,3.25E+00,5.90E-04
2026/8/25 05:11,MW2038B16703,A48,A17616,-0.06878,50389.9,53395.3,3.24E+00,5.00E-04
2026/8/25 05:11,MW2038B02905,A48,A01565,-0.08286,52878.7,54585.3,3.25E+00,5.80E-04
2026/8/25 05:11,MW2038B02917,A47,A01565,-0.03347,53760.6,53826.3,3.25E+00,6.10E-04
2026/8/25 05:11,MW2038B16939,A48,A17616,-0.02038,51498.4,54814.7,3.25E+00,5.10E-04
2026/8/25 05:10,MW2038B02913,A47,A01565,-0.04935,53302.4,54549.7,3.25E+00,6.10E-04
2026/8/25 05:10,MW2038B16938,A48,A17616,-0.06375,54446.3,52850.7,3.25E+00,5.20E-04
2026/8/25 05:10,MW2038B16483,A47,A12776,-0.07723,53457.1,53775.1,3.25E+00,6.00E-04
2026/8/25 05:10,MW2038B16948,B47,A17616,-0.01555,54339.5,49570.6,3.25E+00,5.10E-04
2026/8/25 05:10,MW2038B16485,C48,A12776,-0.05157,53195.1,53951.5,3.25E+00,6.10E-04
2026/8/25 05:09,MW2038B16947,B48,A17616,-0.03264,52538.1,50695.1,3.25E+00,5.20E-04
2026/8/25 05:09,MW2038B16487,KEF,A12776,-0.08455,50441.5,52360.8,3.25E+00,6.00E-04
2026/8/25 05:09,MW2038B16935,B48,A17616,-0.03914,53616.3,49984.2,3.25E+00,5.20E-04
2026/8/25 05:09,MW2038B16488,B48,A12776,-0.03611,54376.1,52340.5,3.24E+00,6.10E-04
2026/8/25 05:08,MW2038B16934,B48,A17616,-0.0934,52696.5,50070.5,3.25E+00,5.30E-04
2026/8/25 05:08,MW2038B16779,A46,A12776,-0.0572,53251.6,53594.8,3.25E+00,6.00E-04
2026/8/25 05:08,MW2038B16933,B48,A17616,-0.03017,53233.4,53066.2,3.24E+00,5.10E-04
2026/8/25 05:08,MW2038B16778,A46,A12776,-0.05414,52784.6,54373.4,3.25E+00,6.10E-04
2026/8/25 05:07,MW2038B16932,A48,A17616,-0.02619,54685.2,49643.1,3.25E+00,5.20E-04
2026/8/25 05:07,MW2038B13574,B45,A12776,-0.06992,52082.8,51905.6,3.25E+00,6.00E-04
2026/8/25 05:07,MW2038B15251,A47,A18079,-0.07922,54244.6,51771.6,3.25E+00,5.00E-04
2026/8/25 05:07,MW2038B13573,B45,A12776,-0.03614,54270.6,52839.9,3.25E+00,5.90E-04
2026/8/25 05:07,MW2038B16920,A47,A12776,-0.03364,50300.6,52596.7,3.25E+00,6.10E-04
2026/8/25 05:06,MW2038B15250,A47,A18079,-0.08523,54826.1,54594.4,3.25E+00,5.00E-04
2026/8/25 05:06,MW2038B16919,A47,A12776,-0.043,50772.7,54987.8,3.25E+00,6.10E-04
2026/8/25 05:06,MW2038B15249,A47,A18079,-0.04304,50860.9,54576.2,3.25E+00,5.00E-04
2026/8/25 05:06,MW2038B16918,A47,A12776,-0.0781,53733.7,49909.6,3.25E+00,6.10E-04
2026/8/25 05:06,MW2038B15248,A47,A18079,-0.09216,51663.6,53239.5,3.25E+00,5.10E-04
2026/8/25 05:05,MW2038B16917,A47,A12776,-0.04843,51211.2,51502.1,3.25E+00,6.00E-04
2026/8/25 05:05,MW2038B02976,KEF,A18079,-0.02109,52235.9,54294.9,3.25E+00,5.20E-04
2026/8/25 05:05,MW2038B16637,B47,A17134,-0.04652,52375.5,52348.1,3.25E+00,6.10E-04
2026/8/25 05:05,MW2038B02965,A47,A18079,-0.0226,54735.7,49331.2,3.25E+00,5.10E-04
2026/8/25 05:05,MW2038B16638,B47,A17134,-0.09744,50531.9,49740.3,3.25E+00,6.10E-04
2026/8/25 05:04,MW2038B15264,A48,A18079,-0.08796,54160.7,53411.3,3.24E+00,5.20E-04
2026/8/25 05:04,MW2038B16644,B47,A17134,-0.03034,53271.9,53218.7,3.25E+00,6.00E-04
2026/8/25 05:04,MW2038B15263,A48,A18079,-0.0766,54402.9,52556.4,3.24E+00,5.10E-04
2026/8/25 05:04,MW2038B16640,C47,A17134,-0.01214,54837.5,52399.9,3.24E+00,6.10E-04
2026/8/25 05:03,MW2038B16639,A47,A17134,-0.06299,53766.9,51622.6,3.24E+00,6.00E-04
2026/8/25 05:03,MW2038B15262,A48,A18079,-0.07526,52975.1,50848.4,3.24E+00,5.10E-04
2026/8/25 05:03,MW2038B16698,A48,A17134,-0.08537,53110.3,52040.6,3.25E+00,6.00E-04
2026/8/25 05:03,MW2038B15260,A48,A18079,-0.05857,51376.3,54191.6,3.24E+00,5.10E-04
2026/8/25 05:02,MW2038B14932,B44,A17134,-0.01144,52500.2,52433.6,3.25E+00,6.00E-04
2026/8/25 05:02,MW2038B15259,A48,A18079,-0.03084,54024.5,51769.4,3.24E+00,5.10E-04
2026/8/25 05:02,MW2038B15258,A48,A18079,-0.07581,54836.3,50919.2,3.24E+00,5.20E-04
2026/8/25 05:01,MW2038B16943,B47,A22401,-0.01034,54007.7,51725.6,3.25E+00,5.10E-04
2026/8/25 05:01,MW2038B16942,B47,A22401,-0.0854,51730.7,49343.2,3.25E+00,5.00E-04
2026/8/25 05:01,MW2038B16941,B47,A22401,-0.0707,53449.3,49429.7,3.25E+00,5.10E-04
2026/8/25 05:00,MW2038B16940,A47,A22401,-0.04741,52156.2,52885.1,3.25E+00,5.10E-04
2026/8/25 05:00,MW2038B16670,A47,A22401,-0.04335,53966.1,49277.2,3.25E+00,4.90E-04
2026/8/25 05:00,MW2038B16976,A47,A17134,-0.08995,51299.7,52505.9,3.25E+00,6.10E-04
2026/8/25 04:59,MW2038B16978,A47,A17134,-0.01877,54750.8,54064.1,3.25E+00,6.10E-04
2026/8/25 04:59,MW2038B16671,A48,A22401,-0.01308,52112.9,54139.5,3.25E+00,4.90E-04
2026/8/25 04:59,MW2038B16979,A47,A17134,-0.09024,51532.3,51740.5,3.25E+00,6.20E-04
2026/8/25 04:59,MW2038B16611,A47,A22401,-0.03069,51451.7,52335.7,3.24E+00,4.90E-04
2026/8/25 04:58,MW2038B16612,A47,A22401,-0.07991,53066.3,50977.8,3.24E+00,5.00E-04
2026/8/25 04:55,MW2038B16666,A47,A22401,-0.06705,50979.4,52207.6,3.24E+00,5.20E-04
2026/8/25 04:52,MW2038B16981,A47,A17134,-0.02953,51868.2,51085.2,3.25E+00,6.00E-04
2026/8/25 04:52,MW2038B16668,A47,A22401,-0.09432,52178.6,50235.8,3.25E+00,5.00E-04
2026/8/25 04:52,MW2038B03002,A47,A14561,-0.08779,54050.4,53110.3,3.25E+00,6.00E-04
2026/8/25 04:51,MW2038B16667,A47,A22401,-0.06094,54308.7,49396.9,3.25E+00,5.10E-04
2026/8/25 04:51,MW2038B02972,A48,A14561,-0.0302,51270.5,54813.2,3.25E+00,6.20E-04
2026/8/25 04:51,MW2038B16669,B47,A22401,-0.0667,50332.1,53460.5,3.25E+00,5.00E-04
2026/8/25 04:51,MW2038B02977,A47,A14561,-0.0768,52785.5,54446.2,3.25E+00,6.30E-04
2026/8/25 04:50,MW2038B16740,B47,A19413,-0.02159,51465.8,53078.3,3.25E+00,5.10E-04
2026/8/25 04:50,MW2038B02971,A47,A14561,-0.0185,52535.1,51927.4,3.25E+00,6.20E-04
2026/8/25 04:50,MW2038B02970,A47,A14561,-0.09558,53831.4,52078.3,3.25E+00,6.30E-04
2026/8/25 04:50,MW2038B16741,B47,A19413,-0.03884,52912.7,49745.8,3.25E+00,4.90E-04
2026/8/25 04:50,MW2038B02963,A47,A14561,-0.03909,51620.2,54654.9,3.24E+00,6.10E-04
2026/8/25 04:49,MW2038B16742,C47,A19413,-0.0185,50712.7,51999.2,3.25E+00,5.10E-04
2026/8/25 04:49,MW2038B16093,C46,A14561,-0.05666,51174.4,52017.9,3.25E+00,6.10E-04
2026/8/25 04:49,MW2038B16743,A46,A19413,-0.01568,53363.1,49373.9,3.25E+00,5.10E-04
2026/8/25 04:49,MW2038B07207,A47,A14561,-0.01877,50924.3,53990.6,3.25E+00,6.20E-04
2026/8/25 04:48,MW2038B16744,A46,A19413,-0.04189,50760.9,52611.4,3.25E+00,5.00E-04
2026/8/25 04:48,MW2038B16657,A47,A14561,-0.02333,53234.6,49231.4,3.24E+00,6.00E-04
2026/8/25 04:48,MW2038B17002,A48,A19413,-0.09891,54769.7,50784.7,3.25E+00,5.20E-04
2026/8/25 04:48,MW2038B16656,A47,A14561,-0.0572,54127.5,53583.7,3.24E+00,6.00E-04
2026/8/25 04:48,MW2038B01981,A46,A19413,-0.09576,51952.2,51690.1,3.25E+00,5.20E-04
2026/8/25 04:47,MW2038B16655,A47,A14561,-0.04346,51697.4,49852.3,3.24E+00,6.10E-04
2026/8/25 04:47,MW2038B16980,A47,A19413,-0.09162,51057.4,53304.8,3.25E+00,5.20E-04
2026/8/25 04:47,MW2038B16654,A47,A14561,-0.0729,54631.4,54291.1,3.24E+00,6.10E-04
2026/8/25 04:47,MW2038B16986,A47,A19413,-0.0368,50551.4,53291.5,3.25E+00,5.10E-04
2026/8/25 04:47,MW2038B16913,A46,A22373,-0.01679,52452.2,49972.9,3.25E+00,6.00E-04
2026/8/25 04:46,MW2038B16912,A46,A22373,-0.09048,52904.8,50165.8,3.25E+00,6.00E-04
2026/8/25 04:46,MW2038B16984,A47,A19413,-0.0941,50736.4,49583.3,3.25E+00,5.10E-04
2026/8/25 04:46,MW2038B16911,A46,A22373,-0.06562,53691.7,50722.8,3.25E+00,6.00E-04
2026/8/25 04:46,MW2038B16983,A47,A19413,-0.0893,53010.6,54779.6,3.25E+00,5.00E-04
2026/8/25 04:45,MW2038B16909,A46,A22373,-0.0843,53741.8,49781.2,3.25E+00,6.10E-04
2026/8/25 04:45,MW2038B16982,A47,A19413,-0.03231,53621.6,50008.3,3.25E+00,4.80E-04
2026/8/25 04:45,MW2038B16665,A47,A22373,-0.04524,51540.5,54189.3,3.25E+00,6.10E-04
2026/8/25 04:45,MW2038B16765,A45,A00114,-0.05806,53627.1,50651.4,3.25E+00,5.10E-04
2026/8/25 04:45,MW2038B16664,A47,A22373,-0.0535,54935.1,50049.3,3.24E+00,6.10E-04
2026/8/25 04:44,MW2038B16766,A46,A00114,-0.08301,53342.4,53976.1,3.25E+00,5.10E-04
2026/8/25 04:44,MW2038B16891,A47,A22373,-0.09718,50443.4,51365.4,3.25E+00,6.10E-04
2026/8/25 04:44,MW2038B16767,A46,A00114,-0.05805,51992.8,54975.6,3.25E+00,5.10E-04
2026/8/25 04:44,MW2038B16769,A47,A22373,-0.08096,54623.9,50275.7,3.25E+00,6.10E-04
2026/8/25 04:44,MW2038B16768,A46,A00114,-0.0212,50585.8,50032.1,3.25E+00,5.10E-04
2026/8/25 04:43,MW2038B17001,B48,A22373,-0.05858,51410.7,53429.3,3.24E+00,6.10E-04
2026/8/25 04:43,MW2038B16628,A47,A00114,-0.05905,51588.9,50575.6,3.25E+00,5.20E-04
2026/8/25 04:43,MW2038B16958,B47,A22373,-0.02002,50734.8,53183.5,3.25E+00,6.20E-04
2026/8/25 04:43,MW2038B16629,A46,A00114,-0.03302,54237.8,52358.7,3.25E+00,5.30E-04
2026/8/25 04:43,MW2038B16959,B47,A22373,-0.0884,52989.1,54935.5,3.25E+00,6.10E-04
2026/8/25 04:42,MW2038B16648,A47,A00114,-0.01159,50336.7,53524.6,3.25E+00,5.20E-04
2026/8/25 04:42,MW2038B16960,B47,A22373,-0.04076,51648.4,51412.9,3.25E+00,6.20E-04
2026/8/25 04:42,MW2038B16688,A48,A25203,-0.05837,54659.3,51555.6,3.25E+00,6.10E-04
2026/8/25 04:42,MW2038B16649,A47,A00114,-0.02204,50388.8,52997.5,3.24E+00,5.30E-04
2026/8/25 04:41,MW2038B16689,A48,A25203,-0.0855,52318.7,54028.8,3.25E+00,6.10E-04
2026/8/25 04:41,MW2038B16632,B47,A00114,-0.07709,52950.8,52680.5,3.25E+00,5.20E-04
2026/8/25 04:41,MW2038B16690,A48,A25203,-0.01832,52729.7,50209.8,3.25E+00,6.20E-04
2026/8/25 04:41,MW2038B16633,B47,A00114,-0.0152,53267.9,53948.3,3.25E+00,5.40E-04
2026/8/25 04:40,MW2038B16697,C48,A25203,-0.0143,51306.6,53811.2,3.25E+00,6.10E-04
2026/8/25 04:40,MW2038B16634,A47,A00114,-0.03027,50458.6,50838.6,3.25E+00,5.40E-04
2026/8/25 04:40,MW2038B12811,C48,A25203,-0.03621,50723.6,49276.3,3.25E+00,5.70E-04
2026/8/25 04:40,MW2038B16635,A47,A00114,-0.09254,51939.7,50497.1,3.25E+00,5.20E-04
2026/8/25 04:40,MW2038B12810,A48,A25203,-0.05617,52868.9,49982.6,3.25E+00,5.80E-04
2026/8/25 04:39,MW2038B16482,B47,A22252,-0.04644,54340.2,51240.4,3.25E+00,5.30E-04
2026/8/25 04:39,MW2038B16965,A46,A25203,-0.0642,50594.9,51646.5,3.25E+00,6.00E-04
2026/8/25 04:39,MW2038B16453,B47,A22252,-0.04627,53447.9,54757.4,3.25E+00,5.10E-04
2026/8/25 04:39,MW2038B16964,A46,A25203,-0.03624,54015.4,52562.5,3.25E+00,6.00E-04
2026/8/25 04:38,MW2038B16451,KEF,A22252,-0.05495,52767.1,50731.3,3.25E+00,5.20E-04
2026/8/25 04:38,MW2038B01959,A46,A25203,-0.0396,51695.6,51706.3,3.25E+00,6.10E-04
2026/8/25 04:38,MW2038B16658,A46,A25203,-0.0843,54324.7,50953.3,3.25E+00,6.00E-04
2026/8/25 04:38,MW2038B16505,A47,A22252,-0.077,54907.5,49237.3,3.25E+00,5.20E-04
2026/8/25 04:38,MW2038B16517,KGH,A22252,-0.04702,53106.7,54184.7,3.25E+00,5.10E-04
2026/8/25 04:37,MW2038B16516,A48,A22252,-0.089,51937.4,49291.4,3.25E+00,5.10E-04
2026/8/25 04:37,MW2038B16515,B47,A22252,-0.02558,53950.6,50397.4,3.25E+00,5.10E-04
2026/8/25 04:36,MW2038B16636,A46,A25203,-0.09308,53573.1,51538.9,3.25E+00,6.20E-04
2026/8/25 04:36,MW2038B16514,B47,A22252,-0.09516,54585.3,51885.4,3.25E+00,5.10E-04
2026/8/25 04:36,MW2038B16510,B47,A20075,-0.02084,53750.8,54660.9,3.25E+00,6.10E-04
2026/8/25 04:36,MW2038B13729,B45,A22252,-0.08262,50625.1,49970.1,3.25E+00,5.30E-04
2026/8/25 04:35,MW2038B16511,B47,A20075,-0.06107,51933.9,53660.7,3.25E+00,6.10E-04
2026/8/25 04:35,MW2038B13728,B45,A22252,-0.0422,54798.9,50030.5,3.25E+00,5.20E-04
2026/8/25 04:35,MW2038B16512,A47,A20075,-0.09945,53214.8,52611.6,3.25E+00,6.10E-04
2026/8/25 04:35,MW2038B13727,D45,A22252,-0.09816,51970.7,53940.7,3.25E+00,5.40E-04
2026/8/25 04:35,MW2038B16513,A47,A20075,-0.07112,52393.2,53280.4,3.25E+00,6.10E-04
2026/8/25 04:33,MW2038B13726,B45,A22252,-0.0474,50475.6,49834.8,3.25E+00,5.20E-04
2026/8/25 04:32,MW2038B16631,A47,A20075,-0.09848,52990.1,54392.4,3.25E+00,6.30E-04
2026/8/25 04:32,MW2038B03463,A48,A00207,-0.09785,53749.9,53417.7,3.24E+00,5.40E-04
2026/8/25 04:32,MW2038B16630,B47,A20075,-0.03431,52626.7,51920.6,3.25E+00,6.30E-04
2026/8/25 04:32,MW2038B07535,A49,A00207,-0.0989,51016.2,50402.2,3.24E+00,5.30E-04
2026/8/25 04:32,MW2038B16491,A47,A20075,-0.08869,53295.8,53302.9,3.25E+00,6.10E-04
2026/8/25 04:31,MW2038B07115,A48,A00207,-0.0264,54821.4,53851.3,3.24E+00,5.10E-04
2026/8/25 04:31,MW2038B16493,A47,A20075,-0.03967,50332.9,52602.2,3.25E+00,6.00E-04
2026/8/25 04:31,MW2038B13722,B45,A20075,-0.08521,53354.3,54041.9,3.25E+00,6.30E-04
2026/8/25 04:30,MW2038B13723,D44,A20075,-0.02501,54172.2,53380.9,3.25E+00,6.20E-04
2026/8/25 04:30,MW2038B13724,B45,A20075,-0.0143,51632.9,54022.4,3.25E+00,6.20E-04
2026/8/25 04:30,MW2038B13725,B44,A20075,-0.03648,50877.3,50760.2,3.25E+00,6.10E-04
2026/8/25 04:29,MW2038B03469,A48,A16539,-0.03907,54496.5,53647.5,3.24E+00,6.20E-04
2026/8/25 04:29,MW2038B06982,A47,A00207,-0.02139,53031.3,53550.1,3.25E+00,5.30E-04
2026/8/25 04:29,MW2038B06870,A48,A16539,-0.08962,51755.1,54226.2,3.24E+00,6.20E-04
2026/8/25 04:29,MW2038B07113,A47,A00207,-0.04977,52475.7,54757.3,3.24E+00,5.30E-04
2026/8/25 04:28,MW2038B06869,A48,A16539,-0.02562,50426.1,50307.9,3.24E+00,5.90E-04
2026/8/25 04:28,MW2038B07114,A47,A00207,-0.0473,52551.6,49414.9,3.24E+00,5.10E-04
2026/8/25 04:28,MW2038B07135,A48,A16539,-0.04088,51796.1,49821.4,3.24E+00,6.10E-04
2026/8/25 04:28,MW2038B06983,A47,A00207,-0.01111,50567.6,53856.3,3.24E+00,5.20E-04
2026/8/25 04:28,MW2039B15340,B47,A16539,-0.06543,53468.8,53305.8,3.24E+00,6.10E-04
2026/8/25 04:27,MW2038B06984,B47,A00207,-0.07174,51485.2,51522.9,3.24E+00,5.20E-04
2026/8/25 04:27,MW2039B15344,B48,A16539,-0.05562,54123.9,53330.5,3.24E+00,6.00E-04
2026/8/25 04:27,MW2038B06977,B47,A00207,-0.08914,51745.3,49393.1,3.24E+00,5.10E-04
2026/8/25 04:27,MW2039B15343,D47,A16539,-0.02917,52051.6,50732.5,3.24E+00,6.10E-04
2026/8/25 04:26,MW2038B07111,A47,A00207,-0.08955,54690.5,54582.1,3.24E+00,5.30E-04
2026/8/25 04:26,MW2038B09796,A49,A16539,-0.06775,51856.6,51862.7,3.24E+00,5.90E-04
2026/8/25 04:26,MW2038B07110,A47,A00207,-0.06775,50681.5,53452.4,3.24E+00,5.30E-04
2026/8/25 04:26,MW2038B09795,A49,A16539,-0.03924,51494.3,50041.3,3.24E+00,5.90E-04
2026/8/25 04:25,MW2038B07105,A47,A00207,-0.05846,52131.4,50018.5,3.24E+00,5.10E-04
2026/8/25 04:25,MW2038B09805,A48,A16539,-0.04994,53676.4,53034.1,3.25E+00,5.90E-04
2026/8/25 04:25,MW2038B07724,A47,A19248,-0.06341,53869.6,54344.7,3.25E+00,5.50E-04
2026/8/25 04:25,MW2038B07132,A48,A16539,-0.09646,52917.5,52690.4,3.24E+00,6.10E-04
2026/8/25 04:25,MW2038B07728,A47,A19248,-0.02219,51256.1,49567.5,3.24E+00,5.40E-04
2026/8/25 04:25,MW2039B18204,A47,A16539,-0.01105,50411.7,51885.1,3.24E+00,6.00E-04
2026/8/25 04:24,MW2038B07729,A46,A19248,-0.07109,51335.7,54899.9,3.25E+00,5.30E-04
2026/8/25 04:24,MW2039B18320,A46,A13745,-0.09083,52499.7,51486.7,3.24E+00,6.00E-04
2026/8/25 04:24,MW2038B07572,A45,A13745,-0.0717,52658.9,49471.3,3.25E+00,6.30E-04
2026/8/25 04:24,MW2038B11686,A46,A19248,-0.07583,54681.6,52193.8,3.25E+00,4.80E-04
2026/8/25 04:23,MW2038B09876,C47,A13745,-0.01805,54223.8,50292.4,3.24E+00,6.20E-04
2026/8/25 04:23,MW2038B11690,A47,A19248,-0.03135,51869.4,54701.9,3.25E+00,5.00E-04
2026/8/25 04:23,MW2038B09877,C46,A13745,-0.06174,54489.5,52130.9,3.24E+00,6.30E-04
2026/8/25 04:23,MW2038B11689,A46,A19248,-0.05766,52554.1,50360.7,3.25E+00,4.90E-04
2026/8/25 04:23,MW2038B09878,C47,A13745,-0.031,53179.7,49437.5,3.24E+00,6.20E-04
2026/8/25 04:22,MW2038B11688,A46,A19248,-0.05334,52194.1,54690.2,3.25E+00,5.00E-04
2026/8/25 04:22,MW2038B09892,C47,A13745,-0.05317,52883.6,49814.5,3.25E+00,6.20E-04
2026/8/25 04:22,MW2038B11687,A46,A19248,-0.05296,53424.8,51256.6,3.24E+00,4.90E-04
2026/8/25 04:22,MW2038B09891,C47,A13745,-0.01785,51348.7,52366.1,3.24E+00,6.20E-04
2026/8/25 04:21,MW2038B11685,A46,A19248,-0.09442,53971.3,54179.1,3.25E+00,4.80E-04
2026/8/25 04:21,MW2038B09889,C47,A13745,-0.05658,51549.8,53882.1,3.24E+00,6.10E-04
2026/8/25 04:21,MW2038B03567,A48,A19248,-0.05986,51087.8,52293.3,3.25E+00,5.30E-04
2026/8/25 04:21,MW2038B09890,C47,A13745,-0.07291,52350.4,52708.3,3.24E+00,6.10E-04
2026/8/25 04:20,MW2038B05241,A47,A19248,-0.02606,51660.8,51660.6,3.25E+00,5.20E-04
2026/8/25 04:20,MW2038B11669,A47,A13745,-0.01549,52673.5,49752.8,3.24E+00,5.90E-04
2026/8/25 04:20,MW2038B11670,A47,A13745,-0.0825,53137.8,52402.7,3.24E+00,5.90E-04
2026/8/25 04:20,MW2039B15126,C47,A19248,-0.03127,52778.2,54466.2,3.25E+00,4.90E-04
2026/8/25 04:19,MW2039B18220,A47,A10642,-0.05222,50759.9,52587.2,3.24E+00,5.20E-04
2026/8/25 04:19,MW2039B18229,A48,A10642,-0.05159,54116.2,51089.7,3.25E+00,5.10E-04
2026/8/25 04:18,MW2038B11671,A47,A13745,-0.03797,52445.7,49628.1,3.24E+00,5.90E-04
2026/8/25 04:18,MW2039B18228,A48,A10642,-0.02667,51917.8,52165.1,3.24E+00,5.00E-04
2026/8/25 04:18,MW2038B07575,C46,A04485,-0.02987,54506.5,52525.6,3.24E+00,6.30E-04
2026/8/25 04:18,MW2038B11836,C47,A10642,-0.05011,50857.5,52590.4,3.25E+00,5.10E-04
2026/8/25 04:18,MW2038B07571,A46,A04485,-0.0716,50463.5,51204.2,3.24E+00,6.20E-04
2026/8/25 04:17,MW2038B11848,C47,A10642,-0.0254,54550.1,49809.7,3.25E+00,5.10E-04
2026/8/25 04:17,MW2038B11849,C47,A10642,-0.01703,54460.8,53604.9,3.25E+00,5.20E-04
2026/8/25 04:17,MW2038B07576,C46,A04485,-0.09799,50656.8,49785.1,3.24E+00,6.30E-04
2026/8/25 04:16,MW2038B11850,A47,A10642,-0.04014,54687.1,50320.8,3.25E+00,5.20E-04
2026/8/25 04:16,MW2038B00265,C46,A04485,-0.04187,53339.2,54617.1,3.24E+00,6.40E-04
2026/8/25 04:16,MW2038B11851,A47,A10642,-0.09122,52534.7,53292.3,3.25E+00,5.10E-04
2026/8/25 04:16,MW2038B00161,A46,A04485,-0.07154,52258.6,50559.2,3.25E+00,6.40E-04
2026/8/25 04:16,MW2038B11852,C47,A10642,-0.0852,53563.5,51041.1,3.25E+00,5.20E-04
2026/8/25 04:16,MW2038B00162,A45,A04485,-0.05622,52632.1,54764.9,3.25E+00,8.00E-04
2026/8/25 04:15,MW2038B11853,C47,A10642,-0.07162,50393.4,51440.5,3.25E+00,5.30E-04
2026/8/25 04:15,MW2038B00163,A46,A04485,-0.06074,52933.3,52450.8,3.24E+00,6.00E-04
2026/8/25 04:15,MW2038B00167,A46,A04485,-0.08056,53327.9,53127.7,3.25E+00,7.70E-04
2026/8/25 04:15,MW2038B11856,C47,A10642,-0.06445,53009.3,51414.2,3.25E+00,5.30E-04
2026/8/25 04:14,MW2038B00166,A47,A04485,-0.09559,51159.8,53224.5,3.25E+00,6.50E-04
2026/8/25 04:14,MW2038B11672,C47,A10642,-0.03849,52736.9,52525.5,3.24E+00,4.90E-04
2026/8/25 04:14,MW2038B09862,A47,A04485,-0.05578,53855.8,52501.9,3.25E+00,6.10E-04
2026/8/25 04:14,MW2038B06867,A47,A07782,-0.03107,52927.3,52909.4,3.24E+00,5.10E-04
2026/8/25 04:14,MW2038B09861,A47,A04485,-0.08282,51724.1,52290.8,3.24E+00,5.90E-04
2026/8/25 04:13,MW2038B03490,A48,A07782,-0.09832,52852.9,53739.5,3.24E+00,5.30E-04
2026/8/25 04:13,MW2038B03485,A48,A07782,-0.06327,51298.8,53487.7,3.24E+00,5.00E-04
2026/8/25 04:12,MW2038B07137,A47,A07782,-0.09781,54950.6,52108.6,3.25E+00,5.30E-04
2026/8/25 04:12,MW2038B11386,A48,A25064,-0.0811,53313.5,49928.5,3.24E+00,6.00E-04
2026/8/25 04:12,MW2038B06884,A47,A07782,-0.05149,50565.5,52125.6,3.24E+00,5.30E-04
2026/8/25 04:12,MW2038B09746,A49,A25064,-0.03988,50911.8,49271.8,3.24E+00,6.00E-04
2026/8/25 04:12,MW2038B06904,A48,A07782,-0.09152,50467.9,54672.4,3.24E+00,5.30E-04
2026/8/25 04:11,MW2038B09764,A49,A25064,-0.02797,52295.7,53093.4,3.24E+00,5.70E-04
2026/8/25 04:11,MW2038B06889,A47,A07782,-0.06677,52766.1,54404.4,3.24E+00,5.50E-04
2026/8/25 04:11,MW2038B09812,A48,A25064,-0.05028,53013.7,51978.9,3.24E+00,6.10E-04
2026/8/25 04:11,MW2038B07009,A48,A07782,-0.09784,51764.1,50654.1,3.25E+00,5.40E-04
2026/8/25 04:10,MW2038B09811,A49,A25064,-0.05075,52389.5,50962.9,3.24E+00,6.20E-04
2026/8/25 04:10,MW2038B06858,A47,A07782,-0.04235,54822.4,51890.6,3.25E+00,5.30E-04
2026/8/25 04:10,MW2038B09759,A48,A25064,-0.04707,53723.3,50422.8,3.24E+00,5.80E-04
2026/8/25 04:10,MW2038B06857,A47,A07782,-0.04486,50339.6,49294.4,3.25E+00,5.20E-04
2026/8/25 04:10,MW2039B18257,A48,A25064,-0.03617,50817.7,53651.5,3.24E+00,6.00E-04
2026/8/25 04:09,MW2038B06856,B47,A07782,-0.09482,50548.8,54917.8,3.25E+00,5.10E-04
2026/8/25 04:09,MW2039B18186,A48,A25064,-0.08178,51390.4,53895.5,3.24E+00,6.30E-04
2026/8/25 04:09,MW2038B06855,A47,A07782,-0.0741,53353.9,51637.7,3.25E+00,5.30E-04
2026/8/25 04:09,MW2039B18185,A48,A25064,-0.03149,54651.7,50767.9,3.24E+00,6.00E-04
2026/8/25 04:08,MW2038B11837,A46,A25064,-0.05559,54686.3,49633.4,3.25E+00,6.10E-04
2026/8/25 04:08,MW2038B03504,C47,A19729,-0.04055,50599.3,49812.2,3.24E+00,5.00E-04
2026/8/25 04:08,MW2038B11839,A47,A25064,-0.09518,54792.9,50594.4,3.25E+00,6.00E-04
2026/8/25 04:08,MW2038B03505,C47,A19729,-0.09251,52306.5,53479.6,3.24E+00,5.50E-04
2026/8/25 04:08,MW2038B11838,A47,A25064,-0.07489,50923.3,51975.5,3.25E+00,6.20E-04
2026/8/25 04:07,MW2038B03506,A47,A19729,-0.0419,54789.5,54799.4,3.24E+00,4.90E-04
2026/8/25 04:07,MW2038B00185,A47,A12855,-0.01826,53252.5,51966.8,3.24E+00,5.90E-04
2026/8/25 04:07,MW2038B07684,A47,A19729,-0.0994,53581.2,54946.1,3.24E+00,5.30E-04
2026/8/25 04:07,MW2038B00189,A47,A12855,-0.07127,51602.8,50965.2,3.24E+00,5.70E-04
2026/8/25 04:07,MW2038B07685,A47,A19729,-0.03796,54734.2,49764.1,3.25E+00,5.40E-04
2026/8/25 04:06,MW2038B00190,A47,A12855,-0.0546,54582.6,50206.3,3.24E+00,5.90E-04
2026/8/25 04:06,MW2038B07688,A47,A19729,-0.02183,53110.4,54982.7,3.25E+00,5.40E-04
2026/8/25 04:06,MW2038B07687,C47,A19729,-0.03727,53730.4,50820.9,3.25E+00,5.30E-04
2026/8/25 04:05,MW2038B07686,C47,A19729,-0.04816,50576.4,52345.6,3.24E+00,5.40E-04
2026/8/25 04:05,MW2038B07566,A47,A19729,-0.09669,54073.3,53099.5,3.24E+00,5.20E-04
2026/8/25 04:04,MW2038B07734,A46,A12855,-0.05168,50405.8,50554.9,3.24E+00,6.00E-04
2026/8/25 04:04,MW2038B09857,A47,A19729,-0.07881,53878.4,51597.2,3.25E+00,4.70E-04
2026/8/25 04:04,MW2038B07732,A47,A12855,-0.0687,52418.2,53513.3,3.25E+00,6.40E-04
2026/8/25 04:04,MW2038B09858,A47,A19729,-0.07716,54467.3,51106.4,3.24E+00,4.80E-04
2026/8/25 04:04,MW2038B07731,A47,A12855,-0.04084,53268.3,49993.5,3.25E+00,6.30E-04
2026/8/25 04:03,MW2038B09859,C47,A19729,-0.04194,54097.4,51485.1,3.24E+00,5.20E-04
2026/8/25 04:03,MW2038B07730,C47,A12855,-0.084,52394.9,54929.3,3.24E+00,6.30E-04
2026/8/25 04:03,MW2038B00186,A47,A20892,-0.0219,52167.5,52195.9,3.24E+00,4.90E-04
2026/8/25 04:03,MW2038B07726,A48,A12855,-0.04199,53065.6,52247.2,3.24E+00,6.30E-04
2026/8/25 04:02,MW2038B00188,A47,A20892,-0.06938,52487.2,53748.6,3.24E+00,4.70E-04
2026/8/25 04:02,MW2038B00146,A47,A12855,-0.041,52140.9,52706.5,3.24E+00,6.30E-04
2026/8/25 04:02,MW2038B00187,A47,A20892,-0.06766,53653.4,53548.1,3.24E+00,4.90E-04
2026/8/25 04:02,MW2038B00148,A46,A12855,-0.01045,54888.6,53825.7,3.24E+00,6.10E-04
2026/8/25 04:02,MW2038B00392,AC20,A20892,-0.04431,52733.4,53525.4,3.24E+00,8.40E-04
2026/8/25 04:02,MW2038B00150,A47,A12855,-0.02802,52852.2,52539.3,3.24E+00,6.60E-04
2026/8/25 04:01,MW2038B00393,A48,A20892,-0.01655,54030.9,53009.3,3.24E+00,5.60E-04
2026/8/25 04:01,MW2038B07714,A48,A12197,-0.05769,51344.7,52080.4,3.24E+00,6.00E-04
2026/8/25 04:01,MW2038B00394,A48,A20892,-0.02217,53946.6,51825.9,3.24E+00,5.40E-04
2026/8/25 04:00,MW2038B00395,A48,A20892,-0.0622,52185.1,49261.8,3.24E+00,5.20E-04
2026/8/25 04:00,MW2038B00396,A48,A20892,-0.05296,54590.9,50980.3,3.24E+00,5.30E-04
2026/8/25 04:00,MW2038B07713,A48,A12197,-0.03443,50326.1,54246.5,3.24E+00,6.40E-04
2026/8/25 04:00,MW2038B00398,A48,A20892,-0.0963,51437.7,52713.2,3.24E+00,5.30E-04
2026/8/25 03:59,MW2038B07712,C48,A12197,-0.05429,52322.8,54519.7,3.24E+00,6.20E-04
2026/8/25 03:59,MW2038B00397,A48,A20892,-0.0393,50743.2,53878.7,3.24E+00,5.20E-04
2026/8/25 03:59,MW2038B11484,A47,A12197,-0.0641,53291.1,54289.8,3.25E+00,6.30E-04
2026/8/25 03:59,MW2038B00155,A47,A20892,-0.03195,53586.4,51808.6,3.24E+00,5.10E-04
2026/8/25 03:58,MW2038B03502,A47,A12197,-0.01551,51057.6,49517.7,3.24E+00,6.20E-04
2026/8/25 03:58,MW2038B07720,A47,A20892,-0.05628,52178.2,49615.5,3.24E+00,5.30E-04
2026/8/25 03:58,MW2038B03501,A47,A12197,-0.0801,50413.2,51705.3,3.24E+00,6.10E-04
2026/8/25 03:58,MW2038B07681,A46,A17183,-0.04863,53222.5,53773.7,3.24E+00,5.20E-04
2026/8/25 03:58,MW2038B03500,A47,A12197,-0.08797,51888.2,51504.4,3.24E+00,6.00E-04
2026/8/25 03:57,MW2038B07683,A46,A17183,-0.08198,50990.4,54104.4,3.25E+00,5.30E-04
2026/8/25 03:57,MW2038B03503,O,A12197,-0.07438,53076.5,50115.5,0.00E+00,0.00E+00
2026/8/25 03:57,MW2038B07683,A46,A17183,-0.08293,52287.6,50739.9,3.25E+00,5.30E-04
2026/8/25 03:57,MW2038B07682,A46,A17183,-0.07162,53861.9,54674.8,3.25E+00,5.20E-04
2026/8/25 03:56,MW2038B00203,CLL,A17183,-0.06375,54611.8,54899.8,3.25E+00,9.30E-04
2026/8/25 03:56,MW2038B00202,A47,A17183,-0.08208,54385.8,53029.6,3.24E+00,6.60E-04
2026/8/25 03:55,MW2038B00200,A47,A17183,-0.09766,53400.5,53490.4,3.24E+00,5.60E-04
2026/8/25 03:55,MW2038B00196,KGH,A17183,-0.0247,50748.7,50441.5,3.24E+00,4.70E-04
2026/8/25 03:54,MW2038B00197,A47,A17183,-0.05348,54299.7,54466.9,3.24E+00,4.80E-04
2026/8/25 03:54,MW2038B07725,A47,A17183,-0.08472,51341.5,49897.8,3.25E+00,5.20E-04
2026/8/25 03:53,MW2038B00151,C46,A17183,-0.0564,51094.9,50692.9,3.24E+00,5.10E-04
2026/8/25 03:53,MW2038B00152,A47,A17183,-0.0789,54043.5,51567.4,3.24E+00,5.30E-04
2026/8/25 03:52,MW2038B00149,A46,A17183,-0.01037,53652.7,50939.4,3.24E+00,6.10E-04
2026/8/25 03:52,MW2038B07715,A48,A13621,-0.08047,53497.6,51189.4,3.24E+00,5.30E-04
2026/8/25 03:52,MW2038B07716,A47,A13621,-0.06872,53193.9,52797.9,3.24E+00,5.50E-04
2026/8/25 03:51,MW2038B07718,A47,A13621,-0.09561,54972.8,51793.9,3.25E+00,5.40E-04
2026/8/25 03:51,MW2038B09863,A47,A13621,-0.06924,52690.6,54313.5,3.25E+00,5.10E-04
2026/8/25 03:50,MW2038B09864,A47,A13621,-0.05202,52341.3,49452.8,3.25E+00,5.30E-04
2026/8/25 03:50,MW2038B09802,A47,A13621,-0.0562,53357.6,53405.9,3.25E+00,4.90E-04
2026/8/25 03:49,MW2038B09801,A47,A13621,-0.0153,51303.6,53206.7,3.25E+00,5.20E-04
2026/8/25 03:49,MW2038B09800,A47,A13621,-0.0833,50697.4,51460.4,3.25E+00,5.00E-04
2026/8/25 03:48,MW2038B07691,C47,A13621,-0.05678,54405.7,52056.1,3.25E+00,5.30E-04
2026/8/25 03:48,MW2038B03467,A47,A13621,-0.02773,52522.9,53585.3,3.24E+00,5.40E-04
2026/8/25 03:47,MW2038B03456,O,A13621,-0.08945,52908.8,53586.6,0.00E+00,0.00E+00
2026/8/25 03:47,MW2038B03499,O,A12197,-0.03338,51053.3,54707.2,0.00E+00,0.00E+00
2026/8/25 03:47,MW2038B03507,C47,A13621,-0.01326,54340.2,50141.4,3.24E+00,5.10E-04
2026/8/25 03:47,MW2038B05082,A47,A12197,-0.03867,52698.5,51356.7,3.24E+00,6.30E-04
2026/8/25 03:46,MW2038B11426,A48,A15748,-0.0333,54344.8,52217.6,3.24E+00,5.10E-04
2026/8/25 03:46,MW2038B11429,A49,A15748,-0.03719,51572.2,53410.2,3.24E+00,5.20E-04
2026/8/25 03:41,MW2038B11353,B47,A17777,-0.0918,52588.1,52829.8,3.25E+00,6.20E-04
2026/8/25 03:41,MW2038B11430,A48,A15748,-0.06383,54847.1,50235.6,3.24E+00,5.00E-04
2026/8/25 03:39,MW2038B05186,B45,A17777,-0.001,51027.2,52024.9,3.25E+00,6.20E-04
2026/8/25 03:39,MW2038B07719,A48,A15748,-0.02669,53363.5,54741.7,3.25E+00,5.30E-04
2026/8/25 03:38,MW2038B11472,CLL,A17777,-0.02469,52325.5,51691.5,3.27E+00,1.16E-03
2026/8/25 03:38,MW2038B07558,A47,A15748,-0.05529,54081.5,52472.6,3.25E+00,5.60E-04
2026/8/25 03:38,MW2038B07573,A47,A15748,-0.09439,50975.8,50735.1,3.25E+00,5.50E-04
2026/8/25 03:37,MW2038B11473,A44,A17777,-0.08327,52418.3,52175.8,3.25E+00,6.70E-04
2026/8/25 03:37,MW2038B07574,A47,A15748,-0.0589,53846.9,53370.6,3.24E+00,5.40E-04
2026/8/25 03:36,MW2038B07574,A47,A15748,-0.03177,51464.4,51687.8,3.24E+00,5.40E-04
2026/8/25 03:36,MW2038B11412,O,A17777,-0.0964,52361.5,52006.2,0.00E+00,0.00E+00
2026/8/25 03:34,MW2038B07574,A47,A15748,-0.09856,50409.2,51525.9,3.24E+00,5.40E-04
2026/8/25 03:34,MW2038B11412,O,A17777,-0.03415,52956.5,50385.1,0.00E+00,0.00E+00
2026/8/25 03:33,MW2038B00191,A47,A15748,-0.0971,52270.3,53571.3,3.24E+00,4.70E-04
2026/8/25 03:33,MW2038B00083,A47,A15748,-0.01444,53628.8,54791.2,3.24E+00,5.70E-04
2026/8/25 03:32,MW2038B09913,A47,A17777,-0.05283,52998.6,49819.5,3.25E+00,6.10E-04
2026/8/25 03:32,MW2038B11570,C48,A15748,-0.07246,52083.9,49704.8,3.24E+00,5.20E-04
2026/8/25 03:32,MW2039B18390,A47,A17777,-0.08044,50672.2,53190.1,3.24E+00,6.00E-04
2026/8/25 03:32,MW2038B05080,A47,A15748,-0.06461,53721.1,54475.7,3.24E+00,5.10E-04
2026/8/25 03:32,MW2038B09928,A47,A17777,-0.01433,53142.7,49411.1,3.25E+00,6.30E-04
2026/8/25 03:31,MW2038B09943,A47,A17777,-0.0547,52825.9,50759.9,3.25E+00,6.40E-04
2026/8/25 03:31,MW2038B07839,A47,A17777,-0.07111,53784.7,54723.9,3.25E+00,6.00E-04
2026/8/25 03:31,MW2038B09940,A47,A07469,-0.09896,50850.8,50833.2,3.25E+00,5.40E-04
2026/8/25 03:30,MW2038B07840,A48,A17777,-0.04081,52346.3,54490.6,3.24E+00,6.00E-04
2026/8/25 03:30,MW2038B09941,A47,A07469,-0.03624,54442.1,52976.5,3.25E+00,5.50E-04
2026/8/25 03:30,MW2038B07841,C48,A17777,-0.06194,51275.5,50519.6,3.24E+00,6.00E-04
2026/8/25 03:30,MW2038B09942,A47,A07469,-0.0681,54290.5,49898.1,3.25E+00,5.40E-04
2026/8/25 03:30,MW2038B09939,A47,A21581,-0.02633,53577.4,51375.8,3.25E+00,6.20E-04
2026/8/25 03:29,MW2038B11438,A48,A07469,-0.04784,51534.9,51646.1,3.25E+00,5.30E-04
2026/8/25 03:29,MW2038B09938,A47,A21581,-0.0993,52960.7,53140.4,3.25E+00,6.20E-04
2026/8/25 03:29,MW2038B11437,A48,A07469,-0.03003,54293.8,51113.7,3.25E+00,5.40E-04
2026/8/25 03:29,MW2038B09937,A47,A21581,-0.03321,52534.4,54298.3,3.25E+00,6.20E-04
2026/8/25 03:28,MW2038B11436,A48,A07469,-0.05138,52484.4,50958.6,3.25E+00,5.40E-04
2026/8/25 03:28,MW2038B09893,A47,A21581,-0.08567,51359.4,51847.3,3.25E+00,6.10E-04
2026/8/25 03:28,MW2038B00082,A47,A07469,-0.05023,53857.8,50341.9,3.24E+00,5.70E-04
2026/8/25 03:28,MW2038B09895,A47,A21581,-0.04058,51718.2,52656.8,3.25E+00,6.20E-04
2026/8/25 03:28,MW2038B11957,A46,A07469,-0.09723,52760.6,51756.9,3.25E+00,4.90E-04
2026/8/25 03:27,MW2038B09894,A46,A21581,-0.03818,53775.3,53214.3,3.25E+00,6.20E-04
2026/8/25 03:27,MW2038B11959,A46,A07469,-0.07773,54192.4,53460.1,3.25E+00,4.90E-04
2026/8/25 03:27,MW2038B07843,C47,A21581,-0.07126,53463.9,54662.5,3.24E+00,5.90E-04
2026/8/25 03:27,MW2038B11958,A46,A07469,-0.06664,50599.8,50743.5,3.25E+00,5.00E-04
2026/8/25 03:27,MW2038B11811,C47,A21581,-0.04864,53359.5,50739.8,3.25E+00,6.00E-04
2026/8/25 03:26,MW2038B11963,C47,A21581,-0.08581,51923.3,53820.7,3.25E+00,5.90E-04
2026/8/25 03:26,MW2038B11960,C47,A07469,-0.06955,51153.8,51071.8,3.24E+00,5.00E-04
2026/8/25 03:26,MW2038B11468,CLL,A21581,-0.01587,51119.2,52733.4,3.26E+00,1.57E-03
2026/8/25 03:26,MW2038B11961,C47,A07469,-0.0566,50915.9,53942.7,3.24E+00,5.10E-04
2026/8/25 03:25,MW2038B00420,B47,A05331,-0.01243,50546.4,54851.8,3.24E+00,5.40E-04
2026/8/25 03:25,MW2038B11824,A47,A05331,-0.04982,50861.5,50627.6,3.25E+00,5.10E-04
2026/8/25 03:24,MW2038B11825,A47,A05331,-0.09715,50546.6,52203.5,3.25E+00,5.20E-04
2026/8/25 03:24,MW2038B11821,A47,A05331,-0.01335,54149.7,54940.4,3.25E+00,5.30E-04
2026/8/25 03:23,MW2038B11820,A47,A05331,-0.0171,52819.4,52389.4,3.25E+00,5.30E-04
2026/8/25 03:23,MW2038B11818,A47,A05331,-0.05009,52070.5,51016.9,3.25E+00,5.30E-04
2026/8/25 03:22,MW2038B11945,A47,A05331,-0.03464,51596.6,50091.2,3.24E+00,5.10E-04
2026/8/25 03:22,MW2038B11819,A47,A05331,-0.01888,52067.3,52244.1,3.25E+00,5.20E-04
2026/8/25 03:22,MW2038B11817,A47,A05331,-0.04625,53278.8,51248.8,3.25E+00,5.10E-04
2026/8/25 03:21,MW2038B11928,A47,A05331,-0.09291,50951.5,53622.6,3.24E+00,5.10E-04
2026/8/25 03:21,MW2038B11469,CLL,A21581,-0.06323,52096.5,50887.9,3.22E+00,2.13E-03
2026/8/25 03:21,MW2038B11956,A47,A05331,-0.083,52894.1,51435.1,3.25E+00,5.20E-04
2026/8/25 03:21,MW2038B03435,A48,A22097,-0.04706,54971.1,50515.7,3.24E+00,5.90E-04
2026/8/25 03:20,MW2039B18389,A47,A05331,-0.09123,53440.9,51956.4,3.25E+00,4.90E-04
2026/8/25 03:20,MW2038B03442,A48,A22097,-0.02857,53271.2,51681.1,3.24E+00,5.60E-04
2026/8/25 03:20,MW2038B09909,C48,A23258,-0.0929,51355.6,49538.7,3.24E+00,5.20E-04
2026/8/25 03:19,MW2038B09910,C48,A23258,-0.05347,51996.8,52836.3,3.24E+00,5.40E-04
2026/8/25 03:19,MW2038B09911,A48,A23258,-0.08343,51477.7,54569.3,3.24E+00,5.20E-04
2026/8/25 03:18,MW2038B11466,AC20,A23258,-0.0662,54710.3,54640.5,3.25E+00,8.70E-04
2026/8/25 03:18,MW2038B07922,A47,A22097,-0.05902,51764.8,51516.5,3.24E+00,5.90E-04
2026/8/25 03:18,MW2038B11485,A48,A23258,-0.02351,50611.2,53776.8,3.24E+00,6.40E-04
2026/8/25 03:18,MW2038B11673,A47,A22097,-0.05777,52537.7,50071.2,3.24E+00,5.80E-04
2026/8/25 03:18,MW2038B11813,C47,A23258,-0.04228,51340.9,53867.8,3.24E+00,5.10E-04
2026/8/25 03:18,MW2039B15202,A47,A22097,-0.08595,53932.5,49656.7,3.24E+00,6.10E-04
2026/8/25 03:17,MW2038B05162,O,A22097,-0.0953,53345.2,52451.1,0.00E+00,0.00E+00
2026/8/25 03:17,MW2038B11827,C47,A23258,-0.01227,53156.6,54674.2,3.24E+00,5.20E-04
2026/8/25 03:17,MW2038B11827,C47,A23258,-0.06068,52080.8,53584.1,3.24E+00,5.20E-04
2026/8/25 03:17,MW2038B11828,C47,A23258,-0.04994,50949.3,53407.4,3.24E+00,5.10E-04
2026/8/25 03:16,MW2038B07695,C47,A23258,-0.01934,54732.1,49267.9,3.24E+00,5.30E-04
2026/8/25 03:16,MW2038B07696,C48,A23258,-0.07137,50978.2,51964.7,3.24E+00,5.40E-04
2026/8/25 03:15,MW2038B07690,A48,A23258,-0.01994,53643.7,52251.5,3.24E+00,5.40E-04
2026/8/25 03:15,MW2038B07842,C48,A23258,-0.09626,50540.3,51655.6,3.24E+00,5.10E-04
2026/8/25 03:15,MW2044B29121,B46,A22097,-0.07249,53097.1,52997.2,3.24E+00,6.50E-04
2026/8/25 03:14,MW2038B07578,A47,A06585,-0.0242,54748.3,49613.3,3.24E+00,5.40E-04
2026/8/25 03:14,MW2038B11442,A48,A22097,-0.08862,54530.7,52310.7,3.24E+00,6.10E-04
2026/8/25 03:14,MW2038B07826,A47,A06585,-0.01414,53271.8,53732.9,3.24E+00,5.20E-04
2026/8/25 03:14,MW2038B11366,A47,A22097,-0.08794,51170.4,51698.9,3.25E+00,5.50E-04
2026/8/25 03:14,MW2038B11964,C46,A22097,-0.05939,54371.8,53553.7,3.25E+00,6.00E-04
2026/8/25 03:13,MW2038B07823,A47,A06585,-0.03997,53151.4,49383.4,3.25E+00,5.20E-04
2026/8/25 03:13,MW2038B11965,C46,A22097,-0.06232,52632.1,52260.9,3.25E+00,5.90E-04
2026/8/25 03:13,MW2038B09833,A47,A06585,-0.08213,54734.5,52270.5,3.25E+00,4.70E-04
2026/8/25 03:13,MW2038B11962,C47,A22097,-0.05961,54348.9,53100.1,3.24E+00,6.00E-04
2026/8/25 03:13,MW2038B09832,A47,A06585,-0.0689,50642.2,53803.1,3.25E+00,4.80E-04
2026/8/25 03:12,MW2038B07577,A47,A07010,-0.01384,50425.6,51978.3,3.24E+00,6.30E-04
2026/8/25 03:12,MW2038B07813,O,A06585,-0.05059,51708.6,53780.8,0.00E+00,0.00E+00
2026/8/25 03:12,MW2038B07580,A47,A07010,-0.04327,53526.8,53304.7,3.25E+00,6.40E-04
2026/8/25 03:11,MW2038B07581,A47,A07010,-0.06425,54217.5,50058.9,3.25E+00,6.30E-04
2026/8/25 03:07,MW2038B07587,A46,A07010,-0.0979,51801.8,53097.8,3.25E+00,6.30E-04
2026/8/25 03:07,MW2038B07711,A48,A06585,-0.06383,51177.5,49486.1,3.25E+00,5.30E-04
2026/8/25 03:07,MW2038B07586,A46,A07010,-0.09835,51107.6,51510.3,3.25E+00,6.30E-04
2026/8/25 03:06,MW2038B07743,A47,A06585,-0.0737,51522.5,54490.9,3.24E+00,5.20E-04
2026/8/25 03:06,MW2038B07585,A46,A07010,-0.0168,50664.3,49895.2,3.25E+00,6.30E-04
2026/8/25 03:03,MW2038B07743,A47,A06585,-0.03908,51497.1,51322.1,3.24E+00,5.20E-04
2026/8/25 03:03,MW2038B07585,A46,A07010,-0.04257,54098.9,54825.3,3.25E+00,6.30E-04
2026/8/25 03:00,MW2038B07742,A47,A06585,-0.02747,54634.2,51219.2,3.25E+00,5.30E-04
2026/8/25 03:00,MW2038B07584,A46,A07010,-0.0172,54928.1,52835.4,3.25E+00,6.20E-04
2026/8/25 02:59,MW2038B07741,A47,A06585,-0.01384,53915.7,49786.1,3.24E+00,5.30E-04
2026/8/25 02:59,MW2038B11684,A47,A07010,-0.07415,52859.6,54975.5,3.24E+00,5.90E-04
2026/8/25 02:59,MW2038B07740,A47,A06585,-0.0138,54831.7,49586.4,3.25E+00,5.20E-04
2026/8/25 02:59,MW2038B07921,C46,A07010,-0.04558,53146.3,53989.6,3.24E+00,6.20E-04
2026/8/25 02:58,MW2038B07740,A47,A06585,-0.01259,52248.1,50247.1,3.25E+00,5.20E-04
2026/8/25 02:58,MW2038B07921,C46,A07010,-0.09973,53591.9,51833.1,3.24E+00,6.20E-04
2026/8/25 02:57,MW2038B07921,C46,A07010,-0.08354,51425.5,53658.2,3.24E+00,6.20E-04
2026/8/25 02:57,MW2038B07739,A47,A06585,-0.05049,50318.6,51568.8,3.25E+00,5.20E-04
2026/8/25 02:57,MW2038B11941,C47,A07010,-0.09254,53590.9,51020.1,3.24E+00,6.10E-04
2026/8/25 02:56,MW2038B09791,A48,A15657,-0.06382,51165.3,50322.4,3.24E+00,5.10E-04
2026/8/25 02:56,MW2039B18401,A46,A07010,-0.02121,53451.3,53978.7,3.24E+00,5.90E-04
2026/8/25 02:56,MW2038B09834,A48,A15657,-0.0769,54467.3,51454.8,3.24E+00,4.80E-04
2026/8/25 02:56,MW2038B11425,A48,A07010,-0.01526,52800.3,52841.6,3.24E+00,6.00E-04
2026/8/25 02:56,MW2038B09794,A48,A06645,-0.05871,52216.7,49591.2,3.24E+00,5.90E-04
2026/8/25 02:56,MW2038B09835,A48,A15657,-0.05156,50617.3,54371.4,3.24E+00,4.80E-04
2026/8/25 02:55,MW2038B09793,A47,A06645,-0.065,53085.1,52195.2,3.24E+00,6.00E-04
2026/8/25 02:55,MW2038B07848,A48,A15657,-0.03552,52466.1,50086.9,3.24E+00,5.10E-04
2026/8/25 02:55,MW2038B09792,A47,A06645,-0.0356,52209.4,49369.6,3.24E+00,6.00E-04
2026/8/25 02:54,MW2038B11822,C47,A15657,-0.07316,51790.9,51697.2,3.24E+00,5.20E-04
2026/8/25 02:54,MW2038B07779,A47,A06645,-0.09368,51705.7,53499.3,3.24E+00,6.40E-04
2026/8/25 02:54,MW2038B09930,A48,A15657,-0.04992,53029.7,53263.9,3.24E+00,5.20E-04
2026/8/25 02:54,MW2038B07564,A47,A06645,-0.03895,52844.6,49780.2,3.25E+00,6.40E-04
2026/8/25 02:53,MW2038B09922,O,A15657,-0.05605,53758.8,52707.1,0.00E+00,0.00E+00
2026/8/25 02:53,MW2038B07565,A47,A06645,-0.07057,51836.3,50203.3,3.25E+00,6.40E-04
2026/8/25 02:53,MW2038B07837,A48,A06645,-0.01963,54112.9,51788.7,3.25E+00,6.10E-04
2026/8/25 02:52,MW2038B09923,O,A15657,-0.08758,51185.8,51947.5,0.00E+00,0.00E+00
2026/8/25 02:52,MW2038B03457,A47,A06645,-0.0462,52119.2,53815.9,3.24E+00,6.20E-04
2026/8/25 02:52,MW2038B09912,A47,A06645,-0.01706,52778.1,53264.7,3.24E+00,6.20E-04
2026/8/25 02:51,MW2038B07735,A46,A06645,-0.08261,54028.1,51978.8,3.25E+00,6.30E-04
2026/8/25 02:51,MW2038B09927,O,A15657,-0.0102,54974.9,51832.4,0.00E+00,0.00E+00
2026/8/25 02:51,MW2038B07738,A47,A06645,-0.0551,53104.8,53990.7,3.25E+00,6.20E-04
2026/8/25 02:49,MW2038B07738,A47,A06645,-0.04381,54433.3,50176.5,3.25E+00,6.20E-04
2026/8/25 02:48,MW2038B07737,C47,A06645,-0.0342,53207.8,51228.8,3.25E+00,6.00E-04
2026/8/25 02:47,MW2038B09916,O,A15657,-0.09678,52826.3,50225.6,0.00E+00,0.00E+00
2026/8/25 02:47,MW2039B18405,A46,A18728,-0.08939,52355.5,50705.3,3.24E+00,5.90E-04
2026/8/25 02:46,MW2039B18406,A47,A18728,-0.09995,54251.6,51051.3,3.25E+00,5.90E-04
2026/8/25 02:46,MW2039B18407,A47,A18728,-0.02224,54176.5,53420.3,3.25E+00,5.70E-04
2026/8/25 02:44,MW2039B18396,A47,A18728,-0.01564,53405.8,50124.4,3.25E+00,5.80E-04
2026/8/25 02:44,MW2039B18397,A47,A18728,-0.09286,53978.5,54529.4,3.25E+00,5.80E-04
2026/8/25 02:43,MW2039B18398,A48,A18728,-0.0763,51129.3,50700.7,3.24E+00,5.90E-04
2026/8/25 02:43,MW2038B09917,O,A15657,-0.07847,51735.3,54241.7,0.00E+00,0.00E+00
2026/8/25 02:43,MW2039B18399,A47,A18728,-0.01223,52121.4,53153.7,3.24E+00,5.80E-04
2026/8/25 02:42,MW2039B18387,A47,A18728,-0.02158,52415.8,50104.8,3.24E+00,6.10E-04
2026/8/25 02:42,MW2039B18388,A47,A18728,-0.0187,53103.5,51619.4,3.25E+00,6.00E-04
2026/8/25 02:42,MW2038B09918,O,A15657,-0.0961,52042.9,49495.4,0.00E+00,0.00E+00
2026/8/25 02:42,MW2038B11926,C47,A18728,-0.05115,51348.6,51355.9,3.24E+00,6.10E-04
2026/8/25 02:41,MW2038B11915,C47,A18728,-0.08785,52686.4,52135.8,3.24E+00,6.10E-04
2026/8/25 02:41,MW2038B11814,A47,A18728,-0.01349,53020.4,51890.3,3.25E+00,6.20E-04
2026/8/25 02:40,MW2039B18404,O,A10168,-0.07777,53073.5,53771.6,0.00E+00,0.00E+00
2026/8/25 02:40,MW2038B03444,A47,A20265,-0.0887,52897.1,53532.9,3.25E+00,6.00E-04
2026/8/25 02:39,MW2038B11925,A47,A10168,-0.07057,50961.7,50603.9,3.24E+00,5.20E-04
2026/8/25 02:39,MW2038B11823,A47,A10168,-0.04628,54259.2,49366.2,3.25E+00,4.90E-04
2026/8/25 02:39,MW2038B07727,A47,A20265,-0.0171,54701.8,51957.4,3.24E+00,6.20E-04
2026/8/25 02:38,MW2038B07733,A46,A20265,-0.06173,54459.6,54244.5,3.24E+00,6.10E-04
2026/8/25 02:38,MW2038B11946,A47,A10168,-0.04933,51768.3,51385.3,3.24E+00,5.20E-04
2026/8/25 02:36,MW2038B09846,C47,A10168,-0.0542,53374.4,53280.3,3.24E+00,5.20E-04
2026/8/25 02:36,MW2038B11966,C47,A20265,-0.05689,51301.6,50882.9,3.24E+00,5.90E-04
2026/8/25 02:36,MW2038B09845,C47,A10168,-0.02905,51800.8,51729.8,3.24E+00,5.40E-04
2026/8/25 02:36,MW2038B11826,C47,A20265,-0.03816,51628.3,51579.6,3.24E+00,6.20E-04
2026/8/25 02:35,MW2038B09826,O,A10168,-0.05865,54802.9,52552.6,0.00E+00,0.00E+00
2026/8/25 02:35,MW2038B09855,A47,A20265,-0.06576,50661.3,53169.2,3.24E+00,5.80E-04
2026/8/25 02:35,MW2038B00192,B47,A20265,-0.09147,50867.9,49692.4,3.24E+00,5.80E-04
2026/8/25 02:35,MW2038B07812,A47,A20265,-0.0879,50546.8,50036.2,3.24E+00,6.20E-04
2026/8/25 02:34,MW2038B09843,A47,A10168,-0.02965,51741.7,49715.9,3.24E+00,5.30E-04
2026/8/25 02:34,MW2038B07825,A47,A20265,-0.0797,52297.6,53491.4,3.25E+00,6.30E-04
2026/8/25 02:34,MW2038B11410,O,A10168,-0.07267,52838.5,54242.8,0.00E+00,0.00E+00
2026/8/25 02:34,MW2039B18389,A47,A20265,-0.02714,52080.9,50945.3,3.25E+00,5.90E-04
2026/8/25 02:32,MW2038B11956,A47,A20265,-0.03923,50658.4,54750.4,3.25E+00,6.10E-04
2026/8/25 02:32,MW2038B11928,A47,A20265,-0.09047,51510.7,53493.6,3.24E+00,6.10E-04
2026/8/25 02:31,MW2038B11944,O,A10168,-0.07225,54133.4,50811.9,0.00E+00,0.00E+00
2026/8/25 02:31,MW2038B11815,A47,A19850,-0.05684,53856.4,54765.3,3.25E+00,6.10E-04
2026/8/25 02:31,MW2038B11816,A47,A19850,-0.09364,53629.4,53015.1,3.25E+00,6.10E-04
2026/8/25 02:31,MW2038B11817,A47,A19850,-0.09095,53763.7,51810.4,3.25E+00,6.10E-04
2026/8/25 02:30,MW2038B11819,A47,A19850,-0.05115,51510.1,51065.4,3.25E+00,6.00E-04
2026/8/25 02:30,MW2038B11945,A47,A10168,-0.0393,52481.9,49847.5,3.24E+00,5.20E-04
2026/8/25 02:30,MW2038B11818,A47,A19850,-0.035,53946.1,52428.1,3.25E+00,6.10E-04
2026/8/25 02:29,MW2038B11929,O,A10168,-0.068,54737.5,49203.7,0.00E+00,0.00E+00
2026/8/25 02:29,MW2038B11820,A47,A19850,-0.01647,50680.3,51728.3,3.25E+00,6.30E-04
2026/8/25 02:29,MW2038B11821,A47,A19850,-0.02626,52546.1,54566.3,3.25E+00,6.20E-04
2026/8/25 02:28,MW2038B11825,A47,A19850,-0.02738,54720.3,51524.4,3.24E+00,6.10E-04
2026/8/25 02:28,MW2038B11824,A47,A19850,-0.08443,52022.5,51607.5,3.25E+00,6.00E-04
2026/8/25 02:28,MW2039B18353,A46,A19850,-0.09812,50730.5,51687.1,3.25E+00,6.00E-04
2026/8/25 02:27,MW2038B07835,A48,A06313,-0.09581,54562.4,52632.4,3.25E+00,5.10E-04
2026/8/25 02:27,MW2038B09945,A46,A19850,-0.06873,54724.3,53083.6,3.25E+00,6.40E-04
2026/8/25 02:27,MW2038B07836,O,A06313,-0.01104,50962.2,49939.6,0.00E+00,0.00E+00
2026/8/25 02:27,MW2038B11916,C46,A19850,-0.07784,50831.2,51934.2,3.24E+00,6.00E-04
2026/8/25 02:26,MW2038B07701,C47,A05331,-0.01716,51279.6,53832.9,3.25E+00,6.30E-04
2026/8/25 02:26,MW2038B07702,A47,A05331,-0.08296,51869.4,53413.9,3.25E+00,6.30E-04
2026/8/25 02:26,MW2038B07703,A47,A05331,-0.07509,52337.2,53797.6,3.25E+00,6.20E-04
2026/8/25 02:25,MW2038B09896,A47,A06313,-0.05382,53785.7,50541.4,3.24E+00,5.00E-04
2026/8/25 02:25,MW2038B11914,C47,A06313,-0.02084,52485.6,52096.1,3.24E+00,5.00E-04
2026/8/25 02:25,MW2038B07704,A47,A05331,-0.05834,52545.7,53968.2,3.25E+00,6.20E-04
2026/8/25 02:25,MW2038B11955,A47,A06313,-0.07837,54276.6,53300.6,3.25E+00,5.10E-04
2026/8/25 02:25,MW2038B07710,A47,A05331,-0.0253,52880.8,52447.6,3.25E+00,6.20E-04
2026/8/25 02:24,MW2038B11953,A47,A06313,-0.0756,52884.8,51300.6,3.25E+00,5.00E-04
2026/8/25 02:24,MW2038B07705,A46,A05331,-0.07655,54731.7,51894.1,3.25E+00,6.30E-04
2026/8/25 02:24,MW2038B11952,O,A06313,-0.03206,53553.4,52111.9,0.00E+00,0.00E+00
2026/8/25 02:24,MW2038B07709,C47,A05331,-0.09624,54459.4,51670.9,3.25E+00,6.20E-04
2026/8/25 02:23,MW2038B07709,C47,A05331,-0.03288,52130.6,51640.5,3.25E+00,6.20E-04
2026/8/25 02:23,MW2038B07706,C47,A05331,-0.08443,50612.6,50782.6,3.25E+00,6.20E-04
2026/8/25 02:22,MW2038B03459,A46,A05331,-0.04923,51825.5,49856.8,3.25E+00,6.50E-04
2026/8/25 02:22,MW2038B09929,A47,A05331,-0.0122,51168.6,49756.4,3.25E+00,5.50E-04
2026/8/25 02:22,MW2038B11951,A46,A06313,-0.08141,54527.1,52229.8,3.25E+00,5.30E-04
2026/8/25 02:21,MW2038B09914,A47,A05331,-0.05089,53779.7,51029.4,3.25E+00,6.20E-04
2026/8/25 02:21,MW2038B11950,A46,A06313,-0.05794,50909.3,52926.8,3.25E+00,4.90E-04
2026/8/25 02:21,MW2038B09948,A47,A05331,-0.06362,51244.7,53439.8,3.25E+00,6.70E-04
2026/8/25 02:20,MW2038B11948,A47,A06313,-0.0301,52785.7,50096.7,3.25E+00,5.30E-04
2026/8/25 02:20,MW2038B09955,A47,A03795,-0.09444,54383.1,51318.2,3.25E+00,6.30E-04
2026/8/25 02:20,MW2038B11812,O,A06313,-0.05029,52474.6,53618.7,0.00E+00,0.00E+00
2026/8/25 02:20,MW2038B09956,A47,A03795,-0.0999,53848.8,51285.7,3.25E+00,6.30E-04
2026/8/25 02:19,MW2038B09957,A47,A03795,-0.01051,54834.3,54960.3,3.25E+00,6.40E-04
2026/8/25 02:19,MW2039B18382,A47,A03795,-0.02997,51739.4,52356.4,3.25E+00,6.10E-04
2026/8/25 02:18,MW2039B18363,A47,A03795,-0.05803,53350.2,54450.5,3.24E+00,6.10E-04
2026/8/25 02:18,MW2039B18364,A47,A03795,-0.04278,54606.5,54783.5,3.24E+00,5.80E-04
2026/8/25 02:18,MW2039B18365,A47,A03795,-0.0971,54887.6,51986.6,3.25E+00,6.10E-04
2026/8/25 02:17,MW2038B09936,A47,A06313,-0.09204,51177.2,49788.4,3.25E+00,5.40E-04
2026/8/25 02:17,MW2039B18352,A47,A03795,-0.05295,50318.3,54963.8,3.25E+00,6.00E-04
2026/8/25 02:17,MW2038B09954,A47,A11831,-0.05313,50370.3,53690.4,3.25E+00,5.40E-04
2026/8/25 02:17,MW2038B11954,A47,A03795,-0.02278,54283.4,49931.5,3.25E+00,6.10E-04
2026/8/25 02:17,MW2038B07708,C47,A11831,-0.01412,52049.2,50842.3,3.25E+00,5.30E-04
2026/8/25 02:17,MW2038B11940,C46,A03795,-0.05504,53717.2,51886.7,3.24E+00,6.00E-04
2026/8/25 02:16,MW2038B07707,O,A11831,-0.03395,50462.9,50637.4,0.00E+00,0.00E+00
2026/8/25 02:16,MW2038B03465,O,A03795,-0.09849,54410.2,54000.5,0.00E+00,0.00E+00
2026/8/25 02:15,MW2038B07692,A46,A03795,-0.02937,51712.7,50125.8,3.25E+00,6.30E-04
2026/8/25 02:14,MW2038B07800,A47,A00045,-0.03959,54244.1,51865.8,3.24E+00,6.40E-04
2026/8/25 02:14,MW2038B11927,A47,A11831,-0.05802,50588.1,49923.5,3.24E+00,5.00E-04
2026/8/25 02:14,MW2038B10274,A47,A00045,-0.06038,51718.4,52532.2,3.24E+00,6.20E-04
2026/8/25 02:14,MW2038B11924,A47,A11831,-0.06657,50394.3,52485.5,3.24E+00,5.10E-04
2026/8/25 02:14,MW2038B07803,C47,A00045,-0.05819,54476.2,51332.4,3.24E+00,6.30E-04
2026/8/25 02:13,MW2038B11923,A47,A11831,-0.08725,51413.9,54040.9,3.24E+00,5.00E-04
2026/8/25 02:13,MW2038B14927,A47,A00045,-0.06855,51266.9,53378.9,3.25E+00,6.10E-04
2026/8/25 02:13,MW2038B00320,A48,A00045,-0.02647,53157.4,54681.8,3.24E+00,6.60E-04
2026/8/25 02:12,MW2044B09816,O,A00045,-0.0476,52339.2,54310.9,3.23E+00,1.02E-03
2026/8/25 02:12,MW2038B03047,A47,A00045,-0.04666,53799.7,54241.1,3.24E+00,6.10E-04
2026/8/25 02:12,MW2038B11922,A47,A11831,-0.02314,51934.4,53782.6,3.24E+00,5.10E-04
2026/8/25 02:12,MW2038B16995,A48,A00045,-0.04113,50633.7,52321.7,3.25E+00,5.90E-04
2026/8/25 02:11,MW2038B11921,A47,A11831,-0.02705,54546.2,52554.6,3.24E+00,5.30E-04
2026/8/25 02:11,MW2045B01816,CLL,A00045,-0.06355,52110.2,50952.1,3.24E+00,1.40E-03
2026/8/25 02:11,MW2045B34369,O,A00045,-0.0877,52602.9,53292.8,3.24E+00,9.70E-04
2026/8/25 02:11,MW2038B11920,A47,A11831,-0.01086,51846.4,50468.5,3.24E+00,5.10E-04
2026/8/25 02:10,MW2016B01834,CHH,A00045,-0.05009,52797.1,50384.4,3.22E+00,5.80E-04
2026/8/25 02:10,MW2038B11919,A47,A11831,-0.09955,52194.9,52547.8,3.24E+00,5.20E-04
2026/8/25 02:10,MW2017B24347,AC20,A00045,-0.05778,50746.3,51133.5,3.23E+00,8.60E-04
2026/8/25 02:10,MW2038B11918,A46,A11831,-0.09389,53103.3,51876.7,3.24E+00,5.20E-04
2026/8/25 02:10,MW2038B00054,A47,A03038,-0.0292,53818.4,50198.5,3.24E+00,6.30E-04
2026/8/25 02:09,MW2038B11917,A46,A11831,-0.04824,54599.3,54248.2,3.24E+00,5.10E-04
2026/8/25 02:09,MW2038B00050,C47,A03038,-0.03039,51188.7,54568.8,3.24E+00,7.10E-04
2026/8/25 02:09,MW2039B18392,C47,A23274,-0.03136,54617.3,50856.1,3.25E+00,5.10E-04
2026/8/25 02:09,MW2038B00051,C47,A03038,-0.05527,53933.3,54531.6,3.24E+00,6.60E-04
2026/8/25 02:08,MW2039B18391,C47,A23274,-0.08916,54210.5,50284.6,3.25E+00,4.50E-04
2026/8/25 02:08,MW2038B00087,A47,A03038,-0.08389,54270.2,53226.3,3.24E+00,6.20E-04
2026/8/25 02:08,MW2038B00277,O,A03038,-0.06,53933.8,54815.9,0.00E+00,0.00E+00
2026/8/25 02:08,MW2039B18402,A47,A23274,-0.062,53850.8,54537.6,3.25E+00,4.80E-04
2026/8/25 02:08,MW2039B18400,A46,A23274,-0.0721,53879.2,53248.6,3.25E+00,4.90E-04
2026/8/25 02:07,MW2038B07849,A48,A23274,-0.04627,51822.9,50831.5,3.25E+00,5.20E-04
2026/8/25 02:07,MW2038B07847,A47,A23274,-0.01295,54594.5,50037.2,3.24E+00,5.20E-04
2026/8/25 02:06,MW2038B07850,O,A23274,-0.02414,51159.5,51116.7,0.00E+00,0.00E+00
2026/8/25 02:06,MW2038B00086,A47,A03038,-0.05449,54509.6,51555.2,3.24E+00,6.30E-04
2026/8/25 02:03,MW2038B00088,A48,A03038,-0.049,51423.3,52668.7,3.24E+00,6.20E-04
2026/8/25 02:02,MW2038B00085,A48,A03038,-0.0143,51925.6,54320.8,3.24E+00,6.40E-04
2026/8/25 02:02,MW2044B26883,AC20,A03038,-0.04521,51137.7,50094.2,3.24E+00,8.40E-04
2026/8/25 02:01,MW2038B07846,A47,A23274,-0.07463,51106.3,53723.5,3.25E+00,5.20E-04
2026/8/25 02:01,MW2044B27167,A46,A03038,-0.09897,53827.3,53909.7,3.24E+00,6.10E-04
2026/8/25 02:01,MW2038B11803,A47,A03038,-0.08956,50879.4,51554.4,3.25E+00,6.30E-04
2026/8/25 02:01,MW2038B07852,C48,A23274,-0.07992,54175.8,51863.6,3.24E+00,5.20E-04
2026/8/25 02:01,MW2038B11802,A47,A03038,-0.01671,52583.4,51444.9,3.25E+00,6.20E-04
2026/8/25 02:00,MW2038B07851,A48,A23274,-0.03645,51117.7,54507.1,3.25E+00,5.20E-04
2026/8/25 02:00,MW2039B18380,C47,A22564,-0.09984,54540.9,51403.7,3.24E+00,5.80E-04
2026/8/25 02:00,MW2038B07853,A48,A23274,-0.05733,51702.4,54161.3,3.24E+00,5.00E-04
2026/8/25 02:00,MW2039B18381,C47,A22564,-0.07326,53285.4,52600.5,3.25E+00,6.10E-04
2026/8/25 02:00,MW2038B07834,A47,A23274,-0.05433,52817.8,49654.4,3.25E+00,5.40E-04
2026/8/25 01:59,MW2038B11907,C47,A22564,-0.04224,54181.1,51335.7,3.24E+00,6.00E-04
2026/8/25 01:59,MW2038B00052,C47,A12613,-0.01568,50758.7,52402.4,3.24E+00,5.10E-04
2026/8/25 01:59,MW2038B11909,C47,A22564,-0.09729,54699.5,50796.4,3.24E+00,6.20E-04
2026/8/25 01:59,MW2038B11584,C46,A12613,-0.01553,54047.5,52798.9,3.24E+00,5.10E-04
2026/8/25 01:59,MW2038B11910,C47,A22564,-0.07006,53248.8,51862.8,3.24E+00,6.00E-04
2026/8/25 01:58,MW2038B11905,C47,A12613,-0.02247,54236.3,52448.4,3.24E+00,5.10E-04
2026/8/25 01:58,MW2038B11911,C47,A22564,-0.09163,54916.1,53848.2,3.24E+00,6.00E-04
2026/8/25 01:58,MW2038B11903,C47,A12613,-0.04527,53111.6,51659.6,3.24E+00,5.10E-04
2026/8/25 01:58,MW2038B11912,O,A22564,-0.04547,54844.7,53069.7,0.00E+00,0.00E+00
2026/8/25 01:57,MW2039B18420,A47,A12613,-0.05984,54030.9,50915.6,3.24E+00,5.00E-04
2026/8/25 01:57,MW2039B18419,A48,A12613,-0.05783,54624.5,50627.5,3.24E+00,4.90E-04
2026/8/25 01:56,MW2039B18418,A47,A12613,-0.06678,53865.4,53343.1,3.24E+00,5.00E-04
2026/8/25 01:56,MW2039B18417,A47,A12613,-0.08297,54406.7,51135.3,3.24E+00,5.00E-04
2026/8/25 01:55,MW2039B18416,A47,A12613,-0.08105,54188.6,51879.9,3.24E+00,5.00E-04
2026/8/25 01:55,MW2038B11913,C46,A22564,-0.07537,54656.2,49971.8,3.25E+00,6.00E-04
2026/8/25 01:55,MW2038B00325,A47,A22564,-0.06496,52786.6,52615.6,3.25E+00,6.90E-04
2026/8/25 01:55,MW2039B18362,A47,A12613,-0.05541,53962.9,49321.6,3.24E+00,5.30E-04
2026/8/25 01:54,MW2039B18395,A47,A12613,-0.0779,50644.8,51291.4,3.24E+00,5.30E-04
2026/8/25 01:53,MW2038B00089,AC20,A22564,-0.03123,52187.2,54398.6,3.24E+00,8.40E-04
2026/8/25 01:53,MW2039B18394,A47,A12613,-0.06082,50400.6,51380.4,3.24E+00,4.90E-04
2026/8/25 01:53,MW2039B18403,C47,A22564,-0.09117,54179.7,52940.2,3.24E+00,5.90E-04
2026/8/25 01:53,MW2038B10249,A48,A01556,-0.08703,50809.3,53459.5,3.24E+00,5.40E-04
2026/8/25 01:53,MW2039B18393,A47,A22564,-0.0862,50715.7,53916.7,3.24E+00,5.80E-04
2026/8/25 01:52,MW2039B18340,O,A22399,-0.09086,53681.7,54721.7,0.00E+00,0.00E+00
2026/8/25 01:52,MW2038B00420,B47,A01556,-0.0635,54387.9,52189.3,3.24E+00,5.50E-04
2026/8/25 01:52,MW2038B10376,A47,A01556,-0.08644,50843.2,54901.1,3.24E+00,5.20E-04
2026/8/25 01:51,MW2038B03145,A47,A01556,-0.04026,51682.8,53226.9,3.25E+00,5.20E-04
2026/8/25 01:51,MW2038B00416,B47,A01556,-0.0491,53953.6,49604.8,3.24E+00,5.90E-04
2026/8/25 01:50,MW2038B00440,B47,A01556,-0.06174,50330.7,53386.1,3.24E+00,5.80E-04
2026/8/25 01:50,MW2038B00441,B47,A01556,-0.01547,52247.4,50015.9,3.24E+00,5.80E-04
2026/8/25 01:50,MW2039B18351,C47,A22399,-0.08911,50915.7,54514.8,3.24E+00,5.60E-04
2026/8/25 01:50,MW2039B18350,C48,A22399,-0.04647,54510.6,51586.6,3.24E+00,6.00E-04
2026/8/25 01:49,MW2038B10356,A47,A01556,-0.01099,54002.7,53210.8,3.24E+00,5.20E-04
2026/8/25 01:49,MW2039B18349,A47,A22399,-0.01242,53651.7,53137.2,3.24E+00,6.10E-04
2026/8/25 01:49,MW2038B10357,A47,A01556,-0.03856,52274.5,49700.5,3.24E+00,5.20E-04
2026/8/25 01:49,MW2039B18348,C47,A22399,-0.0783,53520.8,51118.8,3.24E+00,6.00E-04
2026/8/25 01:49,MW2038B10351,A47,A01556,-0.03998,53742.1,51241.3,3.25E+00,5.30E-04
2026/8/25 01:48,MW2039B18347,C48,A22399,-0.02627,54206.1,51431.3,3.24E+00,5.80E-04
2026/8/25 01:48,MW2038B10352,A47,A01556,-0.09621,52862.3,53073.6,3.25E+00,5.20E-04
2026/8/25 01:48,MW2039B18359,C47,A22399,-0.03831,54334.4,54918.1,3.24E+00,6.00E-04
2026/8/25 01:48,MW2038B10353,A47,A01556,-0.05447,54455.2,49799.3,3.25E+00,5.30E-04
2026/8/25 01:47,MW2039B18346,A48,A22399,-0.067,52108.2,54924.7,3.24E+00,6.00E-04
2026/8/25 01:47,MW2038B00109,B46,A12971,-0.01723,54947.8,50466.2,3.25E+00,5.80E-04
2026/8/25 01:47,MW2038B00422,B47,A22399,-0.03721,51873.1,49598.6,3.25E+00,6.70E-04
2026/8/25 01:47,MW2038B07736,A46,A12971,-0.0885,54261.2,53111.6,3.25E+00,5.30E-04
2026/8/25 01:47,MW2038B00421,B47,A22399,-0.09968,54787.3,49705.2,3.24E+00,6.50E-04
2026/8/25 01:46,MW2038B10273,A47,A12971,-0.01619,54119.7,53865.3,3.25E+00,5.20E-04
2026/8/25 01:46,MW2038B07689,A47,A22399,-0.0745,52996.4,52889.1,3.24E+00,6.30E-04
2026/8/25 01:46,MW2038B10272,A47,A12971,-0.08199,51951.7,51914.2,3.25E+00,5.40E-04
2026/8/25 01:46,MW2038B07838,A47,A22399,-0.08913,52852.9,49432.2,3.25E+00,6.30E-04
2026/8/25 01:45,MW2038B07810,A47,A12971,-0.01297,51238.3,50925.7,3.25E+00,5.30E-04
2026/8/25 01:45,MW2038B07797,C47,A12971,-0.04318,54934.1,53244.9,3.24E+00,5.60E-04
2026/8/25 01:45,MW2038B07798,A47,A12971,-0.0301,53880.3,49213.1,3.24E+00,5.70E-04
2026/8/25 01:44,MW2038B07799,A47,A12971,-0.0671,50563.8,54358.9,3.25E+00,5.50E-04
2026/8/25 01:44,MW2038B07804,A47,A12971,-0.01187,54866.1,52134.2,3.25E+00,5.40E-04
2026/8/25 01:36,MW2038B07760,A45,A17235,-0.01555,54613.5,49382.3,3.24E+00,6.00E-04
2026/8/25 01:36,MW2038B07672,A47,A12971,-0.06587,53882.2,50826.1,3.25E+00,5.40E-04
2026/8/25 01:36,MW2044B26854,A44,A17235,-0.01526,51871.1,50416.1,3.25E+00,7.90E-04
2026/8/25 01:35,MW2044B26854,A44,A17235,-0.087,54281.7,54202.4,3.25E+00,7.90E-04
2026/8/25 01:34,MW2038B03148,A47,A00045,-0.0213,54472.1,52765.5,3.25E+00,5.50E-04
2026/8/25 01:33,MW2044B26885,A45,A17235,-0.08473,51653.5,50869.6,3.25E+00,6.30E-04
2026/8/25 01:32,MW2044B26886,A45,A17235,-0.05485,54191.4,52924.1,3.25E+00,6.20E-04
2026/8/25 01:31,MW2038B10274,A47,A00045,-0.03602,50500.2,51462.6,3.24E+00,5.20E-04
2026/8/25 01:31,MW2038B10274,A47,A00045,-0.02551,54699.1,54842.5,3.24E+00,5.20E-04
2026/8/25 01:29,MW2044B26887,A45,A17235,-0.05786,52303.8,51861.2,3.25E+00,6.30E-04
2026/8/25 01:28,MW2038B10274,A47,A00045,-0.0992,54398.9,49355.6,3.24E+00,5.20E-04
2026/8/25 01:28,MW2044B26888,A45,A17235,-0.07761,51248.7,49394.3,3.25E+00,6.20E-04
2026/8/25 01:28,MW2038B10237,O,A00045,-0.0326,53087.8,51594.6,0.00E+00,0.00E+00
2026/8/25 01:28,MW2044B26889,O,A17235,-0.0421,54592.9,53137.3,0.00E+00,0.00E+00
2026/8/25 01:27,MW2044B26884,A45,A17235,-0.01762,53466.5,54973.6,3.25E+00,6.00E-04
2026/8/25 01:27,MW2038B07809,A47,A17235,-0.091,54254.1,49507.2,3.24E+00,6.30E-04
2026/8/25 01:26,MW2038B07808,A47,A17235,-0.02323,50542.5,51404.8,3.24E+00,6.40E-04
2026/8/25 01:26,MW2039B18342,C47,A17235,-0.05138,50642.4,53611.4,3.24E+00,5.70E-04
2026/8/25 01:25,MW2039B18341,C47,A17235,-0.08962,53396.1,51844.6,3.24E+00,6.00E-04
2026/8/25 01:25,MW2038B11801,A47,A19997,-0.0127,50419.9,54985.6,3.25E+00,6.10E-04
2026/8/25 01:25,MW2038B11804,A48,A19997,-0.0477,53824.3,52680.1,3.25E+00,6.20E-04
2026/8/25 01:24,MW2038B11806,A48,A19997,-0.0857,51819.6,49356.6,3.25E+00,6.10E-04
2026/8/25 01:24,MW2038B11805,C48,A19997,-0.02488,50780.7,50301.6,3.25E+00,6.20E-04
2026/8/25 01:24,MW2038B10229,A47,A00045,-0.02413,54097.2,49408.2,3.24E+00,5.30E-04
2026/8/25 01:23,MW2038B11807,A48,A19997,-0.0402,52442.8,53745.6,3.25E+00,6.20E-04
2026/8/25 01:23,MW2038B10269,A47,A00045,-0.04863,54561.8,51405.4,3.25E+00,5.20E-04
2026/8/25 01:23,MW2038B11808,C48,A19997,-0.04143,51859.6,49613.3,3.25E+00,6.20E-04
2026/8/25 01:23,MW2038B10271,A47,A00045,-0.0322,52431.7,53150.2,3.25E+00,5.10E-04
2026/8/25 01:23,MW2038B11810,KEF,A19997,-0.06557,53320.3,53672.4,3.24E+00,6.20E-04
2026/8/25 01:22,MW2038B10270,A47,A00045,-0.02546,51645.2,53351.6,3.25E+00,5.20E-04
2026/8/25 01:22,MW2038B11902,C47,A19997,-0.03162,53691.4,50639.2,3.24E+00,6.10E-04
2026/8/25 01:22,MW2038B10268,A47,A00045,-0.05535,51208.8,49852.2,3.25E+00,5.10E-04
2026/8/25 01:22,MW2039B18345,A47,A19997,-0.05264,53515.6,50641.4,3.25E+00,6.10E-04
2026/8/25 01:21,MW2038B10267,B47,A00045,-0.05033,51012.1,52522.1,3.25E+00,5.10E-04
2026/8/25 01:21,MW2039B18360,C48,A19997,-0.08909,50951.2,49801.5,3.24E+00,6.00E-04
2026/8/25 01:21,MW2038B10247,A47,A00045,-0.02445,54753.3,54375.8,3.24E+00,5.20E-04
2026/8/25 01:21,MW2038B07764,A45,A19997,-0.02494,54145.5,50550.7,3.24E+00,6.20E-04
2026/8/25 01:20,MW2038B10248,A47,A00045,-0.02597,53385.2,54120.1,3.24E+00,5.10E-04
2026/8/25 01:20,MW2038B10254,A48,A00045,-0.01181,54774.5,53958.9,3.24E+00,5.10E-04
2026/8/25 01:20,MW2038B07765,A45,A19997,-0.02655,51118.4,53678.8,3.24E+00,6.30E-04
2026/8/25 01:20,MW2038B10375,A46,A04951,-0.04774,53586.5,51927.6,3.24E+00,5.10E-04
2026/8/25 01:19,MW2038B10373,A47,A22404,-0.07348,51927.6,51871.2,3.24E+00,6.10E-04
2026/8/25 01:19,MW2038B10377,A46,A04951,-0.02859,53105.8,50628.8,3.24E+00,5.10E-04
2026/8/25 01:19,MW2038B10292,A47,A22404,-0.07716,51476.9,51485.3,3.24E+00,6.20E-04
2026/8/25 01:19,MW2038B00357,B47,A04951,-0.0709,52939.1,51441.4,3.25E+00,5.40E-04
2026/8/25 01:19,MW2038B10291,A48,A22404,-0.02554,50303.3,50878.4,3.24E+00,6.10E-04
2026/8/25 01:18,MW2038B10246,A48,A22404,-0.05384,50915.4,53055.6,3.24E+00,6.30E-04
2026/8/25 01:18,MW2038B00356,B47,A04951,-0.01251,50321.4,53317.6,3.25E+00,5.10E-04
2026/8/25 01:18,MW2038B10222,A48,A22404,-0.02821,54521.2,51800.4,3.24E+00,6.30E-04
2026/8/25 01:18,MW2038B03154,A47,A04951,-0.01356,53594.5,53737.4,3.25E+00,5.30E-04
2026/8/25 01:17,MW2038B10225,A48,A22404,-0.06171,51018.5,53514.8,3.24E+00,6.20E-04
2026/8/25 01:17,MW2038B03144,A48,A04951,-0.08825,54193.7,52277.1,3.25E+00,5.20E-04
2026/8/25 01:17,MW2038B10220,A48,A22404,-0.05191,53246.5,52183.8,3.24E+00,6.30E-04
2026/8/25 01:17,MW2038B03143,A48,A04951,-0.0259,52285.4,54360.1,3.25E+00,5.20E-04
2026/8/25 01:17,MW2038B10227,A48,A22404,-0.096,54461.6,49981.8,3.24E+00,6.10E-04
2026/8/25 01:16,MW2038B03150,CHH,A04951,-0.07398,51173.9,50516.4,3.25E+00,5.10E-04
2026/8/25 01:16,MW2038B10326,A48,A22404,-0.08369,51373.2,49575.9,3.24E+00,6.20E-04
2026/8/25 01:16,MW2038B03149,B47,A04951,-0.08136,54860.8,51080.7,3.25E+00,5.20E-04
2026/8/25 01:16,MW2038B03155,B47,A04951,-0.07735,53215.8,53681.5,3.25E+00,5.30E-04
2026/8/25 01:16,MW2038B10328,A48,A22404,-0.06727,52293.2,53789.6,3.24E+00,6.20E-04
2026/8/25 01:15,MW2038B03146,A48,A04951,-0.04719,50424.7,49600.3,3.25E+00,5.40E-04
2026/8/25 01:15,MW2038B10236,A48,A22404,-0.06008,54045.3,51653.4,3.24E+00,6.30E-04
2026/8/25 01:15,MW2038B00401,A46,A22404,-0.01925,54304.7,54285.9,3.24E+00,6.50E-04
2026/8/25 01:15,MW2038B03142,B47,A04951,-0.05225,53399.4,53025.7,3.25E+00,5.30E-04
2026/8/25 01:14,MW2038B10279,A48,A15911,-0.09409,52131.2,52284.7,3.24E+00,6.20E-04
2026/8/25 01:14,MW2038B10275,A48,A07225,-0.00196,54893.8,53157.9,3.24E+00,5.20E-04
2026/8/25 01:14,MW2038B10278,A48,A15911,-0.00159,54763.3,53034.3,3.24E+00,6.20E-04
2026/8/25 01:14,MW2038B00358,A47,A07225,-0.00258,50884.3,50615.9,3.24E+00,5.10E-04
2026/8/25 01:13,MW2038B10277,A48,A15911,-0.00309,51718.6,52004.3,3.24E+00,6.30E-04
2026/8/25 01:13,MW2038B03523,B47,A07225,-0.00459,52637.5,53036.3,3.24E+00,5.40E-04
2026/8/25 01:13,MW2038B10321,A48,A15911,-0.00948,53349.2,50819.2,3.24E+00,6.20E-04
2026/8/25 01:13,MW2038B03524,B47,A07225,-0.0042,53261.4,51849.1,3.24E+00,5.00E-04
2026/8/25 01:12,MW2038B00355,KEF,A07225,-0.00124,51050.8,49536.8,3.25E+00,1.55E-03
2026/8/25 01:12,MW2038B00353,B46,A07225,-0.00329,51353.3,53835.4,3.25E+00,8.00E-04
2026/8/25 01:12,MW2038B10322,A47,A15911,-0.00255,53975.5,52443.9,3.24E+00,6.20E-04
2026/8/25 01:11,MW2038B00363,B47,A07225,-0.00163,54823.1,50136.4,3.24E+00,5.30E-04
2026/8/25 01:11,MW2038B10323,A48,A15911,-0.00658,54479.9,52930.6,3.24E+00,6.30E-04
2026/8/25 01:11,MW2038B00380,B47,A07225,-0.00686,53259.1,53464.8,3.24E+00,5.80E-04
2026/8/25 01:11,MW2038B10324,A48,A15911,-0.0096,53840.3,50672.3,3.24E+00,6.20E-04
2026/8/25 01:10,MW2038B00382,B47,A07225,-0.00166,52140.1,52679.1,3.24E+00,5.70E-04
2026/8/25 01:10,MW2038B10325,A47,A15911,-0.00531,51833.9,54073.7,3.24E+00,6.10E-04
2026/8/25 01:10,MW2038B00406,AC20,A07225,-0.0065,53585.3,54396.3,3.24E+00,8.60E-04
2026/8/25 01:10,MW2038B10260,B47,A15911,-0.00421,53686.7,53846.4,3.25E+00,6.30E-04
2026/8/25 01:10,MW2038B10261,B47,A15911,-0.00269,52866.1,51923.7,3.24E+00,6.20E-04
2026/8/25 01:10,MW2038B07824,A48,A07225,-0.00493,54340.2,50283.1,3.24E+00,5.00E-04
2026/8/25 01:09,MW2038B10327,B47,A15911,-0.00855,51586.5,51876.5,3.25E+00,6.30E-04
2026/8/25 01:09,MW2038B00402,A47,A07225,-0.00531,54349.6,50901.9,3.24E+00,5.60E-04
2026/8/25 01:09,MW2038B03466,B47,A15911,-0.00241,53077.2,51489.5,3.24E+00,6.40E-04
2026/8/25 01:09,MW2038B10368,A48,A00800,-0.00625,54464.2,50861.6,3.24E+00,5.20E-04
2026/8/25 01:08,MW2038B00141,A46,A00800,-0.00915,51938.1,54098.1,3.24E+00,5.10E-04
2026/8/25 00:46,MW2038B10369,A47,A00800,-0.00214,53476.1,54698.4,3.24E+00,5.20E-04
2026/8/25 00:46,MW2038B06850,A47,A23118,-0.00999,54135.4,54862.6,3.25E+00,6.10E-04
2026/8/25 00:46,MW2038B10302,B47,A00800,-0.00512,53895.6,53509.2,3.24E+00,5.30E-04
2026/8/25 00:46,MW2039B15252,A47,A23118,-0.001,52529.1,49420.1,3.25E+00,6.20E-04
2026/8/25 00:45,MW2038B10319,B47,A00800,-0.0072,51119.2,51226.5,3.24E+00,5.20E-04
2026/8/25 00:45,MW2039B15250,B46,A23118,-0.00916,54299.3,51760.7,3.25E+00,6.10E-04
2026/8/25 00:45,MW2038B10317,B47,A00800,-0.00698,54735.5,50469.3,3.24E+00,5.40E-04
2026/8/25 00:45,MW2038B03657,B46,A23118,-0.0019,51276.8,50260.6,3.25E+00,6.30E-04
2026/8/25 00:44,MW2038B10318,B47,A00800,-0.00557,53765.6,52949.3,3.24E+00,5.10E-04
2026/8/25 00:44,MW2039B15264,A47,A23118,-0.00806,51075.7,52557.3,3.25E+00,6.10E-04
2026/8/25 00:44,MW2038B10315,O,A00800,-0.00956,52455.5,54347.3,0.00E+00,0.00E+00
2026/8/25 00:44,MW2038B03508,B47,A23118,-0.00638,54351.8,51367.5,3.25E+00,6.50E-04
2026/8/25 00:43,MW2038B03512,A47,A23118,-0.00201,53798.2,50246.7,3.25E+00,6.50E-04
2026/8/25 00:43,MW2038B03511,B47,A23118,-0.0047,52806.1,52403.8,3.24E+00,6.40E-04
2026/8/25 00:43,MW2038B10320,B47,A23118,-0.0079,50492.1,53355.3,3.24E+00,6.20E-04
2026/8/25 00:42,MW2038B00140,B47,A23118,-0.00221,54283.6,49214.9,3.24E+00,6.30E-04
2026/8/25 00:42,MW2038B03522,B46,A23118,-0.00928,53205.9,54719.3,3.24E+00,5.90E-04
2026/8/25 00:41,MW2038B10329,B47,A23118,-0.00657,53634.6,53506.1,3.24E+00,6.00E-04
2026/8/25 00:41,MW2038B10333,B47,A20554,-0.0025,53682.7,53247.4,3.24E+00,6.20E-04
2026/8/25 00:41,MW2038B10316,B47,A00800,-0.00542,52055.4,53727.2,3.24E+00,5.20E-04
2026/8/25 00:41,MW2038B10332,B47,A20554,-0.0013,50999.5,52742.2,3.24E+00,6.20E-04
2026/8/25 00:40,MW2038B10313,O,A00800,-0.0067,53723.5,49390.2,0.00E+00,0.00E+00
2026/8/25 00:40,MW2038B10331,B47,A20554,-0.00149,51747.1,53213.1,3.25E+00,6.30E-04
2026/8/25 00:40,MW2038B10331,B47,A20554,-0.00748,52537.8,49721.7,3.25E+00,6.30E-04
2026/8/25 00:39,MW2038B10255,B47,A20554,-0.00925,53765.4,50425.1,3.25E+00,6.30E-04
2026/8/25 00:39,MW2038B10256,A47,A20554,-0.00782,51375.1,50030.5,3.25E+00,6.20E-04
2026/8/25 00:39,MW2038B10257,B47,A20554,-0.00516,51187.2,51077.8,3.24E+00,6.30E-04
2026/8/25 00:38,MW2038B10314,B47,A00800,-0.0082,51569.3,52324.9,3.25E+00,5.10E-04
2026/8/25 00:38,MW2038B10258,B47,A20554,-0.00167,52548.5,53272.6,3.24E+00,6.10E-04
2026/8/25 00:38,MW2038B10312,O,A00800,-0.00515,50858.5,49328.1,0.00E+00,0.00E+00
2026/8/25 00:38,MW2038B10259,B47,A20554,-0.0077,51943.7,52047.7,3.24E+00,6.20E-04
2026/8/25 00:37,MW2038B10359,A47,A20554,-0.00922,51201.2,52258.3,3.24E+00,6.10E-04
2026/8/25 00:37,MW2038B10358,A47,A20554,-0.00246,51162.9,52453.7,3.24E+00,6.10E-04
2026/8/25 00:37,MW2038B10262,B47,A20554,-0.0065,50857.1,50442.2,3.25E+00,6.30E-04
2026/8/25 00:36,MW2038B10311,B47,A20554,-0.00849,50978.2,54245.7,3.25E+00,6.10E-04
2026/8/25 00:36,MW2039B15342,O,A15648,-0.0036,51680.1,51294.5,0.00E+00,0.00E+00
2026/8/25 00:36,MW2038B10367,A48,A19697,-0.0029,52081.3,51104.2,3.24E+00,6.20E-04
2026/8/25 00:35,MW2038B10366,A48,A19697,-0.00508,54125.3,52585.8,3.24E+00,6.10E-04
2026/8/25 00:35,MW2038B10365,A47,A19697,-0.0002,52045.8,49386.5,3.24E+00,6.00E-04
2026/8/25 00:34,MW2038B10364,A48,A19697,-0.00871,54597.3,54878.7,3.24E+00,6.00E-04
2026/8/25 00:34,MW2038B10363,A48,A19697,-0.0016,53839.6,52687.1,3.24E+00,6.10E-04
2026/8/25 00:34,MW2038B10362,A48,A19697,-0.00649,54555.3,52298.9,3.24E+00,6.10E-04
2026/8/25 00:33,MW2038B10361,CHH,A19697,-0.0018,54748.4,52487.2,3.24E+00,5.80E-04
2026/8/25 00:32,MW2038B00132,A47,A15648,-0.00578,54256.7,52734.9,3.24E+00,5.40E-04
2026/8/25 00:32,MW2038B10360,A48,A19697,-0.00609,54482.8,50774.9,3.24E+00,6.10E-04
2026/8/25 00:32,MW2038B00364,A47,A19697,-0.00867,52910.3,50041.2,3.24E+00,6.20E-04
2026/8/25 00:32,MW2038B03028,A48,A15648,-0.00116,52847.9,52303.8,3.24E+00,4.80E-04
2026/8/25 00:32,MW2038B00121,AC20,A19697,-0.00194,50859.8,52650.8,3.24E+00,8.40E-04
2026/8/25 00:31,MW2038B00038,A47,A15648,-0.00269,51864.2,51491.8,3.24E+00,5.80E-04
2026/8/25 00:31,MW2038B10355,A47,A19697,-0.0031,52455.6,52562.1,3.24E+00,6.10E-04
2026/8/25 00:31,MW2038B10283,B47,A15648,-0.00889,53169.1,50060.4,3.24E+00,5.40E-04
2026/8/25 00:31,MW2038B10263,A48,A19697,-0.00971,51199.2,49915.5,3.24E+00,6.20E-04
2026/8/25 00:31,MW2038B10281,A47,A15648,-0.00536,52768.5,49240.1,3.24E+00,5.30E-04
2026/8/25 00:30,MW2038B00369,A47,A10818,-0.00984,50612.5,50254.8,3.24E+00,6.50E-04
2026/8/25 00:30,MW2038B10282,B47,A15648,-0.00537,50481.8,52032.9,3.24E+00,5.40E-04
2026/8/25 00:30,MW2038B00372,A47,A10818,-0.00592,52527.2,51566.7,3.24E+00,6.30E-04
2026/8/25 00:30,MW2038B10276,B47,A15648,-0.0097,53664.3,50621.2,3.24E+00,5.30E-04
2026/8/25 00:30,MW2038B00371,C47,A10818,-0.00582,54496.5,54855.8,3.24E+00,6.30E-04
2026/8/25 00:29,MW2038B10280,A48,A15648,-0.00532,52153.3,49451.3,3.24E+00,5.30E-04
2026/8/25 00:29,MW2038B03483,A47,A10818,-0.00198,51448.9,49832.9,3.24E+00,6.00E-04
2026/8/25 00:29,MW2038B10266,A48,A15648,-0.00109,54966.8,49330.2,3.24E+00,5.20E-04
2026/8/25 00:29,MW2038B11423,C49,A10818,-0.00941,52277.8,53175.5,3.24E+00,6.10E-04
2026/8/25 00:28,MW2038B10265,A48,A15648,-0.00894,52967.3,51714.7,3.24E+00,5.20E-04
2026/8/25 00:28,MW2038B06849,C47,A10818,-0.00383,52783.6,52824.1,3.24E+00,6.10E-04
2026/8/25 00:28,MW2038B03513,C47,A10818,-0.00503,52665.6,54775.3,3.24E+00,6.00E-04
2026/8/25 00:28,MW2038B10264,A48,A15648,-0.00976,51121.8,51289.5,3.24E+00,5.30E-04
2026/8/25 00:27,MW2038B07759,C47,A10818,-0.00771,53632.5,50070.7,3.24E+00,6.20E-04
2026/8/25 00:27,MW2038B03491,A46,A22970,-0.0015,53103.8,49259.6,3.25E+00,5.30E-04
2026/8/25 00:27,MW2038B10386,B48,A10818,-0.00334,53101.9,53169.8,3.24E+00,6.30E-04
2026/8/25 00:27,MW2038B06868,A47,A22970,-0.00899,50748.4,49234.4,3.25E+00,5.10E-04
2026/8/25 00:26,MW2038B00324,A46,A22970,-0.00323,53159.7,49638.6,3.25E+00,5.40E-04
2026/8/25 00:26,MW2038B10385,A48,A10818,-0.00992,52135.1,53798.1,3.24E+00,6.30E-04
2026/8/25 00:26,MW2038B03514,C46,A22970,-0.0092,52967.8,52120.9,3.25E+00,5.20E-04
2026/8/25 00:26,MW2038B11939,A48,A10818,-0.00462,52893.6,54586.5,3.24E+00,6.20E-04
2026/8/25 00:26,MW2038B00365,A46,A22970,-0.00979,53770.5,54921.9,3.24E+00,5.30E-04
2026/8/25 00:25,MW2038B11947,A48,A10818,-0.00863,52500.8,51939.2,3.24E+00,6.10E-04
2026/8/25 00:25,MW2038B07756,A46,A22970,-0.00574,54371.8,50137.9,3.24E+00,5.40E-04
2026/8/25 00:25,MW2038B11935,A48,A10387,-0.0027,50432.6,51954.4,3.24E+00,6.10E-04
2026/8/25 00:25,MW2038B03432,A47,A22970,-0.0075,51295.1,54105.3,3.24E+00,5.30E-04
2026/8/25 00:25,MW2038B09924,AC20,A10387,-0.00492,50751.5,54435.7,3.25E+00,1.06E-03
2026/8/25 00:24,MW2038B03437,A47,A22970,-0.00135,53968.8,49683.3,3.24E+00,5.20E-04
2026/8/25 00:24,MW2038B09925,A48,A10387,-0.00421,51526.1,50472.7,3.24E+00,6.40E-04
2026/8/25 00:24,MW2038B03436,A47,A22970,-0.00776,54151.1,53540.6,3.24E+00,5.10E-04
2026/8/25 00:24,MW2038B09920,A48,A10387,-0.00982,51639.6,53025.5,3.24E+00,6.20E-04
2026/8/25 00:23,MW2039B15350,A47,A22970,-0.00113,52933.5,49555.4,3.25E+00,5.10E-04
2026/8/25 00:23,MW2038B09919,A48,A10387,-0.00799,50703.8,53892.9,3.24E+00,6.40E-04
2026/8/25 00:23,MW2038B09900,A48,A10387,-0.00823,50819.5,54803.3,3.24E+00,6.30E-04
2026/8/25 00:23,MW2039B15349,A46,A22970,-0.00521,54106.9,52411.6,3.25E+00,5.20E-04
2026/8/25 00:23,MW2038B09899,A48,A10387,-0.00374,52515.9,49380.9,3.24E+00,6.40E-04
2026/8/25 00:22,MW2039B15341,A46,A22970,-0.00548,50380.2,53193.7,3.25E+00,5.30E-04
2026/8/25 00:22,MW2038B09898,A48,A10387,-0.00433,50513.4,53113.5,3.24E+00,6.40E-04
2026/8/25 00:22,MW2038B00368,A47,A14814,-0.00303,51180.6,50015.3,3.24E+00,5.60E-04
2026/8/25 00:22,MW2038B03058,A48,A10387,-0.00732,50495.1,51150.5,3.24E+00,6.20E-04
2026/8/25 00:22,MW2038B00370,A47,A14814,-0.00296,51014.3,53859.2,3.24E+00,7.50E-04
2026/8/25 00:21,MW2038B03062,A48,A10387,-0.00254,51469.2,54778.4,3.24E+00,6.10E-04
2026/8/25 00:21,MW2039B18354,A48,A14814,-0.00627,51539.5,51395.3,3.24E+00,5.00E-04
2026/8/25 00:21,MW2038B10370,A48,A10387,-0.05963,51892.3,51308.6,3.24E+00,6.00E-04
2026/8/25 00:21,MW2038B09897,A47,A14814,-0.02371,52894.6,52649.2,3.25E+00,5.30E-04
2026/8/25 00:20,MW2038B11750,C46,A14814,-0.06683,50399.7,49292.9,3.25E+00,5.10E-04
2026/8/25 00:19,MW2038B03018,A47,A14814,-0.05847,52462.2,54050.9,3.25E+00,5.10E-04
2026/8/25 00:18,MW2038B03029,A47,A14814,-0.02192,51316.9,53654.1,3.25E+00,4.90E-04
2026/8/25 00:18,MW2038B03006,A47,A14814,-0.01475,52573.3,54524.4,3.24E+00,5.20E-04
2026/8/25 00:18,MW2038B10380,A47,A10387,-0.02625,50981.5,52641.1,3.24E+00,6.10E-04
2026/8/25 00:18,MW2038B03015,C46,A14814,-0.05484,53327.2,52973.1,3.25E+00,5.10E-04
2026/8/25 00:17,MW2038B03043,B47,A14649,-0.06385,52807.7,51700.5,3.24E+00,6.00E-04
2026/8/25 00:17,MW2038B03011,C46,A14814,-0.01592,50491.7,53948.9,3.25E+00,5.10E-04
2026/8/25 00:17,MW2038B10200,O,A14649,-0.06804,51233.8,54359.5,0.00E+00,0.00E+00
2026/8/25 00:16,MW2038B03016,C46,A14814,-0.01165,54048.5,53235.1,3.25E+00,5.10E-04
2026/8/25 00:16,MW2038B03012,C46,A14814,-0.0811,54377.2,51654.5,3.25E+00,5.10E-04
2026/8/25 00:16,MW2038B10245,A47,A00588,-0.08965,50594.9,51825.7,3.24E+00,5.00E-04
2026/8/25 00:15,MW2038B03147,A47,A00588,-0.04262,50997.5,52861.2,3.24E+00,5.20E-04
2026/8/25 00:15,MW2038B15064,A47,A00588,-0.01204,51065.3,51106.2,3.25E+00,5.30E-04
2026/8/25 00:14,MW2038B15062,B47,A00588,-0.02516,51441.1,49387.1,3.25E+00,5.20E-04
2026/8/25 00:14,MW2038B03139,B48,A00588,-0.0911,50377.8,50836.4,3.25E+00,5.30E-04
2026/8/25 00:13,MW2038B03135,B48,A00588,-0.03581,53125.7,52429.4,3.25E+00,5.30E-04
2026/8/25 00:13,MW2038B10199,B47,A14649,-0.01091,54470.1,54542.3,3.24E+00,6.10E-04
2026/8/25 00:13,MW2038B10202,B47,A14649,-0.0972,53550.7,53123.4,3.24E+00,6.10E-04
2026/8/25 00:13,MW2038B03134,B48,A00588,-0.09639,51420.8,53329.2,3.25E+00,5.40E-04
2026/8/25 00:12,MW2038B03133,KGH,A00588,-0.06319,52173.7,54800.1,3.25E+00,5.50E-04
2026/8/25 00:12,MW2038B10201,B47,A14649,-0.0772,54018.1,54770.1,3.24E+00,6.10E-04
2026/8/25 00:12,MW2038B03141,A48,A00588,-0.08682,52514.9,51808.1,3.25E+00,5.30E-04
2026/8/25 00:12,MW2038B10208,B48,A14649,-0.0576,52560.5,52977.2,3.24E+00,6.00E-04
2026/8/25 00:11,MW2038B03136,A48,A00588,-0.02862,50714.1,50449.2,3.25E+00,5.50E-04
2026/8/25 00:11,MW2038B03126,B48,A00588,-0.0977,54005.6,50832.1,3.25E+00,5.40E-04
2026/8/25 00:11,MW2038B10207,B48,A14649,-0.04101,51733.5,52326.5,3.24E+00,6.00E-04
2026/8/25 00:11,MW2038B03130,A48,A00588,-0.04204,52666.7,54910.7,3.25E+00,5.30E-04
2026/8/25 00:10,MW2038B03153,B48,A14649,-0.02889,54922.4,51355.9,3.24E+00,6.20E-04
2026/8/25 00:10,MW2038B03071,A48,A18723,-0.06156,51016.3,51030.7,3.25E+00,5.30E-04
2026/8/25 00:10,MW2038B10196,A48,A14649,-0.06924,53413.5,49527.8,3.24E+00,6.30E-04
2026/8/25 00:10,MW2038B10389,A47,A18723,-0.0355,54308.3,49914.9,3.24E+00,5.10E-04
2026/8/25 00:09,MW2038B03151,A47,A18723,-0.0553,54003.9,51103.1,3.25E+00,5.00E-04
2026/8/25 00:08,MW2038B10289,A48,A14649,-0.03112,52931.9,50471.1,3.24E+00,6.30E-04
2026/8/25 00:08,MW2038B03152,B47,A18723,-0.08136,53136.4,49451.3,3.25E+00,5.30E-04
2026/8/25 00:08,MW2038B03157,A47,A14649,-0.09481,51665.5,51955.8,3.25E+00,6.10E-04
2026/8/25 00:08,MW2038B10387,A47,A18723,-0.06979,54681.8,54642.7,3.24E+00,5.20E-04
2026/8/25 00:08,MW2038B03131,A48,A14649,-0.06489,53827.3,51983.1,3.25E+00,6.30E-04
2026/8/25 00:07,MW2038B10378,A47,A18723,-0.05144,51426.6,52402.7,3.24E+00,5.10E-04
2026/8/25 00:07,MW2038B13626,B49,A24310,-0.0822,54033.2,49957.5,3.25E+00,5.90E-04
2026/8/25 00:07,MW2038B10384,A47,A18723,-0.05378,51591.7,49350.7,3.24E+00,5.20E-04
2026/8/25 00:07,MW2038B13625,A49,A24310,-0.03107,50314.1,52108.6,3.25E+00,5.80E-04
2026/8/25 00:07,MW2038B10301,A47,A18723,-0.06929,53910.2,49334.4,3.24E+00,5.10E-04
2026/8/25 00:06,MW2038B13624,A49,A24310,-0.09849,52455.7,49582.9,3.24E+00,6.00E-04
2026/8/25 00:06,MW2038B10300,A47,A18723,-0.09326,53466.3,50034.1,3.24E+00,5.20E-04
2026/8/25 00:06,MW2038B13623,A49,A24310,-0.08417,53856.8,49847.6,3.24E+00,5.70E-04
2026/8/25 00:06,MW2038B13622,A49,A24310,-0.05599,53962.6,54750.3,3.24E+00,5.80E-04
2026/8/25 00:06,MW2038B10382,B47,A18723,-0.03766,53368.9,50555.5,3.24E+00,5.10E-04
2026/8/25 00:05,MW2038B13621,A48,A24310,-0.06817,51523.9,53164.3,3.24E+00,6.10E-04
2026/8/25 00:05,MW2038B10381,A47,A18723,-0.09433,52894.7,51281.6,3.24E+00,5.10E-04
2026/8/25 00:05,MW2038B10383,A47,A18723,-0.0224,51953.5,52512.5,3.24E+00,5.10E-04
2026/8/25 00:05,MW2038B13620,A48,A24310,-0.06485,53373.7,52871.7,3.24E+00,6.00E-04
2026/8/25 00:04,MW2038B15051,A48,A04771,-0.01129,54468.9,49500.3,3.24E+00,5.10E-04
2026/8/25 00:04,MW2038B13619,A48,A24310,-0.08567,53727.3,53126.1,3.24E+00,6.00E-04
2026/8/25 00:04,MW2038B14916,A47,A24310,-0.09103,50917.1,52785.9,3.25E+00,6.20E-04
2026/8/25 00:04,MW2038B10290,A48,A04771,-0.036,53768.7,53372.3,3.24E+00,5.30E-04
2026/8/25 00:03,MW2038B14908,A48,A24310,-0.083,53405.7,54739.3,3.25E+00,6.00E-04
2026/8/25 00:03,MW2038B00103,A47,A04771,-0.02736,54932.6,54222.1,3.24E+00,5.30E-04
2026/8/25 00:03,MW2038B14925,A47,A24310,-0.04324,54212.3,54782.6,3.25E+00,6.00E-04
2026/8/25 00:03,MW2038B00102,C46,A04771,-0.02602,52555.7,53399.5,3.24E+00,5.60E-04
2026/8/25 00:03,MW2038B15041,A47,A24310,-0.06759,51921.2,49656.8,3.25E+00,6.00E-04
2026/8/25 00:02,MW2038B10194,A48,A04771,-0.0498,52168.5,54125.4,3.24E+00,5.30E-04
2026/8/25 00:02,MW2038B00336,A47,A03946,-0.07351,52151.5,50718.4,3.25E+00,6.30E-04
2026/8/25 00:02,MW2038B10193,A48,A04771,-0.03723,52825.9,50368.4,3.24E+00,5.40E-04
2026/8/25 00:02,MW2038B00340,A47,A03946,-0.06978,51078.4,49472.7,3.25E+00,6.10E-04
2026/8/25 00:02,MW2038B10192,A48,A04771,-0.0347,54635.4,51001.8,3.24E+00,5.40E-04
2026/8/25 00:01,MW2038B07753,A47,A03946,-0.04451,52279.6,49473.5,3.25E+00,6.10E-04
2026/8/25 00:01,MW2038B10191,A48,A04771,-0.05145,53328.2,54913.4,3.24E+00,5.20E-04
2026/8/25 00:01,MW2038B07752,A47,A03946,-0.02784,51781.2,52425.2,3.25E+00,6.00E-04
2026/8/25 00:01,MW2038B07755,A47,A03946,-0.07837,51420.5,50190.3,3.25E+00,6.30E-04
2026/8/25 00:01,MW2038B10190,A48,A04771,-0.03848,51089.6,52145.2,3.24E+00,5.10E-04
2026/8/25 00:00,MW2038B07758,A47,A03946,-0.05415,53379.3,49271.3,3.24E+00,6.30E-04
2026/8/25 00:00,MW2038B10242,A48,A04771,-0.08457,54292.3,49582.9,3.24E+00,5.20E-04
2026/8/25 00:00,MW2038B07757,C47,A03946,-0.06345,52405.1,49803.9,3.25E+00,6.10E-04
2026/8/25 00:00,MW2038B10243,A48,A04771,-0.05067,52622.4,52600.6,3.24E+00,4.90E-04
2026/8/25 00:00,MW2038B03521,KEF,A03946,-0.02894,52658.9,50181.2,3.24E+00,6.10E-04
,,,,-,,,,
