ID,Time,PLCCellID_CE,PLCCellIDClass_CE,BacirEchk_CE,MESSENDOUTCELLPOS,MESSENDOUTCELLID,PLCTrayID_CE,acirVP12_CE,acirRP12_CE,CellThicknessP12_CE,PLCStartTime_CE,PLCCompleteTme_CE,K_Value
1811378,2026/8/17 11:45,MW2027B07890,B47,NULL,14,NULL,A13323,3.22E+00,4.50E-04,18875,NULL,268,0.0229
1811377,2026/8/17 11:45,MW2037B02213,A47,NULL,7,                    ,A01554,3.23E+00,5.60E-04,18114,NULL,268,-0.02388
1811376,2026/8/17 11:44,MW2027B02352,KGH,NULL,3,NULL,A13323,3.20E+00,4.60E-04,18537,NULL,268,-0.11564
1811375,2026/8/17 11:44,MW2037B12441,O,NULL,1,                    ,NULL,3.23E+00,1.27E-03,18352,NULL,268,-0.009384
1811374,2026/8/17 11:43,MW2027B02352,KGH,NULL,3,NULL,A13323,3.20E+00,4.60E-04,18537,NULL,268,-0.0191
1811373,2026/8/17 11:43,MW2027B04964,CLL,NULL,19,NULL,A13323,3.20E+00,4.94E-03,18445,NULL,268,-0.01328
1811372,2026/8/17 11:43,MW2037B06177,A46,NULL,6,                    ,A01554,3.23E+00,7.90E-04,18171,NULL,268,0.01103
1811371,2026/8/17 11:41,MW2027B04964,CLL,NULL,19,NULL,A13323,3.20E+00,4.94E-03,18445,NULL,268,0.00052
1811370,2026/8/17 11:41,MW2037B06177,A46,NULL,6,                    ,A01554,3.23E+00,7.90E-04,18171,NULL,268,0.02094
1811369,2026/8/17 11:41,MW2027B14234,O,NULL,1,NULL,A13323,0.00E+00,0.00E+00,18812,NULL,268,0.00423
1811368,2026/8/17 11:41,MW2027B05298,B46,NULL,13,                    ,A01697,3.22E+00,5.70E-04,18163,NULL,268,0.00127
1811367,2026/8/17 11:40,MW2027B05298,B46,NULL,13,                    ,A01697,3.22E+00,5.70E-04,18163,NULL,268,0.00569
1811366,2026/8/17 11:39,MW2027B09473,O,NULL,1,NULL,A13323,0.00E+00,0.00E+00,18928,NULL,268,0.00227
1811365,2026/8/17 11:39,MW2027B00819,B47,NULL,14,                    ,A01697,3.22E+00,5.80E-04,18599,NULL,268,0.00193
1811364,2026/8/17 11:37,MW2027B00819,B47,NULL,14,                    ,A01697,3.22E+00,5.80E-04,18599,NULL,268,0.00173
1811363,2026/8/17 11:36,MW2027B14317,O,NULL,1,NULL,A13323,0.00E+00,0.00E+00,18902,NULL,268,0.00186
1811362,2026/8/17 11:36,MW2027B02899,B47,NULL,14,                    ,A01697,3.22E+00,5.60E-04,18136,NULL,268,0.0031
1811361,2026/8/17 11:35,MW2027B02899,B47,NULL,14,                    ,A01697,3.22E+00,5.60E-04,18136,NULL,268,0.00666
1811360,2026/8/17 11:35,MW2027B03016,B47,NULL,14,                    ,A01697,3.22E+00,5.80E-04,18309,NULL,268,-0.12585
1811359,2026/8/17 11:34,MW2027B00862,B47,NULL,14,                    ,A01697,3.22E+00,5.60E-04,18610,NULL,268,-0.02183
1811358,2026/8/17 11:34,MW2027B00861,B47,NULL,14,                    ,A01697,3.22E+00,5.70E-04,18394,NULL,268,-0.02629
1811357,2026/8/17 11:34,MW2027B00768,B47,NULL,14,                    ,A01697,3.22E+00,5.70E-04,18406,NULL,268,-0.03005
1811356,2026/8/17 11:33,MW2027B00855,B47,NULL,14,                    ,A01697,3.22E+00,5.80E-04,18385,NULL,268,-0.02518
1811355,2026/8/17 11:33,MW2027B00760,B47,NULL,14,                    ,A01697,3.21E+00,5.60E-04,18266,NULL,268,-0.04732
1811354,2026/8/17 11:32,MW2027B04088,B47,NULL,14,                    ,A01697,3.21E+00,5.60E-04,18312,NULL,268,-0.04009
1811353,2026/8/17 11:32,MW2027B03859,B48,NULL,15,                    ,A01697,3.22E+00,5.60E-04,18085,NULL,268,-0.04431
1811352,2026/8/17 11:32,MW2027B04298,B48,NULL,15,                    ,A01697,3.22E+00,5.70E-04,18293,NULL,268,-0.03069
1811351,2026/8/17 11:31,MW2035B00357,KGH,NULL,3,                    ,A19339,3.21E+00,1.05E-03,18538,NULL,268,-0.04731
1811350,2026/8/17 11:31,MW2037B00753,AC20,NULL,10,                    ,A19339,3.23E+00,9.50E-04,18262,NULL,268,-0.03646
1811349,2026/8/17 11:30,MW2037B04023,AC20,NULL,10,                    ,A19339,3.23E+00,1.69E-03,18031,NULL,268,0.03081
1811348,2026/8/17 11:30,MW2037B01810,AC20,NULL,10,                    ,A19339,3.23E+00,1.25E-03,18140,NULL,268,-0.05386
1811347,2026/8/17 11:29,MW2037B01017,AC20,NULL,10,                    ,A19339,3.22E+00,1.07E-03,18247,NULL,268,-0.04244
1811346,2026/8/17 11:29,MW2037B10985,AC20,NULL,10,                    ,A19339,3.22E+00,9.90E-04,18140,NULL,268,0.00789
1811345,2026/8/17 11:29,MW2037B11130,C46,NULL,23,                    ,A19339,3.22E+00,8.00E-04,18069,NULL,268,0.00926
1811344,2026/8/17 11:28,MW2037B11186,AC20,NULL,10,                    ,A19339,3.22E+00,1.00E-03,18243,NULL,268,0.0116
1811343,2026/8/17 11:28,MW2037B12753,AC20,NULL,10,                    ,A19339,3.23E+00,9.50E-04,18167,NULL,268,-0.02948
1811342,2026/8/17 11:27,MW2037B12758,AC20,NULL,10,                    ,A19339,3.23E+00,1.12E-03,18157,NULL,268,0.03085
1811341,2026/8/17 11:27,MW2037B03573,CLL,NULL,19,                    ,A19339,3.23E+00,1.39E-03,18163,NULL,268,-0.00407
1811340,2026/8/17 11:27,MW2037B08848,D47,NULL,30,                    ,A19339,3.23E+00,6.60E-04,18190,NULL,268,0.00492
1811339,2026/8/17 11:26,MW2025B04329,C47,NULL,24,                    ,A04157,3.20E+00,6.30E-04,18095,NULL,268,-0.10059
1811338,2026/8/17 11:26,MW2025B04308,C49,NULL,26,                    ,A04157,3.20E+00,6.50E-04,18214,NULL,268,-0.01864
1811337,2026/8/17 11:25,MW2025B04311,B49,NULL,16,                    ,A04157,3.21E+00,6.30E-04,18063,NULL,268,-0.00118
1811336,2026/8/17 11:25,MW2025B04309,B49,NULL,16,                    ,A04157,3.22E+00,6.30E-04,18104,NULL,268,0.04049
1811335,2026/8/17 11:25,MW2025B04416,B47,NULL,14,                    ,A04157,3.23E+00,6.40E-04,18348,NULL,268,-0.03278
1811334,2026/8/17 11:24,MW2025B00677,A49,NULL,9,                    ,A04157,3.20E+00,6.50E-04,18314,NULL,268,0.03867
1811333,2026/8/17 11:24,MW2025B00325,D49,NULL,32,                    ,A04157,3.22E+00,6.60E-04,18378,NULL,268,0.02104
1811332,2026/8/17 11:23,MW2025B00280,CHH,NULL,20,                    ,A04157,3.21E+00,6.60E-04,18368,NULL,268,-0.00319
1811331,2026/8/17 11:23,MW2025B00279,CHH,NULL,20,                    ,A04157,3.22E+00,6.60E-04,18373,NULL,268,0.02785
1811330,2026/8/17 11:23,MW2025B00278,KGH,NULL,3,                    ,A04157,3.21E+00,6.70E-04,18415,NULL,268,0.00644
1811329,2026/8/17 11:20,MW2027B01416,A47,NULL,7,NULL,A13323,3.22E+00,5.00E-04,18693,NULL,268,0.02526
1811328,2026/8/17 11:20,MW2025B00277,CHH,NULL,20,                    ,A04157,3.22E+00,6.90E-04,18377,NULL,268,0.028
1811327,2026/8/17 11:19,MW2027B05591,D46,NULL,29,NULL,A13323,3.22E+00,4.80E-04,18503,NULL,268,0.01205
1811326,2026/8/17 11:19,MW2025B00276,CHH,NULL,20,                    ,A04157,3.21E+00,6.70E-04,18378,NULL,268,-0.07035
1811325,2026/8/17 11:19,MW2027B05743,D47,NULL,30,NULL,A13323,3.22E+00,4.90E-04,18650,NULL,268,0.00272
1811324,2026/8/17 11:19,MW2027B07802,B49,NULL,16,                    ,A23116,3.21E+00,5.80E-04,18573,NULL,268,-0.07509
1811323,2026/8/17 11:18,MW2027B05737,A47,NULL,7,NULL,A13323,3.20E+00,5.00E-04,18573,NULL,268,0.00388
1811322,2026/8/17 11:18,MW2027B10572,B49,NULL,16,                    ,A23116,3.21E+00,5.50E-04,18613,NULL,268,-0.07523
1811321,2026/8/17 11:18,MW2027B02549,B49,NULL,16,NULL,A14484,3.22E+00,4.70E-04,19269,NULL,268,0.00082
1811320,2026/8/17 11:18,MW2027B10867,B49,NULL,16,                    ,A23116,3.21E+00,5.50E-04,18341,NULL,268,-0.06781
1811319,2026/8/17 11:18,MW2027B10869,B49,NULL,16,                    ,A23116,3.22E+00,5.50E-04,18337,NULL,268,0.00553
1811318,2026/8/17 11:17,MW2027B06146,B49,NULL,16,NULL,A14484,3.22E+00,4.60E-04,18977,NULL,268,-0.08404
1811317,2026/8/17 11:17,MW2027B00864,KEF,NULL,2,                    ,A23116,3.19E+00,5.90E-04,18457,NULL,268,0.00154
1811316,2026/8/17 11:17,MW2027B05878,B49,NULL,16,NULL,A14484,3.22E+00,4.80E-04,18741,NULL,268,-0.07937
1811315,2026/8/17 11:17,MW2027B00796,KEF,NULL,2,                    ,A23116,3.19E+00,5.90E-04,18395,NULL,268,0.00512
1811314,2026/8/17 11:17,MW2027B02657,B49,NULL,16,NULL,A14484,3.22E+00,4.70E-04,19300,NULL,268,-0.07742
1811313,2026/8/17 11:16,MW2027B02494,KEF,NULL,2,                    ,A23116,3.21E+00,5.90E-04,18053,NULL,268,-0.08272
1811312,2026/8/17 11:16,MW2027B02026,B48,NULL,15,NULL,A14484,3.22E+00,4.50E-04,18799,NULL,268,0.00884
1811311,2026/8/17 11:16,MW2027B00863,KEF,NULL,2,                    ,A23116,3.20E+00,5.60E-04,18330,NULL,268,-0.00334
1811310,2026/8/17 11:16,MW2027B02032,B48,NULL,15,NULL,A14484,3.22E+00,4.80E-04,18872,NULL,268,0.00034
1811309,2026/8/17 11:16,MW2027B02359,KEF,NULL,2,                    ,A23116,3.20E+00,5.60E-04,17939,NULL,268,-0.01429
1811308,2026/8/17 11:15,MW2027B02029,B48,NULL,15,NULL,A14484,3.22E+00,4.80E-04,18758,NULL,268,0.0086
1811307,2026/8/17 11:15,MW2027B02493,KEF,NULL,2,                    ,A23116,3.20E+00,5.40E-04,18056,NULL,268,0.00907
1811306,2026/8/17 11:15,MW2027B07167,B48,NULL,15,NULL,A14484,3.22E+00,4.70E-04,18972,NULL,268,0.00217
1811305,2026/8/17 11:15,MW2027B02334,KEF,NULL,2,                    ,A23116,3.20E+00,5.70E-04,18074,NULL,268,0.00804
1811304,2026/8/17 11:14,MW2027B03843,KEF,NULL,2,                    ,A23116,3.19E+00,5.50E-04,18355,NULL,268,-0.00631
1811303,2026/8/17 11:14,MW2027B07169,B48,NULL,15,NULL,A14484,3.22E+00,4.70E-04,18902,NULL,268,0.02269
1811302,2026/8/17 11:14,MW2027B06807,A49,NULL,9,                    ,A16339,3.22E+00,5.80E-04,18331,NULL,268,-0.00238
1811301,2026/8/17 11:14,MW2027B02250,B48,NULL,15,NULL,A14484,3.22E+00,4.70E-04,18824,NULL,268,0.01571
1811300,2026/8/17 11:13,MW2027B02645,A49,NULL,9,                    ,A16339,3.22E+00,5.70E-04,18546,NULL,268,-0.12987
1811299,2026/8/17 11:13,MW2027B02247,B48,NULL,15,NULL,A14484,3.22E+00,4.50E-04,18720,NULL,268,0.13769
1811298,2026/8/17 11:13,MW2027B03597,B44,NULL,11,                    ,A16339,3.22E+00,5.70E-04,18150,NULL,268,-0.00752
1811297,2026/8/17 11:13,MW2027B03789,B48,NULL,15,NULL,A14484,3.22E+00,4.80E-04,18866,NULL,268,0.01798
1811296,2026/8/17 11:13,MW2027B04704,B44,NULL,11,                    ,A16339,3.22E+00,5.70E-04,18109,NULL,268,-0.02281
1811295,2026/8/17 11:12,MW2025B04581,CHH,NULL,20,NULL,A17286,3.23E+00,5.50E-04,18350,NULL,268,0.00799
1811294,2026/8/17 11:12,MW2027B04706,B44,NULL,11,                    ,A16339,3.22E+00,5.80E-04,18019,NULL,268,0.01595
1811293,2026/8/17 11:12,MW2025B04580,CHH,NULL,20,NULL,A17286,3.23E+00,5.60E-04,18331,NULL,268,-0.0181
1811292,2026/8/17 11:12,MW2027B04707,B44,NULL,11,                    ,A16339,3.22E+00,5.90E-04,18216,NULL,268,0.00707
1811291,2026/8/17 11:11,MW2025B04578,KGH,NULL,3,NULL,A17286,3.20E+00,5.50E-04,18690,NULL,268,-0.00059
1811290,2026/8/17 11:11,MW2026B01308,KGH,NULL,3,                    ,A16339,3.22E+00,6.00E-04,18579,NULL,268,0.00711
1811289,2026/8/17 11:11,MW2025B04613,A48,NULL,8,NULL,A17286,3.22E+00,5.20E-04,18675,NULL,268,-0.20477
1811288,2026/8/17 11:11,MW2027B06131,B44,NULL,11,                    ,A16339,3.23E+00,5.90E-04,18156,NULL,268,-0.05582
1811287,2026/8/17 11:11,MW2025B04612,A49,NULL,9,NULL,A17286,3.20E+00,5.30E-04,18632,NULL,268,0.01337
1811286,2026/8/17 11:11,MW2027B07062,B44,NULL,11,                    ,A16339,3.22E+00,5.50E-04,18160,NULL,268,-0.03338
1811285,2026/8/17 11:10,MW2027B05018,B44,NULL,11,                    ,A16339,3.23E+00,5.70E-04,18200,NULL,268,0.01909
1811284,2026/8/17 11:10,MW2025B04611,A49,NULL,9,NULL,A17286,3.20E+00,5.30E-04,18716,NULL,268,-0.0459
1811283,2026/8/17 11:10,MW2027B05017,B44,NULL,11,                    ,A16339,3.23E+00,5.70E-04,18094,NULL,268,-0.15662
1811282,2026/8/17 11:10,MW2025B04607,A48,NULL,8,NULL,A17286,3.22E+00,5.30E-04,18875,NULL,268,0.03988
1811281,2026/8/17 11:09,MW2027B05314,B44,NULL,11,                    ,A16339,3.22E+00,5.80E-04,18106,NULL,268,0.03385
1811280,2026/8/17 11:09,MW2025B04568,KGH,NULL,3,NULL,A17286,2.91E+00,5.30E-04,18742,NULL,268,0.04698
1811279,2026/8/17 11:09,MW2027B07579,C49,NULL,26,                    ,A02165,3.20E+00,5.80E-04,18612,NULL,268,0.04188
1811278,2026/8/17 11:09,MW2025B00241,B49,NULL,16,NULL,A17286,3.21E+00,5.70E-04,18719,NULL,268,0.03156
1811277,2026/8/17 11:09,MW2027B06966,C49,NULL,26,                    ,A02165,3.22E+00,5.70E-04,18788,NULL,268,0.03056
1811276,2026/8/17 11:08,MW2025B00260,B48,NULL,15,NULL,A17286,3.22E+00,5.50E-04,18847,NULL,268,0.0593
1811275,2026/8/17 11:08,MW2027B06860,C49,NULL,26,                    ,A02165,3.21E+00,5.90E-04,18287,NULL,268,-0.00747
1811274,2026/8/17 11:08,MW2025B04559,O,NULL,1,NULL,A17286,0.00E+00,0.00E+00,18733,NULL,268,0.03709
1811273,2026/8/17 11:08,MW2027B10431,D44,NULL,27,                    ,A02165,3.22E+00,5.40E-04,18154,NULL,268,-0.01054
1811272,2026/8/17 11:08,MW2027B10431,D44,NULL,27,                    ,A02165,3.22E+00,5.40E-04,18154,NULL,268,0.03383
1811271,2026/8/17 11:07,MW2027B05872,D44,NULL,27,                    ,A02165,3.23E+00,6.00E-04,18091,NULL,268,-0.01299
1811270,2026/8/17 11:07,MW2027B14624,D45,NULL,28,                    ,A02165,3.21E+00,5.70E-04,18423,NULL,268,0.00933
1811269,2026/8/17 11:06,MW2027B14813,D45,NULL,28,                    ,A02165,3.22E+00,5.90E-04,18419,NULL,268,-0.0303
1811268,2026/8/17 11:06,MW2027B08707,D46,NULL,29,                    ,A02165,3.22E+00,5.50E-04,18294,NULL,268,0.00343
1811267,2026/8/17 11:06,MW2027B04718,D46,NULL,29,                    ,A02165,3.22E+00,5.90E-04,18216,NULL,268,0.02541
1811266,2026/8/17 11:05,MW2027B10595,D46,NULL,29,                    ,A02165,3.22E+00,5.50E-04,18408,NULL,268,0.00859
1811265,2026/8/17 11:05,MW2025B04582,CHH,NULL,20,NULL,A17286,3.23E+00,5.30E-04,18404,NULL,268,0.00473
1811264,2026/8/17 11:05,MW2027B13194,D46,NULL,29,                    ,A02165,3.22E+00,5.50E-04,18314,NULL,268,0.01066
1811263,2026/8/17 11:05,MW2025B00651,A49,NULL,9,NULL,A15140,3.22E+00,5.70E-04,18763,NULL,268,0.00135
1811262,2026/8/17 11:04,MW2027B13152,D46,NULL,29,                    ,A02165,3.22E+00,5.50E-04,18623,NULL,268,0.00066
1811261,2026/8/17 11:04,MW2025B04691,A48,NULL,8,NULL,A15140,3.22E+00,5.20E-04,18991,NULL,268,0.00205
1811260,2026/8/17 11:04,MW2027B05269,B45,NULL,12,                    ,A23125,3.22E+00,5.80E-04,18017,NULL,268,0.00161
1811259,2026/8/17 11:04,MW2025B04690,C48,NULL,25,NULL,A15140,3.21E+00,5.10E-04,18896,NULL,268,0.00806
1811258,2026/8/17 11:04,MW2027B05925,B45,NULL,12,                    ,A23125,3.22E+00,5.80E-04,18175,NULL,268,0.00991
1811257,2026/8/17 11:03,MW2027B05099,B45,NULL,12,                    ,A23125,3.22E+00,5.90E-04,18273,NULL,268,-0.27427
1811256,2026/8/17 11:03,MW2027B03102,B46,NULL,13,                    ,A23125,3.22E+00,5.70E-04,18353,NULL,268,-0.2444
1811255,2026/8/17 11:03,MW2027B03080,B46,NULL,13,                    ,A23125,3.22E+00,5.50E-04,17940,NULL,268,-0.04793
1811254,2026/8/17 11:02,MW2027B03112,B46,NULL,13,                    ,A23125,3.22E+00,5.60E-04,18346,NULL,268,-0.01389
1811253,2026/8/17 11:02,MW2027B05200,B46,NULL,13,                    ,A23125,3.22E+00,5.90E-04,18089,NULL,268,-0.0138
1811252,2026/8/17 11:01,MW2027B03788,B46,NULL,13,                    ,A23125,3.22E+00,5.60E-04,18474,NULL,268,-0.01593
1811251,2026/8/17 11:01,MW2027B06994,B46,NULL,13,                    ,A23125,3.22E+00,5.70E-04,18184,NULL,268,-0.03337
1811250,2026/8/17 11:00,MW2027B07115,B46,NULL,13,                    ,A23125,3.22E+00,5.90E-04,18402,NULL,268,-0.01292
1811249,2026/8/17 11:00,MW2027B05168,B46,NULL,13,                    ,A23125,3.22E+00,5.90E-04,18010,NULL,268,-0.00048
1811248,2026/8/17 11:00,MW2027B05299,B46,NULL,13,                    ,A23125,3.22E+00,5.70E-04,18243,NULL,268,-0.0782
1811247,2026/8/17 10:59,MW2025B04471,KGH,NULL,3,                    ,A12260,3.14E+00,6.20E-04,17979,NULL,268,-0.06846
1811246,2026/8/17 10:59,MW2025B04470,KGH,NULL,3,                    ,A12260,3.08E+00,6.40E-04,18095,NULL,268,0.02482
1811245,2026/8/17 10:58,MW2025B04469,CHH,NULL,20,                    ,A12260,3.20E+00,6.30E-04,18077,NULL,268,-0.01178
1811244,2026/8/17 10:58,MW2025B02737,A48,NULL,8,                    ,A12260,3.22E+00,6.20E-04,18399,NULL,268,-0.02649
1811243,2026/8/17 10:57,MW2025B02735,A48,NULL,8,                    ,A12260,3.22E+00,6.30E-04,18350,NULL,268,0.06307
1811242,2026/8/17 10:57,MW2025B02733,A48,NULL,8,                    ,A12260,3.22E+00,6.10E-04,18308,NULL,268,-0.0664
1811241,2026/8/17 10:57,MW2025B04723,C48,NULL,25,                    ,A12260,3.21E+00,6.50E-04,18484,NULL,268,-0.04965
1811240,2026/8/17 10:56,MW2025B04724,A48,NULL,8,                    ,A12260,3.21E+00,6.50E-04,18289,NULL,268,-0.01463
1811239,2026/8/17 10:56,MW2025B03369,A48,NULL,8,                    ,A12260,3.22E+00,6.30E-04,18178,NULL,268,-0.01612
1811238,2026/8/17 10:55,MW2025B03370,KEF,NULL,2,                    ,A12260,3.20E+00,6.40E-04,18268,NULL,268,-0.01755
1811237,2026/8/17 10:55,MW2025B03368,KEF,NULL,2,                    ,A12260,3.20E+00,6.30E-04,18234,NULL,268,-0.02602
1811236,2026/8/17 10:55,MW2025B00261,B48,NULL,15,                    ,A12260,3.22E+00,6.60E-04,18253,NULL,268,-0.01706
1811235,2026/8/17 10:54,MW2027B08482,A46,NULL,6,                    ,A00023,3.22E+00,5.70E-04,18235,NULL,268,0.01297
1811234,2026/8/17 10:54,MW2027B08484,A46,NULL,6,                    ,A00023,3.21E+00,5.80E-04,18204,NULL,268,-0.04903
1811233,2026/8/17 10:53,MW2027B13650,KEF,NULL,2,                    ,A00023,3.21E+00,5.80E-04,18151,NULL,268,-0.03774
1811232,2026/8/17 10:53,MW2033B01806,KEF,NULL,2,                    ,A00023,3.23E+00,8.50E-04,18127,NULL,268,-0.00458
1811231,2026/8/17 10:53,MW2033B01805,AC20,NULL,10,                    ,A00023,3.22E+00,1.03E-03,18050,NULL,268,-0.01875
1811230,2026/8/17 10:52,MW2021B00095,AC20,NULL,10,                    ,A00023,3.23E+00,9.00E-04,18276,NULL,268,-0.01915
1811229,2026/8/17 10:52,MW2021B00093,AC20,NULL,10,                    ,A00023,3.23E+00,8.60E-04,18122,NULL,268,-0.01917
1811228,2026/8/17 10:51,MW2021B00524,A44,NULL,4,                    ,A00023,3.23E+00,7.70E-04,18445,NULL,268,-0.02586
1811227,2026/8/17 10:50,MW2021B00834,AC20,NULL,10,                    ,A00023,3.23E+00,8.90E-04,18227,NULL,268,-0.01744
1811226,2026/8/17 10:49,MW2021B00964,A47,NULL,7,                    ,A00023,3.23E+00,7.20E-04,18198,NULL,268,-0.0192
1811225,2026/8/17 10:49,MW2025B04476,B49,NULL,16,NULL,A15140,3.22E+00,4.90E-04,18507,NULL,268,0.02575
1811224,2026/8/17 10:49,MW2021B00714,AC20,NULL,10,                    ,A00023,3.23E+00,8.10E-04,18119,NULL,268,-0.02156
1811223,2026/8/17 10:49,MW2036B03840,AC20,NULL,10,                    ,A00023,3.23E+00,1.22E-03,18443,NULL,268,-0.01652
1811222,2026/8/17 10:48,MW2025B03804,A46,NULL,6,NULL,A15140,3.22E+00,5.60E-04,18852,NULL,268,-0.01872
1811221,2026/8/17 10:48,MW2025B02293,CHH,NULL,20,                    ,A22169,3.21E+00,6.30E-04,18235,NULL,268,-0.02393
1811220,2026/8/17 10:48,MW2025B03228,A46,NULL,6,NULL,A15140,3.23E+00,5.40E-04,18906,NULL,268,-0.01243
1811219,2026/8/17 10:48,MW2025B02374,A47,NULL,7,                    ,A22169,3.22E+00,6.30E-04,18344,NULL,268,-0.02852
1811218,2026/8/17 10:48,MW2025B03192,A46,NULL,6,NULL,A15140,3.22E+00,5.20E-04,18885,NULL,268,0.00783
1811217,2026/8/17 10:47,MW2025B02292,CHH,NULL,20,                    ,A22169,3.22E+00,6.60E-04,18264,NULL,268,-0.0267
1811216,2026/8/17 10:47,MW2025B02373,A46,NULL,6,NULL,A15140,3.22E+00,5.30E-04,18691,NULL,268,-0.05815
1811215,2026/8/17 10:47,MW2025B02376,B47,NULL,14,                    ,A22169,3.22E+00,6.30E-04,18339,NULL,268,-0.01758
1811214,2026/8/17 10:47,MW2025B02372,A46,NULL,6,NULL,A15140,3.22E+00,5.30E-04,18872,NULL,268,-0.02324
1811213,2026/8/17 10:46,MW2020B00101,A47,NULL,7,                    ,A22169,3.23E+00,6.40E-04,18188,NULL,268,-0.03185
1811212,2026/8/17 10:46,MW2025B02291,A49,NULL,9,NULL,A15140,3.22E+00,5.60E-04,19020,NULL,268,-0.01436
1811211,2026/8/17 10:46,MW2020B00176,A47,NULL,7,                    ,A22169,3.22E+00,7.70E-04,18244,NULL,268,-0.02441
1811210,2026/8/17 10:46,MW2025B02732,A49,NULL,9,NULL,A15140,3.22E+00,5.10E-04,18849,NULL,268,-0.02218
1811209,2026/8/17 10:46,MW2020B00177,A47,NULL,7,                    ,A22169,3.22E+00,7.70E-04,18296,NULL,268,-0.02165
1811208,2026/8/17 10:45,MW2025B00353,O,NULL,1,NULL,A15140,0.00E+00,0.00E+00,18755,NULL,268,0.00428
1811207,2026/8/17 10:45,MW2017B02971,O,NULL,1,                    ,A22169,6.00E-04,0.00E+00,16944,NULL,268,0.03014
1811206,2026/8/17 10:43,MW2025B03151,A46,NULL,6,NULL,A21511,3.22E+00,5.30E-04,18952,NULL,268,0.04883
1811205,2026/8/17 10:43,MW2025B03152,O,NULL,1,NULL,A21511,0.00E+00,0.00E+00,18904,NULL,268,0.03049
1811204,2026/8/17 10:43,MW2017B06854,O,NULL,1,                    ,A22169,0.00E+00,0.00E+00,17026,NULL,268,0.02283
1811203,2026/8/17 10:41,MW2025B03153,C44,NULL,21,NULL,A21511,3.22E+00,5.30E-04,18807,NULL,268,0.02751
1811202,2026/8/17 10:41,MW2025B02918,A45,NULL,5,NULL,A21511,3.23E+00,5.10E-04,18821,NULL,268,0.00433
1811201,2026/8/17 10:39,MW2025B02917,A45,NULL,5,NULL,A21511,3.23E+00,5.20E-04,18912,NULL,268,0.01673
1811200,2026/8/17 10:39,MW2025B02916,C45,NULL,22,NULL,A21511,3.23E+00,5.20E-04,18851,NULL,268,-0.09101
1811199,2026/8/17 10:38,MW2017B07665,O,NULL,1,                    ,A22169,1.20E-03,0.00E+00,16619,NULL,268,0.03876
1811198,2026/8/17 10:38,MW2025B02281,A45,NULL,5,NULL,A21511,3.23E+00,5.10E-04,18860,NULL,268,-0.05009
1811197,2026/8/17 10:38,MW2025B02281,A45,NULL,5,NULL,A21511,3.23E+00,5.10E-04,18860,NULL,268,-0.0059
1811196,2026/8/17 10:36,MW2025B02273,A45,NULL,5,NULL,A21511,3.22E+00,5.30E-04,18808,NULL,268,-0.04629
1811195,2026/8/17 10:35,MW2025B03154,O,NULL,1,NULL,A21511,3.23E+00,0.00E+00,18835,NULL,268,-0.02407
1811194,2026/8/17 10:35,MW2017B07803,O,NULL,1,                    ,A22169,4.08E-01,0.00E+00,16655,NULL,268,-0.10706
1811193,2026/8/17 10:33,MW2025B03156,A45,NULL,5,NULL,A21511,3.23E+00,5.20E-04,18890,NULL,268,-0.10002
1811192,2026/8/17 10:33,MW2025B00218,O,NULL,1,NULL,A21511,0.00E+00,0.00E+00,19131,NULL,268,-0.0196
1811191,2026/8/17 10:33,MW2017B07910,O,NULL,1,                    ,A22169,1.00E-04,0.00E+00,16698,NULL,268,0.00678
1811190,2026/8/17 10:31,MW2027B11037,D48,NULL,31,                    ,A10547,3.21E+00,5.50E-04,18305,NULL,268,0.00562
1811189,2026/8/17 10:31,MW2027B11036,D48,NULL,31,                    ,A10547,3.21E+00,5.50E-04,18337,NULL,268,0.00227
1811188,2026/8/17 10:31,MW2027B13914,D47,NULL,30,                    ,A10547,3.22E+00,5.70E-04,18176,NULL,268,-0.02067
1811187,2026/8/17 10:30,MW2027B13683,B47,NULL,14,                    ,A10547,3.22E+00,5.70E-04,18168,NULL,268,-0.00267
1811186,2026/8/17 10:30,MW2027B13758,B48,NULL,15,                    ,A10547,3.22E+00,5.50E-04,18265,NULL,268,-0.0173
1811185,2026/8/17 10:29,MW2027B13852,B47,NULL,14,                    ,A10547,3.22E+00,5.70E-04,18223,NULL,268,-0.02176
1811184,2026/8/17 10:29,MW2027B13868,B47,NULL,14,                    ,A10547,3.22E+00,5.60E-04,18164,NULL,268,-0.02888
1811183,2026/8/17 10:28,MW2027B13846,KEF,NULL,2,                    ,A10547,3.20E+00,5.60E-04,18181,NULL,268,-0.02988
1811182,2026/8/17 10:28,MW2027B11136,D47,NULL,30,                    ,A10547,3.21E+00,5.50E-04,18373,NULL,268,-0.02218
1811181,2026/8/17 10:28,MW2027B08837,C46,NULL,23,                    ,A10547,3.21E+00,5.60E-04,18251,NULL,268,-0.02137
1811180,2026/8/17 10:27,MW2027B06042,CHH,NULL,20,                    ,A10547,3.23E+00,5.90E-04,18321,NULL,268,-0.02675
1811179,2026/8/17 10:27,MW2027B13919,O,NULL,1,                    ,A10547,3.21E+00,5.60E-04,18141,NULL,268,-0.04945
1811178,2026/8/17 10:26,MW2025B02295,CHH,NULL,20,                    ,A10848,3.22E+00,6.40E-04,18412,NULL,268,-0.03845
1811177,2026/8/17 10:26,MW2025B03191,A47,NULL,7,                    ,A10848,3.23E+00,6.40E-04,18512,NULL,268,-0.03928
1811176,2026/8/17 10:26,MW2025B03806,KGH,NULL,3,                    ,A10848,3.20E+00,6.60E-04,18263,NULL,268,-0.04009
1811175,2026/8/17 10:25,MW2025B03802,KGH,NULL,3,                    ,A10848,3.20E+00,6.50E-04,18363,NULL,268,-0.05168
1811174,2026/8/17 10:25,MW2025B03813,A45,NULL,5,                    ,A10848,3.23E+00,6.40E-04,18290,NULL,268,-0.024
1811173,2026/8/17 10:24,MW2025B04242,B47,NULL,14,                    ,A10848,3.22E+00,6.20E-04,18270,NULL,268,0.03875
1811172,2026/8/17 10:24,MW2025B04241,B47,NULL,14,                    ,A10848,3.22E+00,6.20E-04,18200,NULL,268,-0.01302
1811171,2026/8/17 10:24,MW2025B04265,B47,NULL,14,                    ,A10848,3.22E+00,6.30E-04,18385,NULL,268,-0.01744
1811170,2026/8/17 10:23,MW2025B01481,A48,NULL,8,                    ,A10848,3.22E+00,6.50E-04,18316,NULL,268,-0.0508
1811169,2026/8/17 10:23,MW2025B01005,A49,NULL,9,                    ,A10848,3.22E+00,6.40E-04,18238,NULL,268,-0.02113
1811168,2026/8/17 10:22,MW2025B02939,A49,NULL,9,                    ,A10848,3.22E+00,6.30E-04,18172,NULL,268,-0.03533
1811167,2026/8/17 10:22,MW2025B03902,A49,NULL,9,                    ,A10848,3.22E+00,6.50E-04,18190,NULL,268,-0.02202
1811166,2026/8/17 10:21,MW2037B02957,AC20,NULL,10,                    ,A21055,3.23E+00,1.41E-03,18341,NULL,268,-0.02076
1811165,2026/8/17 10:21,MW2037B03022,AC20,NULL,10,                    ,A21055,3.23E+00,1.37E-03,18127,NULL,268,-0.02729
1811164,2026/8/17 10:21,MW2037B00411,AC20,NULL,10,                    ,A21055,3.23E+00,1.30E-03,18314,NULL,268,-0.02131
1811163,2026/8/17 10:19,MW2037B04173,AC20,NULL,10,                    ,A21055,3.23E+00,1.18E-03,18192,NULL,268,-0.02674
1811162,2026/8/17 10:19,MW2037B04180,AC20,NULL,10,                    ,A21055,3.23E+00,1.34E-03,18257,NULL,268,-0.0685
1811161,2026/8/17 10:19,MW2037B03681,AC20,NULL,10,                    ,A21055,3.22E+00,1.50E-03,18221,NULL,268,-0.02669
1811160,2026/8/17 10:18,MW2037B12760,AC20,NULL,10,                    ,A21055,3.23E+00,1.05E-03,18097,NULL,268,-0.02713
1811159,2026/8/17 10:18,MW2037B03338,AC20,NULL,10,                    ,A21055,3.23E+00,1.51E-03,18137,NULL,268,-0.02353
1811158,2026/8/17 10:17,MW2037B03339,AC20,NULL,10,                    ,A21055,3.23E+00,1.26E-03,18119,NULL,268,-0.02584
1811157,2026/8/17 10:17,MW2037B05086,AC20,NULL,10,                    ,A21055,3.23E+00,1.26E-03,18233,NULL,268,-0.01968
1811156,2026/8/17 10:16,MW2037B02417,AC20,NULL,10,                    ,A21055,3.23E+00,1.14E-03,18304,NULL,268,-0.02905
1811155,2026/8/17 10:14,MW2037B14604,D45,NULL,28,                    ,A21055,3.23E+00,7.60E-04,18091,NULL,268,-0.03427
1811154,2026/8/17 10:13,MW2045B62937,AC20,NULL,10,                    ,A07908,3.24E+00,8.10E-04,18057,NULL,268,-0.02627
1811153,2026/8/17 10:13,MW2045B62939,A46,NULL,6,                    ,A07908,3.24E+00,7.80E-04,18202,NULL,268,-0.02253
1811152,2026/8/17 10:12,MW2025B02672,C46,NULL,23,NULL,A21511,3.18E+00,5.30E-04,19120,NULL,268,-0.05042
1811151,2026/8/17 10:12,MW2045B65989,A48,NULL,8,                    ,A07908,3.24E+00,6.00E-04,17976,NULL,268,-0.09643
1811150,2026/8/17 10:12,MW2037B16953,C48,NULL,25,NULL,A00804,3.22E+00,5.30E-04,18729,NULL,268,-0.03668
1811149,2026/8/17 10:12,MW2045B65983,A47,NULL,7,                    ,A07908,3.24E+00,5.70E-04,17848,NULL,268,-0.02227
1811148,2026/8/17 10:12,MW2037B09605,A46,NULL,6,NULL,A00804,3.23E+00,7.10E-04,18604,NULL,268,-0.32764
1811147,2026/8/17 10:11,MW2045B65984,A47,NULL,7,                    ,A07908,3.24E+00,5.80E-04,17929,NULL,268,-0.02158
1811146,2026/8/17 10:11,MW2037B09603,AC20,NULL,10,NULL,A00804,3.23E+00,8.40E-04,18504,NULL,268,-0.00016
1811145,2026/8/17 10:11,MW2045B65985,A47,NULL,7,                    ,A07908,3.24E+00,5.90E-04,18029,NULL,268,-0.09432
1811144,2026/8/17 10:11,MW2037B09604,KEF,NULL,2,NULL,A00804,3.22E+00,7.40E-04,18627,NULL,268,-0.00047
1811143,2026/8/17 10:11,MW2045B65986,A46,NULL,6,                    ,A07908,3.24E+00,5.70E-04,17803,NULL,268,-0.00801
1811142,2026/8/17 10:10,MW2045B65977,A46,NULL,6,                    ,A07908,3.24E+00,5.90E-04,17853,NULL,268,-0.02433
1811141,2026/8/17 10:10,MW2037B09644,A46,NULL,6,NULL,A00804,3.23E+00,7.40E-04,18493,NULL,268,-0.02425
1811140,2026/8/17 10:10,MW2045B65975,A46,NULL,6,                    ,A07908,3.24E+00,5.90E-04,17876,NULL,268,-0.02504
1811139,2026/8/17 10:10,MW2037B09602,A45,NULL,5,NULL,A00804,3.23E+00,8.00E-04,18629,NULL,268,-0.02733
1811138,2026/8/17 10:09,MW2045B62919,A45,NULL,5,                    ,A07908,3.24E+00,7.20E-04,18080,NULL,268,-0.01728
1811137,2026/8/17 10:09,MW2037B09643,C45,NULL,22,NULL,A00804,3.23E+00,7.40E-04,18552,NULL,268,-0.0155
1811136,2026/8/17 10:09,MW2045B62839,A45,NULL,5,                    ,A07908,3.24E+00,8.00E-04,17948,NULL,268,-0.01317
1811135,2026/8/17 10:09,MW2037B09642,AC20,NULL,10,NULL,A00804,3.23E+00,9.10E-04,18808,NULL,268,-0.01998
1811134,2026/8/17 10:09,MW2045B69028,C46,NULL,23,                    ,A07908,3.24E+00,6.00E-04,17870,NULL,268,-0.03377
1811133,2026/8/17 10:08,MW2037B09641,KEF,NULL,2,NULL,A00804,3.21E+00,4.80E-04,18594,NULL,268,-0.03347
1811132,2026/8/17 10:08,MW2037B09640,C46,NULL,23,NULL,A00804,3.22E+00,7.50E-04,18576,NULL,268,-0.04767
1811131,2026/8/17 10:07,MW2037B09648,A47,NULL,7,NULL,A00804,3.23E+00,7.30E-04,18581,NULL,268,-0.03519
1811130,2026/8/17 10:07,MW2037B09646,KGH,NULL,3,NULL,A00804,3.20E+00,4.90E-04,18397,NULL,268,-0.03467
1811129,2026/8/17 10:06,MW2040B00438,O,NULL,1,NULL,A10399,0.00E+00,0.00E+00,18551,NULL,268,-0.03443
1811128,2026/8/17 10:05,MW2045B70342,A46,NULL,6,                    ,A14362,3.24E+00,6.90E-04,18059,NULL,268,-0.03184
1811127,2026/8/17 10:04,MW2041B03310,KEF,NULL,2,                    ,A14362,3.22E+00,1.24E-03,18398,NULL,268,-0.04792
1811126,2026/8/17 10:04,MW2045B70344,A45,NULL,5,                    ,A14362,3.25E+00,6.10E-04,18011,NULL,268,-0.05159
1811125,2026/8/17 10:03,MW2045B70400,A45,NULL,5,                    ,A14362,3.25E+00,6.00E-04,18066,NULL,268,-0.05179
1811124,2026/8/17 10:03,MW2045B71813,A46,NULL,6,                    ,A14362,3.25E+00,6.00E-04,17942,NULL,268,-0.04131
1811123,2026/8/17 10:03,MW2045B65371,A44,NULL,4,                    ,A14362,3.25E+00,5.80E-04,17858,NULL,268,-0.0303
1811122,2026/8/17 10:02,MW2045B65327,A44,NULL,4,                    ,A14362,3.24E+00,5.80E-04,17992,NULL,268,-0.11083
1811121,2026/8/17 10:02,MW2045B65326,A44,NULL,4,                    ,A14362,3.24E+00,5.70E-04,17866,NULL,268,-0.11869
1811120,2026/8/17 10:01,MW2045B65325,A45,NULL,5,                    ,A14362,3.24E+00,5.50E-04,17712,NULL,268,-0.18071
1811119,2026/8/17 10:01,MW2045B65324,A45,NULL,5,                    ,A14362,3.24E+00,5.90E-04,17983,NULL,268,-0.13414
1811118,2026/8/17 10:01,MW2045B65322,A45,NULL,5,                    ,A14362,3.24E+00,5.80E-04,17901,NULL,268,-0.12791
1811117,2026/8/17 10:00,MW2045B65323,A45,NULL,5,                    ,A14362,3.24E+00,5.80E-04,18034,NULL,268,-0.33198
1811116,2026/8/17 10:00,MW2031B00888,AC20,NULL,10,                    ,A05457,3.23E+00,1.11E-03,18020,NULL,268,-0.10299
1811115,2026/8/17 09:59,MW2031B00947,AC20,NULL,10,                    ,A05457,3.22E+00,9.40E-04,18292,NULL,268,-0.111
1811114,2026/8/17 09:59,MW2031B00921,AC20,NULL,10,                    ,A05457,3.22E+00,1.08E-03,18129,NULL,268,-0.12133
1811113,2026/8/17 09:59,MW2036B01974,AC20,NULL,10,                    ,A05457,3.22E+00,1.01E-03,18306,NULL,268,-0.10094
1811112,2026/8/17 09:58,MW2036B01975,AC20,NULL,10,                    ,A05457,3.22E+00,9.90E-04,18481,NULL,268,-0.11278
1811111,2026/8/17 09:58,MW2036B01976,AC20,NULL,10,                    ,A05457,3.22E+00,9.70E-04,18371,NULL,268,-0.1042
1811110,2026/8/17 09:57,MW2033B00953,AC20,NULL,10,                    ,A05457,3.23E+00,9.60E-04,18514,NULL,268,0.05344
1811109,2026/8/17 09:57,MW2031B01636,AC20,NULL,10,                    ,A05457,3.22E+00,1.07E-03,18047,NULL,268,0.01185
1811108,2026/8/17 09:57,MW2031B00953,AC20,NULL,10,                    ,A05457,3.23E+00,1.11E-03,18112,NULL,268,-0.02736
1811107,2026/8/17 09:56,MW2031B01635,AC20,NULL,10,                    ,A05457,3.20E+00,1.09E-03,18243,NULL,268,0.04791
1811106,2026/8/17 09:56,MW2031B01634,AC20,NULL,10,                    ,A05457,3.23E+00,1.22E-03,18279,NULL,268,-0.03081
1811105,2026/8/17 09:55,MW2031B00926,AC20,NULL,10,                    ,A05457,3.23E+00,1.07E-03,18271,NULL,268,-0.04145
1811104,2026/8/17 09:55,MW2041B00290,KGH,NULL,3,                    ,A15728,3.22E+00,1.25E-03,18245,NULL,268,-0.04434
1811103,2026/8/17 09:55,MW2041B02951,KGH,NULL,3,                    ,A15728,3.21E+00,1.28E-03,18365,NULL,268,-0.04289
1811102,2026/8/17 09:54,MW2037B09412,KGH,NULL,3,                    ,A15728,3.20E+00,8.60E-04,18230,NULL,268,-0.00916
1811101,2026/8/17 09:54,MW2041B00136,KGH,NULL,3,                    ,A15728,3.22E+00,1.18E-03,18135,NULL,268,-0.00793
1811100,2026/8/17 09:53,MW2041B12861,KGH,NULL,3,                    ,A15728,3.22E+00,1.02E-03,18224,NULL,268,-0.00252
1811099,2026/8/17 09:53,MW2040B06806,KGH,NULL,3,                    ,A15728,3.20E+00,8.30E-04,18159,NULL,268,-0.0299
1811098,2026/8/17 09:52,MW2041B08160,KGH,NULL,3,                    ,A15728,3.21E+00,9.00E-04,18040,NULL,268,-0.01369
1811097,2026/8/17 09:52,MW2041B08159,KGH,NULL,3,                    ,A15728,3.20E+00,9.80E-04,17813,NULL,268,-0.02073
1811096,2026/8/17 09:52,MW2041B01731,KGH,NULL,3,                    ,A15728,3.21E+00,1.12E-03,18339,NULL,268,-0.03478
1811095,2026/8/17 09:51,MW2040B05402,KGH,NULL,3,                    ,A15728,3.21E+00,8.30E-04,18406,NULL,268,-0.03476
1811094,2026/8/17 09:51,MW2040B06844,KGH,NULL,3,                    ,A15728,3.22E+00,1.30E-03,18260,NULL,268,-0.01593
1811093,2026/8/17 09:50,MW2040B05078,KGH,NULL,3,                    ,A15728,3.22E+00,7.50E-04,18050,NULL,268,0.01548
1811092,2026/8/17 09:50,MW2027B13653,D48,NULL,31,                    ,A01758,3.21E+00,5.60E-04,18113,NULL,268,-0.04348
1811091,2026/8/17 09:50,MW2027B13652,B48,NULL,15,                    ,A01758,3.21E+00,5.70E-04,18294,NULL,268,-0.13706
1811090,2026/8/17 09:49,MW2018B05438,A46,NULL,6,                    ,A01758,3.23E+00,6.40E-04,18221,NULL,268,-0.02576
1811089,2026/8/17 09:49,MW2018B00263,AC20,NULL,10,                    ,A01758,3.23E+00,1.17E-03,18160,NULL,268,0.04481
1811088,2026/8/17 09:45,MW2018B03754,C44,NULL,21,                    ,A01758,3.23E+00,7.20E-04,17931,NULL,268,0.03522
1811087,2026/8/17 09:45,MW2018B04770,AC20,NULL,10,                    ,A01758,3.22E+00,8.30E-04,17815,NULL,268,0.03707
1811086,2026/8/17 09:44,MW2018B02649,AC20,NULL,10,                    ,A01758,3.21E+00,8.40E-04,17951,NULL,268,-0.02122
1811085,2026/8/17 09:44,MW2018B04769,AC20,NULL,10,                    ,A01758,3.21E+00,8.70E-04,17710,NULL,268,0.00557
1811084,2026/8/17 09:43,MW2018B03951,A47,NULL,7,                    ,A01758,3.23E+00,7.60E-04,18141,NULL,268,-0.01962
1811083,2026/8/17 09:43,MW2017B28762,A46,NULL,6,                    ,A01758,3.23E+00,7.40E-04,17667,NULL,268,-0.00833
1811082,2026/8/17 09:42,MW2041B13151,AC20,NULL,10,                    ,A01758,3.23E+00,1.05E-03,18208,NULL,268,-0.02573
1811081,2026/8/17 09:42,MW2041B00375,AC20,NULL,10,                    ,A01758,3.23E+00,9.30E-04,18270,NULL,268,-0.02777
1811080,2026/8/17 09:41,MW2026B01686,A48,NULL,8,                    ,A18499,3.22E+00,5.40E-04,18238,NULL,268,-0.02377
1811079,2026/8/17 09:41,MW2036B04776,AC20,NULL,10,                    ,A18499,3.23E+00,8.90E-04,18372,NULL,268,-0.02751
1811078,2026/8/17 09:41,MW2036B03128,AC20,NULL,10,                    ,A18499,3.23E+00,1.09E-03,18066,NULL,268,-0.02714
1811077,2026/8/17 09:40,MW2026B01421,C47,NULL,24,                    ,A18499,3.21E+00,5.80E-04,18530,NULL,268,-0.0192
1811076,2026/8/17 09:40,MW2026B00127,A45,NULL,5,                    ,A18499,3.22E+00,5.80E-04,18170,NULL,268,-0.02883
1811075,2026/8/17 09:39,MW2026B01529,B47,NULL,14,                    ,A18499,3.22E+00,5.70E-04,18329,NULL,268,-0.0293
1811074,2026/8/17 09:39,MW2026B01530,C47,NULL,24,                    ,A18499,3.21E+00,5.60E-04,18289,NULL,268,-0.03831
1811073,2026/8/17 09:39,MW2026B00126,KGH,NULL,3,                    ,A18499,3.20E+00,6.10E-04,18271,NULL,268,-0.04296
1811072,2026/8/17 09:38,MW2032B00461,AC20,NULL,10,                    ,A18499,3.23E+00,1.02E-03,18085,NULL,268,-0.02365
1811071,2026/8/17 09:38,MW2005B11536,O,NULL,1,NULL,A10399,1.89E+00,4.10E-04,18381,NULL,268,-0.04083
1811070,2026/8/17 09:38,MW2032B00382,AC20,NULL,10,                    ,A18499,3.23E+00,9.40E-04,18357,NULL,268,-0.04084
1811069,2026/8/17 09:37,MW2032B00384,AC20,NULL,10,                    ,A18499,3.23E+00,9.70E-04,18468,NULL,268,-0.09872
1811068,2026/8/17 09:37,MW2032B00383,AC20,NULL,10,                    ,A18499,3.23E+00,1.00E-03,18500,NULL,268,0.03555
1811067,2026/8/17 09:36,MW2037B04174,AC20,NULL,10,                    ,A23170,3.23E+00,1.22E-03,18135,NULL,268,-0.01231
1811066,2026/8/17 09:36,MW2005B11528,O,NULL,1,NULL,A10399,2.82E+00,4.20E-04,18371,NULL,268,-0.01946
1811065,2026/8/17 09:36,MW2037B09500,AC20,NULL,10,                    ,A23170,3.23E+00,9.30E-04,18116,NULL,268,-0.00638
1811064,2026/8/17 09:36,MW2005B11523,O,NULL,1,NULL,A10399,2.30E+00,4.20E-04,18388,NULL,268,-0.01185
1811063,2026/8/17 09:36,MW2037B07534,AC20,NULL,10,                    ,A23170,3.23E+00,9.20E-04,18160,NULL,268,-0.04444
1811062,2026/8/17 09:35,MW2037B07490,AC20,NULL,10,                    ,A23170,3.23E+00,9.30E-04,18120,NULL,268,-0.04027
1811061,2026/8/17 09:35,MW2037B02248,AC20,NULL,10,                    ,A23170,3.23E+00,1.07E-03,18163,NULL,268,-0.0462
1811060,2026/8/17 09:34,MW2037B12470,AC20,NULL,10,                    ,A23170,3.23E+00,9.50E-04,18146,NULL,268,-0.04812
1811059,2026/8/17 09:34,MW2005B11689,O,NULL,1,NULL,A10399,2.89E+00,4.40E-04,18799,NULL,268,-0.04184
1811058,2026/8/17 09:34,MW2037B02619,AC20,NULL,10,                    ,A23170,3.23E+00,9.70E-04,18233,NULL,268,-0.03407
1811057,2026/8/17 09:34,MW2040B01840,AC20,NULL,10,NULL,A10399,3.23E+00,1.00E-03,18770,NULL,268,0.05223
1811056,2026/8/17 09:34,MW2020B01316,AC20,NULL,10,                    ,A23170,3.23E+00,8.10E-04,18395,NULL,268,-0.01543
1811055,2026/8/17 09:33,MW2031B02152,AC20,NULL,10,NULL,A10399,3.23E+00,1.01E-03,18686,NULL,268,0.02046
1811054,2026/8/17 09:33,MW2020B00475,A47,NULL,7,                    ,A23170,3.23E+00,7.80E-04,18469,NULL,268,-0.01962
1811053,2026/8/17 09:33,MW2031B00319,AC20,NULL,10,NULL,A10399,3.23E+00,8.80E-04,18809,NULL,268,-0.03694
1811052,2026/8/17 09:33,MW2020B00408,AC20,NULL,10,                    ,A23170,3.23E+00,8.40E-04,18090,NULL,268,-0.02004
1811051,2026/8/17 09:32,MW2020B00738,AC20,NULL,10,                    ,A23170,3.22E+00,9.20E-04,18091,NULL,268,-0.05351
1811050,2026/8/17 09:32,MW2031B02109,A44,NULL,4,NULL,A10399,3.22E+00,7.20E-04,18814,NULL,268,-0.04004
1811049,2026/8/17 09:32,MW2020B00737,AC20,NULL,10,                    ,A23170,3.22E+00,9.20E-04,18165,NULL,268,-0.0241
1811048,2026/8/17 09:32,MW2031B02734,O,NULL,1,NULL,A10399,0.00E+00,0.00E+00,18712,NULL,268,-0.02967
1811047,2026/8/17 09:31,MW2033B01804,KEF,NULL,2,                    ,A24675,3.21E+00,9.60E-04,18226,NULL,268,-0.02868
1811046,2026/8/17 09:31,MW2033B00788,AC20,NULL,10,                    ,A24675,3.23E+00,9.80E-04,18481,NULL,268,-0.02802
1811045,2026/8/17 09:31,MW2033B01803,A46,NULL,6,                    ,A24675,3.22E+00,7.50E-04,18249,NULL,268,-0.023
1811044,2026/8/17 09:30,MW2019B05418,AC20,NULL,10,                    ,A24675,3.23E+00,8.80E-04,18212,NULL,268,-0.03017
1811043,2026/8/17 09:30,MW2019B10495,AC20,NULL,10,                    ,A24675,3.23E+00,8.70E-04,18151,NULL,268,-0.02535
1811042,2026/8/17 09:29,MW2019B01550,AC20,NULL,10,                    ,A24675,3.22E+00,8.70E-04,18257,NULL,268,-0.01835
1811041,2026/8/17 09:29,MW2019B10320,C44,NULL,21,                    ,A24675,3.22E+00,7.20E-04,18008,NULL,268,-0.02001
1811040,2026/8/17 09:29,MW2019B06067,C44,NULL,21,                    ,A24675,3.22E+00,7.70E-04,17938,NULL,268,-0.01875
1811039,2026/8/17 09:28,MW2019B03919,AC20,NULL,10,                    ,A24675,3.22E+00,9.10E-04,18190,NULL,268,-0.0153
1811038,2026/8/17 09:28,MW2019B10689,C44,NULL,21,                    ,A24675,3.20E+00,7.70E-04,17950,NULL,268,-0.00881
1811037,2026/8/17 09:27,MW2019B09035,AC20,NULL,10,                    ,A24675,3.22E+00,8.40E-04,18039,NULL,268,-0.02548
1811036,2026/8/17 09:27,MW2019B09036,AC20,NULL,10,                    ,A24675,3.22E+00,8.30E-04,17779,NULL,268,-0.02699
1811035,2026/8/17 09:27,MW2034B00118,D45,NULL,28,NULL,A10399,3.23E+00,7.90E-04,18727,NULL,268,-0.01241
1811034,2026/8/17 09:27,MW2037B07986,AC20,NULL,10,                    ,A04816,3.23E+00,8.60E-04,18144,NULL,268,-0.01836
1811033,2026/8/17 09:26,MW2026B01022,O,NULL,1,NULL,A10399,0.00E+00,0.00E+00,18640,NULL,268,-0.0266
1811032,2026/8/17 09:26,MW2037B05597,AC20,NULL,10,                    ,A04816,3.23E+00,1.29E-03,18260,NULL,268,-0.14014
1811031,2026/8/17 09:26,MW2037B02354,AC20,NULL,10,                    ,A04816,3.22E+00,1.03E-03,18052,NULL,268,-0.02951
1811030,2026/8/17 09:25,MW2045B67315,A46,NULL,6,NULL,A20449,3.24E+00,5.10E-04,18366,NULL,268,-0.02042
1811029,2026/8/17 09:25,MW2040B02560,AC20,NULL,10,                    ,A04816,3.23E+00,8.40E-04,18173,NULL,268,-0.02712
1811028,2026/8/17 09:25,MW2037B06477,AC20,NULL,10,                    ,A04816,3.23E+00,8.80E-04,18271,NULL,268,-0.10841
1811027,2026/8/17 09:25,MW2045B67316,A47,NULL,7,NULL,A20449,3.24E+00,5.20E-04,18302,NULL,268,-0.02452
1811026,2026/8/17 09:24,MW2037B02788,AC20,NULL,10,                    ,A04816,3.21E+00,1.45E-03,18299,NULL,268,-0.11013
1811025,2026/8/17 09:24,MW2045B67301,A47,NULL,7,NULL,A20449,3.24E+00,5.20E-04,18328,NULL,268,-0.02377
1811024,2026/8/17 09:24,MW2040B02587,A48,NULL,8,                    ,A04816,3.23E+00,6.70E-04,18321,NULL,268,-0.14228
1811023,2026/8/17 09:24,MW2045B67300,A47,NULL,7,NULL,A20449,3.24E+00,5.10E-04,18497,NULL,268,-0.02429
1811022,2026/8/17 09:24,MW2037B14898,C46,NULL,23,                    ,A04816,3.23E+00,6.90E-04,18219,NULL,268,-0.17412
1811021,2026/8/17 09:23,MW2045B64398,A47,NULL,7,NULL,A20449,3.24E+00,4.80E-04,18630,NULL,268,-0.023
1811020,2026/8/17 09:23,MW2040B02796,A48,NULL,8,                    ,A04816,3.23E+00,6.70E-04,18260,NULL,268,-0.10256
1811019,2026/8/17 09:23,MW2045B69056,A46,NULL,6,NULL,A20449,3.24E+00,5.00E-04,18490,NULL,268,-0.01498
1811018,2026/8/17 09:22,MW2045B69091,A47,NULL,7,NULL,A20449,3.24E+00,5.20E-04,18522,NULL,268,-0.0057
1811017,2026/8/17 09:21,MW2045B69092,A46,NULL,6,NULL,A20449,3.24E+00,5.00E-04,18481,NULL,268,-0.01484
1811016,2026/8/17 09:21,MW2037B02355,AC20,NULL,10,                    ,A04816,3.23E+00,1.13E-03,18144,NULL,268,-0.03336
1811015,2026/8/17 09:21,MW2045B69079,A46,NULL,6,NULL,A20449,3.24E+00,5.00E-04,18457,NULL,268,-0.02498
1811014,2026/8/17 09:21,MW2036B06938,AC20,NULL,10,                    ,A04816,3.23E+00,9.30E-04,18258,NULL,268,-0.0253
1811013,2026/8/17 09:21,MW2027B02593,A49,NULL,9,                    ,A04816,3.22E+00,5.80E-04,18614,NULL,268,-0.02363
1811012,2026/8/17 09:20,MW2045B69080,A46,NULL,6,NULL,A20449,3.24E+00,5.10E-04,18481,NULL,268,-0.02507
1811011,2026/8/17 09:20,MW2045B65792,A47,NULL,7,                    ,A05874,3.24E+00,5.80E-04,17932,NULL,268,-0.02103
1811010,2026/8/17 09:20,MW2045B69081,KGH,NULL,3,NULL,A20449,3.24E+00,4.90E-04,18792,NULL,268,-0.02248
1811009,2026/8/17 09:20,MW2045B65793,A47,NULL,7,                    ,A05874,3.24E+00,6.10E-04,18152,NULL,268,-0.01948
1811008,2026/8/17 09:20,MW2045B69082,A47,NULL,7,NULL,A20449,3.24E+00,5.00E-04,18584,NULL,268,-0.02866
1811007,2026/8/17 09:19,MW2045B65797,A47,NULL,7,                    ,A05874,3.24E+00,6.10E-04,18006,NULL,268,-0.02516
1811006,2026/8/17 09:19,MW2040B05418,KGH,NULL,3,NULL,A21144,3.22E+00,8.70E-04,18858,NULL,268,-0.0113
1811005,2026/8/17 09:19,MW2045B65807,A47,NULL,7,                    ,A05874,3.24E+00,5.90E-04,17850,NULL,268,-0.0012
1811004,2026/8/17 09:19,MW2040B00518,KGH,NULL,3,NULL,A21144,3.21E+00,1.03E-03,18791,NULL,268,-0.00351
1811003,2026/8/17 09:18,MW2045B65972,A48,NULL,8,                    ,A05874,3.24E+00,5.90E-04,18057,NULL,268,0.0004
1811002,2026/8/17 09:18,MW2040B07077,KGH,NULL,3,NULL,A21144,3.22E+00,1.12E-03,18712,NULL,268,-0.02291
1811001,2026/8/17 09:18,MW2045B65974,A48,NULL,8,                    ,A05874,3.24E+00,5.80E-04,18015,NULL,268,-0.10287
1811000,2026/8/17 09:18,MW2040B00568,KGH,NULL,3,NULL,A21144,3.22E+00,1.06E-03,18776,NULL,268,0.00139
1810999,2026/8/17 09:18,MW2045B65973,A47,NULL,7,                    ,A05874,3.24E+00,5.80E-04,17838,NULL,268,-0.15459
1810998,2026/8/17 09:17,MW2040B07083,O,NULL,1,NULL,A21144,3.21E+00,0.00E+00,18778,NULL,268,-0.03456
1810997,2026/8/17 09:17,MW2045B69073,A47,NULL,7,                    ,A05874,3.24E+00,6.00E-04,17942,NULL,268,-0.12323
1810996,2026/8/17 09:17,MW2045B69072,A47,NULL,7,                    ,A05874,3.24E+00,5.90E-04,18076,NULL,268,-0.02717
1810995,2026/8/17 09:16,MW2045B69085,A47,NULL,7,                    ,A05874,3.24E+00,5.90E-04,17995,NULL,268,-0.11703
1810994,2026/8/17 09:16,MW2045B69084,C47,NULL,24,                    ,A05874,3.24E+00,6.00E-04,18033,NULL,268,-0.05283
1810993,2026/8/17 09:15,MW2045B69083,A46,NULL,6,                    ,A05874,3.24E+00,6.00E-04,17896,NULL,268,-0.05479
1810992,2026/8/17 09:15,MW2045B62846,A46,NULL,6,                    ,A24717,3.24E+00,7.50E-04,18026,NULL,268,-0.10698
1810991,2026/8/17 09:15,MW2045B62845,A46,NULL,6,                    ,A24717,3.24E+00,7.60E-04,17987,NULL,268,-0.05577
1810990,2026/8/17 09:14,MW2045B62844,AC20,NULL,10,                    ,A24717,3.24E+00,8.20E-04,18101,NULL,268,-0.11399
1810989,2026/8/17 09:14,MW2045B62843,AC20,NULL,10,                    ,A24717,3.24E+00,8.20E-04,17928,NULL,268,-0.02398
1810988,2026/8/17 09:13,MW2045B62842,A46,NULL,6,                    ,A24717,3.24E+00,7.60E-04,18008,NULL,268,-0.10101
1810987,2026/8/17 09:13,MW2045B62841,A45,NULL,5,                    ,A24717,3.24E+00,7.30E-04,18043,NULL,268,-0.02675
1810986,2026/8/17 09:13,MW2045B62920,A46,NULL,6,                    ,A24717,3.24E+00,7.90E-04,18097,NULL,268,-0.13416
1810985,2026/8/17 09:12,MW2045B66036,A46,NULL,6,                    ,A24717,3.24E+00,5.90E-04,17944,NULL,268,-0.04133
1810984,2026/8/17 09:12,MW2045B66033,A46,NULL,6,                    ,A24717,3.24E+00,6.00E-04,17880,NULL,268,-0.00497
1810983,2026/8/17 09:11,MW2045B66035,A46,NULL,6,                    ,A24717,3.24E+00,5.90E-04,17864,NULL,268,-0.03143
1810982,2026/8/17 09:11,MW2045B66034,A47,NULL,7,                    ,A24717,3.24E+00,5.90E-04,18055,NULL,268,-0.0111
1810981,2026/8/17 09:11,MW2045B66021,B46,NULL,13,                    ,A24717,3.24E+00,5.90E-04,17845,NULL,268,-0.03264
1810980,2026/8/17 09:10,MW2040B00763,CHH,NULL,20,                    ,A13063,3.23E+00,7.30E-04,18135,NULL,268,-0.00686
1810979,2026/8/17 09:10,MW2040B05627,KGH,NULL,3,NULL,A21144,3.23E+00,1.21E-03,18884,NULL,268,-0.13458
1810978,2026/8/17 09:10,MW2037B04717,AC20,NULL,10,                    ,A13063,3.23E+00,8.10E-04,18375,NULL,268,0.25312
1810977,2026/8/17 09:10,MW2041B04075,KGH,NULL,3,NULL,A21144,3.22E+00,5.90E-04,18860,NULL,268,-0.00167
1810976,2026/8/17 09:09,MW2037B15749,CHH,NULL,20,                    ,A13063,3.22E+00,5.60E-04,18452,NULL,268,-0.12189
1810975,2026/8/17 09:09,MW2040B04734,KGH,NULL,3,NULL,A21144,3.22E+00,6.00E-04,18697,NULL,268,-0.00448
1810974,2026/8/17 09:09,MW2037B05320,CHH,NULL,20,                    ,A13063,3.23E+00,7.80E-04,18191,NULL,268,-0.11587
1810973,2026/8/17 09:09,MW2040B04611,KGH,NULL,3,NULL,A21144,3.20E+00,5.40E-04,18804,NULL,268,-0.01566
1810972,2026/8/17 09:09,MW2037B15423,CHH,NULL,20,                    ,A13063,3.22E+00,7.70E-04,18369,NULL,268,-0.14591
1810971,2026/8/17 09:08,MW2037B15721,CHH,NULL,20,                    ,A13063,3.22E+00,5.80E-04,18286,NULL,268,-0.01161
1810970,2026/8/17 09:08,MW2040B05613,KGH,NULL,3,NULL,A21144,3.23E+00,9.70E-04,18692,NULL,268,-0.12071
1810969,2026/8/17 09:08,MW2037B17398,CHH,NULL,20,                    ,A13063,3.22E+00,6.90E-04,18306,NULL,268,-0.00889
1810968,2026/8/17 09:08,MW2040B04772,KGH,NULL,3,NULL,A21144,3.21E+00,6.50E-04,18598,NULL,268,-0.21336
1810967,2026/8/17 09:07,MW2037B15299,CHH,NULL,20,                    ,A13063,3.22E+00,5.70E-04,18275,NULL,268,-0.00973
1810966,2026/8/17 09:07,MW2041B06128,KGH,NULL,3,NULL,A21144,3.21E+00,5.80E-04,18583,NULL,268,-0.1028
1810965,2026/8/17 09:07,MW2037B15297,CHH,NULL,20,                    ,A13063,3.22E+00,6.40E-04,18239,NULL,268,-0.01196
1810964,2026/8/17 09:07,MW2040B05769,KGH,NULL,3,NULL,A01672,3.21E+00,9.70E-04,18587,NULL,268,-0.12149
1810963,2026/8/17 09:07,MW2037B13268,CHH,NULL,20,                    ,A13063,3.23E+00,7.10E-04,18284,NULL,268,-0.0027
1810962,2026/8/17 09:06,MW2045B69819,A47,NULL,7,NULL,A01672,3.24E+00,5.10E-04,18501,NULL,268,-0.12882
1810961,2026/8/17 09:06,MW2037B07181,AC20,NULL,10,                    ,A13063,3.23E+00,9.40E-04,18371,NULL,268,-0.01778
1810960,2026/8/17 09:06,MW2045B69768,A47,NULL,7,NULL,A01672,3.24E+00,4.90E-04,18462,NULL,268,-0.10723
1810959,2026/8/17 09:06,MW2037B10526,AC20,NULL,10,                    ,A13063,3.22E+00,9.40E-04,18332,NULL,268,-0.10262
1810958,2026/8/17 09:05,MW2045B69764,A47,NULL,7,NULL,A01672,3.24E+00,5.10E-04,18374,NULL,268,-0.26821
1810957,2026/8/17 09:05,MW2040B07533,KGH,NULL,3,                    ,A18245,3.19E+00,8.20E-04,18208,NULL,268,-0.10906
1810956,2026/8/17 09:05,MW2040B06823,KGH,NULL,3,                    ,A18245,3.23E+00,1.35E-03,18184,NULL,268,-0.10014
1810955,2026/8/17 09:05,MW2045B70943,A47,NULL,7,NULL,A01672,3.25E+00,5.20E-04,18595,NULL,268,-0.10152
1810954,2026/8/17 09:05,MW2040B04718,KGH,NULL,3,                    ,A18245,3.23E+00,7.60E-04,18272,NULL,268,-0.11759
1810953,2026/8/17 09:04,MW2045B69954,A47,NULL,7,NULL,A01672,3.24E+00,5.00E-04,18668,NULL,268,-0.10951
1810952,2026/8/17 09:04,MW2041B01997,KGH,NULL,3,                    ,A18245,3.22E+00,1.16E-03,18224,NULL,268,-0.14202
1810951,2026/8/17 09:04,MW2045B69955,A47,NULL,7,NULL,A01672,3.24E+00,5.00E-04,18555,NULL,268,-0.16301
1810950,2026/8/17 09:04,MW2040B06859,KGH,NULL,3,                    ,A18245,3.21E+00,1.32E-03,18619,NULL,268,-0.13401
1810949,2026/8/17 09:04,MW2045B69956,A47,NULL,7,NULL,A01672,3.24E+00,5.00E-04,18627,NULL,268,-0.03249
1810948,2026/8/17 09:03,MW2041B17998,KGH,NULL,3,                    ,A18245,3.22E+00,1.32E-03,18548,NULL,268,-0.32839
1810947,2026/8/17 09:03,MW2045B70944,A47,NULL,7,NULL,A01672,3.25E+00,5.50E-04,18677,NULL,268,-0.1453
1810946,2026/8/17 09:03,MW2040B07491,KGH,NULL,3,                    ,A18245,3.23E+00,1.26E-03,18624,NULL,268,-0.01396
1810945,2026/8/17 09:03,MW2045B69957,A47,NULL,7,NULL,A01672,3.24E+00,5.00E-04,18416,NULL,268,-0.10157
1810944,2026/8/17 09:02,MW2040B07391,KGH,NULL,3,                    ,A18245,3.22E+00,7.60E-04,18431,NULL,268,-0.11322
1810943,2026/8/17 09:02,MW2045B69880,A47,NULL,7,NULL,A01672,3.24E+00,5.10E-04,18460,NULL,268,-0.14404
1810942,2026/8/17 09:02,MW2040B07389,KGH,NULL,3,                    ,A18245,3.23E+00,7.70E-04,18504,NULL,268,-0.11827
1810941,2026/8/17 09:02,MW2045B69878,A47,NULL,7,NULL,A01672,3.24E+00,5.20E-04,18458,NULL,268,-0.12338
1810940,2026/8/17 09:02,MW2040B07395,KGH,NULL,3,                    ,A18245,3.22E+00,7.70E-04,18401,NULL,268,-0.01316
1810939,2026/8/17 09:01,MW2040B00760,O,NULL,1,NULL,A22309,0.00E+00,0.00E+00,18539,NULL,268,-0.1002
1810938,2026/8/17 09:01,MW2041B10371,KGH,NULL,3,                    ,A18245,3.22E+00,6.40E-04,18184,NULL,268,-0.02809
1810937,2026/8/17 09:01,MW2037B01389,KGH,NULL,3,                    ,A18245,3.22E+00,1.29E-03,18318,NULL,268,-0.12228
1810936,2026/8/17 09:00,MW2041B08174,KGH,NULL,3,                    ,A17345,3.19E+00,1.44E-03,18130,NULL,268,-0.03099
1810935,2026/8/17 09:00,MW2041B08211,KGH,NULL,3,                    ,A17345,3.21E+00,7.90E-04,18252,NULL,268,-0.10235
1810934,2026/8/17 09:00,MW2040B03351,KGH,NULL,3,                    ,A17345,3.21E+00,8.70E-04,18135,NULL,268,-0.03131
1810933,2026/8/17 08:59,MW2041B00573,KGH,NULL,3,                    ,A17345,3.22E+00,1.23E-03,18240,NULL,268,-0.11472
1810932,2026/8/17 08:59,MW2041B00580,KGH,NULL,3,                    ,A17345,3.22E+00,1.04E-03,18163,NULL,268,-0.02941
1810931,2026/8/17 08:58,MW2041B01803,KGH,NULL,3,                    ,A17345,3.22E+00,1.37E-03,18324,NULL,268,-0.10835
1810930,2026/8/17 08:58,MW2041B08343,KGH,NULL,3,                    ,A17345,3.21E+00,1.14E-03,18177,NULL,268,-0.03659
1810929,2026/8/17 08:58,MW2040B03838,KGH,NULL,3,                    ,A17345,3.21E+00,7.40E-04,18342,NULL,268,-0.26344
1810928,2026/8/17 08:57,MW2041B12049,KGH,NULL,3,                    ,A17345,3.22E+00,6.90E-04,18478,NULL,268,-0.03106
1810927,2026/8/17 08:57,MW2037B17384,O,NULL,1,NULL,A22309,3.22E+00,0.00E+00,18728,NULL,268,-0.1146
1810926,2026/8/17 08:57,MW2041B05214,KGH,NULL,3,                    ,A17345,3.20E+00,7.70E-04,18263,NULL,268,-0.29764
1810925,2026/8/17 08:57,MW2041B05214,KGH,NULL,3,                    ,A17345,3.20E+00,7.70E-04,18263,NULL,268,-0.03485
1810924,2026/8/17 08:56,MW2041B09246,KGH,NULL,3,                    ,NULL,3.22E+00,9.10E-04,18074,NULL,268,-0.01612
1810923,2026/8/17 08:55,MW2037B17783,CHH,NULL,20,NULL,A22309,3.23E+00,6.60E-04,18656,NULL,268,-0.03208
1810922,2026/8/17 08:54,MW2041B09110,KGH,NULL,3,                    ,A17345,3.22E+00,7.70E-04,18280,NULL,268,-0.01919
1810921,2026/8/17 08:53,MW2040B05736,KGH,NULL,3,                    ,A15488,3.22E+00,9.30E-04,18351,NULL,268,-0.01603
1810920,2026/8/17 08:53,MW2041B07567,KGH,NULL,3,                    ,A15488,3.21E+00,7.10E-04,18039,NULL,268,-0.01844
1810919,2026/8/17 08:52,MW2041B05227,KGH,NULL,3,                    ,A15488,3.22E+00,8.30E-04,18167,NULL,268,-0.12131
1810918,2026/8/17 08:52,MW2040B06731,KGH,NULL,3,                    ,A15488,3.21E+00,8.10E-04,18220,NULL,268,-0.01977
1810917,2026/8/17 08:52,MW2037B17779,CHH,NULL,20,NULL,A22309,3.23E+00,6.70E-04,18719,NULL,268,-0.00359
1810916,2026/8/17 08:52,MW2041B03524,KGH,NULL,3,                    ,A15488,3.22E+00,1.24E-03,18185,NULL,268,-0.02021
1810915,2026/8/17 08:52,MW2041B00330,AC20,NULL,10,NULL,A22309,3.23E+00,8.30E-04,18687,NULL,268,-1.00E-05
1810914,2026/8/17 08:51,MW2041B03523,KGH,NULL,3,                    ,A15488,3.22E+00,1.14E-03,18372,NULL,268,-0.01983
1810913,2026/8/17 08:51,MW2041B00337,AC20,NULL,10,NULL,A22309,3.23E+00,8.30E-04,18629,NULL,268,-0.00693
1810912,2026/8/17 08:51,MW2040B06728,KGH,NULL,3,                    ,A15488,3.21E+00,8.30E-04,18240,NULL,268,-0.02292
1810911,2026/8/17 08:51,MW2041B00338,AC20,NULL,10,NULL,A22309,3.23E+00,8.20E-04,18611,NULL,268,-0.02312
1810910,2026/8/17 08:51,MW2041B03525,KGH,NULL,3,                    ,A15488,3.21E+00,1.22E-03,18171,NULL,268,-0.00711
1810909,2026/8/17 08:50,MW2041B00320,CHH,NULL,20,NULL,A22309,3.23E+00,7.90E-04,18518,NULL,268,-0.02313
1810908,2026/8/17 08:50,MW2041B17498,KGH,NULL,3,                    ,A15488,3.21E+00,1.19E-03,18427,NULL,268,-0.02362
1810907,2026/8/17 08:50,MW2041B00327,CHH,NULL,20,NULL,A22309,3.23E+00,7.80E-04,18591,NULL,268,-0.0223
1810906,2026/8/17 08:50,MW2040B01670,KGH,NULL,3,                    ,A15488,3.18E+00,1.06E-03,18289,NULL,268,-0.00843
1810905,2026/8/17 08:49,MW2041B00325,CHH,NULL,20,NULL,A22309,3.23E+00,7.70E-04,18647,NULL,268,-0.01733
1810904,2026/8/17 08:49,MW2040B00571,KGH,NULL,3,                    ,A15488,3.21E+00,1.32E-03,18324,NULL,268,-0.00662
1810903,2026/8/17 08:49,MW2041B17496,KGH,NULL,3,                    ,A15488,3.20E+00,1.23E-03,18283,NULL,268,-0.01512
1810902,2026/8/17 08:49,MW2041B00284,CHH,NULL,20,NULL,A22309,3.23E+00,7.70E-04,18644,NULL,268,-0.00742
1810901,2026/8/17 08:48,MW2044B29221,A47,NULL,7,                    ,A19356,3.25E+00,6.20E-04,17967,NULL,268,-0.14171
1810900,2026/8/17 08:48,MW2041B00299,CHH,NULL,20,NULL,A22309,3.23E+00,7.80E-04,18651,NULL,268,-0.00238
1810899,2026/8/17 08:48,MW2044B29219,A47,NULL,7,                    ,A19356,3.25E+00,6.10E-04,18107,NULL,268,0.11838
1810898,2026/8/17 08:48,MW2044B27303,A47,NULL,7,NULL,A15853,3.25E+00,5.10E-04,18563,NULL,268,-0.01198
1810897,2026/8/17 08:48,MW2044B27203,A47,NULL,7,                    ,A19356,3.25E+00,6.10E-04,18176,NULL,268,-0.17686
1810896,2026/8/17 08:47,MW2041B11807,KGH,NULL,3,NULL,A15853,3.21E+00,5.60E-04,18681,NULL,268,-0.0191
1810895,2026/8/17 08:47,MW2044B27204,A47,NULL,7,                    ,A19356,3.25E+00,6.10E-04,18071,NULL,268,-0.11065
1810894,2026/8/17 08:47,MW2045B70885,A47,NULL,7,NULL,A15853,3.24E+00,5.10E-04,18569,NULL,268,-0.00627
1810893,2026/8/17 08:47,MW2044B27205,A47,NULL,7,                    ,A19356,3.25E+00,6.00E-04,18081,NULL,268,-0.11226
1810892,2026/8/17 08:47,MW2045B70884,A47,NULL,7,NULL,A15853,3.24E+00,5.00E-04,18527,NULL,268,-0.00617
1810891,2026/8/17 08:46,MW2044B27206,A47,NULL,7,                    ,A19356,3.25E+00,6.00E-04,18250,NULL,268,-0.11341
1810890,2026/8/17 08:46,MW2045B70647,A47,NULL,7,NULL,A15853,3.24E+00,5.00E-04,18358,NULL,268,-0.13732
1810889,2026/8/17 08:46,MW2044B29246,A47,NULL,7,                    ,A19356,3.25E+00,6.20E-04,18256,NULL,268,0.00148
1810888,2026/8/17 08:46,MW2044B29210,A47,NULL,7,                    ,A19356,3.25E+00,6.10E-04,18058,NULL,268,-0.12762
1810887,2026/8/17 08:46,MW2045B69757,A47,NULL,7,NULL,A15853,3.24E+00,4.80E-04,18660,NULL,268,-0.00421
1810886,2026/8/17 08:45,MW2044B29214,A47,NULL,7,                    ,A19356,3.25E+00,6.40E-04,18108,NULL,268,-0.1576
1810885,2026/8/17 08:45,MW2045B69794,A47,NULL,7,NULL,A15853,3.24E+00,4.90E-04,18573,NULL,268,-0.00136
1810884,2026/8/17 08:45,MW2044B29213,A46,NULL,6,                    ,A19356,3.25E+00,6.50E-04,17982,NULL,268,-0.12454
1810883,2026/8/17 08:45,MW2045B70648,A47,NULL,7,NULL,A15853,3.24E+00,4.90E-04,18462,NULL,268,-0.00183
1810882,2026/8/17 08:44,MW2037B16282,CHH,NULL,20,                    ,A19356,3.23E+00,6.10E-04,18280,NULL,268,-0.19253
1810881,2026/8/17 08:44,MW2045B70651,A47,NULL,7,NULL,A15853,3.24E+00,4.90E-04,18378,NULL,268,-0.00674
1810880,2026/8/17 08:44,MW2037B17812,CHH,NULL,20,                    ,A19356,3.23E+00,7.70E-04,18245,NULL,268,-0.16165
1810879,2026/8/17 08:44,MW2045B70650,A47,NULL,7,NULL,A15853,3.24E+00,4.90E-04,18468,NULL,268,-0.00044
1810878,2026/8/17 08:44,MW2041B00085,KGH,NULL,3,                    ,A21020,3.21E+00,1.29E-03,18347,NULL,268,-0.01019
1810877,2026/8/17 08:43,MW2045B70718,A47,NULL,7,NULL,A15853,3.24E+00,4.90E-04,18506,NULL,268,-0.00752
1810876,2026/8/17 08:43,MW2031B01091,KGH,NULL,3,                    ,A21020,3.22E+00,9.70E-04,18267,NULL,268,-0.00514
1810875,2026/8/17 08:42,MW2045B70652,A47,NULL,7,NULL,A15853,3.24E+00,4.90E-04,18499,NULL,268,-0.00928
1810874,2026/8/17 08:42,MW2041B00710,KGH,NULL,3,                    ,A21020,3.21E+00,7.90E-04,18170,NULL,268,-0.02202
1810873,2026/8/17 08:42,MW2045B71140,A46,NULL,6,NULL,A23038,3.24E+00,4.90E-04,18359,NULL,268,-0.00651
1810872,2026/8/17 08:42,MW2040B07247,KGH,NULL,3,                    ,A21020,3.21E+00,1.03E-03,18457,NULL,268,-0.03479
1810871,2026/8/17 08:41,MW2045B70786,A46,NULL,6,NULL,A23038,3.24E+00,4.80E-04,18251,NULL,268,-0.00633
1810870,2026/8/17 08:41,MW2040B07192,KGH,NULL,3,                    ,A21020,3.21E+00,7.20E-04,18229,NULL,268,-0.00441
1810869,2026/8/17 08:41,MW2045B70974,A46,NULL,6,NULL,A23038,3.24E+00,4.80E-04,18400,NULL,268,-0.00368
1810868,2026/8/17 08:41,MW2041B00041,KGH,NULL,3,                    ,A21020,3.22E+00,1.11E-03,18257,NULL,268,0.00439
1810867,2026/8/17 08:41,MW2041B01023,KGH,NULL,3,                    ,A21020,3.22E+00,1.07E-03,18121,NULL,268,-0.00143
1810866,2026/8/17 08:40,MW2045B69921,B46,NULL,13,NULL,A23038,3.24E+00,4.90E-04,18219,NULL,268,-0.04025
1810865,2026/8/17 08:40,MW2036B05562,KGH,NULL,3,                    ,A21020,3.21E+00,7.90E-04,18318,NULL,268,-0.00651
1810864,2026/8/17 08:40,MW2045B69920,A47,NULL,7,NULL,A23038,3.24E+00,5.00E-04,18446,NULL,268,-0.00314
1810863,2026/8/17 08:40,MW2040B07128,KGH,NULL,3,                    ,A21020,3.21E+00,9.00E-04,18274,NULL,268,-0.00142
1810862,2026/8/17 08:40,MW2045B69919,A46,NULL,6,NULL,A23038,3.24E+00,5.10E-04,18225,NULL,268,-0.00922
1810861,2026/8/17 08:39,MW2041B00763,KGH,NULL,3,                    ,A21020,3.21E+00,8.00E-04,18129,NULL,268,-0.00373
1810860,2026/8/17 08:39,MW2045B69923,A46,NULL,6,NULL,A23038,3.24E+00,5.20E-04,18312,NULL,268,-0.00684
1810859,2026/8/17 08:39,MW2040B03413,KGH,NULL,3,                    ,A21020,3.19E+00,8.60E-04,18313,NULL,268,0.00975
1810858,2026/8/17 08:39,MW2045B69924,A46,NULL,6,NULL,A23038,3.24E+00,5.30E-04,18386,NULL,268,-0.01152
1810857,2026/8/17 08:39,MW2040B04930,KGH,NULL,3,                    ,A21020,3.21E+00,7.50E-04,18311,NULL,268,0.00905
1810856,2026/8/17 08:38,MW2045B70898,A45,NULL,5,NULL,A23038,3.24E+00,4.90E-04,18276,NULL,268,0.00625
1810855,2026/8/17 08:38,MW2045B69684,A45,NULL,5,                    ,A04734,3.24E+00,6.00E-04,17928,NULL,268,-0.01112
1810854,2026/8/17 08:38,MW2045B70690,A46,NULL,6,NULL,A23038,3.24E+00,5.10E-04,18530,NULL,268,-0.00073
1810853,2026/8/17 08:38,MW2045B69683,A46,NULL,6,                    ,A04734,3.24E+00,5.90E-04,17979,NULL,268,0.00583
1810852,2026/8/17 08:37,MW2045B69686,A45,NULL,5,                    ,A04734,3.24E+00,5.90E-04,18040,NULL,268,0.00019
1810851,2026/8/17 08:37,MW2045B69167,A47,NULL,7,NULL,A23038,3.24E+00,5.00E-04,18443,NULL,268,-0.02534
1810850,2026/8/17 08:37,MW2045B69685,A46,NULL,6,                    ,A04734,3.24E+00,5.90E-04,18041,NULL,268,6.00E-05
1810849,2026/8/17 08:37,MW2045B65812,C46,NULL,23,NULL,A23038,3.25E+00,5.10E-04,18357,NULL,268,0.00048
1810848,2026/8/17 08:36,MW2045B69687,A46,NULL,6,                    ,A04734,3.24E+00,5.90E-04,18056,NULL,268,-0.00327
1810847,2026/8/17 08:36,MW2045B69881,A47,NULL,7,NULL,A20610,3.24E+00,5.00E-04,18533,NULL,268,0.00398
1810846,2026/8/17 08:36,MW2045B69886,A46,NULL,6,                    ,A04734,3.24E+00,6.10E-04,17931,NULL,268,0.00144
1810845,2026/8/17 08:36,MW2045B67549,B46,NULL,13,NULL,A20610,3.24E+00,7.10E-04,18483,NULL,268,-0.00855
1810844,2026/8/17 08:36,MW2045B69887,A47,NULL,7,                    ,A04734,3.24E+00,6.20E-04,17973,NULL,268,0.00156
1810843,2026/8/17 08:35,MW2045B67548,AC20,NULL,10,NULL,A20610,3.24E+00,9.10E-04,18399,NULL,268,-0.00284
1810842,2026/8/17 08:35,MW2045B69888,A46,NULL,6,                    ,A04734,3.24E+00,6.20E-04,18010,NULL,268,-0.01494
1810841,2026/8/17 08:35,MW2045B67547,A47,NULL,7,NULL,A20610,3.24E+00,6.00E-04,18528,NULL,268,8.00E-05
1810840,2026/8/17 08:35,MW2045B69885,A47,NULL,7,                    ,A04734,3.24E+00,6.10E-04,18049,NULL,268,-0.00898
1810839,2026/8/17 08:35,MW2045B67546,A45,NULL,5,NULL,A20610,3.24E+00,7.40E-04,18548,NULL,268,0.0033
1810838,2026/8/17 08:34,MW2045B69875,A47,NULL,7,                    ,A04734,3.24E+00,6.10E-04,18094,NULL,268,-0.00742
1810837,2026/8/17 08:34,MW2045B67646,A46,NULL,6,NULL,A20610,3.24E+00,5.00E-04,18463,NULL,268,-0.00873
1810836,2026/8/17 08:34,MW2045B66049,B46,NULL,13,                    ,A04734,3.24E+00,5.80E-04,17724,NULL,268,-0.0008
1810835,2026/8/17 08:34,MW2045B67643,A46,NULL,6,NULL,A20610,3.24E+00,5.20E-04,18457,NULL,268,0.00571
1810834,2026/8/17 08:34,MW2045B66048,B46,NULL,13,                    ,A04734,3.24E+00,5.90E-04,17778,NULL,268,-0.00702
1810833,2026/8/17 08:33,MW2045B70963,B46,NULL,13,                    ,A03414,3.25E+00,5.90E-04,18096,NULL,268,-0.03246
1810832,2026/8/17 08:33,MW2045B67640,A46,NULL,6,NULL,A20610,3.24E+00,4.90E-04,18351,NULL,268,-0.00657
1810831,2026/8/17 08:33,MW2045B70964,A46,NULL,6,                    ,A03414,3.24E+00,6.00E-04,17993,NULL,268,-0.01784
1810830,2026/8/17 08:33,MW2045B69193,B46,NULL,13,NULL,A20610,3.24E+00,5.00E-04,18385,NULL,268,-0.0069
1810829,2026/8/17 08:32,MW2045B70965,B46,NULL,13,                    ,A03414,3.24E+00,5.90E-04,18176,NULL,268,-0.01461
1810828,2026/8/17 08:32,MW2045B69191,A47,NULL,7,NULL,A20610,3.24E+00,5.10E-04,18595,NULL,268,-0.00409
1810827,2026/8/17 08:32,MW2045B67631,B46,NULL,13,                    ,A03414,3.24E+00,6.00E-04,18052,NULL,268,-0.01383
1810826,2026/8/17 08:32,MW2045B62851,B45,NULL,12,NULL,A20610,3.24E+00,7.40E-04,18403,NULL,268,-0.00822
1810825,2026/8/17 08:31,MW2045B69884,A47,NULL,7,                    ,A03414,3.24E+00,6.00E-04,18042,NULL,268,-0.01914
1810824,2026/8/17 08:31,MW2045B62850,B46,NULL,13,NULL,A20610,3.24E+00,6.70E-04,18533,NULL,268,-0.00557
1810823,2026/8/17 08:31,MW2045B69876,B48,NULL,15,                    ,A03414,3.24E+00,6.00E-04,18041,NULL,268,-0.01572
1810822,2026/8/17 08:31,MW2045B67497,A46,NULL,6,NULL,A11037,3.24E+00,5.10E-04,18579,NULL,268,-0.00633
1810821,2026/8/17 08:31,MW2045B69877,B46,NULL,13,                    ,A03414,3.24E+00,6.10E-04,17893,NULL,268,-0.01077
1810820,2026/8/17 08:30,MW2045B67477,A46,NULL,6,NULL,A11037,3.24E+00,5.10E-04,18410,NULL,268,-0.00265
1810819,2026/8/17 08:30,MW2045B69878,A47,NULL,7,                    ,A03414,3.24E+00,6.00E-04,17864,NULL,268,-0.00209
1810818,2026/8/17 08:30,MW2045B69691,A46,NULL,6,NULL,A11037,3.24E+00,5.00E-04,18483,NULL,268,0.00016
1810817,2026/8/17 08:30,MW2045B69879,B46,NULL,13,                    ,A03414,3.24E+00,6.10E-04,17928,NULL,268,-0.00212
1810816,2026/8/17 08:29,MW2045B69688,A46,NULL,6,NULL,A11037,3.24E+00,5.00E-04,18440,NULL,268,-0.00657
1810815,2026/8/17 08:29,MW2045B69882,B47,NULL,14,                    ,A03414,3.24E+00,6.10E-04,18061,NULL,268,-0.02059
1810814,2026/8/17 08:29,MW2045B69880,A47,NULL,7,                    ,A03414,3.24E+00,6.00E-04,18018,NULL,268,-0.02037
1810813,2026/8/17 08:29,MW2045B71159,A46,NULL,6,NULL,A11037,3.24E+00,4.80E-04,18266,NULL,268,-0.00653
1810812,2026/8/17 08:29,MW2045B67576,A46,NULL,6,                    ,A03414,3.24E+00,6.10E-04,17758,NULL,268,-0.00051
1810811,2026/8/17 08:29,MW2045B70626,A46,NULL,6,NULL,A11037,3.24E+00,4.80E-04,18581,NULL,268,-0.01616
1810810,2026/8/17 08:28,MW2045B67539,AC20,NULL,10,                    ,A10652,3.24E+00,9.80E-04,18022,NULL,268,-0.00581
1810809,2026/8/17 08:28,MW2045B70627,A46,NULL,6,NULL,A11037,3.24E+00,4.90E-04,18607,NULL,268,-0.02214
1810808,2026/8/17 08:28,MW2044B29164,AC20,NULL,10,                    ,A10652,3.25E+00,8.40E-04,18185,NULL,268,-0.00529
1810807,2026/8/17 08:28,MW2045B70886,A46,NULL,6,NULL,A11037,3.24E+00,5.00E-04,18298,NULL,268,-0.00336
1810806,2026/8/17 08:28,MW2044B14722,AC20,NULL,10,                    ,A10652,3.25E+00,8.50E-04,18021,NULL,268,-0.02483
1810805,2026/8/17 08:27,MW2045B70795,A46,NULL,6,NULL,A11037,3.24E+00,4.80E-04,18247,NULL,268,-0.00335
1810804,2026/8/17 08:27,MW2045B67476,A46,NULL,6,                    ,A10652,3.24E+00,6.00E-04,17782,NULL,268,-0.01335
1810803,2026/8/17 08:27,MW2045B70919,A46,NULL,6,NULL,A11037,3.24E+00,5.10E-04,18426,NULL,268,-0.01994
1810802,2026/8/17 08:27,MW2045B71054,AC20,NULL,10,                    ,A10652,3.25E+00,8.40E-04,17818,NULL,268,-0.02248
1810801,2026/8/17 08:26,MW2045B70796,A46,NULL,6,NULL,A11037,3.24E+00,4.80E-04,18377,NULL,268,-0.00896
1810800,2026/8/17 08:26,MW2045B71053,AC20,NULL,10,                    ,A10652,3.24E+00,8.30E-04,17819,NULL,268,-0.02411
1810799,2026/8/17 08:26,MW2045B70914,A46,NULL,6,NULL,A11037,3.24E+00,5.10E-04,18486,NULL,268,-0.0117
1810798,2026/8/17 08:26,MW2045B71021,AC20,NULL,10,                    ,A10652,3.24E+00,9.50E-04,17997,NULL,268,-0.01502
1810797,2026/8/17 08:25,MW2045B67675,A46,NULL,6,NULL,A13670,3.24E+00,5.10E-04,18312,NULL,268,-0.02307
1810796,2026/8/17 08:25,MW2045B71023,AC20,NULL,10,                    ,A10652,3.24E+00,9.70E-04,17981,NULL,268,-0.00302
1810795,2026/8/17 08:25,MW2045B69957,A47,NULL,7,NULL,A13670,3.24E+00,5.00E-04,18419,NULL,268,-0.02464
1810794,2026/8/17 08:25,MW2045B71024,AC20,NULL,10,                    ,A10652,3.24E+00,9.80E-04,17991,NULL,268,-0.01067
1810793,2026/8/17 08:25,MW2045B71025,AC20,NULL,10,                    ,A10652,3.24E+00,9.50E-04,18118,NULL,268,-0.02319
1810792,2026/8/17 08:25,MW2045B70944,A47,NULL,7,NULL,A13670,3.25E+00,5.40E-04,18689,NULL,268,-0.01026
1810791,2026/8/17 08:24,MW2045B71026,AC20,NULL,10,                    ,A10652,3.24E+00,9.30E-04,18051,NULL,268,-0.00842
1810790,2026/8/17 08:24,MW2045B69956,A47,NULL,7,NULL,A13670,3.24E+00,5.00E-04,18654,NULL,268,-0.0015
1810789,2026/8/17 08:24,MW2045B71028,AC20,NULL,10,                    ,A10652,3.24E+00,8.80E-04,18027,NULL,268,-0.0026
1810788,2026/8/17 08:24,MW2045B69955,A47,NULL,7,NULL,A13670,3.24E+00,5.00E-04,18558,NULL,268,-0.01828
1810787,2026/8/17 08:23,MW2045B67658,A46,NULL,6,                    ,A10346,3.24E+00,6.00E-04,17890,NULL,268,-0.00986
1810786,2026/8/17 08:23,MW2045B69954,A47,NULL,7,NULL,A13670,3.24E+00,5.00E-04,18682,NULL,268,-0.00335
1810785,2026/8/17 08:23,MW2044B26565,A46,NULL,6,                    ,A10346,3.25E+00,8.00E-04,17846,NULL,268,-0.09598
1810784,2026/8/17 08:23,MW2045B70943,A47,NULL,7,NULL,A13670,3.25E+00,5.20E-04,18609,NULL,268,-0.0264
1810783,2026/8/17 08:23,MW2044B26564,A46,NULL,6,                    ,A10346,3.25E+00,7.90E-04,17916,NULL,268,-0.0257
1810782,2026/8/17 08:22,MW2045B69764,A47,NULL,7,NULL,A13670,3.24E+00,5.10E-04,18366,NULL,268,-0.0184
1810781,2026/8/17 08:22,MW2045B69889,A46,NULL,6,                    ,A10346,3.24E+00,6.00E-04,17869,NULL,268,-0.00743
1810780,2026/8/17 08:22,MW2045B69768,A47,NULL,7,NULL,A13670,3.24E+00,5.00E-04,18472,NULL,268,-0.01356
1810779,2026/8/17 08:22,MW2045B69963,A46,NULL,6,                    ,A10346,3.25E+00,6.00E-04,18023,NULL,268,-0.00677
1810778,2026/8/17 08:21,MW2045B69819,A47,NULL,7,NULL,A13670,3.24E+00,5.10E-04,18499,NULL,268,-0.01843
1810777,2026/8/17 08:21,MW2045B67625,A46,NULL,6,NULL,A13670,3.24E+00,5.10E-04,18351,NULL,268,-0.00398
1810776,2026/8/17 08:20,MW2045B67626,A46,NULL,6,NULL,A13670,3.24E+00,4.90E-04,18309,NULL,268,-0.00693
1810775,2026/8/17 08:20,MW2025B01930,A48,NULL,8,NULL,A01991,3.21E+00,5.20E-04,18784,NULL,268,-0.04615
1810774,2026/8/17 08:14,MW2045B69962,A46,NULL,6,                    ,A10346,3.24E+00,6.10E-04,18235,NULL,268,-0.00452
1810773,2026/8/17 08:14,MW2045B69977,A46,NULL,6,                    ,A10346,3.25E+00,6.20E-04,18061,NULL,268,-0.0271
1810772,2026/8/17 08:14,MW2008A12474,A48,NULL,8,NULL,A01991,3.30E+00,5.10E-04,18361,NULL,268,-0.00564
1810771,2026/8/17 08:14,MW2045B69675,A46,NULL,6,                    ,A10346,3.24E+00,6.00E-04,18045,NULL,268,-0.01938
1810770,2026/8/17 08:13,MW2041B12889,A48,NULL,8,NULL,A01991,3.23E+00,7.30E-04,18799,NULL,268,-0.0177
1810769,2026/8/17 08:13,MW2045B71121,A46,NULL,6,                    ,A10346,3.24E+00,5.70E-04,17754,NULL,268,-0.02388
1810768,2026/8/17 08:13,MW2045B69787,A46,NULL,6,                    ,A10346,3.24E+00,5.80E-04,18134,NULL,268,-0.01075
1810767,2026/8/17 08:13,MW2045B64451,A48,NULL,8,NULL,A01991,3.24E+00,5.00E-04,18537,NULL,268,-0.00937
1810766,2026/8/17 08:12,MW2045B69781,A46,NULL,6,                    ,A10346,3.24E+00,5.80E-04,18123,NULL,268,-0.02491
1810765,2026/8/17 08:12,MW2045B38984,A48,NULL,8,NULL,A01991,3.24E+00,6.30E-04,18774,NULL,268,0.00244
1810764,2026/8/17 08:12,MW2045B69856,A46,NULL,6,                    ,A10346,3.24E+00,6.20E-04,18008,NULL,268,-0.01399
1810763,2026/8/17 08:12,MW2045B38985,A48,NULL,8,NULL,A01991,3.24E+00,6.00E-04,18668,NULL,268,-0.00719
1810762,2026/8/17 08:12,MW2045B67189,A47,NULL,7,                    ,A03878,3.24E+00,6.00E-04,18064,NULL,268,-0.02848
1810761,2026/8/17 08:11,MW2045B70697,A48,NULL,8,NULL,A01991,3.24E+00,5.10E-04,18414,NULL,268,0.00178
1810760,2026/8/17 08:11,MW2045B67215,A47,NULL,7,                    ,A03878,3.24E+00,5.70E-04,17955,NULL,268,-0.01628
1810759,2026/8/17 08:11,MW2045B70696,A48,NULL,8,NULL,A01991,3.24E+00,5.20E-04,18453,NULL,268,-0.01375
1810758,2026/8/17 08:11,MW2045B67218,A47,NULL,7,                    ,A03878,3.24E+00,5.70E-04,17920,NULL,268,-0.01277
1810757,2026/8/17 08:11,MW2045B70121,A48,NULL,8,NULL,A01991,3.25E+00,4.90E-04,18378,NULL,268,-0.00525
1810756,2026/8/17 08:10,MW2045B70712,A46,NULL,6,                    ,A03878,3.24E+00,6.00E-04,18010,NULL,268,-0.01002
1810755,2026/8/17 08:10,MW2045B70926,A48,NULL,8,NULL,A01991,3.24E+00,5.20E-04,18485,NULL,268,-0.01072
1810754,2026/8/17 08:10,MW2045B70718,A47,NULL,7,                    ,A03878,3.24E+00,5.80E-04,18057,NULL,268,-0.00569
1810753,2026/8/17 08:10,MW2045B69783,A46,NULL,6,NULL,A01991,3.24E+00,5.00E-04,18594,NULL,268,-0.00259
1810752,2026/8/17 08:10,MW2045B70641,A46,NULL,6,                    ,A03878,3.24E+00,6.10E-04,17981,NULL,268,-0.02215
1810751,2026/8/17 08:09,MW2045B69930,A46,NULL,6,NULL,A01991,3.25E+00,4.90E-04,18031,NULL,268,-0.00431
1810750,2026/8/17 07:47,MW2045B69788,KEF,NULL,2,NULL,A10946,3.24E+00,4.90E-04,18331,NULL,268,0.00462
1810749,2026/8/17 07:47,MW2045B70652,A47,NULL,7,                    ,A03878,3.24E+00,5.90E-04,17967,NULL,268,-0.00025
1810748,2026/8/17 07:47,MW2045B69794,A47,NULL,7,NULL,A10946,3.24E+00,4.80E-04,18594,NULL,268,-0.01024
1810747,2026/8/17 07:47,MW2045B70651,A47,NULL,7,                    ,A03878,3.24E+00,5.90E-04,17969,NULL,268,0.00108
1810746,2026/8/17 07:46,MW2045B69778,A45,NULL,5,NULL,A10946,3.24E+00,4.90E-04,18212,NULL,268,-0.01174
1810745,2026/8/17 07:46,MW2045B70650,A47,NULL,7,                    ,A03878,3.24E+00,5.90E-04,17943,NULL,268,-0.02272
1810744,2026/8/17 07:46,MW2045B69777,A45,NULL,5,NULL,A10946,3.24E+00,4.90E-04,18343,NULL,268,-0.01283
1810743,2026/8/17 07:46,MW2045B70648,A47,NULL,7,                    ,A03878,3.24E+00,5.90E-04,18029,NULL,268,-0.00686
1810742,2026/8/17 07:45,MW2045B69763,A46,NULL,6,NULL,A10946,3.24E+00,5.00E-04,18539,NULL,268,-0.00729
1810741,2026/8/17 07:45,MW2045B70647,A47,NULL,7,                    ,A03878,3.24E+00,5.90E-04,17992,NULL,268,-0.01191
1810740,2026/8/17 07:45,MW2045B70646,A46,NULL,6,                    ,A03878,3.24E+00,5.80E-04,17991,NULL,268,-0.00799
1810739,2026/8/17 07:45,MW2045B69758,A46,NULL,6,NULL,A10946,3.24E+00,4.90E-04,18485,NULL,268,-0.01626
1810738,2026/8/17 07:45,MW2045B70600,A45,NULL,5,                    ,A23912,3.24E+00,6.70E-04,18131,NULL,268,-0.00672
1810737,2026/8/17 07:45,MW2045B69756,A45,NULL,5,NULL,A10946,3.24E+00,5.10E-04,18401,NULL,268,-0.01599
1810736,2026/8/17 07:44,MW2045B70633,A46,NULL,6,                    ,A23912,3.24E+00,5.90E-04,17960,NULL,268,-0.01835
1810735,2026/8/17 07:44,MW2045B69757,A47,NULL,7,NULL,A10946,3.24E+00,4.90E-04,18672,NULL,268,0.03167
1810734,2026/8/17 07:44,MW2045B70634,A46,NULL,6,                    ,A23912,3.24E+00,6.00E-04,17979,NULL,268,0.03343
1810733,2026/8/17 07:44,MW2045B67705,C45,NULL,22,NULL,A10946,3.24E+00,5.00E-04,18476,NULL,268,0.00031
1810732,2026/8/17 07:43,MW2045B70637,A46,NULL,6,                    ,A23912,3.24E+00,5.80E-04,18040,NULL,268,0.04101
1810731,2026/8/17 07:43,MW2045B67706,A46,NULL,6,NULL,A10946,3.24E+00,5.10E-04,18498,NULL,268,0.03503
1810730,2026/8/17 07:43,MW2045B70636,A46,NULL,6,                    ,A23912,3.24E+00,5.80E-04,18148,NULL,268,0.03271
1810729,2026/8/17 07:43,MW2045B67707,A45,NULL,5,NULL,A10946,3.24E+00,5.00E-04,18453,NULL,268,0.00106
1810728,2026/8/17 07:43,MW2045B70635,A46,NULL,6,                    ,A23912,3.24E+00,5.90E-04,18177,NULL,268,0.0018
1810727,2026/8/17 07:42,MW2045B67686,A45,NULL,5,NULL,A10946,3.24E+00,5.10E-04,18358,NULL,268,-0.00514
1810726,2026/8/17 07:42,MW2045B70631,A46,NULL,6,                    ,A23912,3.24E+00,5.80E-04,18025,NULL,268,-0.00751
1810725,2026/8/17 07:42,MW2045B71077,A44,NULL,4,NULL,A19254,3.24E+00,6.40E-04,18454,NULL,268,0.00135
1810724,2026/8/17 07:42,MW2045B70885,A47,NULL,7,                    ,A23912,3.24E+00,6.00E-04,18179,NULL,268,-0.03086
1810723,2026/8/17 07:41,MW2045B67735,A48,NULL,8,NULL,A19254,3.24E+00,5.20E-04,18636,NULL,268,-0.00502
1810722,2026/8/17 07:41,MW2045B70884,A47,NULL,7,                    ,A23912,3.24E+00,6.10E-04,18152,NULL,268,-0.02672
1810721,2026/8/17 07:41,MW2045B70883,B46,NULL,13,                    ,A23912,3.24E+00,5.90E-04,18121,NULL,268,0.00139
1810720,2026/8/17 07:41,MW2045B71058,CHH,NULL,20,NULL,A19254,3.24E+00,7.40E-04,18397,NULL,268,-0.02841
1810719,2026/8/17 07:41,MW2045B70882,A46,NULL,6,                    ,A23912,3.24E+00,6.10E-04,18075,NULL,268,-0.02745
1810718,2026/8/17 07:40,MW2045B65946,A48,NULL,8,NULL,A19254,3.24E+00,4.90E-04,18476,NULL,268,-0.00354
1810717,2026/8/17 07:40,MW2045B67538,AC20,NULL,10,                    ,A23912,3.25E+00,9.10E-04,18054,NULL,268,-0.05156
1810716,2026/8/17 07:40,MW2045B71059,CHH,NULL,20,NULL,A19254,3.24E+00,7.10E-04,18340,NULL,268,-0.0029
1810715,2026/8/17 07:40,MW2045B71128,CHH,NULL,20,                    ,A04912,3.24E+00,7.20E-04,17945,NULL,268,-0.02973
1810714,2026/8/17 07:39,MW2045B70813,A47,NULL,7,NULL,A19254,3.24E+00,4.80E-04,18444,NULL,268,-0.02901
1810713,2026/8/17 07:39,MW2045B71017,AC20,NULL,10,                    ,A04912,3.24E+00,8.80E-04,17858,NULL,268,-0.00171
1810712,2026/8/17 07:39,MW2045B70812,A47,NULL,7,NULL,A19254,3.24E+00,4.80E-04,18569,NULL,268,-0.03067
1810711,2026/8/17 07:39,MW2045B71018,AC20,NULL,10,                    ,A04912,3.24E+00,8.60E-04,17896,NULL,268,-0.03391
1810710,2026/8/17 07:39,MW2045B70811,A47,NULL,7,NULL,A19254,3.24E+00,4.80E-04,18625,NULL,268,0.00658
1810709,2026/8/17 07:39,MW2045B69077,A47,NULL,7,                    ,A04912,3.24E+00,5.90E-04,17881,NULL,268,0.00104
1810708,2026/8/17 07:38,MW2045B70971,A46,NULL,6,                    ,A04912,3.24E+00,5.90E-04,17934,NULL,268,-0.00407
1810707,2026/8/17 07:38,MW2045B70787,A46,NULL,6,NULL,A19254,3.24E+00,5.00E-04,18382,NULL,268,0.00162
1810706,2026/8/17 07:38,MW2045B70974,A46,NULL,6,                    ,A04912,3.24E+00,5.90E-04,17953,NULL,268,-0.0168
1810705,2026/8/17 07:38,MW2045B70786,A46,NULL,6,NULL,A19254,3.24E+00,4.80E-04,18273,NULL,268,-0.00367
1810704,2026/8/17 07:37,MW2045B69067,B46,NULL,13,                    ,A04912,3.24E+00,5.90E-04,18028,NULL,268,-0.02494
1810703,2026/8/17 07:37,MW2045B70788,A47,NULL,7,NULL,A19254,3.24E+00,4.80E-04,18440,NULL,268,-0.0131
1810702,2026/8/17 07:37,MW2045B70649,A47,NULL,7,                    ,A04912,3.24E+00,5.90E-04,18031,NULL,268,-0.01042
1810701,2026/8/17 07:37,MW2045B70785,B47,NULL,14,NULL,A19254,3.24E+00,4.90E-04,18338,NULL,268,-0.06428
1810700,2026/8/17 07:37,MW2045B71061,A44,NULL,4,                    ,A04912,3.24E+00,7.50E-04,17858,NULL,268,-0.0096
1810699,2026/8/17 07:36,MW2045B69672,A46,NULL,6,NULL,A04479,3.24E+00,5.10E-04,18422,NULL,268,-0.00894
1810698,2026/8/17 07:36,MW2045B70165,A47,NULL,7,                    ,A04912,3.24E+00,6.70E-04,17965,NULL,268,-0.02707
1810697,2026/8/17 07:36,MW2045B71140,A46,NULL,6,NULL,A04479,3.24E+00,4.90E-04,18384,NULL,268,-0.00321
1810696,2026/8/17 07:36,MW2045B70237,AC20,NULL,10,                    ,A04912,3.25E+00,9.80E-04,18108,NULL,268,-0.04007
1810695,2026/8/17 07:35,MW2045B71133,A45,NULL,5,NULL,A04479,3.24E+00,7.10E-04,18415,NULL,268,0.03591
1810694,2026/8/17 07:35,MW2045B71060,AC20,NULL,10,                    ,A04912,3.24E+00,8.60E-04,17912,NULL,268,-0.0059
1810693,2026/8/17 07:35,MW2045B71071,A44,NULL,4,                    ,A01380,3.25E+00,7.50E-04,17990,NULL,268,0.02148
1810692,2026/8/17 07:35,MW2045B70794,A45,NULL,5,NULL,A04479,3.24E+00,4.80E-04,18270,NULL,268,-0.01501
1810691,2026/8/17 07:35,MW2045B70915,A45,NULL,5,                    ,A01380,3.24E+00,6.00E-04,18184,NULL,268,-0.02495
1810690,2026/8/17 07:34,MW2045B70797,A45,NULL,5,NULL,A04479,3.24E+00,4.90E-04,18283,NULL,268,0.0262
1810689,2026/8/17 07:34,MW2045B70914,A46,NULL,6,                    ,A01380,3.24E+00,6.00E-04,18178,NULL,268,0.02093
1810688,2026/8/17 07:34,MW2045B70796,A46,NULL,6,NULL,A04479,3.24E+00,4.70E-04,18390,NULL,268,0.01367
1810687,2026/8/17 07:34,MW2045B70919,A46,NULL,6,                    ,A01380,3.24E+00,6.10E-04,18207,NULL,268,-0.02382
1810686,2026/8/17 07:34,MW2045B70795,A46,NULL,6,NULL,A04479,3.24E+00,4.90E-04,18258,NULL,268,-0.0082
1810685,2026/8/17 07:33,MW2045B70913,A45,NULL,5,                    ,A01380,3.25E+00,6.10E-04,18072,NULL,268,-0.00896
1810684,2026/8/17 07:33,MW2045B70532,D44,NULL,27,NULL,A04479,3.24E+00,6.90E-04,18507,NULL,268,-0.00071
1810683,2026/8/17 07:33,MW2045B70886,A46,NULL,6,                    ,A01380,3.24E+00,6.00E-04,17859,NULL,268,-0.00688
1810682,2026/8/17 07:33,MW2045B70533,D44,NULL,27,NULL,A04479,3.24E+00,6.30E-04,18432,NULL,268,-0.00557
1810681,2026/8/17 07:33,MW2045B70899,B46,NULL,13,                    ,A01380,3.24E+00,6.00E-04,17842,NULL,268,-0.0034
1810680,2026/8/17 07:32,MW2045B70527,D44,NULL,27,NULL,A04479,3.24E+00,7.10E-04,18363,NULL,268,0.00087
1810679,2026/8/17 07:32,MW2045B70627,A46,NULL,6,                    ,A01380,3.24E+00,5.90E-04,18128,NULL,268,-0.00448
1810678,2026/8/17 07:32,MW2045B70528,D44,NULL,27,NULL,A04479,3.24E+00,7.00E-04,18591,NULL,268,-0.00769
1810677,2026/8/17 07:32,MW2045B70626,A46,NULL,6,                    ,A01380,3.24E+00,5.80E-04,18065,NULL,268,-0.0158
1810676,2026/8/17 07:31,MW2045B70529,D44,NULL,27,NULL,A04479,3.24E+00,7.00E-04,18429,NULL,268,-0.02522
1810675,2026/8/17 07:31,MW2045B70625,B46,NULL,13,                    ,A01380,3.24E+00,5.90E-04,18075,NULL,268,-0.01028
1810674,2026/8/17 07:31,MW2045B70624,B46,NULL,13,                    ,A01380,3.24E+00,5.90E-04,17990,NULL,268,-0.01377
1810673,2026/8/17 07:31,MW2045B69968,A47,NULL,7,NULL,A03814,3.24E+00,5.10E-04,18374,NULL,268,-0.01031
1810672,2026/8/17 07:30,MW2045B70827,A47,NULL,7,                    ,A01380,3.24E+00,5.80E-04,18112,NULL,268,-0.0114
1810671,2026/8/17 07:30,MW2045B67542,B45,NULL,12,NULL,A03814,3.24E+00,6.80E-04,18429,NULL,268,-0.01335
1810670,2026/8/17 07:30,MW2044B28836,AC20,NULL,10,                    ,A04362,3.25E+00,8.60E-04,17828,NULL,268,0.00089
1810669,2026/8/17 07:30,MW2045B67541,A45,NULL,5,NULL,A03814,3.24E+00,7.40E-04,18287,NULL,268,-0.01475
1810668,2026/8/17 07:30,MW2044B28948,A48,NULL,8,                    ,A04362,3.24E+00,5.90E-04,17982,NULL,268,-0.0023
1810667,2026/8/17 07:29,MW2045B67540,B45,NULL,12,NULL,A03814,3.24E+00,7.00E-04,18323,NULL,268,-0.01049
1810666,2026/8/17 07:29,MW2044B28949,A47,NULL,7,                    ,A04362,3.24E+00,6.00E-04,17750,NULL,268,0.00178
1810665,2026/8/17 07:29,MW2045B67539,AC20,NULL,10,NULL,A03814,3.25E+00,8.70E-04,18378,NULL,268,-0.00255
1810664,2026/8/17 07:29,MW2044B28950,A47,NULL,7,                    ,A04362,3.25E+00,6.00E-04,17864,NULL,268,-0.00491
1810663,2026/8/17 07:28,MW2045B67544,A45,NULL,5,NULL,A03814,3.24E+00,6.90E-04,18332,NULL,268,-0.01458
1810662,2026/8/17 07:28,MW2044B28951,C47,NULL,24,                    ,A04362,3.24E+00,5.90E-04,17724,NULL,268,-0.00712
1810661,2026/8/17 07:28,MW2045B67543,A45,NULL,5,NULL,A03814,3.24E+00,6.90E-04,18382,NULL,268,-0.01049
1810660,2026/8/17 07:28,MW2044B29257,A48,NULL,8,                    ,A04362,3.25E+00,6.50E-04,17900,NULL,268,-0.00865
1810659,2026/8/17 07:28,MW2045B71159,A46,NULL,6,NULL,A03814,3.24E+00,4.80E-04,18265,NULL,268,-0.00859
1810658,2026/8/17 07:28,MW2044B29258,A48,NULL,8,                    ,A04362,3.25E+00,6.10E-04,17959,NULL,268,-0.01296
1810657,2026/8/17 07:27,MW2045B71047,A45,NULL,5,NULL,A03814,3.24E+00,7.40E-04,18315,NULL,268,-0.01048
1810656,2026/8/17 07:27,MW2044B29167,C47,NULL,24,                    ,A04362,3.25E+00,7.90E-04,17979,NULL,268,-0.02787
1810655,2026/8/17 07:27,MW2044B29163,C48,NULL,25,                    ,A04362,3.24E+00,6.00E-04,18034,NULL,268,0.00283
1810654,2026/8/17 07:27,MW2045B71068,B46,NULL,13,NULL,A03814,3.24E+00,6.60E-04,18447,NULL,268,-0.02295
1810653,2026/8/17 07:26,MW2045B71066,B45,NULL,12,NULL,A03814,3.24E+00,6.40E-04,18338,NULL,268,0.00513
1810652,2026/8/17 07:26,MW2044B29164,AC20,NULL,10,                    ,A04362,3.25E+00,8.40E-04,18107,NULL,268,-0.0099
1810651,2026/8/17 07:26,MW2045B71067,A45,NULL,5,NULL,A03814,3.25E+00,6.50E-04,18399,NULL,268,-0.00473
1810650,2026/8/17 07:25,MW2044B14722,AC20,NULL,10,                    ,A04362,3.25E+00,8.50E-04,18011,NULL,268,-0.00302
1810649,2026/8/17 07:25,MW2045B67561,B45,NULL,12,NULL,A11037,3.24E+00,4.90E-04,18307,NULL,268,0.01413
1810648,2026/8/17 07:25,MW2044B29220,A47,NULL,7,                    ,A04362,3.25E+00,6.20E-04,17995,NULL,268,-0.0118
1810647,2026/8/17 07:25,MW2045B67555,A45,NULL,5,NULL,A11037,3.24E+00,5.00E-04,18307,NULL,268,0.00235
1810646,2026/8/17 07:24,MW2045B70142,A46,NULL,6,                    ,A12767,3.25E+00,6.20E-04,17826,NULL,268,-0.00341
1810645,2026/8/17 07:24,MW2045B69688,A46,NULL,6,NULL,A11037,3.24E+00,5.00E-04,18453,NULL,268,-0.00586
1810644,2026/8/17 07:24,MW2045B70143,A47,NULL,7,                    ,A12767,3.25E+00,6.20E-04,18042,NULL,268,-0.00458
1810643,2026/8/17 07:24,MW2045B69689,A45,NULL,5,NULL,A11037,3.24E+00,5.00E-04,18454,NULL,268,-0.00535
1810642,2026/8/17 07:24,MW2045B70158,KEF,NULL,2,                    ,A12767,3.24E+00,6.30E-04,17935,NULL,268,0.00431
1810641,2026/8/17 07:23,MW2045B69690,A45,NULL,5,NULL,A11037,3.24E+00,5.00E-04,18467,NULL,268,0.00747
1810640,2026/8/17 07:23,MW2045B70407,A46,NULL,6,                    ,A12767,3.24E+00,6.10E-04,18061,NULL,268,-0.0113
1810639,2026/8/17 07:23,MW2045B69691,A46,NULL,6,NULL,A11037,3.24E+00,4.90E-04,18479,NULL,268,0.0069
1810638,2026/8/17 07:23,MW2045B65979,A48,NULL,8,                    ,A12767,3.24E+00,6.00E-04,18123,NULL,268,-0.00813
1810637,2026/8/17 07:22,MW2045B69692,A46,NULL,6,NULL,A11037,3.24E+00,4.80E-04,18668,NULL,268,0.00244
1810636,2026/8/17 07:22,MW2045B67277,C47,NULL,24,                    ,A12767,3.24E+00,6.20E-04,18138,NULL,268,-0.00391
1810635,2026/8/17 07:22,MW2045B70523,CHH,NULL,20,NULL,A11037,3.24E+00,6.80E-04,18562,NULL,268,-0.00075
1810634,2026/8/17 07:22,MW2045B68332,AC20,NULL,10,                    ,A12767,3.24E+00,8.60E-04,18177,NULL,268,-0.00878
1810633,2026/8/17 07:22,MW2045B70522,B44,NULL,11,NULL,A11037,3.24E+00,5.10E-04,18352,NULL,268,-0.00375
1810632,2026/8/17 07:22,MW2045B68928,A48,NULL,8,                    ,A12767,3.24E+00,6.00E-04,18152,NULL,268,-0.00725
1810631,2026/8/17 07:21,MW2045B69593,A47,NULL,7,                    ,A12767,3.24E+00,6.10E-04,18013,NULL,268,-0.00128
1810630,2026/8/17 07:21,MW2045B70521,B44,NULL,11,NULL,A11037,3.24E+00,5.10E-04,18396,NULL,268,-0.00253
1810629,2026/8/17 07:21,MW2045B71054,AC20,NULL,10,                    ,A12767,3.25E+00,8.40E-04,17815,NULL,268,-6.00E-05
1810628,2026/8/17 07:21,MW2045B70520,B44,NULL,11,NULL,A11037,3.24E+00,6.80E-04,18614,NULL,268,-0.00273
1810627,2026/8/17 07:20,MW2045B71053,AC20,NULL,10,                    ,A12767,3.24E+00,8.30E-04,17825,NULL,268,-0.02558
1810626,2026/8/17 07:20,MW2045B70519,B44,NULL,11,NULL,A11037,3.25E+00,4.80E-04,18611,NULL,268,-0.02981
1810625,2026/8/17 07:20,MW2045B70789,A45,NULL,5,                    ,A12767,3.24E+00,5.80E-04,18108,NULL,268,-0.00092
1810624,2026/8/17 07:20,MW2045B71073,A45,NULL,5,NULL,A10652,3.24E+00,6.30E-04,18422,NULL,268,-0.02978
1810623,2026/8/17 07:20,MW2045B69807,A45,NULL,5,                    ,A23033,3.24E+00,6.00E-04,17995,NULL,268,-0.00344
1810622,2026/8/17 07:19,MW2045B70977,A46,NULL,6,NULL,A10652,3.24E+00,4.80E-04,18486,NULL,268,-0.02634
1810621,2026/8/17 07:19,MW2045B69806,A46,NULL,6,                    ,A23033,3.24E+00,6.00E-04,18190,NULL,268,-0.01283
1810620,2026/8/17 07:19,MW2045B70978,A46,NULL,6,NULL,A10652,3.24E+00,5.00E-04,18577,NULL,268,-0.01794
1810619,2026/8/17 07:19,MW2045B69814,A46,NULL,6,                    ,A23033,3.24E+00,6.00E-04,17954,NULL,268,-0.01815
1810618,2026/8/17 07:18,MW2045B69820,B47,NULL,14,                    ,A23033,3.24E+00,6.10E-04,18118,NULL,268,-0.00087
1810617,2026/8/17 07:18,MW2045B70979,A45,NULL,5,NULL,A10652,3.24E+00,5.00E-04,18401,NULL,268,-0.01556
1810616,2026/8/17 07:18,MW2045B69819,A47,NULL,7,                    ,A23033,3.24E+00,6.10E-04,18084,NULL,268,-0.02909
1810615,2026/8/17 07:18,MW2045B70980,A45,NULL,5,NULL,A10652,3.24E+00,4.90E-04,18545,NULL,268,-0.01781
1810614,2026/8/17 07:18,MW2045B69768,A47,NULL,7,                    ,A23033,3.24E+00,6.00E-04,18093,NULL,268,-0.00191
1810613,2026/8/17 07:17,MW2045B70995,A46,NULL,6,NULL,A10652,3.24E+00,4.90E-04,18431,NULL,268,-0.01936
1810612,2026/8/17 07:17,MW2045B69764,A47,NULL,7,                    ,A23033,3.24E+00,6.10E-04,18109,NULL,268,-0.01611
1810611,2026/8/17 07:17,MW2045B70994,A46,NULL,6,NULL,A10652,3.24E+00,4.90E-04,18474,NULL,268,-0.02004
1810610,2026/8/17 07:17,MW2045B69761,A46,NULL,6,                    ,A23033,3.24E+00,6.00E-04,18135,NULL,268,-0.01327
1810609,2026/8/17 07:17,MW2045B70993,A45,NULL,5,NULL,A10652,3.24E+00,5.10E-04,18552,NULL,268,-0.01637
1810608,2026/8/17 07:16,MW2045B71021,AC20,NULL,10,                    ,A23033,3.24E+00,9.50E-04,18001,NULL,268,-0.01188
1810607,2026/8/17 07:16,MW2045B70601,A45,NULL,5,NULL,A10652,3.24E+00,5.40E-04,18456,NULL,268,-0.01994
1810606,2026/8/17 07:16,MW2045B71023,AC20,NULL,10,                    ,A23033,3.24E+00,9.70E-04,17975,NULL,268,-0.01027
1810605,2026/8/17 07:16,MW2045B70607,A45,NULL,5,NULL,A10652,3.24E+00,5.60E-04,18558,NULL,268,-0.02167
1810604,2026/8/17 07:16,MW2045B71024,AC20,NULL,10,                    ,A23033,3.24E+00,9.90E-04,17994,NULL,268,-0.00987
1810603,2026/8/17 07:15,MW2045B71025,AC20,NULL,10,                    ,A23033,3.24E+00,9.50E-04,18122,NULL,268,-0.02246
1810602,2026/8/17 07:15,MW2045B70608,A45,NULL,5,NULL,A10652,3.24E+00,5.60E-04,18507,NULL,268,-0.00909
1810601,2026/8/17 07:15,MW2045B70939,B45,NULL,12,                    ,A10896,3.25E+00,6.10E-04,18029,NULL,268,0.0157
1810600,2026/8/17 07:15,MW2045B70622,A46,NULL,6,NULL,A10652,3.24E+00,4.90E-04,18505,NULL,268,-0.01001
1810599,2026/8/17 07:14,MW2045B70933,A45,NULL,5,                    ,A10896,3.24E+00,6.00E-04,17956,NULL,268,-0.00967
1810598,2026/8/17 07:14,MW2045B69908,A47,NULL,7,NULL,A13670,3.24E+00,5.00E-04,18620,NULL,268,-0.01124
1810597,2026/8/17 07:14,MW2045B70934,B45,NULL,12,                    ,A10896,3.24E+00,5.80E-04,17967,NULL,268,-0.0007
1810596,2026/8/17 07:14,MW2045B69954,A47,NULL,7,NULL,A13670,3.24E+00,5.00E-04,18669,NULL,268,-0.01104
1810595,2026/8/17 07:14,MW2045B70936,A45,NULL,5,                    ,A10896,3.24E+00,5.90E-04,17953,NULL,268,-0.00485
1810594,2026/8/17 07:13,MW2045B69955,A47,NULL,7,NULL,A13670,3.24E+00,5.00E-04,18557,NULL,268,-0.00978
1810593,2026/8/17 07:13,MW2045B70938,A45,NULL,5,                    ,A10896,3.25E+00,6.00E-04,18057,NULL,268,-0.00356
1810592,2026/8/17 07:13,MW2045B69956,A47,NULL,7,NULL,A13670,3.24E+00,5.10E-04,18647,NULL,268,-0.00998
1810591,2026/8/17 07:13,MW2045B70944,A47,NULL,7,                    ,A10896,3.25E+00,6.30E-04,18113,NULL,268,-0.0261
1810590,2026/8/17 07:12,MW2045B69957,A47,NULL,7,NULL,A13670,3.24E+00,5.20E-04,18401,NULL,268,-0.02485
1810589,2026/8/17 07:12,MW2045B70943,A47,NULL,7,                    ,A10896,3.25E+00,6.20E-04,18121,NULL,268,-0.01519
1810588,2026/8/17 07:12,MW2045B69949,A47,NULL,7,NULL,A13670,3.24E+00,5.10E-04,18514,NULL,268,-0.02636
1810587,2026/8/17 07:12,MW2045B70941,A47,NULL,7,                    ,A10896,3.25E+00,6.30E-04,18158,NULL,268,-0.01719
1810586,2026/8/17 07:11,MW2045B69950,A47,NULL,7,NULL,A13670,3.24E+00,5.10E-04,18481,NULL,268,-0.02763
1810585,2026/8/17 07:11,MW2045B70940,A47,NULL,7,                    ,A10896,3.25E+00,6.10E-04,18079,NULL,268,-0.01848
1810584,2026/8/17 07:11,MW2045B70946,A47,NULL,7,                    ,A10896,3.25E+00,6.20E-04,18071,NULL,268,-0.01235
1810583,2026/8/17 07:11,MW2045B69951,A47,NULL,7,NULL,A13670,3.24E+00,5.00E-04,18550,NULL,268,-0.02052
1810582,2026/8/17 07:11,MW2045B70947,A47,NULL,7,                    ,A10896,3.24E+00,6.20E-04,17996,NULL,268,-0.01102
1810581,2026/8/17 07:11,MW2045B69952,A47,NULL,7,NULL,A13670,3.24E+00,5.00E-04,18286,NULL,268,-0.01857
1810580,2026/8/17 07:10,MW2045B70830,B45,NULL,12,                    ,A10896,3.24E+00,6.10E-04,17980,NULL,268,-0.00885
1810579,2026/8/17 07:10,MW2045B69078,A47,NULL,7,NULL,A13670,3.24E+00,5.00E-04,18619,NULL,268,-0.01751
1810578,2026/8/17 07:10,MW2045B71026,AC20,NULL,10,                    ,A07761,3.24E+00,9.40E-04,18077,NULL,268,-0.0093
1810577,2026/8/17 07:10,MW2045B69066,B47,NULL,14,NULL,A13670,3.24E+00,4.90E-04,18427,NULL,268,-0.01965
1810576,2026/8/17 07:09,MW2045B71028,AC20,NULL,10,                    ,A07761,3.24E+00,8.80E-04,18065,NULL,268,-0.01197
1810575,2026/8/17 07:09,MW2045B70645,A47,NULL,7,NULL,A13670,3.24E+00,5.00E-04,18515,NULL,268,-0.01927
1810574,2026/8/17 07:09,MW2045B71011,AC20,NULL,10,                    ,A07761,3.24E+00,8.80E-04,18087,NULL,268,-0.00472
1810573,2026/8/17 07:09,MW2045B71064,A45,NULL,5,NULL,A01991,3.24E+00,6.50E-04,18208,NULL,268,-0.02039
1810572,2026/8/17 07:09,MW2045B71012,AC20,NULL,10,                    ,A07761,3.24E+00,9.50E-04,17974,NULL,268,0.00122
1810571,2026/8/17 07:08,MW2045B67564,A45,NULL,5,NULL,A01991,3.24E+00,5.00E-04,18340,NULL,268,-0.02102
1810570,2026/8/17 07:08,MW2045B71013,AC20,NULL,10,                    ,A07761,3.24E+00,8.60E-04,18028,NULL,268,0.00115
1810569,2026/8/17 07:08,MW2045B67565,A45,NULL,5,NULL,A01991,3.24E+00,4.90E-04,18305,NULL,268,-0.00123
1810568,2026/8/17 07:08,MW2045B71014,AC20,NULL,10,                    ,A07761,3.24E+00,9.80E-04,18021,NULL,268,-0.00216
1810567,2026/8/17 07:07,MW2045B67566,A45,NULL,5,NULL,A01991,3.24E+00,4.90E-04,18318,NULL,268,0.01627
1810566,2026/8/17 07:07,MW2045B70926,A48,NULL,8,                    ,A07761,3.24E+00,6.20E-04,18069,NULL,268,-0.00086
1810565,2026/8/17 07:07,MW2045B67567,A45,NULL,5,NULL,A01991,3.24E+00,5.00E-04,18340,NULL,268,-0.00102
1810564,2026/8/17 07:07,MW2045B71473,B46,NULL,13,                    ,A07761,3.24E+00,6.30E-04,18026,NULL,268,-0.02348
1810563,2026/8/17 07:07,MW2045B71463,B47,NULL,14,                    ,A07761,3.24E+00,6.40E-04,18105,NULL,268,-0.03738
1810562,2026/8/17 07:06,MW2045B67568,A46,NULL,6,NULL,A01991,3.24E+00,5.10E-04,18376,NULL,268,-0.00193
1810561,2026/8/17 07:06,MW2045B71464,B47,NULL,14,                    ,A07761,3.24E+00,6.30E-04,17970,NULL,268,-0.01592
1810560,2026/8/17 07:06,MW2045B67569,A46,NULL,6,NULL,A01991,3.24E+00,5.00E-04,18125,NULL,268,-0.00159
1810559,2026/8/17 07:06,MW2045B71465,B46,NULL,13,                    ,A07761,3.24E+00,8.00E-04,18084,NULL,268,-0.04615
1810558,2026/8/17 07:06,MW2045B67545,A45,NULL,5,NULL,A01991,3.24E+00,6.80E-04,18343,NULL,268,-0.01504
1810557,2026/8/17 07:05,MW2045B71466,A47,NULL,7,                    ,A07761,3.24E+00,7.40E-04,18013,NULL,268,-0.03595
1810556,2026/8/17 07:05,MW2045B67529,A45,NULL,5,NULL,A01991,3.24E+00,7.70E-04,18274,NULL,268,-0.02902
1810555,2026/8/17 07:05,MW2045B71124,A45,NULL,5,                    ,A12305,3.24E+00,5.80E-04,17670,NULL,268,-0.0044
1810554,2026/8/17 07:05,MW2045B67528,A45,NULL,5,NULL,A01991,3.24E+00,7.60E-04,18332,NULL,268,0.00125
1810553,2026/8/17 07:05,MW2045B71126,A45,NULL,5,                    ,A12305,3.24E+00,5.80E-04,17872,NULL,268,-0.02233
1810552,2026/8/17 07:04,MW2045B67527,A45,NULL,5,NULL,A01991,3.24E+00,7.60E-04,18508,NULL,268,-0.0024
1810551,2026/8/17 07:04,MW2045B71127,A45,NULL,5,                    ,A12305,3.24E+00,5.70E-04,17810,NULL,268,-0.02512
1810550,2026/8/17 07:04,MW2045B67537,A47,NULL,7,NULL,A01991,3.24E+00,5.60E-04,18526,NULL,268,-0.00183
1810549,2026/8/17 07:04,MW2045B71462,A45,NULL,5,                    ,A12305,3.24E+00,6.20E-04,17809,NULL,268,-0.06052
1810548,2026/8/17 07:03,MW2044B28837,A47,NULL,7,NULL,A18978,3.25E+00,7.40E-04,18426,NULL,268,-0.00173
1810547,2026/8/17 07:03,MW2045B71062,A45,NULL,5,                    ,A12305,3.24E+00,7.40E-04,17801,NULL,268,-0.0249
1810546,2026/8/17 07:03,MW2044B28835,A46,NULL,6,NULL,A18978,3.25E+00,7.20E-04,18443,NULL,268,-0.00828
1810545,2026/8/17 07:03,MW2045B70982,A45,NULL,5,                    ,A12305,3.24E+00,5.80E-04,18011,NULL,268,-0.00563
1810544,2026/8/17 07:02,MW2045B69784,A45,NULL,5,                    ,A12305,3.24E+00,5.90E-04,17994,NULL,268,-0.0182
1810543,2026/8/17 07:02,MW2044B14765,A47,NULL,7,NULL,A18978,3.25E+00,7.90E-04,18643,NULL,268,-0.00162
1810542,2026/8/17 07:02,MW2045B71123,A45,NULL,5,                    ,A12305,3.24E+00,5.60E-04,17801,NULL,268,-0.02371
1810541,2026/8/17 07:02,MW2044B14764,A46,NULL,6,NULL,A18978,3.25E+00,7.70E-04,18632,NULL,268,0.00077
1810540,2026/8/17 07:02,MW2045B71005,AC20,NULL,10,                    ,A12305,3.24E+00,8.30E-04,17997,NULL,268,-0.01754
1810539,2026/8/17 07:01,MW2044B14763,A47,NULL,7,NULL,A18978,3.25E+00,7.60E-04,18521,NULL,268,0.00435
1810538,2026/8/17 07:01,MW2045B69676,A45,NULL,5,                    ,A12305,3.24E+00,5.90E-04,18109,NULL,268,-0.01596
1810537,2026/8/17 07:01,MW2044B14762,A46,NULL,6,NULL,A18978,3.25E+00,7.50E-04,18590,NULL,268,0.0058
1810536,2026/8/17 07:01,MW2045B67559,A45,NULL,5,                    ,A12305,3.24E+00,6.00E-04,17733,NULL,268,-0.0129
1810535,2026/8/17 07:01,MW2044B14761,A46,NULL,6,NULL,A18978,3.25E+00,7.70E-04,18571,NULL,268,0.0037
1810534,2026/8/17 07:00,MW2045B67657,A46,NULL,6,                    ,A12305,3.24E+00,6.00E-04,17839,NULL,268,-0.01061
1810533,2026/8/17 07:00,MW2044B14760,A46,NULL,6,NULL,A18978,3.24E+00,7.80E-04,18634,NULL,268,-0.00157
1810532,2026/8/17 07:00,MW2044B14718,AC20,NULL,10,                    ,A19285,3.25E+00,8.60E-04,18038,NULL,268,-0.00945
1810531,2026/8/17 07:00,MW2044B14618,A47,NULL,7,NULL,A18978,3.25E+00,7.60E-04,18598,NULL,268,-0.0058
1810530,2026/8/17 07:00,MW2044B14719,AC20,NULL,10,                    ,A19285,3.25E+00,8.60E-04,18033,NULL,268,-0.01138
1810529,2026/8/17 06:59,MW2044B14617,A47,NULL,7,NULL,A18978,3.25E+00,7.40E-04,18661,NULL,268,-0.00267
1810528,2026/8/17 06:59,MW2044B14720,AC20,NULL,10,                    ,A19285,3.25E+00,8.80E-04,18192,NULL,268,-0.00936
1810527,2026/8/17 06:59,MW2044B14616,A47,NULL,7,NULL,A18978,3.25E+00,7.50E-04,18611,NULL,268,-0.01269
1810526,2026/8/17 06:59,MW2044B14755,AC20,NULL,10,                    ,A19285,3.25E+00,8.90E-04,18029,NULL,268,-0.00957
1810525,2026/8/17 06:58,MW2044B14759,A46,NULL,6,NULL,A18978,3.25E+00,7.90E-04,18622,NULL,268,-0.02242
1810524,2026/8/17 06:58,MW2044B14758,AC20,NULL,10,                    ,A19285,3.25E+00,8.80E-04,18101,NULL,268,-0.00293
1810523,2026/8/17 06:58,MW2045B66361,B47,NULL,14,NULL,A16513,3.24E+00,5.10E-04,18470,NULL,268,-0.00911
1810522,2026/8/17 06:57,MW2044B14612,A47,NULL,7,                    ,A19285,3.25E+00,6.30E-04,17984,NULL,268,-0.01868
1810521,2026/8/17 06:56,MW2045B64854,A46,NULL,6,NULL,A16513,3.24E+00,4.80E-04,18303,NULL,268,-0.00972
1810520,2026/8/17 06:56,MW2044B14611,A46,NULL,6,                    ,A19285,3.25E+00,6.40E-04,18011,NULL,268,-0.01245
1810519,2026/8/17 06:56,MW2045B69859,A47,NULL,7,NULL,A16513,3.24E+00,5.10E-04,18456,NULL,268,-0.01125
1810518,2026/8/17 06:56,MW2044B14610,A47,NULL,7,                    ,A19285,3.25E+00,6.30E-04,18029,NULL,268,-0.01375
1810517,2026/8/17 06:56,MW2045B69873,A47,NULL,7,NULL,A16513,3.24E+00,5.10E-04,18641,NULL,268,-0.00734
1810516,2026/8/17 06:55,MW2044B14613,AC20,NULL,10,                    ,A19285,3.25E+00,8.30E-04,17999,NULL,268,0.0057
1810515,2026/8/17 06:55,MW2045B69899,A47,NULL,7,NULL,A16513,3.24E+00,5.10E-04,18633,NULL,268,0.01034
1810514,2026/8/17 06:55,MW2044B14614,A47,NULL,7,                    ,A19285,3.24E+00,7.40E-04,18030,NULL,268,0.00609
1810513,2026/8/17 06:55,MW2045B69800,A47,NULL,7,NULL,A16513,3.24E+00,4.80E-04,18589,NULL,268,0.00436
1810512,2026/8/17 06:55,MW2044B02302,AC20,NULL,10,                    ,A19285,3.25E+00,9.70E-04,17933,NULL,268,0.00651
1810511,2026/8/17 06:54,MW2045B67656,A47,NULL,7,NULL,A16513,3.24E+00,5.10E-04,18428,NULL,268,0.00741
1810510,2026/8/17 06:54,MW2044B14615,AC20,NULL,10,                    ,A19285,3.24E+00,8.30E-04,18141,NULL,268,0.00041
1810509,2026/8/17 06:54,MW2044B26619,A46,NULL,6,                    ,A24282,3.25E+00,7.70E-04,17916,NULL,268,0.01103
1810508,2026/8/17 06:54,MW2045B67665,A47,NULL,7,NULL,A16513,3.24E+00,4.90E-04,18429,NULL,268,0.00031
1810507,2026/8/17 06:53,MW2044B26563,A46,NULL,6,                    ,A24282,3.25E+00,7.90E-04,17943,NULL,268,0.00683
1810506,2026/8/17 06:53,MW2045B67671,A47,NULL,7,NULL,A16513,3.24E+00,5.10E-04,18363,NULL,268,-0.00067
1810505,2026/8/17 06:53,MW2044B26562,A45,NULL,5,                    ,A24282,3.25E+00,8.00E-04,17869,NULL,268,-0.04439
1810504,2026/8/17 06:53,MW2045B67677,A47,NULL,7,NULL,A16513,3.24E+00,5.00E-04,18267,NULL,268,-0.01204
1810503,2026/8/17 06:53,MW2044B26568,AC20,NULL,10,                    ,A24282,3.25E+00,8.10E-04,17961,NULL,268,-0.05517
1810502,2026/8/17 06:52,MW2045B69855,A47,NULL,7,NULL,A16513,3.24E+00,5.00E-04,18467,NULL,268,-0.00713
1810501,2026/8/17 06:52,MW2044B26567,AC20,NULL,10,                    ,A24282,3.25E+00,8.70E-04,17826,NULL,268,0.007
1810500,2026/8/17 06:52,MW2045B69854,A47,NULL,7,NULL,A16513,3.24E+00,5.10E-04,18489,NULL,268,-0.00281
1810499,2026/8/17 06:52,MW2044B26566,AC20,NULL,10,                    ,A24282,3.25E+00,8.60E-04,17820,NULL,268,-0.00487
1810498,2026/8/17 06:51,MW2045B69872,A46,NULL,6,NULL,A25038,3.24E+00,5.20E-04,18497,NULL,268,-0.01012
1810497,2026/8/17 06:51,MW2044B26569,AC20,NULL,10,                    ,A24282,3.25E+00,8.10E-04,18038,NULL,268,0.02412
1810496,2026/8/17 06:51,MW2045B64365,A46,NULL,6,NULL,A25038,3.24E+00,4.80E-04,18315,NULL,268,0.02884
1810495,2026/8/17 06:51,MW2044B26570,AC20,NULL,10,                    ,A24282,3.25E+00,8.60E-04,17853,NULL,268,-0.01952
1810494,2026/8/17 06:51,MW2045B67658,A46,NULL,6,NULL,A25038,3.24E+00,5.00E-04,18305,NULL,268,-0.02067
1810493,2026/8/17 06:50,MW2044B26565,A46,NULL,6,                    ,A24282,3.25E+00,8.00E-04,17825,NULL,268,0.00371
1810492,2026/8/17 06:50,MW2045B69889,A46,NULL,6,NULL,A25038,3.24E+00,5.00E-04,18452,NULL,268,0.00239
1810491,2026/8/17 06:50,MW2044B26564,A46,NULL,6,                    ,A24282,3.25E+00,7.90E-04,17926,NULL,268,0.00578
1810490,2026/8/17 06:50,MW2045B69963,A46,NULL,6,NULL,A25038,3.25E+00,5.00E-04,18408,NULL,268,0.00596
1810489,2026/8/17 06:50,MW2044B26818,B47,NULL,14,                    ,A24282,3.25E+00,6.80E-04,18055,NULL,268,0.00425
1810488,2026/8/17 06:49,MW2044B26594,AC20,NULL,10,                    ,A24282,3.25E+00,8.70E-04,17752,NULL,268,-0.02203
1810487,2026/8/17 06:49,MW2045B69962,A46,NULL,6,NULL,A25038,3.24E+00,5.10E-04,18653,NULL,268,-0.02169
1810486,2026/8/17 06:49,MW2045B70895,B45,NULL,12,                    ,A14785,3.24E+00,5.80E-04,17820,NULL,268,0.00283
1810485,2026/8/17 06:49,MW2045B69977,A46,NULL,6,NULL,A25038,3.25E+00,5.30E-04,18597,NULL,268,-0.01827
1810484,2026/8/17 06:48,MW2045B70896,A44,NULL,4,                    ,A14785,3.25E+00,5.70E-04,17679,NULL,268,0.00381
1810483,2026/8/17 06:48,MW2045B69675,A46,NULL,6,NULL,A25038,3.24E+00,4.90E-04,18462,NULL,268,-0.0131
1810482,2026/8/17 06:48,MW2045B70897,A45,NULL,5,                    ,A14785,3.25E+00,5.70E-04,17735,NULL,268,-0.00244
1810481,2026/8/17 06:48,MW2045B69155,B47,NULL,14,NULL,A25038,3.24E+00,4.90E-04,18671,NULL,268,0.00532
1810480,2026/8/17 06:48,MW2045B67235,A46,NULL,6,                    ,A14785,3.25E+00,5.90E-04,17725,NULL,268,-0.01259
1810479,2026/8/17 06:47,MW2045B71121,A46,NULL,6,NULL,A25038,3.24E+00,4.80E-04,18312,NULL,268,0.01617
1810478,2026/8/17 06:47,MW2045B69930,A46,NULL,6,                    ,A14785,3.25E+00,5.90E-04,17832,NULL,268,-0.01084
1810477,2026/8/17 06:47,MW2045B69783,A46,NULL,6,NULL,A25038,3.24E+00,5.00E-04,18559,NULL,268,-0.00377
1810476,2026/8/17 06:47,MW2045B69926,A46,NULL,6,                    ,A14785,3.25E+00,6.00E-04,17863,NULL,268,-0.00367
1810475,2026/8/17 06:46,MW2045B69782,A46,NULL,6,NULL,A25038,3.24E+00,5.00E-04,18420,NULL,268,0.00215
1810474,2026/8/17 06:46,MW2045B69925,C45,NULL,22,                    ,A14785,3.24E+00,6.10E-04,17993,NULL,268,-0.00384
1810473,2026/8/17 06:46,MW2045B71122,A45,NULL,5,                    ,A14785,3.24E+00,5.70E-04,17731,NULL,268,-0.00605
1810472,2026/8/17 06:46,MW2045B69749,A46,NULL,6,NULL,A19950,3.24E+00,4.90E-04,18672,NULL,268,0.01032
1810471,2026/8/17 06:46,MW2045B71125,A45,NULL,5,                    ,A14785,3.24E+00,5.80E-04,17814,NULL,268,-0.00888
1810470,2026/8/17 06:46,MW2045B69792,C46,NULL,23,NULL,A19950,3.24E+00,5.10E-04,18391,NULL,268,0.00816
1810469,2026/8/17 06:45,MW2045B71124,A45,NULL,5,                    ,A14785,3.24E+00,5.80E-04,17657,NULL,268,-0.01355
1810468,2026/8/17 06:45,MW2045B69793,A47,NULL,7,NULL,A19950,3.24E+00,5.10E-04,18517,NULL,268,0.00646
1810467,2026/8/17 06:45,MW2045B71126,A45,NULL,5,                    ,A14785,3.24E+00,5.80E-04,17855,NULL,268,-0.0261
1810466,2026/8/17 06:45,MW2045B69795,C46,NULL,23,NULL,A19950,3.24E+00,5.10E-04,18591,NULL,268,-0.00305
1810465,2026/8/17 06:44,MW2045B71127,A45,NULL,5,                    ,A14785,3.24E+00,5.70E-04,17807,NULL,268,0.00449
1810464,2026/8/17 06:44,MW2045B69751,A46,NULL,6,NULL,A19950,3.24E+00,5.10E-04,18419,NULL,268,0.0111
1810463,2026/8/17 06:44,MW2045B67550,A46,NULL,6,                    ,A10346,3.25E+00,7.00E-04,18012,NULL,268,0.00261
1810462,2026/8/17 06:44,MW2045B71462,A45,NULL,5,NULL,A19950,3.24E+00,5.20E-04,18243,NULL,268,0.0068
1810461,2026/8/17 06:44,MW2045B67551,B45,NULL,12,                    ,A10346,3.24E+00,7.70E-04,18208,NULL,268,-0.03456
1810460,2026/8/17 06:43,MW2045B71461,A46,NULL,6,NULL,A19950,3.24E+00,5.10E-04,18552,NULL,268,0.00016
1810459,2026/8/17 06:43,MW2045B67552,A46,NULL,6,                    ,A10346,3.24E+00,6.00E-04,17887,NULL,268,-0.00057
1810458,2026/8/17 06:43,MW2045B71460,A46,NULL,6,NULL,A19950,3.24E+00,5.20E-04,18448,NULL,268,0.00458
1810457,2026/8/17 06:43,MW2045B67553,A46,NULL,6,                    ,A10346,3.24E+00,6.00E-04,17958,NULL,268,-0.01164
1810456,2026/8/17 06:42,MW2045B71459,KEF,NULL,2,NULL,A19950,3.24E+00,5.30E-04,18438,NULL,268,0.03143
1810455,2026/8/17 06:42,MW2045B67554,A46,NULL,6,                    ,A10346,3.24E+00,6.10E-04,17897,NULL,268,-0.29037
1810454,2026/8/17 06:42,MW2045B71467,A46,NULL,6,NULL,A19950,3.24E+00,5.30E-04,18420,NULL,268,0.03221
1810453,2026/8/17 06:42,MW2045B69897,A46,NULL,6,                    ,A10346,3.24E+00,6.10E-04,17930,NULL,268,0.02693
1810452,2026/8/17 06:42,MW2045B69896,A46,NULL,6,                    ,A10346,3.24E+00,6.00E-04,18066,NULL,268,0.0316
1810451,2026/8/17 06:41,MW2045B69790,A46,NULL,6,NULL,A19950,3.24E+00,4.90E-04,18443,NULL,268,0.0256
1810450,2026/8/17 06:41,MW2045B69916,A46,NULL,6,                    ,A10346,3.24E+00,6.00E-04,18085,NULL,268,-0.00763
1810449,2026/8/17 06:41,MW2045B69789,A47,NULL,7,NULL,A19950,3.24E+00,4.90E-04,18478,NULL,268,-0.01756
1810448,2026/8/17 06:41,MW2045B69917,B46,NULL,13,                    ,A10346,3.25E+00,6.10E-04,17973,NULL,268,-0.16586
1810447,2026/8/17 06:41,MW2044B26621,A46,NULL,6,NULL,A01461,3.25E+00,6.90E-04,18372,NULL,268,0.00852
1810446,2026/8/17 06:40,MW2045B69918,B47,NULL,14,                    ,A10346,3.24E+00,6.10E-04,18467,NULL,268,-0.13473
1810445,2026/8/17 06:40,MW2044B26622,A46,NULL,6,NULL,A01461,3.25E+00,7.00E-04,18378,NULL,268,-0.02332
1810444,2026/8/17 06:40,MW2045B69898,B46,NULL,13,                    ,A10346,3.24E+00,6.00E-04,18252,NULL,268,-0.10761
1810443,2026/8/17 06:40,MW2044B29011,A47,NULL,7,NULL,A01461,3.25E+00,5.20E-04,18396,NULL,268,-0.02221
1810442,2026/8/17 06:40,MW2045B69914,B46,NULL,13,                    ,A10346,3.24E+00,6.10E-04,18222,NULL,268,-0.24136
1810441,2026/8/17 06:39,MW2044B29007,A47,NULL,7,NULL,A01461,3.25E+00,5.10E-04,18529,NULL,268,-0.02541
1810440,2026/8/17 06:39,MW2045B64375,A46,NULL,6,                    ,A03700,3.24E+00,5.80E-04,18008,NULL,268,-0.20648
1810439,2026/8/17 06:39,MW2044B29012,A47,NULL,7,NULL,A01461,3.25E+00,5.20E-04,18404,NULL,268,-0.02521
1810438,2026/8/17 06:39,MW2045B69858,A46,NULL,6,                    ,A03700,3.24E+00,6.10E-04,17909,NULL,268,-0.01828
1810437,2026/8/17 06:38,MW2044B29013,A47,NULL,7,NULL,A01461,3.25E+00,5.20E-04,18429,NULL,268,-0.10085
1810436,2026/8/17 06:38,MW2045B69857,A46,NULL,6,                    ,A03700,3.24E+00,6.00E-04,18155,NULL,268,-0.00586
1810435,2026/8/17 06:38,MW2044B29015,A47,NULL,7,NULL,A01461,3.25E+00,5.30E-04,18397,NULL,268,-0.66035
1810434,2026/8/17 06:38,MW2045B69849,A46,NULL,6,                    ,A03700,3.24E+00,6.10E-04,18004,NULL,268,-0.01219
1810433,2026/8/17 06:37,MW2044B29016,A47,NULL,7,NULL,A01461,3.25E+00,5.10E-04,18453,NULL,268,-0.10061
1810432,2026/8/17 06:37,MW2045B69851,A46,NULL,6,                    ,A03700,3.24E+00,6.00E-04,17953,NULL,268,-0.01304
1810431,2026/8/17 06:37,MW2045B71098,AC20,NULL,10,                    ,A03700,3.24E+00,8.60E-04,18098,NULL,268,-0.1408
1810430,2026/8/17 06:37,MW2044B29014,A47,NULL,7,NULL,A01461,3.25E+00,5.10E-04,18490,NULL,268,0.00311
1810429,2026/8/17 06:37,MW2045B67502,A46,NULL,6,                    ,A03700,3.24E+00,6.00E-04,17930,NULL,268,-0.19799
1810428,2026/8/17 06:36,MW2044B29017,A47,NULL,7,NULL,A01461,3.25E+00,5.20E-04,18442,NULL,268,0.00978
1810427,2026/8/17 06:36,MW2045B67501,A46,NULL,6,                    ,A03700,3.24E+00,5.90E-04,18045,NULL,268,0.0028
1810426,2026/8/17 06:36,MW2044B29018,A47,NULL,7,NULL,A01461,3.25E+00,5.30E-04,18516,NULL,268,-0.02586
1810425,2026/8/17 06:36,MW2045B67477,A46,NULL,6,                    ,A03700,3.24E+00,6.10E-04,17923,NULL,268,-0.00099
1810424,2026/8/17 06:36,MW2044B28999,A47,NULL,7,NULL,A01461,3.25E+00,5.30E-04,18544,NULL,268,-0.01678
1810423,2026/8/17 06:35,MW2045B67497,A46,NULL,6,                    ,A03700,3.24E+00,5.90E-04,18184,NULL,268,-0.00422
1810422,2026/8/17 06:35,MW2045B67044,A45,NULL,5,NULL,A12305,3.24E+00,5.10E-04,18324,NULL,268,-0.00162
1810421,2026/8/17 06:35,MW2045B67476,A46,NULL,6,                    ,A03700,3.24E+00,6.00E-04,17778,NULL,268,-0.00809
1810420,2026/8/17 06:35,MW2045B71065,B45,NULL,12,NULL,A12305,3.24E+00,6.20E-04,18166,NULL,268,-0.02179
1810419,2026/8/17 06:35,MW2045B69156,B47,NULL,14,                    ,A03700,3.24E+00,5.90E-04,18059,NULL,268,-0.01639
1810418,2026/8/17 06:34,MW2045B71063,B45,NULL,12,NULL,A12305,3.24E+00,6.50E-04,18321,NULL,268,-0.01146
1810417,2026/8/17 06:34,MW2045B66047,B47,NULL,14,                    ,A15853,3.24E+00,5.90E-04,17974,NULL,268,-0.02967
1810416,2026/8/17 06:34,MW2045B66046,B47,NULL,14,                    ,A15853,3.24E+00,5.90E-04,17863,NULL,268,-0.00503
1810415,2026/8/17 06:34,MW2045B71062,A45,NULL,5,NULL,A12305,3.24E+00,6.50E-04,18271,NULL,268,-0.00949
1810414,2026/8/17 06:33,MW2045B66060,B47,NULL,14,                    ,A15853,3.24E+00,5.80E-04,17902,NULL,268,-0.01486
1810413,2026/8/17 06:33,MW2045B71079,B45,NULL,12,NULL,A12305,3.24E+00,7.70E-04,18354,NULL,268,-0.01002
1810412,2026/8/17 06:33,MW2045B66059,B47,NULL,14,                    ,A15853,3.24E+00,6.00E-04,17853,NULL,268,-0.01425
1810411,2026/8/17 06:33,MW2045B71078,B44,NULL,11,NULL,A12305,3.24E+00,7.30E-04,18355,NULL,268,-0.02159
1810410,2026/8/17 06:33,MW2045B65962,B46,NULL,13,                    ,A15853,3.24E+00,5.90E-04,17802,NULL,268,-0.01393
1810409,2026/8/17 06:32,MW2045B71076,A44,NULL,4,NULL,A12305,3.24E+00,7.50E-04,18216,NULL,268,0.00359
1810408,2026/8/17 06:32,MW2045B67676,C46,NULL,23,                    ,A15853,3.24E+00,6.00E-04,17784,NULL,268,-0.01214
1810407,2026/8/17 06:32,MW2045B67003,A47,NULL,7,NULL,A12305,3.24E+00,4.90E-04,18390,NULL,268,0.00743
1810406,2026/8/17 06:32,MW2045B67675,A46,NULL,6,                    ,A15853,3.24E+00,6.10E-04,17749,NULL,268,-0.02176
1810405,2026/8/17 06:31,MW2045B69190,C45,NULL,22,NULL,A12305,3.24E+00,5.00E-04,18457,NULL,268,-0.00828
1810404,2026/8/17 06:31,MW2045B67627,A47,NULL,7,                    ,A15853,3.24E+00,6.00E-04,18065,NULL,268,-0.00866
1810403,2026/8/17 06:31,MW2045B69160,B45,NULL,12,NULL,A12305,3.24E+00,4.80E-04,18412,NULL,268,-0.02562
1810402,2026/8/17 06:31,MW2045B67626,A46,NULL,6,                    ,A15853,3.24E+00,6.00E-04,17819,NULL,268,-0.00723
1810401,2026/8/17 06:31,MW2045B67625,A46,NULL,6,                    ,A15853,3.24E+00,6.00E-04,17843,NULL,268,-0.02832
1810400,2026/8/17 06:30,MW2045B70452,A46,NULL,6,NULL,A12305,3.24E+00,6.70E-04,18555,NULL,268,-0.06707
1810399,2026/8/17 06:30,MW2045B67013,A46,NULL,6,                    ,A15853,3.24E+00,6.00E-04,17975,NULL,268,-0.01859
1810398,2026/8/17 06:30,MW2045B70982,A45,NULL,5,NULL,A12305,3.24E+00,4.80E-04,18388,NULL,268,-0.00496
1810397,2026/8/17 06:30,MW2045B69976,A47,NULL,7,                    ,A15853,3.24E+00,6.20E-04,17967,NULL,268,-0.00563
1810396,2026/8/17 06:28,MW2045B70516,B44,NULL,11,NULL,A06199,3.24E+00,5.00E-04,18280,NULL,268,-0.01438
1810395,2026/8/17 06:28,MW2045B70517,B44,NULL,11,NULL,A06199,3.24E+00,6.70E-04,18499,NULL,268,-0.01934
1810394,2026/8/17 06:27,MW2045B69852,A47,NULL,7,NULL,A06199,3.24E+00,5.10E-04,18478,NULL,268,-0.01568
1810393,2026/8/17 06:27,MW2045B69853,A47,NULL,7,NULL,A06199,3.24E+00,5.00E-04,18523,NULL,268,-0.00291
1810392,2026/8/17 06:26,MW2045B69854,A47,NULL,7,NULL,A06199,3.24E+00,5.10E-04,18469,NULL,268,-0.01527
1810391,2026/8/17 06:26,MW2045B69855,A47,NULL,7,NULL,A06199,3.24E+00,5.00E-04,18443,NULL,268,-0.01038
1810390,2026/8/17 06:25,MW2045B69856,A46,NULL,6,NULL,A06199,3.24E+00,5.10E-04,18351,NULL,268,
1810389,2026/8/17 06:25,MW2045B67677,A47,NULL,7,NULL,A06199,3.24E+00,4.90E-04,18274,NULL,268,-0.01675
1810388,2026/8/17 06:24,MW2045B67671,A47,NULL,7,NULL,A06199,3.24E+00,5.00E-04,18365,NULL,268,-0.00198
1810387,2026/8/17 06:24,MW2045B67665,A47,NULL,7,NULL,A06199,3.24E+00,4.90E-04,18439,NULL,268,-0.02416
1810386,2026/8/17 06:24,MW2045B69787,A46,NULL,6,                    ,A05809,3.24E+00,5.80E-04,18150,NULL,268,0.00046
1810385,2026/8/17 06:23,MW2045B67656,A47,NULL,7,NULL,A06199,3.24E+00,4.90E-04,18439,NULL,268,-0.01385
1810384,2026/8/17 06:23,MW2045B69781,A46,NULL,6,                    ,A05809,3.24E+00,5.90E-04,18134,NULL,268,0.00376
1810383,2026/8/17 06:23,MW2045B67657,A46,NULL,6,NULL,A06199,3.24E+00,5.10E-04,18198,NULL,268,-0.00948
1810382,2026/8/17 06:23,MW2045B69782,A46,NULL,6,                    ,A05809,3.24E+00,5.90E-04,18058,NULL,268,0.00459
1810381,2026/8/17 06:23,MW2045B70894,B46,NULL,13,NULL,A01637,3.24E+00,5.10E-04,18431,NULL,268,0.00406
1810380,2026/8/17 06:23,MW2045B69783,A46,NULL,6,                    ,A05809,3.24E+00,6.00E-04,18175,NULL,268,0.00383
1810379,2026/8/17 06:22,MW2045B69161,B46,NULL,13,NULL,A01637,3.24E+00,4.90E-04,18451,NULL,268,0.00163
1810378,2026/8/17 06:22,MW2045B69784,A45,NULL,5,                    ,A05809,3.24E+00,6.00E-04,17975,NULL,268,-0.00251
1810377,2026/8/17 06:22,MW2045B69800,A47,NULL,7,                    ,A05809,3.24E+00,5.90E-04,18102,NULL,268,-0.00187
1810376,2026/8/17 06:22,MW2045B69159,B46,NULL,13,NULL,A01637,3.24E+00,4.90E-04,18469,NULL,268,0.00205
1810375,2026/8/17 06:21,MW2045B71123,A45,NULL,5,                    ,A05809,3.24E+00,5.70E-04,17788,NULL,268,-0.02035
1810374,2026/8/17 06:21,MW2045B69158,B46,NULL,13,NULL,A01637,3.24E+00,5.00E-04,18489,NULL,268,-0.03514
1810373,2026/8/17 06:21,MW2045B71121,A46,NULL,6,                    ,A05809,3.24E+00,5.70E-04,17750,NULL,268,0.00076
1810372,2026/8/17 06:21,MW2045B70981,B45,NULL,12,NULL,A01637,3.24E+00,4.80E-04,18309,NULL,268,-0.01433
1810371,2026/8/17 06:20,MW2045B71137,AC20,NULL,10,                    ,A05809,3.24E+00,8.50E-04,17939,NULL,268,-0.02737
1810370,2026/8/17 06:20,MW2045B71005,A45,NULL,5,NULL,A01637,3.24E+00,7.50E-04,18459,NULL,268,-0.01188
1810369,2026/8/17 06:20,MW2045B71136,AC20,NULL,10,                    ,A05809,3.24E+00,8.40E-04,17951,NULL,268,-0.02659
1810368,2026/8/17 06:20,MW2045B71004,B45,NULL,12,NULL,A01637,3.24E+00,6.10E-04,18285,NULL,268,-0.0122
1810367,2026/8/17 06:20,MW2045B71135,AC20,NULL,10,                    ,A05809,3.24E+00,8.40E-04,17959,NULL,268,-0.02545
1810366,2026/8/17 06:19,MW2045B71019,B44,NULL,11,NULL,A01637,3.24E+00,7.70E-04,18326,NULL,268,-0.02124
1810365,2026/8/17 06:19,MW2045B71134,AC20,NULL,10,                    ,A05809,3.24E+00,8.40E-04,18034,NULL,268,-0.0153
1810364,2026/8/17 06:19,MW2045B71020,A44,NULL,4,NULL,A01637,3.24E+00,7.70E-04,18266,NULL,268,-0.02341
1810363,2026/8/17 06:19,MW2045B71094,AC20,NULL,10,                    ,A16513,3.25E+00,9.60E-04,17960,NULL,268,-0.00602
1810362,2026/8/17 06:18,MW2045B67065,A46,NULL,6,NULL,A01637,3.24E+00,5.00E-04,18213,NULL,268,-0.00845
1810361,2026/8/17 06:18,MW2045B71095,AC20,NULL,10,                    ,A16513,3.25E+00,9.30E-04,17944,NULL,268,-0.01168
1810360,2026/8/17 06:18,MW2045B67079,A47,NULL,7,NULL,A01637,3.24E+00,5.20E-04,18302,NULL,268,-0.02135
1810359,2026/8/17 06:18,MW2045B71096,AC20,NULL,10,                    ,A16513,3.25E+00,1.04E-03,18136,NULL,268,-0.0027
1810358,2026/8/17 06:18,MW2045B67103,A47,NULL,7,NULL,A01637,3.24E+00,5.20E-04,18450,NULL,268,-0.01984
1810357,2026/8/17 06:17,MW2045B71097,AC20,NULL,10,                    ,A16513,3.24E+00,9.40E-04,18105,NULL,268,-0.01001
1810356,2026/8/17 06:17,MW2045B69675,A46,NULL,6,NULL,A11278,3.24E+00,5.10E-04,18450,NULL,268,0.00327
1810355,2026/8/17 06:17,MW2045B38999,AC20,NULL,10,                    ,A16513,3.24E+00,8.70E-04,18170,NULL,268,
1810354,2026/8/17 06:17,MW2045B69676,A45,NULL,5,NULL,A11278,3.24E+00,5.00E-04,18601,NULL,268,-0.02706
1810353,2026/8/17 06:17,MW2045B38991,AC20,NULL,10,                    ,A16513,3.24E+00,9.30E-04,17831,NULL,268,
1810352,2026/8/17 06:16,MW2045B65971,B47,NULL,14,NULL,A11278,3.24E+00,5.00E-04,18521,NULL,268,
1810351,2026/8/17 06:16,MW2045B38992,AC20,NULL,10,                    ,A16513,3.24E+00,9.20E-04,17938,NULL,268,
1810350,2026/8/17 06:16,MW2045B65967,B46,NULL,13,NULL,A11278,3.24E+00,4.80E-04,18420,NULL,268,
1810349,2026/8/17 06:16,MW2045B38993,AC20,NULL,10,                    ,A16513,3.24E+00,9.20E-04,18076,NULL,268,-0.01683
1810348,2026/8/17 06:15,MW2045B65968,B47,NULL,14,NULL,A11278,3.24E+00,4.80E-04,18521,NULL,268,
1810347,2026/8/17 06:15,MW2045B38914,AC20,NULL,10,                    ,A16513,3.25E+00,9.60E-04,18047,NULL,268,
1810346,2026/8/17 06:15,MW2045B38953,AC20,NULL,10,                    ,A16513,3.25E+00,1.02E-03,18120,NULL,268,
1810345,2026/8/17 06:15,MW2045B65965,B46,NULL,13,NULL,A11278,3.24E+00,5.00E-04,18428,NULL,268,-0.0131
1810344,2026/8/17 06:14,MW2045B67535,AC20,NULL,10,                    ,A16513,3.25E+00,8.40E-04,18142,NULL,268,
1810343,2026/8/17 06:14,MW2045B65966,B46,NULL,13,NULL,A11278,3.24E+00,5.00E-04,18485,NULL,268,-0.01216
1810342,2026/8/17 06:14,MW2045B69157,B47,NULL,14,                    ,A16513,3.24E+00,6.00E-04,17993,NULL,268,
1810341,2026/8/17 06:14,MW2045B67556,C44,NULL,21,NULL,A11278,3.24E+00,5.10E-04,18159,NULL,268,-0.02743
1810340,2026/8/17 06:14,MW2045B69977,A46,NULL,6,                    ,A22662,3.25E+00,6.30E-04,18051,NULL,268,
1810339,2026/8/17 06:14,MW2045B67557,B44,NULL,11,NULL,A11278,3.24E+00,5.10E-04,18202,NULL,268,
1810338,2026/8/17 06:13,MW2045B69962,A46,NULL,6,                    ,A22662,3.24E+00,6.10E-04,18232,NULL,268,
1810337,2026/8/17 06:13,MW2045B67558,A44,NULL,4,NULL,A11278,3.24E+00,5.00E-04,18202,NULL,268,
1810336,2026/8/17 06:13,MW2045B69963,A46,NULL,6,                    ,A22662,3.25E+00,6.00E-04,18010,NULL,268,-0.01139
1810335,2026/8/17 06:13,MW2045B67559,A45,NULL,5,NULL,A11278,3.24E+00,5.00E-04,18227,NULL,268,
1810334,2026/8/17 06:12,MW2045B69899,A47,NULL,7,                    ,A22662,3.24E+00,6.00E-04,18166,NULL,268,
1810333,2026/8/17 06:12,MW2045B67560,B44,NULL,11,NULL,A11278,3.24E+00,5.00E-04,18311,NULL,268,
1810332,2026/8/17 06:12,MW2045B69889,A46,NULL,6,                    ,A22662,3.24E+00,6.00E-04,17856,NULL,268,-0.00629
1810331,2026/8/17 06:12,MW2045B58065,AC20,NULL,10,NULL,A06539,3.25E+00,8.50E-04,18446,NULL,268,
1810330,2026/8/17 06:12,MW2045B70530,CHH,NULL,20,                    ,A22662,3.25E+00,7.80E-04,18121,NULL,268,-0.01607
1810329,2026/8/17 06:11,MW2027B05845,KGH,NULL,3,NULL,A06539,1.77E+00,4.90E-04,18443,NULL,268,-0.00938
1810328,2026/8/17 06:11,MW2045B70555,D44,NULL,27,                    ,A22662,3.24E+00,7.70E-04,18037,NULL,268,-0.04601
1810327,2026/8/17 06:11,MW2045B70554,B44,NULL,11,                    ,A22662,3.24E+00,7.70E-04,17959,NULL,268,-0.01269
1810326,2026/8/17 06:10,MW2045B70553,D44,NULL,27,                    ,A22662,3.24E+00,7.70E-04,17912,NULL,268,-0.02098
1810325,2026/8/17 06:10,MW2045B70506,B44,NULL,11,                    ,A22662,3.24E+00,6.00E-04,18085,NULL,268,-0.01291
1810324,2026/8/17 06:10,MW2045B67659,A45,NULL,5,                    ,A22662,3.24E+00,5.90E-04,17770,NULL,268,-0.00667
1810323,2026/8/17 06:09,MW2045B67658,A46,NULL,6,                    ,A22662,3.24E+00,6.00E-04,17866,NULL,268,-0.00533
1810322,2026/8/17 06:09,MW2044B28645,AC20,NULL,10,                    ,A04186,3.25E+00,9.30E-04,18142,NULL,268,-8.00E-05
1810321,2026/8/17 06:08,MW2045B62837,KGH,NULL,3,NULL,A06539,3.24E+00,8.40E-04,18152,NULL,268,-0.00843
1810320,2026/8/17 06:08,MW2045B62778,AC20,NULL,10,                    ,A04186,3.24E+00,8.30E-04,18024,NULL,268,0.01062
1810319,2026/8/17 06:08,MW2045B65857,KGH,NULL,3,NULL,A06539,3.24E+00,5.00E-04,18464,NULL,268,-0.00327
1810318,2026/8/17 06:08,MW2044B26694,AC20,NULL,10,                    ,A04186,3.24E+00,8.50E-04,18031,NULL,268,-0.03001
1810317,2026/8/17 06:08,MW2037B10051,KGH,NULL,3,NULL,A06539,3.22E+00,6.10E-04,18783,NULL,268,-0.01142
1810316,2026/8/17 06:07,MW2045B38943,AC20,NULL,10,                    ,A04186,3.25E+00,1.03E-03,18079,NULL,268,-0.01262
1810315,2026/8/17 06:07,MW2045B69034,KGH,NULL,3,NULL,A06539,3.24E+00,6.60E-04,18314,NULL,268,-0.02912
1810314,2026/8/17 06:07,MW2045B58039,AC20,NULL,10,                    ,A04186,3.25E+00,1.13E-03,18352,NULL,268,-0.0078
1810313,2026/8/17 06:07,MW2045B69748,KGH,NULL,3,NULL,A06539,3.24E+00,5.20E-04,18796,NULL,268,-0.04143
1810312,2026/8/17 06:07,MW2044B26503,AC20,NULL,10,                    ,A04186,3.25E+00,8.60E-04,17902,NULL,268,-0.03001
1810311,2026/8/17 06:06,MW2045B22731,AC20,NULL,10,                    ,A04186,3.25E+00,9.40E-04,18125,NULL,268,-0.02887
1810310,2026/8/17 06:06,MW2044B24460,KGH,NULL,3,NULL,A06539,3.25E+00,8.20E-04,18638,NULL,268,-0.01282
1810309,2026/8/17 06:06,MW2044B26660,AC20,NULL,10,                    ,A04186,3.24E+00,8.10E-04,18105,NULL,268,-0.01982
1810308,2026/8/17 06:06,MW2045B71107,KGH,NULL,3,NULL,A06539,3.24E+00,5.00E-04,18066,NULL,268,-0.03471
1810307,2026/8/17 06:05,MW2044B14814,AC20,NULL,10,                    ,A04186,3.24E+00,8.70E-04,18049,NULL,268,-0.0187
1810306,2026/8/17 06:05,MW2045B66082,KGH,NULL,3,NULL,A06539,3.24E+00,5.00E-04,18490,NULL,268,-0.00266
1810305,2026/8/17 06:05,MW2044B14815,AC20,NULL,10,                    ,A04186,3.24E+00,8.90E-04,18030,NULL,268,
1810304,2026/8/17 06:05,MW2045B70841,KGH,NULL,3,NULL,A06539,3.25E+00,5.00E-04,18597,NULL,268,-0.00079
1810303,2026/8/17 06:05,MW2045B62758,AC20,NULL,10,                    ,A04186,3.25E+00,8.60E-04,17891,NULL,268,
1810302,2026/8/17 06:04,MW2044B14676,KGH,NULL,3,NULL,A06539,3.24E+00,5.60E-04,18595,NULL,268,0.00266
1810301,2026/8/17 06:04,MW2045B66353,B47,NULL,14,                    ,A04186,3.24E+00,5.90E-04,17924,NULL,268,
1810300,2026/8/17 06:04,MW2045B64365,A46,NULL,6,NULL,A05915,3.24E+00,4.90E-04,18310,NULL,268,-0.00169
1810299,2026/8/17 06:04,MW2045B69872,A46,NULL,6,                    ,A06616,3.24E+00,6.00E-04,18206,NULL,268,
1810298,2026/8/17 06:03,MW2045B64375,A46,NULL,6,NULL,A05915,3.24E+00,4.90E-04,18316,NULL,268,0.01088
1810297,2026/8/17 06:03,MW2045B69873,A47,NULL,7,                    ,A06616,3.24E+00,6.00E-04,18180,NULL,268,
1810296,2026/8/17 06:03,MW2045B64374,B46,NULL,13,NULL,A05915,3.24E+00,4.80E-04,18427,NULL,268,0.0006
1810295,2026/8/17 06:03,MW2045B69859,A47,NULL,7,                    ,A06616,3.24E+00,6.20E-04,18098,NULL,268,-0.0174
1810294,2026/8/17 06:03,MW2045B69858,A46,NULL,6,                    ,A06616,3.24E+00,6.00E-04,17892,NULL,268,
1810293,2026/8/17 06:03,MW2045B67620,A45,NULL,5,NULL,A05915,3.24E+00,4.90E-04,18347,NULL,268,-0.00281
1810292,2026/8/17 06:02,MW2045B69857,A46,NULL,6,                    ,A06616,3.24E+00,6.00E-04,18149,NULL,268,-0.02623
1810291,2026/8/17 06:02,MW2045B70929,A45,NULL,5,NULL,A05915,3.24E+00,5.00E-04,18444,NULL,268,-0.00762
1810290,2026/8/17 06:02,MW2045B69574,A46,NULL,6,                    ,A06616,3.24E+00,6.10E-04,18034,NULL,268,-0.01346
1810289,2026/8/17 06:02,MW2045B70928,A45,NULL,5,NULL,A05915,3.24E+00,4.80E-04,18511,NULL,268,-0.00128
1810288,2026/8/17 06:01,MW2045B69849,A46,NULL,6,                    ,A06616,3.24E+00,6.00E-04,17995,NULL,268,-0.01948
1810287,2026/8/17 06:01,MW2045B71093,AC20,NULL,10,NULL,A05915,3.25E+00,8.10E-04,18264,NULL,268,0.00798
1810286,2026/8/17 06:01,MW2045B69848,A47,NULL,7,                    ,A06616,3.24E+00,6.00E-04,18101,NULL,268,-0.01039
1810285,2026/8/17 06:01,MW2045B71094,AC20,NULL,10,NULL,A05915,3.25E+00,8.70E-04,18361,NULL,268,-0.00441
1810284,2026/8/17 06:01,MW2045B69846,A47,NULL,7,                    ,A06616,3.24E+00,6.00E-04,17880,NULL,268,-0.00049
1810283,2026/8/17 06:00,MW2045B71095,AC20,NULL,10,NULL,A05915,3.25E+00,8.40E-04,18439,NULL,268,-0.0039
1810282,2026/8/17 06:00,MW2045B69845,A47,NULL,7,                    ,A06616,3.24E+00,6.10E-04,18102,NULL,268,-0.0227
1810281,2026/8/17 06:00,MW2045B69851,A46,NULL,6,                    ,A06616,3.24E+00,6.10E-04,17948,NULL,268,-0.00224
1810280,2026/8/17 06:00,MW2045B71096,AC20,NULL,10,NULL,A05915,3.25E+00,9.30E-04,18510,NULL,268,-0.02471
1810279,2026/8/17 05:59,MW2045B69850,A47,NULL,7,                    ,A06616,3.24E+00,6.00E-04,18066,NULL,268,-0.00197
1810278,2026/8/17 05:59,MW2045B71097,AC20,NULL,10,NULL,A05915,3.24E+00,8.40E-04,18612,NULL,268,-0.01758
1810277,2026/8/17 05:59,MW2045B67436,A45,NULL,5,                    ,A14291,3.24E+00,5.90E-04,17772,NULL,268,-0.01073
1810276,2026/8/17 05:59,MW2045B71098,A46,NULL,6,NULL,A05915,3.24E+00,7.70E-04,18530,NULL,268,-0.01149
1810275,2026/8/17 05:59,MW2045B67479,A45,NULL,5,                    ,A14291,3.24E+00,6.00E-04,17776,NULL,268,0.00315
1810274,2026/8/17 05:58,MW2045B67502,A46,NULL,6,NULL,A15500,3.24E+00,4.90E-04,18228,NULL,268,0.00533
1810273,2026/8/17 05:58,MW2045B67478,A45,NULL,5,                    ,A14291,3.24E+00,6.00E-04,17825,NULL,268,-0.03904
1810272,2026/8/17 05:58,MW2045B67501,A46,NULL,6,NULL,A15500,3.24E+00,4.90E-04,18423,NULL,268,-0.05824
1810271,2026/8/17 05:58,MW2045B67477,A46,NULL,6,                    ,A14291,3.24E+00,6.10E-04,17903,NULL,268,0.00459
1810270,2026/8/17 05:57,MW2045B67497,A46,NULL,6,NULL,A15500,3.24E+00,4.90E-04,18556,NULL,268,-0.02608
1810269,2026/8/17 05:57,MW2045B67476,A46,NULL,6,                    ,A14291,3.24E+00,6.00E-04,17766,NULL,268,-0.00131
1810268,2026/8/17 05:57,MW2045B67492,A46,NULL,6,NULL,A15500,3.24E+00,4.80E-04,18681,NULL,268,-0.00133
1810267,2026/8/17 05:57,MW2045B67487,A46,NULL,6,                    ,A14291,3.24E+00,6.10E-04,17817,NULL,268,-0.06287
1810266,2026/8/17 05:56,MW2045B67358,A47,NULL,7,NULL,A15500,3.24E+00,5.20E-04,18713,NULL,268,0.00086
1810265,2026/8/17 05:56,MW2045B67486,A46,NULL,6,                    ,A14291,3.24E+00,6.20E-04,17931,NULL,268,0.00545
1810264,2026/8/17 05:55,MW2045B67711,A46,NULL,6,NULL,A15500,3.24E+00,5.20E-04,18487,NULL,268,0.00438
1810263,2026/8/17 05:55,MW2045B71169,B45,NULL,12,                    ,A14291,3.24E+00,5.70E-04,17989,NULL,268,-0.00233
1810262,2026/8/17 05:55,MW2045B67710,A46,NULL,6,NULL,A15500,3.24E+00,5.10E-04,18681,NULL,268,-0.00133
1810261,2026/8/17 05:55,MW2045B71170,B45,NULL,12,                    ,A14291,3.24E+00,5.80E-04,17887,NULL,268,-0.00402
1810260,2026/8/17 05:54,MW2045B67709,A46,NULL,6,NULL,A15500,3.24E+00,5.10E-04,18563,NULL,268,0.01163
1810259,2026/8/17 05:54,MW2045B67624,A46,NULL,6,                    ,A14291,3.24E+00,6.00E-04,17870,NULL,268,-0.00696
1810258,2026/8/17 05:54,MW2045B67687,A46,NULL,6,                    ,A14291,3.24E+00,6.00E-04,17875,NULL,268,-0.01629
1810257,2026/8/17 05:54,MW2045B67708,A47,NULL,7,NULL,A15500,3.24E+00,5.10E-04,18462,NULL,268,
1810256,2026/8/17 05:53,MW2045B67688,A46,NULL,6,                    ,A14291,3.24E+00,6.10E-04,17893,NULL,268,-0.02489
1810255,2026/8/17 05:53,MW2045B67736,A46,NULL,6,NULL,A15500,3.24E+00,5.10E-04,18543,NULL,268,-0.01848
1810254,2026/8/17 05:53,MW2045B38999,AC20,NULL,10,                    ,A06281,3.24E+00,8.70E-04,18152,NULL,268,-0.01988
1810253,2026/8/17 05:53,MW2045B67734,KEF,NULL,2,NULL,A15500,3.24E+00,5.00E-04,18726,NULL,268,-0.00198
1810252,2026/8/17 05:53,MW2045B38991,AC20,NULL,10,                    ,A06281,3.24E+00,9.40E-04,17813,NULL,268,0.00636
1810251,2026/8/17 05:52,MW2045B67733,A46,NULL,6,NULL,A15500,3.24E+00,5.10E-04,18636,NULL,268,-0.00937
1810250,2026/8/17 05:52,MW2045B38992,AC20,NULL,10,                    ,A06281,3.24E+00,9.30E-04,17936,NULL,268,0.00975
1810249,2026/8/17 05:52,MW2045B69765,A46,NULL,6,NULL,A14288,3.24E+00,5.10E-04,18518,NULL,268,0.01773
1810248,2026/8/17 05:52,MW2045B38993,AC20,NULL,10,                    ,A06281,3.24E+00,9.20E-04,18046,NULL,268,-0.00354
1810247,2026/8/17 05:52,MW2045B69767,A45,NULL,5,NULL,A14288,3.24E+00,5.00E-04,18438,NULL,268,-0.00904
1810246,2026/8/17 05:52,MW2045B38914,AC20,NULL,10,                    ,A06281,3.25E+00,9.50E-04,18027,NULL,268,-0.00131
1810245,2026/8/17 05:51,MW2045B69762,A45,NULL,5,NULL,A14288,3.24E+00,5.10E-04,18492,NULL,268,-0.01533
1810244,2026/8/17 05:51,MW2045B38915,A45,NULL,5,                    ,A06281,3.25E+00,6.40E-04,17922,NULL,268,-0.00473
1810243,2026/8/17 05:51,MW2045B67362,A45,NULL,5,                    ,A06281,3.25E+00,6.10E-04,17781,NULL,268,-0.02097
1810242,2026/8/17 05:51,MW2045B66104,A44,NULL,4,NULL,A14288,3.24E+00,4.70E-04,18269,NULL,268,-0.00694
1810241,2026/8/17 05:50,MW2045B39014,A44,NULL,4,                    ,A06281,3.25E+00,7.20E-04,17866,NULL,268,-0.02003
1810240,2026/8/17 05:50,MW2045B66103,A44,NULL,4,NULL,A14288,3.24E+00,4.80E-04,18424,NULL,268,-0.01073
1810239,2026/8/17 05:50,MW2045B38953,AC20,NULL,10,                    ,A06281,3.25E+00,1.02E-03,18114,NULL,268,-0.01666
1810238,2026/8/17 05:50,MW2045B67520,O,NULL,1,NULL,A14288,3.24E+00,5.20E-04,18594,NULL,268,-0.00911
1810237,2026/8/17 05:50,MW2045B67355,A44,NULL,4,                    ,A06281,3.25E+00,6.00E-04,17883,NULL,268,-0.01677
1810236,2026/8/17 05:49,MW2045B67521,A47,NULL,7,NULL,A14288,3.24E+00,5.20E-04,18605,NULL,268,-0.01073
1810235,2026/8/17 05:49,MW2045B24369,AC20,NULL,10,                    ,A06281,3.25E+00,8.50E-04,17898,NULL,268,-0.01012
1810234,2026/8/17 05:49,MW2045B67507,B47,NULL,14,NULL,A14288,3.24E+00,5.00E-04,18755,NULL,268,-0.01615
1810233,2026/8/17 05:49,MW2045B64456,A44,NULL,4,                    ,A06281,3.25E+00,5.90E-04,17980,NULL,268,-0.01228
1810232,2026/8/17 05:48,MW2045B67508,B47,NULL,14,NULL,A14288,3.24E+00,5.00E-04,18609,NULL,268,-0.02001
1810231,2026/8/17 05:48,MW2045B67516,A47,NULL,7,                    ,A25038,3.24E+00,5.90E-04,18002,NULL,268,-0.00671
1810230,2026/8/17 05:48,MW2045B67509,B47,NULL,14,NULL,A14288,3.24E+00,4.90E-04,18609,NULL,268,-0.00578
1810229,2026/8/17 05:48,MW2045B67517,B47,NULL,14,                    ,A25038,3.24E+00,6.00E-04,17921,NULL,268,-0.03114
1810228,2026/8/17 05:47,MW2045B67510,B47,NULL,14,NULL,A14288,3.24E+00,4.80E-04,18511,NULL,268,-6.00E-05
1810227,2026/8/17 05:47,MW2045B67518,B47,NULL,14,                    ,A25038,3.24E+00,6.20E-04,18064,NULL,268,-0.00561
1810226,2026/8/17 05:47,MW2045B67512,A46,NULL,6,                    ,A25038,3.24E+00,6.00E-04,18196,NULL,268,-0.00691
1810225,2026/8/17 05:47,MW2045B67511,A47,NULL,7,NULL,A14288,3.24E+00,4.80E-04,18434,NULL,268,-0.01401
1810224,2026/8/17 05:47,MW2045B67504,B47,NULL,14,                    ,A25038,3.24E+00,6.00E-04,18111,NULL,268,0.00772
1810223,2026/8/17 05:47,MW2045B70056,A44,NULL,4,NULL,A16513,3.25E+00,6.60E-04,18406,NULL,268,-0.00656
1810222,2026/8/17 05:46,MW2045B67535,AC20,NULL,10,                    ,A25038,3.25E+00,8.50E-04,18136,NULL,268,-0.02053
1810221,2026/8/17 05:46,MW2045B70055,C46,NULL,23,NULL,A16513,3.25E+00,5.00E-04,18465,NULL,268,-0.00218
1810220,2026/8/17 05:46,MW2045B67536,B45,NULL,12,                    ,A25038,3.25E+00,8.00E-04,18089,NULL,268,0.00436
1810219,2026/8/17 05:46,MW2045B70054,A45,NULL,5,NULL,A16513,3.24E+00,5.00E-04,18532,NULL,268,-0.01804
1810218,2026/8/17 05:45,MW2045B67523,A47,NULL,7,                    ,A25038,3.24E+00,5.90E-04,18155,NULL,268,-0.00645
1810217,2026/8/17 05:45,MW2045B70053,CHH,NULL,20,NULL,A16513,3.25E+00,7.70E-04,18324,NULL,268,-0.02231
1810216,2026/8/17 05:45,MW2045B67524,A46,NULL,6,                    ,A25038,3.24E+00,6.00E-04,17918,NULL,268,-0.01902
1810215,2026/8/17 05:45,MW2045B70112,A45,NULL,5,NULL,A16513,3.24E+00,4.90E-04,18316,NULL,268,-0.01863
1810214,2026/8/17 05:45,MW2045B67365,A45,NULL,5,                    ,A25038,3.24E+00,5.90E-04,17927,NULL,268,-0.01847
1810213,2026/8/17 05:44,MW2045B70111,A46,NULL,6,NULL,A16513,3.24E+00,4.90E-04,18436,NULL,268,-0.01061
1810212,2026/8/17 05:44,MW2045B67432,A47,NULL,7,                    ,A25038,3.24E+00,6.00E-04,17937,NULL,268,-0.01815
1810211,2026/8/17 05:44,MW2045B67471,A46,NULL,6,                    ,A25038,3.24E+00,6.10E-04,17874,NULL,268,-0.02649
1810210,2026/8/17 05:44,MW2045B70110,A44,NULL,4,NULL,A16513,3.25E+00,7.80E-04,18320,NULL,268,-0.00961
1810209,2026/8/17 05:43,MW2045B70043,CLL,NULL,19,                    ,A10854,3.24E+00,7.70E-04,17950,NULL,268,-0.01621
1810208,2026/8/17 05:43,MW2045B70109,A47,NULL,7,NULL,A16513,3.25E+00,4.90E-04,18282,NULL,268,-0.01944
1810207,2026/8/17 05:43,MW2044B28657,A44,NULL,4,                    ,A10854,3.25E+00,7.90E-04,17798,NULL,268,-0.02925
1810206,2026/8/17 05:43,MW2045B70116,A45,NULL,5,NULL,A16513,3.25E+00,7.50E-04,18478,NULL,268,-0.0054
1810205,2026/8/17 05:43,MW2044B28658,A44,NULL,4,                    ,A10854,3.25E+00,8.00E-04,17837,NULL,268,-0.02059
1810204,2026/8/17 05:42,MW2045B70115,A46,NULL,6,NULL,A16513,3.24E+00,4.90E-04,18506,NULL,268,-0.00833
1810203,2026/8/17 05:42,MW2044B28645,AC20,NULL,10,                    ,A10854,3.25E+00,9.30E-04,18137,NULL,268,-0.00754
1810202,2026/8/17 05:42,MW2045B70121,A48,NULL,8,NULL,A16513,3.25E+00,5.00E-04,18359,NULL,268,0.02403
1810201,2026/8/17 05:42,MW2045B62778,AC20,NULL,10,                    ,A10854,3.24E+00,8.30E-04,17965,NULL,268,-0.01941
1810200,2026/8/17 05:42,MW2045B70120,B46,NULL,13,NULL,A16513,3.24E+00,7.30E-04,18282,NULL,268,0.02532
1810199,2026/8/17 05:39,MW2039B15367,O,NULL,1,NULL,A24216,3.25E+00,5.00E-04,18316,NULL,268,-0.01591
1810198,2026/8/17 05:38,MW2044B26695,A47,NULL,7,                    ,A10854,3.24E+00,7.50E-04,17860,NULL,268,-0.01653
1810197,2026/8/17 05:38,MW2039B14805,O,NULL,1,NULL,A24216,3.24E+00,5.10E-04,18413,NULL,268,0.03387
1810196,2026/8/17 05:37,MW2044B26694,AC20,NULL,10,                    ,A10854,3.24E+00,8.60E-04,18020,NULL,268,-0.01419
1810195,2026/8/17 05:37,MW2039B15688,O,NULL,1,NULL,A24216,3.25E+00,5.10E-04,18334,NULL,268,0.03702
1810194,2026/8/17 05:37,MW2045B38943,AC20,NULL,10,                    ,A10854,3.25E+00,1.02E-03,18058,NULL,268,-0.0164
1810193,2026/8/17 05:37,MW2039B14837,O,NULL,1,NULL,A24216,3.25E+00,4.80E-04,18149,NULL,268,0.03541
1810192,2026/8/17 04:49,MW2045B58039,AC20,NULL,10,                    ,A10854,3.25E+00,1.14E-03,18332,NULL,268,-0.0171
1810191,2026/8/17 04:49,MW2039B14831,O,NULL,1,NULL,A24216,3.25E+00,5.00E-04,18272,NULL,268,0.05444
1810190,2026/8/17 04:49,MW2045B67353,A44,NULL,4,                    ,A10854,3.25E+00,6.20E-04,17740,NULL,268,-0.01826
1810189,2026/8/17 04:48,MW2039B15369,O,NULL,1,NULL,A24216,3.24E+00,5.00E-04,18076,NULL,268,0.04904
1810188,2026/8/17 04:48,MW2044B26503,AC20,NULL,10,                    ,A10854,3.25E+00,8.70E-04,17902,NULL,268,-0.02793
1810187,2026/8/17 04:48,MW2044B27275,O,NULL,1,NULL,A24216,3.24E+00,4.80E-04,18293,NULL,268,-0.01244
1810186,2026/8/17 04:48,MW2045B22731,AC20,NULL,10,                    ,A10854,3.25E+00,9.40E-04,18114,NULL,268,-0.0126
1810185,2026/8/17 04:47,MW2044B27274,O,NULL,1,NULL,A24216,3.24E+00,4.90E-04,18371,NULL,268,-0.01495
1810184,2026/8/17 04:47,MW2045B29700,A44,NULL,4,                    ,A04186,3.25E+00,7.10E-04,18073,NULL,268,-0.01156
1810183,2026/8/17 04:47,MW2044B26799,O,NULL,1,NULL,A24216,3.25E+00,6.30E-04,18461,NULL,268,-0.00281
1810182,2026/8/17 04:47,RW2045B00568,AC20,NULL,10,                    ,A04186,3.25E+00,9.80E-04,18169,NULL,268,-0.00903
1810181,2026/8/17 04:47,MW2044B26797,O,NULL,1,NULL,A24216,3.25E+00,7.60E-04,18299,NULL,268,0.00394
1810180,2026/8/17 04:47,MW2044B26660,AC20,NULL,10,                    ,A04186,3.24E+00,8.20E-04,18093,NULL,268,-0.04626
1810179,2026/8/17 04:46,MW2044B26650,A47,NULL,7,                    ,A04186,3.25E+00,7.20E-04,17932,NULL,268,-0.00222
1810178,2026/8/17 04:46,MW2044B26796,O,NULL,1,NULL,A24216,3.24E+00,5.40E-04,18487,NULL,268,-0.0092
1810177,2026/8/17 04:46,MW2044B14676,KGH,NULL,3,                    ,A04186,3.24E+00,6.70E-04,18086,NULL,268,-0.00613
1810176,2026/8/17 04:46,MW2044B26802,O,NULL,1,NULL,A24216,3.25E+00,5.20E-04,18300,NULL,268,-0.02072
1810175,2026/8/17 04:45,MW2044B26801,O,NULL,1,NULL,A04083,3.25E+00,6.10E-04,18510,NULL,268,-0.00265
1810174,2026/8/17 04:45,MW2044B26800,O,NULL,1,NULL,A04083,3.25E+00,6.40E-04,18365,NULL,268,-0.01873
1810173,2026/8/17 04:45,MW2044B14671,A47,NULL,7,                    ,A04186,3.24E+00,7.40E-04,18228,NULL,268,-0.01084
1810172,2026/8/17 04:44,MW2044B26803,O,NULL,1,NULL,A04083,3.25E+00,6.50E-04,18474,NULL,268,-0.02343
1810171,2026/8/17 04:44,MW2044B14814,AC20,NULL,10,                    ,A04186,3.24E+00,8.70E-04,18023,NULL,268,-0.00723
1810170,2026/8/17 04:44,MW2044B26804,O,NULL,1,NULL,A04083,3.25E+00,5.50E-04,18495,NULL,268,-0.01573
1810169,2026/8/17 04:44,MW2044B14815,AC20,NULL,10,                    ,A04186,3.24E+00,9.00E-04,18039,NULL,268,-0.00964
1810168,2026/8/17 04:43,MW2044B26810,O,NULL,1,NULL,A04083,3.25E+00,6.20E-04,18421,NULL,268,-0.01025
1810167,2026/8/17 04:43,MW2045B62758,AC20,NULL,10,                    ,A04186,3.25E+00,8.60E-04,17914,NULL,268,-0.01473
1810166,2026/8/17 04:43,MW2044B26663,AC20,NULL,10,                    ,A04186,3.24E+00,8.10E-04,18016,NULL,268,-0.00378
1810165,2026/8/17 04:43,MW2044B26809,O,NULL,1,NULL,A04083,3.25E+00,7.00E-04,18355,NULL,268,-0.0337
1810164,2026/8/17 04:43,MW2045B71314,A46,NULL,6,                    ,A04186,3.24E+00,6.10E-04,17748,NULL,268,-0.01529
1810163,2026/8/17 04:42,MW2045B67475,A46,NULL,6,NULL,A04083,3.25E+00,5.10E-04,18441,NULL,268,0.00257
1810162,2026/8/17 04:42,MW2045B71306,C46,NULL,23,                    ,A04186,3.24E+00,6.00E-04,17779,NULL,268,-0.02638
1810161,2026/8/17 04:42,MW2045B67605,A46,NULL,6,NULL,A04083,3.24E+00,5.10E-04,18436,NULL,268,0.00335
1810160,2026/8/17 04:42,MW2045B71321,A46,NULL,6,                    ,A06539,3.24E+00,6.00E-04,17645,NULL,268,-0.02031
1810159,2026/8/17 04:42,MW2045B67662,A46,NULL,6,NULL,A04083,3.25E+00,5.10E-04,18430,NULL,268,-0.00131
1810158,2026/8/17 04:41,MW2045B69840,A46,NULL,6,                    ,A06539,3.24E+00,6.00E-04,18041,NULL,268,-0.01569
1810157,2026/8/17 04:41,MW2045B67661,A45,NULL,5,NULL,A04083,3.24E+00,4.90E-04,18351,NULL,268,-0.00871
1810156,2026/8/17 04:41,MW2045B69838,A46,NULL,6,                    ,A06539,3.24E+00,6.00E-04,18206,NULL,268,-0.01967
1810155,2026/8/17 04:41,MW2045B67660,A45,NULL,5,NULL,A04083,3.24E+00,4.90E-04,18425,NULL,268,-0.00419
1810154,2026/8/17 04:41,MW2045B70841,KGH,NULL,3,                    ,A06539,3.25E+00,6.00E-04,18034,NULL,268,-0.01558
1810153,2026/8/17 04:40,MW2045B69760,B45,NULL,12,NULL,A04083,3.25E+00,4.90E-04,18501,NULL,268,-0.0233
1810152,2026/8/17 04:40,MW2045B70854,A45,NULL,5,                    ,A06539,3.24E+00,5.90E-04,18039,NULL,268,-0.02026
1810151,2026/8/17 04:40,MW2045B67590,C46,NULL,23,NULL,A19892,3.24E+00,5.00E-04,18451,NULL,268,-0.02892
1810150,2026/8/17 04:40,MW2045B71331,A46,NULL,6,                    ,A06539,3.25E+00,6.00E-04,17822,NULL,268,-0.00417
1810149,2026/8/17 04:39,MW2045B71332,A46,NULL,6,                    ,A06539,3.24E+00,6.10E-04,17829,NULL,268,-0.02386
1810148,2026/8/17 04:39,MW2045B67357,A46,NULL,6,NULL,A19892,3.24E+00,5.10E-04,18582,NULL,268,-0.00302
1810147,2026/8/17 04:39,MW2045B71333,A46,NULL,6,                    ,A06539,3.24E+00,6.10E-04,17853,NULL,268,-0.02172
1810146,2026/8/17 04:39,MW2045B67356,C46,NULL,23,NULL,A19892,3.24E+00,5.10E-04,18311,NULL,268,-0.00069
1810145,2026/8/17 04:39,MW2045B71334,C46,NULL,23,                    ,A06539,3.24E+00,6.10E-04,17876,NULL,268,-0.02231
1810144,2026/8/17 04:38,MW2045B67363,A45,NULL,5,NULL,A19892,3.24E+00,4.90E-04,18386,NULL,268,-0.00233
1810143,2026/8/17 04:38,MW2045B71323,A46,NULL,6,                    ,A06539,3.24E+00,6.00E-04,17722,NULL,268,-0.0245
1810142,2026/8/17 04:38,MW2045B67443,A45,NULL,5,NULL,A19892,3.24E+00,5.00E-04,18302,NULL,268,-0.00241
1810141,2026/8/17 04:38,MW2045B71324,C46,NULL,23,                    ,A06539,3.24E+00,6.00E-04,17653,NULL,268,-0.0279
1810140,2026/8/17 04:37,MW2045B67442,A45,NULL,5,NULL,A19892,3.24E+00,5.00E-04,18196,NULL,268,-0.00365
1810139,2026/8/17 04:37,MW2045B64489,A45,NULL,5,                    ,A06539,3.24E+00,5.80E-04,17949,NULL,268,-0.01749
1810138,2026/8/17 04:37,MW2039B14858,O,NULL,1,NULL,A19892,3.25E+00,4.80E-04,18176,NULL,268,-0.0049
1810137,2026/8/17 04:37,MW2045B64463,A45,NULL,5,                    ,A11916,3.24E+00,5.80E-04,17822,NULL,268,-0.0208
1810136,2026/8/17 04:37,MW2039B15357,O,NULL,1,NULL,A19892,3.25E+00,4.80E-04,18352,NULL,268,-0.00453
1810135,2026/8/17 04:36,MW2045B62750,AC20,NULL,10,                    ,A11916,3.24E+00,8.20E-04,17929,NULL,268,-0.01223
1810134,2026/8/17 04:36,MW2039B15427,O,NULL,1,NULL,A19892,3.24E+00,5.10E-04,18112,NULL,268,-0.00267
1810133,2026/8/17 04:36,MW2045B62752,AC20,NULL,10,                    ,A11916,3.24E+00,8.30E-04,17870,NULL,268,-0.01357
1810132,2026/8/17 04:36,MW2039B15362,O,NULL,1,NULL,A19892,3.24E+00,4.90E-04,18090,NULL,268,-0.01751
1810131,2026/8/17 04:36,MW2045B62790,AC20,NULL,10,                    ,A11916,3.24E+00,8.40E-04,17929,NULL,268,-0.00474
1810130,2026/8/17 04:35,MW2039B15361,O,NULL,1,NULL,A19892,3.25E+00,4.90E-04,18249,NULL,268,-0.0062
1810129,2026/8/17 04:35,MW2045B62791,B45,NULL,12,                    ,A11916,3.24E+00,7.50E-04,17980,NULL,268,-0.00498
1810128,2026/8/17 04:35,MW2045B64530,A46,NULL,6,                    ,A11916,3.24E+00,5.90E-04,17903,NULL,268,-0.0174
1810127,2026/8/17 04:35,MW2039B15358,O,NULL,1,NULL,A19892,3.24E+00,5.00E-04,18332,NULL,268,-0.01801
1810126,2026/8/17 04:34,MW2045B64531,A46,NULL,6,                    ,A11916,3.24E+00,5.90E-04,17938,NULL,268,-0.02081
1810125,2026/8/17 04:34,MW2045B67575,A45,NULL,5,NULL,A13376,3.24E+00,5.00E-04,18135,NULL,268,-0.02884
1810124,2026/8/17 04:34,MW2045B71201,A45,NULL,5,                    ,A11916,3.24E+00,5.90E-04,17980,NULL,268,-0.00949
1810123,2026/8/17 04:34,MW2045B67530,A45,NULL,5,NULL,A13376,3.25E+00,8.00E-04,18387,NULL,268,-0.00507
1810122,2026/8/17 04:34,MW2045B71202,A45,NULL,5,                    ,A11916,3.24E+00,6.00E-04,17875,NULL,268,0.00065
1810121,2026/8/17 04:33,MW2045B67531,A45,NULL,5,NULL,A13376,3.24E+00,7.50E-04,18457,NULL,268,-0.00844
1810120,2026/8/17 04:33,MW2045B64472,B45,NULL,12,                    ,A11916,3.24E+00,5.80E-04,17906,NULL,268,0.00191
1810119,2026/8/17 04:33,MW2045B67532,A45,NULL,5,NULL,A13376,3.24E+00,7.20E-04,18310,NULL,268,0.00851
1810118,2026/8/17 04:33,MW2045B71203,A45,NULL,5,                    ,A11916,3.24E+00,6.00E-04,17977,NULL,268,-0.02364
1810117,2026/8/17 04:32,MW2045B67533,A45,NULL,5,NULL,A13376,3.25E+00,7.70E-04,18461,NULL,268,0.00448
1810116,2026/8/17 04:32,MW2045B67364,A44,NULL,4,                    ,A11916,3.25E+00,6.00E-04,17840,NULL,268,-0.01118
1810115,2026/8/17 04:32,MW2045B66031,A46,NULL,6,NULL,A13376,3.24E+00,4.90E-04,18619,NULL,268,-0.02862
1810114,2026/8/17 04:32,MW2045B70831,A44,NULL,4,                    ,A24467,3.25E+00,5.90E-04,17954,NULL,268,-0.00205
1810113,2026/8/17 04:32,MW2045B66073,A44,NULL,4,NULL,A13376,3.24E+00,4.80E-04,18472,NULL,268,-0.03176
1810112,2026/8/17 04:32,MW2045B70843,A44,NULL,4,                    ,A24467,3.25E+00,5.70E-04,17922,NULL,268,-0.00209
1810111,2026/8/17 04:31,MW2045B66072,A44,NULL,4,NULL,A13376,3.24E+00,4.70E-04,18383,NULL,268,-0.00204
1810110,2026/8/17 04:31,MW2045B70842,A46,NULL,6,                    ,A24467,3.24E+00,6.00E-04,17900,NULL,268,-0.01676
1810109,2026/8/17 04:31,MW2045B66071,A44,NULL,4,NULL,A13376,3.24E+00,4.80E-04,18196,NULL,268,0.00057
1810108,2026/8/17 04:31,MW2045B64467,B45,NULL,12,                    ,A24467,3.24E+00,5.90E-04,17832,NULL,268,-0.00736
1810107,2026/8/17 04:30,MW2045B66082,KGH,NULL,3,NULL,A13376,3.24E+00,4.90E-04,18508,NULL,268,-0.01349
1810106,2026/8/17 04:30,MW2045B64468,B45,NULL,12,                    ,A24467,3.24E+00,5.80E-04,17916,NULL,268,0.00029
1810105,2026/8/17 04:30,MW2045B66088,C45,NULL,22,NULL,A13376,3.24E+00,4.80E-04,18500,NULL,268,0.00702
1810104,2026/8/17 04:29,MW2045B66087,C44,NULL,21,NULL,A13376,3.24E+00,4.80E-04,18292,NULL,268,-0.01694
1810103,2026/8/17 04:29,MW2045B64465,B45,NULL,12,                    ,A24467,3.24E+00,5.70E-04,17826,NULL,268,0.00049
1810102,2026/8/17 04:29,MW2045B71106,A45,NULL,5,NULL,A04561,3.24E+00,4.90E-04,17986,NULL,268,-0.02306
1810101,2026/8/17 04:29,MW2045B67610,A46,NULL,6,                    ,A24467,3.24E+00,6.00E-04,17937,NULL,268,0.00273
1810100,2026/8/17 04:28,MW2045B71107,KGH,NULL,3,NULL,A04561,3.24E+00,5.00E-04,18090,NULL,268,-0.01124
1810099,2026/8/17 04:28,MW2045B67609,A46,NULL,6,                    ,A24467,3.24E+00,6.00E-04,17789,NULL,268,-0.01815
1810098,2026/8/17 04:28,MW2045B71108,KEF,NULL,2,NULL,A04561,3.24E+00,4.80E-04,18181,NULL,268,-0.02115
1810097,2026/8/17 04:28,MW2045B67608,B46,NULL,13,                    ,A24467,3.24E+00,6.10E-04,17912,NULL,268,-0.01191
1810096,2026/8/17 04:27,MW2045B71109,B46,NULL,13,NULL,A04561,3.25E+00,5.10E-04,18169,NULL,268,-0.0004
1810095,2026/8/17 04:27,MW2045B67664,B46,NULL,13,                    ,A24467,3.24E+00,6.10E-04,17880,NULL,268,-0.01137
1810094,2026/8/17 04:27,MW2045B71091,AC20,NULL,10,NULL,A04561,3.24E+00,8.30E-04,18449,NULL,268,0.00319
1810093,2026/8/17 04:27,MW2045B67670,A46,NULL,6,                    ,A24467,3.24E+00,6.10E-04,17738,NULL,268,-0.01384
1810092,2026/8/17 04:27,MW2045B67669,A46,NULL,6,                    ,NULL,3.24E+00,5.90E-04,17737,NULL,268,0.0001
1810091,2026/8/17 04:26,MW2045B71092,AC20,NULL,10,NULL,A04561,3.25E+00,8.20E-04,18226,NULL,268,-0.0171
1810090,2026/8/17 04:26,MW2045B67534,A45,NULL,5,NULL,A04561,3.25E+00,7.60E-04,18496,NULL,268,0.0098
1810089,2026/8/17 04:26,MW2045B67593,A47,NULL,7,NULL,A04561,3.24E+00,5.00E-04,18453,NULL,268,-0.01319
1810088,2026/8/17 04:25,MW2045B67586,O,NULL,1,NULL,A04561,3.24E+00,5.10E-04,18367,NULL,268,0.01266
1810087,2026/8/17 04:25,MW2045B67587,A46,NULL,6,NULL,A04561,3.24E+00,5.00E-04,18475,NULL,268,-0.02058
1810086,2026/8/17 04:24,MW2045B67588,A46,NULL,6,NULL,A04561,3.24E+00,5.10E-04,18397,NULL,268,-0.04992
1810085,2026/8/17 04:24,MW2045B67589,A46,NULL,6,NULL,A04561,3.25E+00,5.10E-04,18402,NULL,268,-0.01821
1810084,2026/8/17 04:23,MW2044B27259,A47,NULL,7,NULL,A13983,3.25E+00,5.10E-04,18658,NULL,268,-0.01262
1810083,2026/8/17 04:23,MW2045B62787,B46,NULL,13,                    ,A14953,3.24E+00,7.90E-04,18040,NULL,268,-0.01796
1810082,2026/8/17 04:23,MW2044B14490,AC20,NULL,10,NULL,A13983,3.25E+00,8.10E-04,18536,NULL,268,-0.09634
1810081,2026/8/17 04:23,MW2045B62788,AC20,NULL,10,                    ,A14953,3.24E+00,8.50E-04,17907,NULL,268,-0.0071
1810080,2026/8/17 04:22,MW2045B62789,B44,NULL,11,                    ,A14953,3.25E+00,7.90E-04,17886,NULL,268,-0.01669
1810079,2026/8/17 04:22,MW2044B28978,A46,NULL,6,NULL,A13983,3.25E+00,5.40E-04,18395,NULL,268,-0.02096
1810078,2026/8/17 04:22,MW2045B71146,A45,NULL,5,                    ,A14953,3.25E+00,5.90E-04,18013,NULL,268,-0.02
1810077,2026/8/17 04:22,MW2044B28979,A46,NULL,6,NULL,A13983,3.25E+00,5.20E-04,18263,NULL,268,-0.00999
1810076,2026/8/17 04:22,MW2045B70925,A47,NULL,7,                    ,A14953,3.24E+00,6.20E-04,18185,NULL,268,-0.03792
1810075,2026/8/17 04:21,MW2044B28980,A46,NULL,6,NULL,A13983,3.25E+00,5.20E-04,18297,NULL,268,-0.01781
1810074,2026/8/17 04:21,MW2045B70924,A47,NULL,7,                    ,A14953,3.25E+00,6.20E-04,18274,NULL,268,-0.02307
1810073,2026/8/17 04:21,MW2044B28981,A46,NULL,6,NULL,A13983,3.25E+00,5.10E-04,18261,NULL,268,-0.01469
1810072,2026/8/17 04:21,MW2045B70923,A47,NULL,7,                    ,A14953,3.25E+00,6.10E-04,18373,NULL,268,-0.00779
1810071,2026/8/17 04:21,MW2044B28982,A47,NULL,7,NULL,A13983,3.25E+00,5.60E-04,18404,NULL,268,-0.01235
1810070,2026/8/17 04:20,MW2045B70922,A47,NULL,7,                    ,A14953,3.25E+00,6.20E-04,18253,NULL,268,-0.01977
1810069,2026/8/17 04:20,MW2044B28983,A46,NULL,6,NULL,A13983,3.25E+00,6.50E-04,18316,NULL,268,-0.00873
1810068,2026/8/17 04:20,MW2045B70932,A47,NULL,7,                    ,A14953,3.25E+00,6.00E-04,18160,NULL,268,-0.01999
1810067,2026/8/17 04:20,MW2044B28972,A46,NULL,6,NULL,A13983,3.25E+00,6.10E-04,18455,NULL,268,0.00796
1810066,2026/8/17 04:20,MW2045B70931,A47,NULL,7,                    ,A14953,3.25E+00,6.00E-04,18022,NULL,268,-0.00969
1810065,2026/8/17 04:19,MW2045B70930,A46,NULL,6,                    ,A14953,3.25E+00,6.10E-04,18157,NULL,268,-0.00818
1810064,2026/8/17 04:19,MW2044B29041,A47,NULL,7,NULL,A13983,3.25E+00,5.20E-04,18562,NULL,268,-0.0112
1810063,2026/8/17 04:19,MW2045B69894,A46,NULL,6,                    ,A14953,3.25E+00,5.90E-04,18140,NULL,268,-0.01844
1810062,2026/8/17 04:19,MW2044B28938,A47,NULL,7,NULL,A13983,3.25E+00,5.00E-04,18440,NULL,268,-0.01601
1810061,2026/8/17 04:18,MW2045B69744,A45,NULL,5,                    ,A07248,3.24E+00,6.20E-04,18036,NULL,268,-0.01556
1810060,2026/8/17 04:18,MW2044B28937,C47,NULL,24,NULL,A13983,3.25E+00,4.90E-04,18332,NULL,268,-0.01318
1810059,2026/8/17 04:18,MW2045B70860,A45,NULL,5,                    ,A07248,3.24E+00,5.90E-04,18032,NULL,268,-0.02657
1810058,2026/8/17 04:18,MW2045B66099,A45,NULL,5,NULL,A17062,3.24E+00,4.80E-04,18180,NULL,268,-0.02162
1810057,2026/8/17 04:18,MW2045B67628,A45,NULL,5,                    ,A07248,3.24E+00,6.00E-04,17821,NULL,268,-0.02822
1810056,2026/8/17 04:17,MW2045B66098,A44,NULL,4,NULL,A17062,3.24E+00,4.90E-04,18272,NULL,268,-0.00628
1810055,2026/8/17 04:17,MW2045B71101,B47,NULL,14,                    ,A07248,3.24E+00,6.10E-04,17971,NULL,268,-0.02893
1810054,2026/8/17 04:17,MW2045B66097,A45,NULL,5,NULL,A17062,3.24E+00,4.90E-04,18504,NULL,268,-0.01419
1810053,2026/8/17 04:17,MW2045B38938,A45,NULL,5,                    ,A07248,3.25E+00,6.90E-04,18126,NULL,268,-0.02662
1810052,2026/8/17 04:16,MW2045B70640,A45,NULL,5,NULL,A17062,3.24E+00,4.90E-04,18661,NULL,268,-0.01444
1810051,2026/8/17 04:16,MW2045B66788,B47,NULL,14,                    ,A07248,3.24E+00,6.00E-04,18037,NULL,268,-0.01843
1810050,2026/8/17 04:16,MW2044B26525,A45,NULL,5,                    ,A07248,3.25E+00,7.70E-04,17874,NULL,268,-0.0134
1810049,2026/8/17 04:16,MW2045B67684,A45,NULL,5,NULL,A17062,3.24E+00,5.10E-04,18268,NULL,268,-0.02417
1810048,2026/8/17 04:13,MW2044B26624,A45,NULL,5,                    ,A07248,3.25E+00,7.90E-04,17842,NULL,268,-0.02994
1810047,2026/8/17 04:13,MW2045B69839,A45,NULL,5,NULL,A17062,3.24E+00,4.90E-04,18418,NULL,268,-0.02457
1810046,2026/8/17 04:13,MW2045B38933,A45,NULL,5,                    ,A07248,3.25E+00,6.80E-04,18029,NULL,268,0.00118
1810045,2026/8/17 04:12,MW2045B69797,A45,NULL,5,NULL,A17062,3.24E+00,5.10E-04,18492,NULL,268,-0.01733
1810044,2026/8/17 04:12,MW2045B64457,A45,NULL,5,                    ,A07248,3.25E+00,6.00E-04,17918,NULL,268,-0.02453
1810043,2026/8/17 04:12,MW2045B69798,A45,NULL,5,NULL,A17062,3.24E+00,5.00E-04,18392,NULL,268,-0.01732
1810042,2026/8/17 04:12,MW2044B26610,A45,NULL,5,                    ,A07248,3.25E+00,7.30E-04,18137,NULL,268,0.0033
1810041,2026/8/17 04:11,MW2045B69796,A46,NULL,6,NULL,A17062,3.24E+00,5.10E-04,18551,NULL,268,0.0108
1810040,2026/8/17 04:11,MW2044B26558,A45,NULL,5,                    ,A07248,3.25E+00,7.70E-04,17889,NULL,268,-0.02039
1810039,2026/8/17 04:11,MW2045B69791,A45,NULL,5,NULL,A17062,3.24E+00,5.00E-04,18384,NULL,268,0.02393
1810038,2026/8/17 04:11,MW2045B69893,A46,NULL,6,                    ,A03700,3.24E+00,6.10E-04,17934,NULL,268,-0.05704
1810037,2026/8/17 04:11,MW2045B69769,A46,NULL,6,NULL,A17062,3.25E+00,4.80E-04,18510,NULL,268,-0.02641
1810036,2026/8/17 04:11,MW2045B69900,A46,NULL,6,                    ,A03700,3.24E+00,5.80E-04,17997,NULL,268,0.00256
1810035,2026/8/17 04:10,MW2045B69766,A45,NULL,5,NULL,A17062,3.25E+00,4.90E-04,18579,NULL,268,-0.02351
1810034,2026/8/17 04:10,MW2045B62852,A45,NULL,5,                    ,A03700,3.24E+00,8.00E-04,18076,NULL,268,-0.00409
1810033,2026/8/17 04:10,MW2045B70518,CHH,NULL,20,NULL,A22348,3.25E+00,6.50E-04,18615,NULL,268,-0.01852
1810032,2026/8/17 04:10,MW2045B67480,A45,NULL,5,                    ,A03700,3.24E+00,6.00E-04,17919,NULL,268,-0.00121
1810031,2026/8/17 04:09,MW2045B71728,B44,NULL,11,NULL,A22348,3.24E+00,5.10E-04,18485,NULL,268,-0.01701
1810030,2026/8/17 04:09,MW2045B67481,A45,NULL,5,                    ,A03700,3.24E+00,5.90E-04,17848,NULL,268,0.00223
1810029,2026/8/17 04:09,MW2045B67482,A46,NULL,6,                    ,A03700,3.24E+00,6.10E-04,17911,NULL,268,-0.01837
1810028,2026/8/17 04:09,MW2045B71732,D44,NULL,27,NULL,A22348,3.24E+00,6.00E-04,18553,NULL,268,-0.00233
1810027,2026/8/17 04:08,MW2045B67585,A45,NULL,5,                    ,A03700,3.24E+00,6.00E-04,17780,NULL,268,-0.00464
1810026,2026/8/17 04:08,MW2045B71721,D44,NULL,27,NULL,A22348,3.24E+00,5.10E-04,18582,NULL,268,-0.02229
1810025,2026/8/17 04:08,MW2045B67577,A45,NULL,5,                    ,A03700,3.24E+00,6.00E-04,17878,NULL,268,-0.04053
1810024,2026/8/17 04:08,MW2045B71722,D44,NULL,27,NULL,A22348,3.24E+00,5.00E-04,18594,NULL,268,2.00E-05
1810023,2026/8/17 04:07,MW2045B67578,A46,NULL,6,                    ,A03700,3.24E+00,6.20E-04,17911,NULL,268,-0.02087
1810022,2026/8/17 04:07,MW2045B71727,D44,NULL,27,NULL,A22348,3.24E+00,5.10E-04,18552,NULL,268,0.00542
1810021,2026/8/17 04:07,MW2045B67491,A46,NULL,6,                    ,A03700,3.24E+00,5.90E-04,17977,NULL,268,-0.02388
1810020,2026/8/17 04:07,MW2045B71723,D44,NULL,27,NULL,A22348,3.24E+00,5.00E-04,18483,NULL,268,-0.00073
1810019,2026/8/17 04:07,MW2045B67490,A46,NULL,6,                    ,A03700,3.24E+00,6.00E-04,17864,NULL,268,-0.0252
1810018,2026/8/17 04:06,MW2045B70849,A46,NULL,6,NULL,A22348,3.24E+00,4.90E-04,18542,NULL,268,-0.00969
1810017,2026/8/17 04:06,MW2045B67500,A46,NULL,6,                    ,A03700,3.24E+00,6.00E-04,17875,NULL,268,-0.03499
1810016,2026/8/17 04:06,MW2045B70848,A46,NULL,6,NULL,A22348,3.24E+00,5.10E-04,18387,NULL,268,-0.01553
1810015,2026/8/17 04:06,MW2045B67499,A46,NULL,6,                    ,A19440,3.24E+00,6.00E-04,17966,NULL,268,-0.0001
1810014,2026/8/17 04:05,MW2045B70838,A46,NULL,6,NULL,A22348,3.24E+00,4.90E-04,18378,NULL,268,-0.02979
1810013,2026/8/17 04:05,MW2045B67498,A46,NULL,6,                    ,A19440,3.24E+00,5.90E-04,17929,NULL,268,-0.00669
1810012,2026/8/17 04:05,MW2045B70839,B46,NULL,13,NULL,A22348,3.24E+00,5.00E-04,18269,NULL,268,-0.02928
1810011,2026/8/17 04:05,MW2045B62793,C45,NULL,22,                    ,A19440,3.24E+00,7.90E-04,18027,NULL,268,-0.00693
1810010,2026/8/17 04:05,MW2045B70840,A46,NULL,6,NULL,A22348,3.24E+00,5.40E-04,18442,NULL,268,-0.02335
1810009,2026/8/17 04:05,MW2045B67335,A46,NULL,6,                    ,A19440,3.25E+00,6.10E-04,17740,NULL,268,-0.00726
1810008,2026/8/17 04:04,MW2045B70937,A46,NULL,6,NULL,A13608,3.24E+00,5.00E-04,18535,NULL,268,-0.02725
1810007,2026/8/17 04:04,MW2045B70099,A46,NULL,6,                    ,A19440,3.24E+00,5.80E-04,18143,NULL,268,-0.00636
1810006,2026/8/17 04:04,MW2045B71016,CHH,NULL,20,NULL,A13608,3.24E+00,7.60E-04,18342,NULL,268,-0.03119
1810005,2026/8/17 04:04,MW2045B71381,A46,NULL,6,                    ,A19440,3.25E+00,6.20E-04,17935,NULL,268,-0.01902
1810004,2026/8/17 04:03,MW2045B70005,A46,NULL,6,                    ,A19440,3.24E+00,6.00E-04,17985,NULL,268,-0.03798
1810003,2026/8/17 04:03,MW2045B67570,A44,NULL,4,NULL,A13608,3.24E+00,5.00E-04,18259,NULL,268,-0.00586
1810002,2026/8/17 04:03,MW2045B70040,A45,NULL,5,                    ,A19440,3.24E+00,7.30E-04,17932,NULL,268,
1810001,2026/8/17 04:03,MW2045B67571,A44,NULL,4,NULL,A13608,3.24E+00,5.00E-04,18259,NULL,268,-0.03225
1810000,2026/8/17 04:03,MW2045B70044,AC20,NULL,10,                    ,A19440,3.25E+00,8.30E-04,18071,NULL,268,-0.00623
1809999,2026/8/17 04:02,MW2045B67572,A45,NULL,5,NULL,A13608,3.24E+00,5.20E-04,18342,NULL,268,-0.03215
1809998,2026/8/17 04:02,MW2045B70045,A44,NULL,4,                    ,A19440,3.25E+00,7.90E-04,17893,NULL,268,0.00169
1809997,2026/8/17 04:02,MW2045B67562,A45,NULL,5,NULL,A13608,3.24E+00,5.40E-04,18183,NULL,268,-0.0229
1809996,2026/8/17 04:02,MW2045B67563,C44,NULL,21,NULL,A13608,3.24E+00,5.20E-04,18164,NULL,268,-0.02297
1809995,2026/8/17 04:02,MW2045B70046,AC20,NULL,10,                    ,A19440,3.25E+00,9.50E-04,17919,NULL,268,-0.0214
1809994,2026/8/17 04:01,MW2045B64347,B46,NULL,13,NULL,A13608,3.24E+00,4.80E-04,18382,NULL,268,-0.02094
1809993,2026/8/17 04:01,MW2045B70092,A47,NULL,7,                    ,A19440,3.25E+00,6.00E-04,18057,NULL,268,-0.02406
1809992,2026/8/17 04:01,MW2045B64346,B46,NULL,13,NULL,A13608,3.24E+00,4.80E-04,18452,NULL,268,-0.02108
1809991,2026/8/17 04:00,MW2045B38927,A45,NULL,5,                    ,A19220,3.24E+00,7.20E-04,18139,NULL,268,-0.01611
1809990,2026/8/17 04:00,MW2045B64345,A46,NULL,6,NULL,A13608,3.24E+00,5.00E-04,18434,NULL,268,-0.03217
1809989,2026/8/17 04:00,MW2045B38928,AC20,NULL,10,                    ,A19220,3.24E+00,9.80E-04,18000,NULL,268,-0.01964
1809988,2026/8/17 04:00,MW2045B64344,A46,NULL,6,NULL,A13608,3.24E+00,5.00E-04,18326,NULL,268,-0.03153
1809987,2026/8/17 04:00,MW2045B69999,CLL,NULL,19,                    ,A19220,3.25E+00,6.10E-04,18038,NULL,268,-0.00641
1809986,2026/8/17 03:59,MW2045B64366,A46,NULL,6,NULL,A13608,3.24E+00,4.70E-04,18401,NULL,268,-0.01653
1809985,2026/8/17 03:59,MW2045B70069,CLL,NULL,19,                    ,A19220,3.25E+00,7.10E-04,18103,NULL,268,0.00915
1809984,2026/8/17 03:59,MW2045B71318,CLL,NULL,19,                    ,A19220,3.25E+00,6.20E-04,17831,NULL,268,-0.01607
1809983,2026/8/17 03:59,MW2045B39005,AC20,NULL,10,NULL,A05906,3.25E+00,8.40E-04,18624,NULL,268,-0.01975
1809982,2026/8/17 03:58,MW2045B71316,CLL,NULL,19,                    ,A19220,3.25E+00,6.10E-04,17826,NULL,268,-0.00348
1809981,2026/8/17 03:58,MW2045B67597,A46,NULL,6,NULL,A05906,3.24E+00,5.10E-04,18468,NULL,268,-0.01835
1809980,2026/8/17 03:58,MW2045B71317,CLL,NULL,19,                    ,A19220,3.25E+00,6.00E-04,17648,NULL,268,-0.00281
1809979,2026/8/17 03:58,MW2045B67598,A46,NULL,6,NULL,A05906,3.24E+00,5.00E-04,18563,NULL,268,-0.02251
1809978,2026/8/17 03:58,MW2045B22690,CLL,NULL,19,                    ,A19220,3.25E+00,8.60E-04,18184,NULL,268,-0.03664
1809977,2026/8/17 03:57,MW2045B67599,A46,NULL,6,NULL,A05906,3.24E+00,5.10E-04,18402,NULL,268,-0.02766
1809976,2026/8/17 03:57,MW2045B22686,CLL,NULL,19,                    ,A19220,3.25E+00,8.80E-04,18247,NULL,268,-0.01202
1809975,2026/8/17 03:57,MW2045B67591,A46,NULL,6,NULL,A05906,3.24E+00,5.10E-04,18440,NULL,268,-0.02587
1809974,2026/8/17 03:57,MW2045B69997,CLL,NULL,19,                    ,A19220,3.24E+00,6.00E-04,18033,NULL,268,-0.01376
1809973,2026/8/17 03:57,MW2045B67592,A46,NULL,6,NULL,A05906,3.24E+00,5.20E-04,18468,NULL,268,-0.00267
1809972,2026/8/17 03:56,MW2045B69998,CLL,NULL,19,                    ,A19220,3.24E+00,6.00E-04,18035,NULL,268,-0.00828
1809971,2026/8/17 03:56,MW2045B67672,A47,NULL,7,NULL,A05906,3.24E+00,5.20E-04,18640,NULL,268,-0.01484
1809970,2026/8/17 03:56,MW2045B70042,CLL,NULL,19,                    ,A19220,3.24E+00,8.00E-04,17879,NULL,268,-0.0155
1809969,2026/8/17 03:56,MW2045B67336,A46,NULL,6,NULL,A05906,3.24E+00,5.10E-04,18477,NULL,268,-0.01348
1809968,2026/8/17 03:56,MW2044B14875,A45,NULL,5,                    ,A16071,3.25E+00,8.00E-04,18077,NULL,268,-0.02243
1809967,2026/8/17 03:55,MW2045B67323,A46,NULL,6,NULL,A05906,3.24E+00,5.20E-04,18315,NULL,268,-0.0221
1809966,2026/8/17 03:55,MW2045B64459,A45,NULL,5,                    ,A16071,3.25E+00,6.00E-04,17828,NULL,268,-0.00175
1809965,2026/8/17 03:55,MW2045B67324,A46,NULL,6,NULL,A05906,3.24E+00,5.10E-04,18453,NULL,268,-0.02458
1809964,2026/8/17 03:55,MW2044B26706,A45,NULL,5,                    ,A16071,3.25E+00,6.70E-04,18094,NULL,268,-0.02939
1809963,2026/8/17 03:54,MW2044B14879,A45,NULL,5,                    ,A16071,3.24E+00,7.50E-04,18232,NULL,268,-0.00396
1809962,2026/8/17 03:54,MW2045B69802,A44,NULL,4,NULL,A05906,3.24E+00,5.00E-04,18466,NULL,268,-0.00231
1809961,2026/8/17 03:54,MW2045B38990,A45,NULL,5,                    ,A16071,3.24E+00,7.60E-04,17831,NULL,268,0.00659
1809960,2026/8/17 03:54,MW2045B69801,A45,NULL,5,NULL,A05906,3.25E+00,5.00E-04,18482,NULL,268,0.00148
1809959,2026/8/17 03:54,MW2045B67683,A45,NULL,5,                    ,A16071,3.24E+00,6.10E-04,17886,NULL,268,-0.0016
1809958,2026/8/17 03:53,MW2045B38929,A46,NULL,6,NULL,A24129,3.24E+00,5.80E-04,18603,NULL,268,-0.01625
1809957,2026/8/17 03:53,MW2045B67470,A45,NULL,5,                    ,A16071,3.25E+00,6.10E-04,17921,NULL,268,-0.0138
1809956,2026/8/17 03:53,MW2045B38982,CLL,NULL,19,NULL,A24129,3.24E+00,6.00E-04,18671,NULL,268,-0.02645
1809955,2026/8/17 03:53,MW2045B67342,A45,NULL,5,                    ,A16071,3.24E+00,6.00E-04,18001,NULL,268,-0.02427
1809954,2026/8/17 03:52,MW2045B69732,A47,NULL,7,NULL,A24129,3.24E+00,5.10E-04,18625,NULL,268,-0.01421
1809953,2026/8/17 03:52,MW2045B70662,B47,NULL,14,                    ,A16071,3.24E+00,5.80E-04,17935,NULL,268,-0.02355
1809952,2026/8/17 03:52,MW2045B69731,A47,NULL,7,NULL,A24129,3.24E+00,5.30E-04,18509,NULL,268,-0.02688
1809951,2026/8/17 03:52,MW2045B69186,B47,NULL,14,                    ,A16071,3.24E+00,6.00E-04,17958,NULL,268,-0.02633
1809950,2026/8/17 03:52,MW2045B39007,AC20,NULL,10,NULL,A24129,3.24E+00,8.80E-04,18689,NULL,268,-0.03388
1809949,2026/8/17 03:52,MW2045B67437,A45,NULL,5,                    ,A16071,3.24E+00,6.00E-04,17846,NULL,268,-0.02232
1809948,2026/8/17 03:51,MW2045B38988,B46,NULL,13,NULL,A24129,3.24E+00,7.30E-04,18597,NULL,268,-0.02341
1809947,2026/8/17 03:51,MW2045B69744,A45,NULL,5,                    ,A16071,3.24E+00,6.10E-04,18031,NULL,268,-0.03218
1809946,2026/8/17 03:51,MW2045B38950,CHH,NULL,20,                    ,A06273,3.25E+00,6.70E-04,18040,NULL,268,-0.01182
1809945,2026/8/17 03:51,MW2045B70723,CHH,NULL,20,NULL,A24129,3.25E+00,4.90E-04,18397,NULL,268,-0.01723
1809944,2026/8/17 03:50,MW2045B70856,A44,NULL,4,                    ,A06273,3.26E+00,5.80E-04,18089,NULL,268,-0.00181
1809943,2026/8/17 03:50,MW2044B24504,CHH,NULL,20,NULL,A24129,3.25E+00,7.70E-04,18788,NULL,268,-0.01501
1809942,2026/8/17 03:50,MW2045B70857,A44,NULL,4,                    ,A06273,3.26E+00,5.80E-04,18102,NULL,268,-0.00639
1809941,2026/8/17 03:50,MW2044B24460,KGH,NULL,3,NULL,A24129,3.25E+00,8.20E-04,18659,NULL,268,-0.01135
1809940,2026/8/17 03:49,MW2045B70858,A44,NULL,4,                    ,A06273,3.26E+00,5.80E-04,18039,NULL,268,0.0064
1809939,2026/8/17 03:49,MW2044B14649,CHH,NULL,20,NULL,A24129,3.25E+00,6.60E-04,18666,NULL,268,-0.02996
1809938,2026/8/17 03:49,MW2045B70859,B45,NULL,12,                    ,A06273,3.24E+00,6.00E-04,18240,NULL,268,-0.00872
1809937,2026/8/17 03:49,MW2044B14668,CHH,NULL,20,NULL,A24129,3.25E+00,6.40E-04,18602,NULL,268,-0.00478
1809936,2026/8/17 03:49,MW2045B70860,A45,NULL,5,                    ,A06273,3.24E+00,5.90E-04,18014,NULL,268,-0.02089
1809935,2026/8/17 03:48,MW2044B14640,CHH,NULL,20,NULL,A24129,3.25E+00,7.50E-04,18651,NULL,268,-0.02574
1809934,2026/8/17 03:48,MW2045B67628,A45,NULL,5,                    ,A06273,3.24E+00,6.00E-04,17803,NULL,268,-0.01758
1809933,2026/8/17 03:48,MW2045B38926,AC20,NULL,10,NULL,A10746,3.24E+00,8.10E-04,18731,NULL,268,-0.00991
1809932,2026/8/17 03:48,MW2045B67629,B45,NULL,12,                    ,A06273,3.24E+00,6.00E-04,18069,NULL,268,-0.01999
1809931,2026/8/17 03:47,MW2045B38925,AC20,NULL,10,NULL,A10746,3.24E+00,8.60E-04,18652,NULL,268,-0.02305
1809930,2026/8/17 03:47,MW2045B67630,B44,NULL,11,                    ,A06273,3.24E+00,5.90E-04,17878,NULL,268,-0.05519
1809929,2026/8/17 03:47,MW2045B38924,A47,NULL,7,NULL,A10746,3.24E+00,5.70E-04,18805,NULL,268,-0.15003
1809928,2026/8/17 03:47,MW2045B70984,B45,NULL,12,                    ,A06273,3.24E+00,6.00E-04,18147,NULL,268,-0.00859
1809927,2026/8/17 03:47,MW2045B67667,A46,NULL,6,                    ,A06273,3.24E+00,6.10E-04,17795,NULL,268,-0.01502
1809926,2026/8/17 03:47,MW2045B38912,AC20,NULL,10,NULL,A10746,3.24E+00,8.30E-04,18703,NULL,268,-0.01639
1809925,2026/8/17 03:46,MW2045B67666,A46,NULL,6,                    ,A06273,3.24E+00,6.00E-04,17833,NULL,268,-0.00743
1809924,2026/8/17 03:46,MW2045B62784,A44,NULL,4,NULL,A10746,3.24E+00,6.90E-04,18559,NULL,268,-0.00761
1809923,2026/8/17 03:46,MW2045B69991,A47,NULL,7,                    ,A04681,3.24E+00,5.90E-04,17977,NULL,268,-0.01328
1809922,2026/8/17 03:46,MW2045B62783,CHH,NULL,20,NULL,A10746,3.25E+00,7.10E-04,18501,NULL,268,-0.00707
1809921,2026/8/17 03:45,MW2045B69992,B47,NULL,14,                    ,A04681,3.24E+00,6.00E-04,18272,NULL,268,-0.01437
1809920,2026/8/17 03:45,MW2045B62782,A44,NULL,4,NULL,A10746,3.24E+00,6.40E-04,18496,NULL,268,0.00264
1809919,2026/8/17 03:45,MW2045B69993,B47,NULL,14,                    ,A04681,3.25E+00,6.00E-04,17940,NULL,268,0.00577
1809918,2026/8/17 03:45,MW2045B64471,A44,NULL,4,NULL,A10746,3.24E+00,4.80E-04,18401,NULL,268,0.00083
1809917,2026/8/17 03:45,MW2045B70002,B47,NULL,14,                    ,A04681,3.24E+00,6.00E-04,18079,NULL,268,-0.07037
1809916,2026/8/17 03:44,MW2045B64538,A44,NULL,4,NULL,A10746,3.25E+00,4.80E-04,18386,NULL,268,0.00169
1809915,2026/8/17 03:44,MW2045B70058,B47,NULL,14,                    ,A04681,3.24E+00,6.90E-04,18038,NULL,268,-0.00786
1809914,2026/8/17 03:44,MW2045B58117,A45,NULL,5,NULL,A10746,3.25E+00,7.60E-04,18772,NULL,268,-0.00609
1809913,2026/8/17 03:44,MW2045B70087,C48,NULL,25,                    ,A04681,3.24E+00,5.90E-04,18028,NULL,268,0.00665
1809912,2026/8/17 03:43,MW2045B58054,A45,NULL,5,NULL,A10746,3.25E+00,6.50E-04,18653,NULL,268,-0.01115
1809911,2026/8/17 03:43,MW2045B67674,A46,NULL,6,                    ,A04681,3.24E+00,6.00E-04,17744,NULL,268,-0.00121
1809910,2026/8/17 03:43,MW2045B58717,CHH,NULL,20,NULL,A10746,3.25E+00,7.80E-04,18521,NULL,268,0.00069
1809909,2026/8/17 03:43,MW2045B58787,KEF,NULL,2,                    ,A04681,3.25E+00,7.00E-04,18053,NULL,268,0.00307
1809908,2026/8/17 03:43,MW2045B53435,A44,NULL,4,                    ,A04681,3.24E+00,7.90E-04,17943,NULL,268,0.00223
1809907,2026/8/17 03:42,MW2045B64534,CHH,NULL,20,NULL,A24862,3.25E+00,4.80E-04,18320,NULL,268,-0.02369
1809906,2026/8/17 03:42,MW2045B38939,AC20,NULL,10,                    ,A04681,3.25E+00,9.70E-04,18016,NULL,268,-0.00042
1809905,2026/8/17 03:42,MW2045B64533,CHH,NULL,20,NULL,A24862,3.25E+00,4.80E-04,18423,NULL,268,6.00E-05
1809904,2026/8/17 03:42,MW2045B38940,AC20,NULL,10,                    ,A04681,3.25E+00,1.01E-03,18066,NULL,268,0.00299
1809903,2026/8/17 03:42,MW2045B64547,CHH,NULL,20,NULL,A24862,3.25E+00,4.60E-04,18365,NULL,268,-0.0066
1809902,2026/8/17 03:41,MW2045B38938,A45,NULL,5,                    ,A04681,3.25E+00,6.90E-04,18118,NULL,268,-0.0486
1809901,2026/8/17 03:41,MW2045B64546,CHH,NULL,20,NULL,A24862,3.25E+00,4.60E-04,18353,NULL,268,0.00101
1809900,2026/8/17 03:41,MW2044B14831,A44,NULL,4,                    ,A23844,3.25E+00,7.70E-04,18125,NULL,268,-0.0066
1809899,2026/8/17 03:41,MW2045B70048,AC20,NULL,10,NULL,A24862,3.25E+00,9.30E-04,18525,NULL,268,-0.04893
1809898,2026/8/17 03:41,MW2045B39001,AC20,NULL,10,                    ,A23844,3.25E+00,8.40E-04,18019,NULL,268,-0.00736
1809897,2026/8/17 03:40,MW2045B70007,A46,NULL,6,NULL,A24862,3.25E+00,5.00E-04,18625,NULL,268,-0.05341
1809896,2026/8/17 03:40,MW2045B38946,A44,NULL,4,                    ,A23844,3.24E+00,7.30E-04,18210,NULL,268,-0.00766
1809895,2026/8/17 03:40,MW2045B70006,A46,NULL,6,NULL,A24862,3.25E+00,5.10E-04,18761,NULL,268,-0.05699
1809894,2026/8/17 03:40,MW2045B38913,A44,NULL,4,                    ,A23844,3.24E+00,7.20E-04,18207,NULL,268,-0.0111
1809893,2026/8/17 03:39,MW2045B38911,AC20,NULL,10,                    ,A23844,3.24E+00,9.50E-04,18064,NULL,268,-0.0344
1809892,2026/8/17 03:39,MW2045B70013,A46,NULL,6,NULL,A24862,3.25E+00,4.90E-04,18545,NULL,268,-0.00948
1809891,2026/8/17 03:39,MW2045B38976,AC20,NULL,10,                    ,A23844,3.24E+00,9.40E-04,18033,NULL,268,-0.0453
1809890,2026/8/17 03:39,MW2045B70012,A46,NULL,6,NULL,A24862,3.24E+00,5.00E-04,18583,NULL,268,-0.00361
1809889,2026/8/17 03:39,MW2045B64586,A44,NULL,4,                    ,A23844,3.25E+00,5.80E-04,17989,NULL,268,-0.0523
1809888,2026/8/17 03:38,MW2045B70000,CLL,NULL,19,NULL,A24862,3.25E+00,5.10E-04,18383,NULL,268,0.01323
1809887,2026/8/17 03:38,MW2045B70297,A44,NULL,4,                    ,A23844,3.24E+00,6.10E-04,17951,NULL,268,-0.03419
1809886,2026/8/17 03:38,MW2045B70001,CLL,NULL,19,NULL,A24862,3.24E+00,5.10E-04,18640,NULL,268,0.0016
1809885,2026/8/17 03:38,MW2045B64562,A44,NULL,4,                    ,A23844,3.25E+00,5.80E-04,18140,NULL,268,0.00204
1809884,2026/8/17 03:37,MW2045B69983,CLL,NULL,19,NULL,A24862,3.24E+00,5.00E-04,18740,NULL,268,-0.01948
1809883,2026/8/17 03:37,MW2045B64579,A44,NULL,4,                    ,A23844,3.25E+00,5.90E-04,18030,NULL,268,0.01075
1809882,2026/8/17 03:37,MW2045B15784,A46,NULL,6,NULL,A07248,3.24E+00,7.00E-04,18595,NULL,268,0.01394
1809881,2026/8/17 03:37,MW2045B64662,A44,NULL,4,                    ,A23844,3.25E+00,5.90E-04,18009,NULL,268,0.00626
1809880,2026/8/17 03:37,MW2045B38931,AC20,NULL,10,NULL,A07248,3.24E+00,9.10E-04,18809,NULL,268,0.01565
1809879,2026/8/17 03:36,MW2045B64663,A44,NULL,4,                    ,A23844,3.25E+00,5.80E-04,18017,NULL,268,0.00464
1809878,2026/8/17 03:36,MW2045B70696,A48,NULL,8,NULL,A07248,3.24E+00,5.10E-04,18475,NULL,268,0.00469
1809877,2026/8/17 03:36,MW2045B64535,CHH,NULL,20,                    ,A18588,3.25E+00,5.80E-04,17850,NULL,268,-0.00503
1809876,2026/8/17 03:36,MW2045B70697,A48,NULL,8,NULL,A07248,3.24E+00,5.10E-04,18413,NULL,268,-0.0144
1809875,2026/8/17 03:36,MW2045B64536,CHH,NULL,20,                    ,A18588,3.25E+00,5.80E-04,17894,NULL,268,-0.00592
1809874,2026/8/17 03:35,MW2045B64537,CHH,NULL,20,                    ,A18588,3.25E+00,5.60E-04,17866,NULL,268,0.0002
1809873,2026/8/17 03:35,MW2045B67612,A47,NULL,7,NULL,A07248,3.24E+00,4.90E-04,18429,NULL,268,-0.0103
1809872,2026/8/17 03:35,MW2044B26502,A46,NULL,6,                    ,A18588,3.24E+00,8.00E-04,18030,NULL,268,-0.00818
1809871,2026/8/17 03:35,MW2045B38933,A45,NULL,5,NULL,A07248,3.25E+00,5.80E-04,18748,NULL,268,-0.01339
1809870,2026/8/17 03:34,MW2044B26626,AC20,NULL,10,                    ,A18588,3.24E+00,8.10E-04,17833,NULL,268,-0.04435
1809869,2026/8/17 03:34,MW2045B38989,B45,NULL,12,NULL,A07248,3.25E+00,6.80E-04,18588,NULL,268,-0.01362
1809868,2026/8/17 03:34,MW2044B26624,A45,NULL,5,                    ,A18588,3.25E+00,7.80E-04,17828,NULL,268,-0.03467
1809867,2026/8/17 03:34,MW2045B38932,A44,NULL,4,NULL,A07248,3.25E+00,6.10E-04,18725,NULL,268,-0.01782
1809866,2026/8/17 03:34,MW2044B26664,A46,NULL,6,                    ,A18588,3.24E+00,7.70E-04,18140,NULL,268,-0.02577
1809865,2026/8/17 03:33,MW2045B38934,AC20,NULL,10,NULL,A07248,3.25E+00,8.80E-04,18709,NULL,268,-0.03316
1809864,2026/8/17 03:33,MW2044B26525,A45,NULL,5,                    ,A18588,3.25E+00,7.80E-04,17870,NULL,268,-0.00591
1809863,2026/8/17 03:33,MW2045B69996,B47,NULL,14,NULL,A07248,3.25E+00,4.90E-04,18598,NULL,268,-0.05471
1809862,2026/8/17 03:33,MW2044B26558,A45,NULL,5,                    ,A18588,3.25E+00,7.70E-04,17873,NULL,268,-0.01304
1809861,2026/8/17 03:32,MW2045B69995,B47,NULL,14,NULL,A07248,3.25E+00,4.90E-04,18587,NULL,268,-0.03058
1809860,2026/8/17 03:32,MW2044B26559,A44,NULL,4,                    ,A18588,3.25E+00,7.60E-04,17935,NULL,268,-0.01107
1809859,2026/8/17 03:32,MW2044B26610,A45,NULL,5,                    ,A18588,3.25E+00,7.40E-04,18156,NULL,268,-0.04332
1809858,2026/8/17 03:32,MW2045B69994,B46,NULL,13,NULL,A07248,3.25E+00,5.00E-04,18239,NULL,268,-0.01095
1809857,2026/8/17 03:32,MW2044B14521,C44,NULL,21,                    ,A18588,3.25E+00,7.50E-04,17936,NULL,268,-0.01211
1809856,2026/8/17 03:31,MW2045B64457,A45,NULL,5,NULL,A16071,3.25E+00,4.90E-04,18491,NULL,268,-0.0022
1809855,2026/8/17 03:31,MW2044B14511,AC20,NULL,10,                    ,A24134,3.24E+00,8.20E-04,18067,NULL,268,-0.04391
1809854,2026/8/17 03:31,MW2045B70119,B45,NULL,12,NULL,A16071,3.25E+00,7.40E-04,18176,NULL,268,-0.03794
1809853,2026/8/17 03:31,MW2044B14508,AC20,NULL,10,                    ,A24134,3.24E+00,8.20E-04,18094,NULL,268,-0.01463
1809852,2026/8/17 03:30,MW2045B70065,A46,NULL,6,NULL,A16071,3.25E+00,5.10E-04,18391,NULL,268,
1809851,2026/8/17 03:30,MW2044B26635,AC20,NULL,10,                    ,A24134,3.24E+00,8.40E-04,17807,NULL,268,
1809850,2026/8/17 03:30,MW2045B64452,A47,NULL,7,NULL,A16071,3.24E+00,4.90E-04,18678,NULL,268,
1809849,2026/8/17 03:30,MW2044B14917,AC20,NULL,10,                    ,A24134,3.25E+00,8.40E-04,18210,NULL,268,
1809848,2026/8/17 03:30,MW2045B64445,B47,NULL,14,NULL,A16071,3.24E+00,4.90E-04,18492,NULL,268,
1809847,2026/8/17 03:30,MW2044B14884,AC20,NULL,10,                    ,A24134,3.25E+00,9.20E-04,18157,NULL,268,0.02138
1809846,2026/8/17 03:29,MW2045B64446,A47,NULL,7,NULL,A16071,3.24E+00,4.90E-04,18484,NULL,268,0.00167
1809845,2026/8/17 03:29,MW2044B14875,A45,NULL,5,                    ,A24134,3.25E+00,8.00E-04,18072,NULL,268,-0.02491
1809844,2026/8/17 03:29,MW2045B64447,A47,NULL,7,NULL,A16071,3.24E+00,4.90E-04,18577,NULL,268,-0.02577
1809843,2026/8/17 03:29,MW2044B14883,AC20,NULL,10,                    ,A24134,3.25E+00,8.90E-04,18199,NULL,268,-0.02551
1809842,2026/8/17 03:28,MW2044B14877,C44,NULL,21,                    ,A24134,3.25E+00,7.60E-04,18418,NULL,268,-0.02833
1809841,2026/8/17 03:28,MW2045B64460,B46,NULL,13,NULL,A16071,3.24E+00,4.80E-04,18550,NULL,268,-0.02872
1809840,2026/8/17 03:28,MW2044B14647,A44,NULL,4,                    ,A24134,3.25E+00,7.00E-04,18041,NULL,268,-0.03133
1809839,2026/8/17 03:28,MW2045B64461,B46,NULL,13,NULL,A16071,3.24E+00,5.00E-04,18487,NULL,268,-0.01543
1809838,2026/8/17 03:27,MW2045B64459,A45,NULL,5,NULL,A16071,3.25E+00,4.90E-04,18308,NULL,268,-0.0143
1809837,2026/8/17 03:27,MW2044B14672,CHH,NULL,20,                    ,A24134,3.25E+00,6.30E-04,18035,NULL,268,-0.02457
1809836,2026/8/17 03:27,MW2045B64462,A46,NULL,6,NULL,A16071,3.24E+00,4.80E-04,18495,NULL,268,-0.02302
1809835,2026/8/17 03:27,MW2044B14677,CHH,NULL,20,                    ,A24134,3.25E+00,6.60E-04,18061,NULL,268,
1809834,2026/8/17 03:26,MW2045B64458,A46,NULL,6,NULL,A16071,3.24E+00,4.80E-04,18508,NULL,268,
1809833,2026/8/17 03:26,MW2044B26675,AC20,NULL,10,                    ,A24134,3.25E+00,8.20E-04,18184,NULL,268,
1809832,2026/8/17 03:26,MW2045B67321,A46,NULL,6,NULL,A17782,3.24E+00,5.00E-04,18374,NULL,268,
1809831,2026/8/17 03:26,MW2045B67595,A46,NULL,6,NULL,A17782,3.24E+00,5.00E-04,18461,NULL,268,
1809830,2026/8/17 03:26,MW2044B26676,CHH,NULL,20,                    ,A16656,3.25E+00,7.60E-04,17985,NULL,268,-0.03715
1809829,2026/8/17 03:25,MW2045B67366,A46,NULL,6,NULL,A17782,3.24E+00,5.10E-04,18378,NULL,268,-0.0357
1809828,2026/8/17 03:25,MW2044B26670,CHH,NULL,20,                    ,A16656,3.25E+00,7.50E-04,17821,NULL,268,-0.0399
1809827,2026/8/17 03:25,MW2045B67322,A46,NULL,6,NULL,A17782,3.24E+00,5.10E-04,18404,NULL,268,-0.03219
1809826,2026/8/17 03:25,MW2044B26680,CHH,NULL,20,                    ,A16656,3.25E+00,7.60E-04,17848,NULL,268,-0.03407
1809825,2026/8/17 03:24,MW2045B67594,A46,NULL,6,NULL,A17782,3.24E+00,4.90E-04,18407,NULL,268,-0.05741
1809824,2026/8/17 03:24,MW2044B26692,CHH,NULL,20,                    ,A16656,3.25E+00,6.40E-04,17985,NULL,268,-0.01104
1809823,2026/8/17 03:24,MW2045B67370,A46,NULL,6,NULL,A17782,3.24E+00,5.10E-04,18353,NULL,268,-0.03238
1809822,2026/8/17 03:24,MW2044B26691,CHH,NULL,20,                    ,A16656,3.26E+00,7.10E-04,17742,NULL,268,-0.02759
1809821,2026/8/17 03:23,MW2045B67367,A46,NULL,6,NULL,A17782,3.24E+00,4.90E-04,18280,NULL,268,-0.04352
1809820,2026/8/17 03:23,MW2044B26690,CHH,NULL,20,                    ,A16656,3.26E+00,7.20E-04,17868,NULL,268,-0.00909
1809819,2026/8/17 03:23,MW2045B67368,A46,NULL,6,NULL,A17782,3.24E+00,5.10E-04,18476,NULL,268,-0.03149
1809818,2026/8/17 03:23,MW2044B26612,O,NULL,1,                    ,A16656,3.26E+00,7.30E-04,17835,NULL,268,-0.00946
1809817,2026/8/17 03:22,MW2044B26667,C44,NULL,21,                    ,A16656,3.25E+00,6.90E-04,18085,NULL,268,-0.03465
1809816,2026/8/17 03:22,MW2045B67371,A46,NULL,6,NULL,A17782,3.24E+00,4.90E-04,18343,NULL,268,-0.02678
1809815,2026/8/17 03:22,MW2044B14830,CHH,NULL,20,                    ,A16656,3.25E+00,7.90E-04,18101,NULL,268,-0.03462
1809814,2026/8/17 03:22,MW2045B70784,B47,NULL,14,NULL,A17782,3.24E+00,5.00E-04,18340,NULL,268,-0.01618
1809813,2026/8/17 03:22,MW2044B26706,A45,NULL,5,                    ,A16656,3.25E+00,6.80E-04,18093,NULL,268,-0.03565
1809812,2026/8/17 03:21,MW2045B67484,A46,NULL,6,NULL,A17782,3.24E+00,5.10E-04,18295,NULL,268,-0.02574
1809811,2026/8/17 03:21,MW2044B26526,CHH,NULL,20,                    ,A16656,3.25E+00,8.00E-04,17840,NULL,268,-0.04008
1809810,2026/8/17 03:21,MW2045B67485,A46,NULL,6,NULL,A17782,3.24E+00,5.10E-04,18342,NULL,268,-0.02783
1809809,2026/8/17 03:21,MW2044B26515,CHH,NULL,20,                    ,A16656,3.25E+00,8.00E-04,17939,NULL,268,-0.05513
1809808,2026/8/17 03:21,MW2045B67600,A47,NULL,7,NULL,A22639,3.24E+00,5.10E-04,18479,NULL,268,-0.00917
1809807,2026/8/17 03:20,MW2044B26519,A44,NULL,4,                    ,A01672,3.25E+00,7.70E-04,17815,NULL,268,0.00108
1809806,2026/8/17 03:20,MW2045B67602,A47,NULL,7,NULL,A22639,3.24E+00,5.10E-04,18402,NULL,268,-0.01194
1809805,2026/8/17 03:20,MW2044B26648,C45,NULL,22,                    ,A01672,3.25E+00,6.50E-04,18183,NULL,268,-0.03494
1809804,2026/8/17 03:20,MW2045B67601,A47,NULL,7,NULL,A22639,3.24E+00,5.10E-04,18510,NULL,268,-0.02213
1809803,2026/8/17 03:20,MW2044B26716,C45,NULL,22,                    ,A01672,3.25E+00,7.40E-04,18195,NULL,268,-0.03286
1809802,2026/8/17 03:19,MW2045B38937,A46,NULL,6,NULL,A22639,3.24E+00,6.20E-04,18729,NULL,268,-0.04215
1809801,2026/8/17 03:19,MW2044B28646,AC20,NULL,10,                    ,A01672,3.25E+00,9.00E-04,17906,NULL,268,-0.03357
1809800,2026/8/17 03:19,MW2045B38936,AC20,NULL,10,NULL,A22639,3.24E+00,9.40E-04,18761,NULL,268,-0.03423
1809799,2026/8/17 03:19,MW2044B28647,AC20,NULL,10,                    ,A01672,3.25E+00,9.40E-04,17928,NULL,268,-0.04567
1809798,2026/8/17 03:18,MW2044B28648,AC20,NULL,10,                    ,A01672,3.24E+00,9.10E-04,18061,NULL,268,-0.0357
1809797,2026/8/17 03:18,MW2045B38951,AC20,NULL,10,NULL,A22639,3.24E+00,8.80E-04,18722,NULL,268,-0.03613
1809796,2026/8/17 03:18,MW2044B28649,AC20,NULL,10,                    ,A01672,3.25E+00,9.40E-04,18083,NULL,268,0.00706
1809795,2026/8/17 03:18,MW2045B70057,A47,NULL,7,NULL,A22639,3.24E+00,5.30E-04,18611,NULL,268,-0.0457
1809794,2026/8/17 03:18,MW2044B14879,A45,NULL,5,                    ,A01672,3.24E+00,7.50E-04,18225,NULL,268,-0.0379
1809793,2026/8/17 03:17,MW2045B38990,A45,NULL,5,NULL,A22639,3.24E+00,6.50E-04,18564,NULL,268,0.00458
1809792,2026/8/17 03:17,MW2044B26659,A47,NULL,7,                    ,A01672,3.24E+00,7.90E-04,17990,NULL,268,-0.05464
1809791,2026/8/17 03:17,MW2045B39004,CHH,NULL,20,NULL,A22639,3.25E+00,7.90E-04,18747,NULL,268,-0.0339
1809790,2026/8/17 03:17,MW2044B26656,A47,NULL,7,                    ,A01672,3.24E+00,7.10E-04,17969,NULL,268,0.00924
1809789,2026/8/17 03:16,MW2045B38944,AC20,NULL,10,NULL,A22639,3.25E+00,9.00E-04,18831,NULL,268,-0.03222
1809788,2026/8/17 03:16,MW2044B14625,A46,NULL,6,                    ,A01672,3.24E+00,7.40E-04,18035,NULL,268,-0.03234
1809787,2026/8/17 03:16,MW2045B38942,AC20,NULL,10,NULL,A22639,3.25E+00,9.00E-04,18818,NULL,268,-0.03162
1809786,2026/8/17 03:16,MW2045B62785,A46,NULL,6,                    ,A01672,3.24E+00,7.50E-04,18054,NULL,268,-0.05604
1809785,2026/8/17 03:16,MW2045B38941,A44,NULL,4,NULL,A22639,3.25E+00,6.10E-04,18697,NULL,268,-0.03073
1809784,2026/8/17 03:15,MW2045B38986,AC20,NULL,10,                    ,A04749,3.24E+00,9.70E-04,18258,NULL,268,-0.03019
1809783,2026/8/17 03:15,MW2044B14633,CHH,NULL,20,NULL,A12620,3.25E+00,6.60E-04,18557,NULL,268,-0.03109
1809782,2026/8/17 03:15,MW2045B38987,AC20,NULL,10,                    ,A04749,3.24E+00,1.13E-03,18016,NULL,268,-0.03034
1809781,2026/8/17 03:15,MW2045B38985,A48,NULL,8,                    ,A04749,3.24E+00,7.10E-04,18184,NULL,268,-0.03102
1809780,2026/8/17 03:15,MW2044B14634,CHH,NULL,20,NULL,A12620,3.25E+00,6.10E-04,18602,NULL,268,-0.03007
1809779,2026/8/17 03:14,MW2044B14632,CHH,NULL,20,NULL,A12620,3.25E+00,6.40E-04,18571,NULL,268,-0.05822
1809778,2026/8/17 03:14,MW2045B38984,A48,NULL,8,                    ,A04749,3.24E+00,7.20E-04,17914,NULL,268,-0.04165
1809777,2026/8/17 03:14,MW2045B38983,AC20,NULL,10,                    ,A04749,3.24E+00,9.80E-04,17959,NULL,268,-0.04772
1809776,2026/8/17 03:14,MW2044B14631,CHH,NULL,20,NULL,A12620,3.25E+00,6.30E-04,18679,NULL,268,-0.0246
1809775,2026/8/17 03:13,MW2045B64451,A48,NULL,8,                    ,A04749,3.24E+00,6.10E-04,18110,NULL,268,0.00683
1809774,2026/8/17 03:13,MW2044B14630,CHH,NULL,20,NULL,A12620,3.25E+00,7.00E-04,18627,NULL,268,-0.03223
1809773,2026/8/17 03:13,MW2045B70722,A47,NULL,7,                    ,A04749,3.24E+00,6.10E-04,17890,NULL,268,-0.03338
1809772,2026/8/17 03:13,MW2044B14831,A44,NULL,4,NULL,A12620,3.25E+00,6.50E-04,18590,NULL,268,0.01795
1809771,2026/8/17 03:12,MW2045B39001,A44,NULL,4,NULL,A12620,3.25E+00,7.40E-04,18678,NULL,268,-0.03182
1809770,2026/8/17 03:12,MW2045B69829,A44,NULL,4,                    ,A04749,3.24E+00,6.00E-04,17916,NULL,268,0.03656
1809769,2026/8/17 03:12,MW2045B38946,A44,NULL,4,NULL,A12620,3.24E+00,6.20E-04,18780,NULL,268,0.01111
1809768,2026/8/17 03:12,MW2045B38922,AC20,NULL,10,                    ,A04749,3.24E+00,9.80E-04,17892,NULL,268,-0.03425
1809767,2026/8/17 03:11,MW2045B38913,A44,NULL,4,NULL,A12620,3.24E+00,6.20E-04,18735,NULL,268,0.04445
1809766,2026/8/17 03:11,MW2045B39000,AC20,NULL,10,                    ,A04749,3.24E+00,8.40E-04,17924,NULL,268,
1809765,2026/8/17 03:11,MW2045B38964,AC20,NULL,10,                    ,A04749,3.24E+00,1.00E-03,17893,NULL,268,-0.00987
1809764,2026/8/17 03:11,MW2045B39002,AC20,NULL,10,NULL,A12620,3.24E+00,8.20E-04,18682,NULL,268,-0.01384
1809763,2026/8/17 03:11,MW2045B38923,AC20,NULL,10,                    ,A04749,3.24E+00,9.80E-04,18014,NULL,268,-0.01287
1809762,2026/8/17 03:11,MW2045B38911,AC20,NULL,10,NULL,A12620,3.24E+00,8.40E-04,18854,NULL,268,-0.03433
1809761,2026/8/17 03:10,MW2045B67580,A46,NULL,6,                    ,A21466,3.24E+00,6.00E-04,17933,NULL,268,-0.04008
1809760,2026/8/17 03:10,MW2045B38976,AC20,NULL,10,NULL,A12620,3.24E+00,8.40E-04,18669,NULL,268,-0.03118
1809759,2026/8/17 03:10,MW2045B67579,A46,NULL,6,                    ,A21466,3.24E+00,6.00E-04,17930,NULL,268,-0.03118
1809758,2026/8/17 03:10,MW2045B67573,A47,NULL,7,NULL,A18180,3.24E+00,5.00E-04,18422,NULL,268,-0.03118
1809757,2026/8/17 03:09,MW2045B67574,A47,NULL,7,                    ,A21466,3.24E+00,6.10E-04,17975,NULL,268,-0.03118
1809756,2026/8/17 03:09,MW2045B67731,A46,NULL,6,NULL,A18180,3.24E+00,5.00E-04,18484,NULL,268,-0.03118
1809755,2026/8/17 03:09,MW2045B67361,A47,NULL,7,                    ,A21466,3.24E+00,6.10E-04,18160,NULL,268,-0.03802
1809754,2026/8/17 03:09,MW2045B69664,C45,NULL,22,NULL,A18180,3.24E+00,5.00E-04,18670,NULL,268,-0.00109
1809753,2026/8/17 03:09,MW2045B67360,A47,NULL,7,                    ,A21466,3.24E+00,6.10E-04,17859,NULL,268,-0.03802
1809752,2026/8/17 03:08,MW2045B67359,A46,NULL,6,                    ,A21466,3.24E+00,6.00E-04,17986,NULL,268,-0.01263
1809751,2026/8/17 03:08,MW2045B67526,C46,NULL,23,NULL,A18180,3.24E+00,5.20E-04,18630,NULL,268,-0.03802
1809750,2026/8/17 03:08,MW2045B70847,A46,NULL,6,                    ,A21466,3.24E+00,5.90E-04,18020,NULL,268,-0.03206
1809749,2026/8/17 03:08,MW2045B67519,A46,NULL,6,NULL,A18180,3.24E+00,5.10E-04,18438,NULL,268,-0.03802
1809748,2026/8/17 03:07,MW2045B67683,A45,NULL,5,NULL,A18180,3.24E+00,5.00E-04,18551,NULL,268,-0.03521
1809747,2026/8/17 03:07,MW2045B70846,A46,NULL,6,                    ,A21466,3.24E+00,5.90E-04,17975,NULL,268,-0.03802
1809746,2026/8/17 03:07,MW2045B67682,A46,NULL,6,NULL,A18180,3.24E+00,5.00E-04,18410,NULL,268,-0.0142
1809745,2026/8/17 03:07,MW2045B70845,A46,NULL,6,                    ,A21466,3.24E+00,5.90E-04,18036,NULL,268,-0.0314
1809744,2026/8/17 03:06,MW2045B67681,A46,NULL,6,NULL,A18180,3.24E+00,5.20E-04,18453,NULL,268,-0.0293
1809743,2026/8/17 03:06,MW2045B70844,B46,NULL,13,                    ,A21466,3.24E+00,6.00E-04,18113,NULL,268,-0.03802
1809742,2026/8/17 03:06,MW2045B67483,A46,NULL,6,NULL,A18180,3.24E+00,5.10E-04,18501,NULL,268,-0.03802
1809741,2026/8/17 03:06,MW2045B70829,A46,NULL,6,                    ,A21466,3.24E+00,6.00E-04,17950,NULL,268,-0.02896
1809740,2026/8/17 03:06,MW2045B67689,A46,NULL,6,                    ,A21466,3.24E+00,6.00E-04,18079,NULL,268,-0.03077
1809739,2026/8/17 03:06,MW2045B67485,A46,NULL,6,NULL,A18180,3.24E+00,5.10E-04,18330,NULL,268,-0.03142
1809738,2026/8/17 03:05,MW2045B59319,AC20,NULL,10,                    ,A21058,3.24E+00,8.90E-04,18116,NULL,268,-0.0297
1809737,2026/8/17 03:05,MW2045B67484,A46,NULL,6,NULL,A18180,3.24E+00,5.10E-04,18300,NULL,268,-0.00628
1809736,2026/8/17 03:05,MW2045B59014,A46,NULL,6,                    ,A21058,3.24E+00,7.10E-04,18383,NULL,268,-0.01107
1809735,2026/8/17 03:05,MW2045B67470,A45,NULL,5,NULL,A18180,3.25E+00,5.10E-04,18336,NULL,268,-0.00567
1809734,2026/8/17 03:04,MW2045B59150,AC20,NULL,10,                    ,A21058,3.24E+00,8.60E-04,18144,NULL,268,-0.0039
1809733,2026/8/17 03:04,MW2045B59409,A44,NULL,4,NULL,A22131,3.25E+00,7.40E-04,18515,NULL,268,-0.02372
1809732,2026/8/17 03:04,MW2045B57605,AC20,NULL,10,                    ,A21058,3.24E+00,8.60E-04,18266,NULL,268,-0.00959
1809731,2026/8/17 03:04,MW2045B67368,A46,NULL,6,NULL,A22131,3.24E+00,5.10E-04,18464,NULL,268,-0.0244
1809730,2026/8/17 03:04,MW2045B57695,AC20,NULL,10,                    ,A21058,3.24E+00,8.90E-04,18071,NULL,268,-0.00658
1809729,2026/8/17 03:03,MW2045B67371,A46,NULL,6,NULL,A22131,3.24E+00,5.10E-04,18345,NULL,268,-0.02262
1809728,2026/8/17 03:03,MW2045B57897,AC20,NULL,10,                    ,A21058,3.24E+00,9.50E-04,18123,NULL,268,-0.0091
1809727,2026/8/17 03:03,MW2045B67370,A46,NULL,6,NULL,A22131,3.24E+00,5.00E-04,18347,NULL,268,-0.02415
1809726,2026/8/17 03:03,MW2045B57893,KGH,NULL,3,                    ,A21058,3.24E+00,9.90E-04,18090,NULL,268,-0.00399
1809725,2026/8/17 03:02,MW2045B67367,A46,NULL,6,NULL,A22131,3.24E+00,5.10E-04,18279,NULL,268,-0.02414
1809724,2026/8/17 03:02,MW2045B57752,AC20,NULL,10,                    ,A21058,3.24E+00,9.30E-04,18170,NULL,268,-0.00483
1809723,2026/8/17 03:02,MW2045B57918,AC20,NULL,10,                    ,A21058,3.24E+00,8.80E-04,18222,NULL,268,-0.02472
1809722,2026/8/17 03:02,MW2045B67366,A46,NULL,6,NULL,A22131,3.24E+00,5.00E-04,18382,NULL,268,-0.00351
1809721,2026/8/17 03:02,MW2045B57977,AC20,NULL,10,                    ,A21058,3.24E+00,9.80E-04,18067,NULL,268,-0.02375
1809720,2026/8/17 03:01,MW2045B67342,A45,NULL,5,NULL,A22131,3.24E+00,5.10E-04,18433,NULL,268,-0.01151
1809719,2026/8/17 03:01,MW2045B52597,A45,NULL,5,NULL,A22131,3.24E+00,5.60E-04,18473,NULL,268,-0.00549
1809718,2026/8/17 03:00,MW2045B52152,A44,NULL,4,NULL,A22131,3.24E+00,6.30E-04,18593,NULL,268,0.00292
1809717,2026/8/17 03:00,MW2045B57952,AC20,NULL,10,                    ,A21058,3.24E+00,8.90E-04,18086,NULL,268,-0.02451
1809716,2026/8/17 03:00,MW2045B52680,A45,NULL,5,NULL,A22131,3.24E+00,6.20E-04,18461,NULL,268,0.00767
1809715,2026/8/17 03:00,MW2045B57798,AC20,NULL,10,                    ,A21058,3.24E+00,8.70E-04,18120,NULL,268,-0.01848
1809714,2026/8/17 02:59,MW2045B67594,A46,NULL,6,NULL,A22131,3.24E+00,5.00E-04,18426,NULL,268,0.00743
1809713,2026/8/17 02:59,MW2045B67322,A46,NULL,6,                    ,A23844,3.24E+00,6.10E-04,17957,NULL,268,-0.01883
1809712,2026/8/17 02:59,MW2045B67321,A46,NULL,6,                    ,A23844,3.24E+00,6.10E-04,17818,NULL,268,-0.00185
1809711,2026/8/17 02:59,MW2045B67595,A46,NULL,6,NULL,A22131,3.24E+00,5.00E-04,18483,NULL,268,-0.022
1809710,2026/8/17 02:59,MW2045B69745,B45,NULL,12,                    ,A23844,3.24E+00,6.10E-04,18005,NULL,268,0.02434
1809709,2026/8/17 02:58,MW2045B69771,B46,NULL,13,NULL,A11424,3.24E+00,5.00E-04,18345,NULL,268,-0.02794
1809708,2026/8/17 02:58,MW2045B69748,KGH,NULL,3,                    ,A23844,3.24E+00,6.10E-04,18343,NULL,268,-0.0114
1809707,2026/8/17 02:58,MW2045B67437,A45,NULL,5,NULL,A11424,3.24E+00,5.00E-04,18345,NULL,268,-0.02902
1809706,2026/8/17 02:58,MW2045B69747,B44,NULL,11,                    ,A23844,3.24E+00,6.00E-04,18011,NULL,268,-0.00726
1809705,2026/8/17 02:58,MW2045B67440,KEF,NULL,2,NULL,A11424,3.24E+00,4.90E-04,18273,NULL,268,-0.00685
1809704,2026/8/17 02:57,MW2045B69746,B45,NULL,12,                    ,A23844,3.24E+00,5.90E-04,18313,NULL,268,0.03853
1809703,2026/8/17 02:57,MW2045B67462,A47,NULL,7,NULL,A11424,3.24E+00,5.00E-04,18567,NULL,268,-0.02686
1809702,2026/8/17 02:57,MW2045B69744,A45,NULL,5,                    ,A23844,3.24E+00,6.20E-04,18055,NULL,268,-0.01445
1809701,2026/8/17 02:57,MW2045B67454,A46,NULL,6,NULL,A11424,3.24E+00,5.10E-04,18359,NULL,268,-0.00218
1809700,2026/8/17 02:57,MW2045B64357,B46,NULL,13,                    ,A23844,3.24E+00,5.80E-04,18026,NULL,268,-0.00439
1809699,2026/8/17 02:56,MW2045B67451,A46,NULL,6,NULL,A11424,3.24E+00,5.00E-04,18385,NULL,268,-0.03856
1809698,2026/8/17 02:56,MW2045B64343,A46,NULL,6,                    ,A23844,3.24E+00,5.80E-04,18000,NULL,268,0.00196
1809697,2026/8/17 02:56,MW2045B62856,B45,NULL,12,NULL,A11424,3.25E+00,7.10E-04,18471,NULL,268,-0.00917
1809696,2026/8/17 02:56,MW2045B62796,AC20,NULL,10,                    ,A23844,3.25E+00,8.40E-04,17941,NULL,268,-0.00064
1809695,2026/8/17 02:55,MW2045B62872,B46,NULL,13,NULL,A11424,3.24E+00,6.30E-04,18521,NULL,268,-0.0063
1809694,2026/8/17 02:55,MW2045B62797,A45,NULL,5,                    ,A23844,3.24E+00,7.30E-04,18065,NULL,268,0.00376
1809693,2026/8/17 02:55,MW2045B62871,A46,NULL,6,NULL,A11424,3.24E+00,6.80E-04,18562,NULL,268,0.03838
1809692,2026/8/17 02:55,MW2045B67596,B46,NULL,13,                    ,A23844,3.24E+00,6.10E-04,17939,NULL,268,-0.01186
1809691,2026/8/17 02:54,MW2045B62870,B45,NULL,12,NULL,A11424,3.25E+00,7.00E-04,18332,NULL,268,0.03694
1809690,2026/8/17 02:54,MW2045B67696,A46,NULL,6,                    ,A03879,3.24E+00,6.10E-04,18031,NULL,268,-0.04364
1809689,2026/8/17 02:54,MW2045B67697,C46,NULL,23,                    ,A03879,3.24E+00,6.00E-04,17933,NULL,268,0.03359
1809688,2026/8/17 02:54,MW2045B62907,B45,NULL,12,NULL,A11424,3.25E+00,6.90E-04,18625,NULL,268,-0.0163
1809687,2026/8/17 02:54,MW2045B67699,A46,NULL,6,                    ,A03879,3.24E+00,6.00E-04,17865,NULL,268,-0.01962
1809686,2026/8/17 02:54,MW2045B62909,C45,NULL,22,NULL,A11424,3.24E+00,6.70E-04,18549,NULL,268,-0.01635
1809685,2026/8/17 02:53,MW2045B67701,A46,NULL,6,                    ,A03879,3.24E+00,6.00E-04,17960,NULL,268,-0.01596
1809684,2026/8/17 02:53,MW2033B01551,C47,NULL,24,NULL,A17782,3.22E+00,7.90E-04,18659,NULL,268,-0.01186
1809683,2026/8/17 02:53,MW2045B67703,A46,NULL,6,                    ,A03879,3.24E+00,6.00E-04,17875,NULL,268,-0.03342
1809682,2026/8/17 02:53,MW2018B02449,AC20,NULL,10,NULL,A17782,3.22E+00,8.30E-04,18777,NULL,268,-0.01077
1809681,2026/8/17 02:52,MW2045B67690,A46,NULL,6,                    ,A03879,3.24E+00,6.10E-04,17754,NULL,268,-0.03323
1809680,2026/8/17 02:52,MW2031B01147,AC20,NULL,10,NULL,A17782,3.23E+00,8.40E-04,18730,NULL,268,-0.00581
1809679,2026/8/17 02:52,MW2045B66032,A45,NULL,5,                    ,A03879,3.24E+00,5.70E-04,17825,NULL,268,-0.02152
1809678,2026/8/17 02:52,MW2019B05772,C47,NULL,24,NULL,A17782,3.21E+00,7.80E-04,18823,NULL,268,-0.00793
1809677,2026/8/17 02:52,MW2045B66026,A45,NULL,5,                    ,A03879,3.24E+00,5.80E-04,17847,NULL,268,-0.02645
1809676,2026/8/17 02:51,MW2041B09331,AC20,NULL,10,NULL,A17782,3.23E+00,8.50E-04,18620,NULL,268,-0.00778
1809675,2026/8/17 02:51,MW2045B69804,B46,NULL,13,                    ,A03879,3.24E+00,6.00E-04,18130,NULL,268,-0.00379
1809674,2026/8/17 02:51,MW2040B01759,O,NULL,1,NULL,A17782,0.00E+00,0.00E+00,18585,NULL,268,-0.02202
1809673,2026/8/17 02:51,MW2045B69772,B46,NULL,13,                    ,A03879,3.24E+00,6.10E-04,18392,NULL,268,-0.00675
1809672,2026/8/17 02:50,MW2045B69770,B45,NULL,12,                    ,A03879,3.24E+00,6.10E-04,18025,NULL,268,-0.0033
1809671,2026/8/17 02:50,MW2045B67493,A46,NULL,6,                    ,A03879,3.24E+00,5.80E-04,18000,NULL,268,-0.00815
1809670,2026/8/17 02:49,MW2045B69759,B46,NULL,13,                    ,A22168,3.24E+00,6.20E-04,18116,NULL,268,-0.05168
1809669,2026/8/17 02:49,MW2045B69978,B47,NULL,14,                    ,A22168,3.24E+00,6.30E-04,18163,NULL,268,-0.00922
1809668,2026/8/17 02:49,MW2045B69990,B46,NULL,13,                    ,A22168,3.24E+00,6.10E-04,18267,NULL,268,-0.06657
1809667,2026/8/17 02:48,MW2045B69989,B46,NULL,13,                    ,A22168,3.25E+00,6.20E-04,17867,NULL,268,-0.00347
1809666,2026/8/17 02:48,MW2045B69915,B45,NULL,12,                    ,A22168,3.24E+00,6.30E-04,18086,NULL,268,-0.0059
1809665,2026/8/17 02:47,MW2045B69805,B46,NULL,13,                    ,A22168,3.24E+00,6.00E-04,18193,NULL,268,-0.01968
1809664,2026/8/17 02:47,MW2045B67617,A46,NULL,6,                    ,A22168,3.24E+00,6.10E-04,17811,NULL,268,-0.02603
1809663,2026/8/17 02:47,MW2045B67616,A46,NULL,6,                    ,A22168,3.24E+00,6.10E-04,17916,NULL,268,-0.02914
1809662,2026/8/17 02:46,MW2045B67642,A47,NULL,7,                    ,A22168,3.24E+00,6.10E-04,18050,NULL,268,-0.0266
1809661,2026/8/17 02:46,MW2045B67641,B47,NULL,14,                    ,A22168,3.24E+00,6.10E-04,17764,NULL,268,-0.03802
1809660,2026/8/17 02:45,MW2045B67515,A47,NULL,7,                    ,A22168,3.24E+00,5.90E-04,18097,NULL,268,-0.00234
1809659,2026/8/17 02:45,MW2045B67369,A45,NULL,5,                    ,A22168,3.24E+00,6.10E-04,17880,NULL,268,-0.01701
1809658,2026/8/17 02:45,MW2019A10048,AC20,NULL,10,                    ,A13215,3.24E+00,1.17E-03,17986,NULL,268,-0.04243
1809657,2026/8/17 02:44,MW2040B01763,C47,NULL,24,NULL,A17782,3.22E+00,7.30E-04,18679,NULL,268,-0.03352
1809656,2026/8/17 02:44,MW2017A24486,AC20,NULL,10,                    ,A13215,3.24E+00,9.40E-04,18143,NULL,268,-0.03791
1809655,2026/8/17 02:44,MW2040B01294,C47,NULL,24,NULL,A17782,3.23E+00,7.30E-04,18639,NULL,268,-0.0182
1809654,2026/8/17 02:44,MW2019A10482,AC20,NULL,10,                    ,A13215,3.24E+00,1.20E-03,18061,NULL,268,-0.02493
1809653,2026/8/17 02:43,MW2017A24831,AC20,NULL,10,                    ,A13215,3.24E+00,9.50E-04,18076,NULL,268,-0.01728
1809652,2026/8/17 02:43,MW2040B01629,C47,NULL,24,NULL,A17782,3.23E+00,7.40E-04,18604,NULL,268,-0.05027
1809651,2026/8/17 02:43,MW2010A20505,AC20,NULL,10,                    ,A13215,3.24E+00,2.17E-03,17650,NULL,268,-0.02179
1809650,2026/8/17 02:43,MW2031B00099,AC20,NULL,10,NULL,A17782,3.22E+00,8.30E-04,18845,NULL,268,-0.03192
1809649,2026/8/17 02:43,MW2019A10655,AC20,NULL,10,                    ,A13215,3.24E+00,1.18E-03,17897,NULL,268,-0.02081
1809648,2026/8/17 02:42,MW2035B00252,C47,NULL,24,NULL,A17782,3.23E+00,8.00E-04,19126,NULL,268,0.00043
1809647,2026/8/17 02:42,MW2019A07058,AC20,NULL,10,                    ,A13215,3.24E+00,8.90E-04,18254,NULL,268,-0.02446
1809646,2026/8/17 02:42,MW2019B07298,AC20,NULL,10,NULL,A17782,3.22E+00,8.30E-04,18714,NULL,268,0.01325
1809645,2026/8/17 02:42,MW2019A10657,AC20,NULL,10,                    ,A13215,3.24E+00,1.15E-03,17998,NULL,268,-0.0214
1809644,2026/8/17 02:41,MW2019A03355,O,NULL,1,NULL,A16892,0.00E+00,0.00E+00,18647,NULL,268,-0.01283
1809643,2026/8/17 02:41,MW2019A07236,AC20,NULL,10,                    ,A13215,3.24E+00,9.40E-04,18142,NULL,268,-0.0208
1809642,2026/8/17 02:41,MW2019A07236,AC20,NULL,10,                    ,A13215,3.24E+00,9.40E-04,18142,NULL,268,-0.00202
1809641,2026/8/17 02:41,MW2019A06965,AC20,NULL,10,                    ,A13215,3.24E+00,9.60E-04,18301,NULL,268,0.00065
1809640,2026/8/17 02:40,MW2009A82549,AC20,NULL,10,                    ,A13215,3.22E+00,1.04E-03,17827,NULL,268,-0.00378
1809639,2026/8/17 02:40,MW2019A07824,AC20,NULL,10,                    ,A13215,3.24E+00,1.08E-03,17914,NULL,268,-0.00376
1809638,2026/8/17 02:39,MW2031B02626,O,NULL,1,                    ,A17084,3.23E+00,8.50E-04,18389,NULL,268,0.0031
1809637,2026/8/17 02:39,MW2036B05196,O,NULL,1,                    ,A17084,3.29E+00,6.50E-04,18087,NULL,268,-0.03502
1809636,2026/8/17 02:39,MW2037B12551,O,NULL,1,                    ,A17084,3.23E+00,1.07E-03,18280,NULL,268,0.00265
1809635,2026/8/17 02:38,MW2041B08424,O,NULL,1,                    ,A17084,3.23E+00,6.20E-04,18295,NULL,268,-0.01724
1809634,2026/8/17 02:38,MW2037B12554,O,NULL,1,                    ,A17084,3.23E+00,1.09E-03,18203,NULL,268,-0.01599
1809633,2026/8/17 02:37,MW2036B05527,O,NULL,1,                    ,A17084,3.21E+00,8.10E-04,18166,NULL,268,-0.01002
1809632,2026/8/17 02:37,MW2037B12555,O,NULL,1,                    ,A17084,3.22E+00,1.10E-03,18297,NULL,268,-0.01254
1809631,2026/8/17 02:37,MW2036B05169,O,NULL,1,                    ,A17084,3.21E+00,7.00E-04,18291,NULL,268,-0.01079
1809630,2026/8/17 02:36,MW2031B02624,O,NULL,1,                    ,A17084,3.21E+00,9.20E-04,18102,NULL,268,-0.01844
1809629,2026/8/17 02:36,MW2036B05525,O,NULL,1,                    ,A17084,3.33E+00,8.50E-04,18309,NULL,268,-0.01423
1809628,2026/8/17 02:35,MW2037B12552,O,NULL,1,                    ,A17084,3.23E+00,1.07E-03,18216,NULL,268,-0.01357
1809627,2026/8/17 02:35,MW2033B01080,O,NULL,1,                    ,A17084,3.21E+00,9.60E-04,18447,NULL,268,0.00513
1809626,2026/8/17 02:35,MW2018A00341,AC20,NULL,10,                    ,A23918,3.24E+00,8.30E-04,18156,NULL,268,-0.00743
1809625,2026/8/17 02:34,MW2019A04502,AC20,NULL,10,                    ,A23918,3.24E+00,8.90E-04,18037,NULL,268,-0.00657
1809624,2026/8/17 02:34,MW2017A05830,AC20,NULL,10,                    ,A23918,3.24E+00,9.10E-04,17865,NULL,268,-0.00543
1809623,2026/8/17 02:33,MW2017A02078,AC20,NULL,10,                    ,A23918,3.24E+00,9.00E-04,18041,NULL,268,-0.00553
1809622,2026/8/17 02:33,MW2017A17893,AC20,NULL,10,                    ,A23918,3.24E+00,8.90E-04,17582,NULL,268,-0.016
1809621,2026/8/17 02:32,MW2018A02691,AC20,NULL,10,                    ,A23918,3.24E+00,8.90E-04,18007,NULL,268,-0.01849
1809620,2026/8/17 02:32,MW2018A02692,AC20,NULL,10,                    ,A23918,3.24E+00,8.80E-04,18062,NULL,268,-0.01984
1809619,2026/8/17 02:32,MW2017A26450,AC20,NULL,10,                    ,A23918,3.24E+00,8.40E-04,17838,NULL,268,-0.01746
1809618,2026/8/17 02:31,MW2019A01880,AC20,NULL,10,                    ,A23918,3.24E+00,8.40E-04,18048,NULL,268,-0.00035
1809617,2026/8/17 02:31,MW2019A05211,AC20,NULL,10,                    ,A23918,3.24E+00,8.30E-04,17955,NULL,268,-0.01064
1809616,2026/8/17 02:30,MW2019A00633,AC20,NULL,10,                    ,A23918,3.24E+00,8.10E-04,18134,NULL,268,-0.02001
1809615,2026/8/17 02:30,MW2019A05198,AC20,NULL,10,                    ,A23918,3.24E+00,8.20E-04,17887,NULL,268,-0.01142
1809614,2026/8/17 02:30,MW2031B00647,O,NULL,1,                    ,A13956,3.21E+00,1.14E-03,18516,NULL,268,-0.03946
1809613,2026/8/17 02:29,MW2041B08417,O,NULL,1,                    ,A13956,3.23E+00,6.30E-04,18125,NULL,268,-0.00305
1809612,2026/8/17 02:29,MW2031B02627,O,NULL,1,                    ,A13956,3.23E+00,8.50E-04,18114,NULL,268,-0.00974
1809611,2026/8/17 02:28,MW2041B08402,O,NULL,1,                    ,A13956,3.23E+00,6.90E-04,18256,NULL,268,-0.02066
1809610,2026/8/17 02:28,MW2041B08416,O,NULL,1,                    ,A13956,3.23E+00,7.20E-04,18153,NULL,268,-0.01725
1809609,2026/8/17 02:27,MW2021B00212,O,NULL,1,                    ,A13956,3.23E+00,9.00E-04,18353,NULL,268,-0.01392
1809608,2026/8/17 02:27,MW2036B05168,O,NULL,1,                    ,A13956,3.29E+00,8.10E-04,18288,NULL,268,-0.01384
1809607,2026/8/17 02:27,MW2037B13151,O,NULL,1,                    ,A13956,3.23E+00,6.00E-04,18552,NULL,268,-0.00113
1809606,2026/8/17 02:26,MW2036B04011,O,NULL,1,                    ,A13956,3.21E+00,1.24E-03,18352,NULL,268,-0.00104
1809605,2026/8/17 02:26,MW2031B00646,O,NULL,1,                    ,A13956,3.23E+00,9.20E-04,18390,NULL,268,-0.00085
1809604,2026/8/17 02:25,MW2036B00905,O,NULL,1,                    ,A13956,3.21E+00,1.34E-03,18084,NULL,268,-0.00234
1809603,2026/8/17 02:25,MW2041B08422,O,NULL,1,                    ,A13956,3.22E+00,6.50E-04,18302,NULL,268,-0.00788
1809602,2026/8/17 02:25,MW2040B00902,AC20,NULL,10,                    ,A05784,3.23E+00,8.90E-04,18331,NULL,268,-0.01551
1809601,2026/8/17 02:24,MW2040B00904,AC20,NULL,10,                    ,A05784,3.23E+00,8.70E-04,18207,NULL,268,-0.03146
1809600,2026/8/17 02:24,MW2040B00906,AC20,NULL,10,                    ,A05784,3.23E+00,9.20E-04,18259,NULL,268,-0.00817
1809599,2026/8/17 02:23,MW2032B00116,AC20,NULL,10,                    ,A05784,3.23E+00,9.20E-04,18511,NULL,268,-0.01699
1809598,2026/8/17 02:23,MW2032B00117,AC20,NULL,10,                    ,A05784,3.22E+00,9.30E-04,18343,NULL,268,-0.00785
1809597,2026/8/17 02:22,MW2040B02882,AC20,NULL,10,                    ,A05784,3.22E+00,8.80E-04,18216,NULL,268,-0.02496
1809596,2026/8/17 02:22,MW2019A07251,AC20,NULL,10,NULL,A16892,3.24E+00,8.20E-04,18574,NULL,268,-0.03701
1809595,2026/8/17 02:22,MW2034B00237,AC20,NULL,10,                    ,A05784,3.23E+00,1.03E-03,18421,NULL,268,-0.00664
1809594,2026/8/17 02:22,MW2009A42332,CHH,NULL,20,NULL,A16892,3.23E+00,7.70E-04,18571,NULL,268,-0.05199
1809593,2026/8/17 02:22,MW2033B00277,AC20,NULL,10,                    ,A05784,3.22E+00,8.90E-04,18378,NULL,268,-0.01125
1809592,2026/8/17 02:21,MW2011A19416,CHH,NULL,20,NULL,A16892,3.23E+00,8.00E-04,18127,NULL,268,-0.04275
1809591,2026/8/17 02:21,MW2033B00531,AC20,NULL,10,                    ,A05784,3.23E+00,9.00E-04,18284,NULL,268,-0.00822
1809590,2026/8/17 02:21,MW2011A19415,CHH,NULL,20,NULL,A16892,3.23E+00,7.90E-04,18395,NULL,268,-0.0155
1809589,2026/8/17 02:21,MW2037B10169,AC20,NULL,10,                    ,A05784,3.23E+00,9.20E-04,18184,NULL,268,-0.00723
1809588,2026/8/17 02:20,MW2009A99627,CHH,NULL,20,NULL,A16892,3.23E+00,8.00E-04,18343,NULL,268,-0.01542
1809587,2026/8/17 02:20,MW2033B00530,AC20,NULL,10,                    ,A05784,3.23E+00,9.30E-04,18340,NULL,268,-0.02701
1809586,2026/8/17 02:20,MW2011A20267,CHH,NULL,20,NULL,A16892,3.23E+00,7.80E-04,17914,NULL,268,-0.05999
1809585,2026/8/17 02:20,MW2037B00364,AC20,NULL,10,                    ,A05784,3.23E+00,9.60E-04,18165,NULL,268,-0.02917
1809584,2026/8/17 02:19,MW2017A17875,CHH,NULL,20,NULL,A16892,3.24E+00,8.00E-04,18106,NULL,268,-0.00944
1809583,2026/8/17 02:19,MW2033B01563,AC20,NULL,10,                    ,A04203,3.22E+00,9.00E-04,18392,NULL,268,-0.02903
1809582,2026/8/17 02:19,MW2017A17589,CHH,NULL,20,NULL,A16892,3.24E+00,7.80E-04,18543,NULL,268,-0.00076
1809581,2026/8/17 02:19,MW2037B11268,AC20,NULL,10,                    ,A04203,3.22E+00,9.30E-04,18284,NULL,268,-0.01143
1809580,2026/8/17 02:19,MW2019A05003,AC20,NULL,10,NULL,A16892,3.25E+00,8.20E-04,18471,NULL,268,-0.02279
1809579,2026/8/17 02:18,MW2041B09647,AC20,NULL,10,                    ,A04203,3.23E+00,9.30E-04,18145,NULL,268,-0.03468
1809578,2026/8/17 02:18,MW2019A05374,CHH,NULL,20,NULL,A16892,3.24E+00,7.40E-04,18692,NULL,268,0.00343
1809577,2026/8/17 02:18,MW2036B02725,AC20,NULL,10,                    ,A04203,3.23E+00,8.20E-04,18259,NULL,268,-0.00363
1809576,2026/8/17 02:18,MW2019A05196,CHH,NULL,20,NULL,A16892,2.79E+00,7.70E-04,18542,NULL,268,-0.00105
1809575,2026/8/17 02:18,MW2031B02687,AC20,NULL,10,                    ,A04203,3.22E+00,8.30E-04,18448,NULL,268,-0.00286
1809574,2026/8/17 02:17,MW2019B07638,AC20,NULL,10,                    ,A04203,3.22E+00,8.40E-04,18183,NULL,268,-0.01481
1809573,2026/8/17 02:17,MW2019B09772,AC20,NULL,10,                    ,A04203,3.22E+00,8.10E-04,18181,NULL,268,-0.03009
1809572,2026/8/17 02:16,MW2031B02713,AC20,NULL,10,                    ,A04203,3.22E+00,8.30E-04,18256,NULL,268,-0.03438
1809571,2026/8/17 02:16,MW2031B02715,AC20,NULL,10,                    ,A04203,3.22E+00,8.30E-04,18281,NULL,268,-0.02979
1809570,2026/8/17 02:15,MW2036B04923,AC20,NULL,10,                    ,A04203,3.23E+00,9.30E-04,18329,NULL,268,-0.02165
1809569,2026/8/17 02:15,MW2040B05240,AC20,NULL,10,                    ,A04203,3.23E+00,8.40E-04,18317,NULL,268,-0.03012
1809568,2026/8/17 02:14,MW2037B06992,AC20,NULL,10,                    ,A04203,3.23E+00,9.60E-04,18328,NULL,268,-0.02183
1809567,2026/8/17 02:14,MW2037B12205,AC20,NULL,10,                    ,A20980,3.22E+00,8.90E-04,18456,NULL,268,-0.03661
1809566,2026/8/17 02:14,MW2032B00473,AC20,NULL,10,                    ,A20980,3.23E+00,1.03E-03,18210,NULL,268,-0.04458
1809565,2026/8/17 02:13,MW2037B09545,AC20,NULL,10,                    ,A20980,3.23E+00,9.30E-04,18306,NULL,268,-0.03479
1809564,2026/8/17 02:13,MW2036B05627,AC20,NULL,10,                    ,A20980,3.23E+00,1.02E-03,18456,NULL,268,-0.04531
1809563,2026/8/17 02:12,MW2037B17160,AC20,NULL,10,                    ,A20980,3.23E+00,1.05E-03,18073,NULL,268,-0.02038
1809562,2026/8/17 02:12,MW2037B07027,AC20,NULL,10,                    ,A20980,3.21E+00,9.40E-04,18284,NULL,268,-0.02336
1809561,2026/8/17 02:12,MW2034B00546,AC20,NULL,10,NULL,A00689,3.23E+00,8.30E-04,19019,NULL,268,-0.03734
1809560,2026/8/17 02:12,MW2037B17245,AC20,NULL,10,                    ,A20980,3.23E+00,1.00E-03,18066,NULL,268,-0.02358
1809559,2026/8/17 02:11,MW2036B00639,AC20,NULL,10,NULL,A00689,3.23E+00,1.01E-03,18977,NULL,268,-0.0336
1809558,2026/8/17 02:11,MW2019B08835,AC20,NULL,10,                    ,A20980,3.22E+00,9.70E-04,18409,NULL,268,-0.05628
1809557,2026/8/17 02:11,MW2036B00683,O,NULL,1,NULL,A00689,0.00E+00,0.00E+00,18569,NULL,268,-0.03196
1809556,2026/8/17 02:11,MW2037B10655,AC20,NULL,10,                    ,A20980,3.23E+00,1.03E-03,18510,NULL,268,-0.03478
1809555,2026/8/17 02:10,MW2035B00782,AC20,NULL,10,                    ,A20980,3.23E+00,1.06E-03,18222,NULL,268,-0.01475
1809554,2026/8/17 02:10,MW2031B01064,AC20,NULL,10,                    ,A20980,3.23E+00,9.10E-04,18245,NULL,268,-0.05808
1809553,2026/8/17 02:09,MW2033B02182,AC20,NULL,10,                    ,A20980,3.22E+00,9.90E-04,18202,NULL,268,-0.04641
1809552,2026/8/17 02:09,MW2037B00395,AC20,NULL,10,NULL,A00689,3.23E+00,8.70E-04,18666,NULL,268,-0.05036
1809551,2026/8/17 02:09,MW2033B01666,AC20,NULL,10,NULL,A00689,3.22E+00,9.00E-04,18807,NULL,268,-0.03562
1809550,2026/8/17 02:08,MW2032B00207,AC20,NULL,10,NULL,A00689,3.22E+00,9.60E-04,18695,NULL,268,-0.0187
1809549,2026/8/17 02:08,MW2019B08934,O,NULL,1,NULL,A00689,0.00E+00,0.00E+00,18703,NULL,268,-0.01007
1809548,2026/8/17 02:07,MW2041B12889,A48,NULL,8,NULL,A00689,3.23E+00,7.40E-04,18792,NULL,268,-0.01391
1809547,2026/8/17 02:07,MW2013A04918,A47,NULL,7,                    ,A10923,3.23E+00,6.00E-04,18068,NULL,268,-0.01869
1809546,2026/8/17 02:07,MW2041B12888,B47,NULL,14,NULL,A00689,3.23E+00,8.00E-04,18628,NULL,268,-0.03731
1809545,2026/8/17 02:06,MW2013A04919,C47,NULL,24,                    ,A10923,3.23E+00,6.00E-04,18091,NULL,268,-0.02001
1809544,2026/8/17 02:06,MW2033B01554,AC20,NULL,10,NULL,A00689,3.22E+00,9.10E-04,18800,NULL,268,-0.03351
1809543,2026/8/17 02:06,MW2025B03657,B48,NULL,15,                    ,A10923,3.22E+00,6.20E-04,18287,NULL,268,-0.02012
1809542,2026/8/17 02:06,MW2032B00106,AC20,NULL,10,NULL,A00689,3.23E+00,9.00E-04,18891,NULL,268,-0.03152
1809541,2026/8/17 02:06,MW2025B04628,D48,NULL,31,                    ,A10923,3.21E+00,6.20E-04,18291,NULL,268,-0.08339
1809540,2026/8/17 02:05,MW2025B03654,B48,NULL,15,                    ,A10923,3.22E+00,6.30E-04,18393,NULL,268,-0.02331
1809539,2026/8/17 02:05,MW2033B02315,AC20,NULL,10,NULL,A00689,3.22E+00,8.40E-04,18856,NULL,268,-0.02472
1809538,2026/8/17 02:05,MW2027B11888,D47,NULL,30,                    ,A10923,3.22E+00,5.50E-04,18437,NULL,268,-0.02672
1809537,2026/8/17 02:05,MW2030B00399,O,NULL,1,NULL,A04024,0.00E+00,0.00E+00,18797,NULL,268,-0.05205
1809536,2026/8/17 02:04,MW2019A00137,A47,NULL,7,                    ,A10923,3.24E+00,7.10E-04,17928,NULL,268,-0.02784
1809535,2026/8/17 02:04,MW2036B04718,O,NULL,1,NULL,A04024,0.00E+00,0.00E+00,18609,NULL,268,-0.02006
1809534,2026/8/17 02:04,MW2019A03596,A47,NULL,7,                    ,A10923,3.24E+00,7.70E-04,17943,NULL,268,-0.01355
1809533,2026/8/17 02:04,MW2019A03596,A47,NULL,7,                    ,A10923,3.24E+00,7.70E-04,17943,NULL,268,0.00699
1809532,2026/8/17 02:04,MW2019A03573,A47,NULL,7,                    ,A10923,3.24E+00,7.60E-04,18009,NULL,268,-0.01085
1809531,2026/8/17 02:03,MW2036B03831,O,NULL,1,NULL,A04024,2.68E+00,1.01E-03,18442,NULL,268,-0.00232
1809530,2026/8/17 02:03,MW2008A26140,AC20,NULL,10,                    ,A10923,3.22E+00,8.90E-04,17649,NULL,268,-0.0009
1809529,2026/8/17 02:03,MW2036B03830,O,NULL,1,NULL,A04024,2.72E+00,1.02E-03,18418,NULL,268,-0.00798
1809528,2026/8/17 02:03,MW2013A04914,C47,NULL,24,                    ,A10923,3.22E+00,5.60E-04,18065,NULL,268,-0.01707
1809527,2026/8/17 02:02,MW2008A12474,A48,NULL,8,                    ,A10923,3.30E+00,5.90E-04,17792,NULL,268,-0.01416
1809526,2026/8/17 02:02,MW2036B03842,O,NULL,1,                    ,A21458,2.66E+00,1.03E-03,18086,NULL,268,-0.00799
1809525,2026/8/17 02:02,MW2041B08418,O,NULL,1,NULL,A04024,3.23E+00,5.40E-04,18831,NULL,268,-0.00764
1809524,2026/8/17 02:01,MW2021B00214,O,NULL,1,NULL,A04024,3.22E+00,5.00E-04,18799,NULL,268,-0.00924
1809523,2026/8/17 02:01,MW2036B05198,O,NULL,1,                    ,A21458,3.21E+00,7.00E-04,18294,NULL,268,-0.02642
1809522,2026/8/17 02:01,MW2041B08403,O,NULL,1,NULL,A04024,3.23E+00,5.40E-04,18691,NULL,268,-0.00891
1809521,2026/8/17 02:01,MW2021B00215,O,NULL,1,                    ,A21458,3.23E+00,5.90E-04,18456,NULL,268,-0.01969
1809520,2026/8/17 02:00,MW2020B00739,O,NULL,1,NULL,A04024,3.22E+00,8.10E-04,18570,NULL,268,-0.02572
1809519,2026/8/17 02:00,MW2036B04688,O,NULL,1,                    ,A21458,3.30E+00,7.00E-04,18114,NULL,268,-0.01414
1809518,2026/8/17 02:00,MW2036B03829,O,NULL,1,NULL,A04024,2.76E+00,1.01E-03,18390,NULL,268,-0.01631
1809517,2026/8/17 02:00,MW2036B03843,O,NULL,1,                    ,A21458,2.67E+00,7.60E-04,18059,NULL,268,-0.02001
1809516,2026/8/17 01:59,MW2036B06814,O,NULL,1,NULL,A04024,3.23E+00,8.10E-04,18788,NULL,268,-0.03351
1809515,2026/8/17 01:58,MW2041B08425,O,NULL,1,NULL,A04024,0.00E+00,0.00E+00,18877,NULL,268,-0.02012
1809514,2026/8/17 01:58,MW2040B02708,O,NULL,1,                    ,A21458,0.00E+00,0.00E+00,18322,NULL,268,-0.03152
1809513,2026/8/17 01:57,MW2031B01013,O,NULL,1,NULL,A04024,3.23E+00,7.40E-04,18571,NULL,268,-0.08339
1809512,2026/8/17 01:57,MW2031B02628,O,NULL,1,                    ,A21458,3.21E+00,6.60E-04,18082,NULL,268,-0.02331
1809511,2026/8/17 01:56,MW2009A44006,AC20,NULL,10,NULL,A18174,3.22E+00,9.10E-04,18480,NULL,268,-0.02472
1809510,2026/8/17 01:56,MW2036B05377,O,NULL,1,                    ,A21458,3.33E+00,1.01E-03,18437,NULL,268,-0.02672
1809509,2026/8/17 01:56,MW2009A60087,AC20,NULL,10,NULL,A18174,3.22E+00,8.50E-04,18414,NULL,268,-0.05205
1809508,2026/8/17 01:56,MW2030B00272,O,NULL,1,                    ,A21458,3.23E+00,1.03E-03,18129,NULL,268,-0.02784
1809507,2026/8/17 01:55,MW2011A02707,AC20,NULL,10,NULL,A18174,3.23E+00,2.14E-03,18467,NULL,268,-0.02006
1809506,2026/8/17 01:55,MW2037B01551,O,NULL,1,                    ,A21458,3.23E+00,1.21E-03,18347,NULL,268,-0.01355
1809505,2026/8/17 01:55,MW2009A60102,AC20,NULL,10,NULL,A18174,3.23E+00,1.76E-03,18158,NULL,268,0.00699
1809504,2026/8/17 01:55,MW2037B12481,O,NULL,1,                    ,A21458,3.23E+00,7.00E-04,18212,NULL,268,-0.01085
1809503,2026/8/17 01:55,MW2009A60067,AC20,NULL,10,NULL,A18174,3.23E+00,1.74E-03,18158,NULL,268,-0.00232
1809502,2026/8/17 01:55,MW2037B12549,O,NULL,1,                    ,A21458,3.23E+00,8.60E-04,18389,NULL,268,-0.0009
1809501,2026/8/17 01:54,MW2033B01110,O,NULL,1,                    ,A18246,3.22E+00,1.12E-03,18332,NULL,268,-0.00798
1809500,2026/8/17 01:54,MW2018A02603,AC20,NULL,10,NULL,A18174,3.24E+00,9.10E-04,18652,NULL,268,-0.01707
1809499,2026/8/17 01:54,MW2036B05375,O,NULL,1,                    ,A18246,3.33E+00,9.80E-04,18483,NULL,268,-0.01416
1809498,2026/8/17 01:54,MW2018A02011,C48,NULL,25,NULL,A18174,3.24E+00,7.30E-04,18605,NULL,268,-0.00799
1809497,2026/8/17 01:53,MW2019B00355,O,NULL,1,                    ,A18246,3.22E+00,6.80E-04,17789,NULL,268,-0.00764
1809496,2026/8/17 01:53,MW2018A02186,O,NULL,1,NULL,A18174,0.00E+00,0.00E+00,18812,NULL,268,-0.00924
1809495,2026/8/17 01:53,MW2036B02413,O,NULL,1,                    ,A18246,3.23E+00,9.00E-04,18381,NULL,268,-0.02642
1809494,2026/8/17 01:53,MW2033B00052,O,NULL,1,                    ,A18246,3.23E+00,1.33E-03,18293,NULL,268,-0.00891
1809493,2026/8/17 01:52,MW2018A02179,AC20,NULL,10,NULL,A18174,3.24E+00,9.20E-04,18821,NULL,268,-0.01969
1809492,2026/8/17 01:52,MW2036B04548,O,NULL,1,                    ,A18246,3.30E+00,7.00E-04,18284,NULL,268,-0.02572
1809491,2026/8/17 01:51,MW2031B01822,O,NULL,1,                    ,A18246,3.23E+00,9.20E-04,18377,NULL,268,-0.01414
1809490,2026/8/17 01:51,MW2019A00047,AC20,NULL,10,NULL,A18174,3.24E+00,9.60E-04,18358,NULL,268,-0.01631
1809489,2026/8/17 01:51,MW2037B02813,O,NULL,1,                    ,A18246,3.23E+00,1.09E-03,18152,NULL,268,-0.02001
1809488,2026/8/17 01:51,MW2018A02003,C48,NULL,25,NULL,A18174,3.24E+00,7.60E-04,18340,NULL,268,-0.03351
1809487,2026/8/17 01:50,MW2031B01832,O,NULL,1,                    ,A18246,3.22E+00,9.70E-04,18402,NULL,268,-0.02012
1809486,2026/8/17 01:50,MW2019A00046,AC20,NULL,10,NULL,A18174,3.24E+00,8.70E-04,18398,NULL,268,-0.03152
1809485,2026/8/17 01:50,MW2035B00717,O,NULL,1,                    ,A18246,2.66E+00,7.90E-04,18267,NULL,268,-0.08339
1809484,2026/8/17 01:50,MW2045B66055,A47,NULL,7,NULL,A17421,3.24E+00,5.10E-04,18339,NULL,268,-0.02331
1809483,2026/8/17 01:49,MW2045B66043,A46,NULL,6,NULL,A17421,3.24E+00,5.10E-04,18494,NULL,268,-0.02472
1809482,2026/8/17 01:49,MW2036B04689,O,NULL,1,                    ,A18246,3.21E+00,6.80E-04,18385,NULL,268,-0.02672
1809481,2026/8/17 01:49,MW2045B66863,A45,NULL,5,NULL,A17421,3.24E+00,4.80E-04,18516,NULL,268,-0.05205
1809480,2026/8/17 01:49,MW2036B02004,O,NULL,1,                    ,A18246,3.29E+00,1.04E-03,18412,NULL,268,-0.02784
1809479,2026/8/17 01:48,MW2045B66748,A45,NULL,5,NULL,A17421,3.24E+00,5.00E-04,18443,NULL,268,-0.02006
1809478,2026/8/17 01:48,MW2045B65822,A46,NULL,6,                    ,A22022,3.24E+00,5.90E-04,17986,NULL,268,-0.01355
1809477,2026/8/17 01:48,MW2045B66862,A45,NULL,5,NULL,A17421,3.24E+00,4.60E-04,18469,NULL,268,0.00699
1809476,2026/8/17 01:48,MW2045B65811,A47,NULL,7,                    ,A22022,3.24E+00,5.90E-04,17990,NULL,268,-0.01085
1809475,2026/8/17 01:47,MW2045B66794,A45,NULL,5,NULL,A17421,3.24E+00,5.00E-04,18286,NULL,268,-0.00232
1809474,2026/8/17 01:47,MW2045B65810,A47,NULL,7,                    ,A22022,3.24E+00,6.20E-04,18038,NULL,268,-0.0009
1809473,2026/8/17 01:47,MW2045B66795,A45,NULL,5,NULL,A17421,3.24E+00,5.10E-04,18444,NULL,268,-0.00798
1809472,2026/8/17 01:47,MW2045B65816,A47,NULL,7,                    ,A22022,3.24E+00,5.90E-04,18016,NULL,268,-0.01707
1809471,2026/8/17 01:47,MW2045B66796,A45,NULL,5,NULL,A17421,3.24E+00,5.00E-04,18464,NULL,268,-0.01416
1809470,2026/8/17 01:46,MW2045B65950,A47,NULL,7,                    ,A22022,3.24E+00,5.80E-04,18025,NULL,268,-0.00799
1809469,2026/8/17 01:46,MW2045B71631,A46,NULL,6,NULL,A17421,3.24E+00,5.30E-04,18506,NULL,268,-0.00764
1809468,2026/8/17 01:46,MW2045B65948,A47,NULL,7,                    ,A22022,3.24E+00,5.90E-04,18060,NULL,268,-0.00924
1809467,2026/8/17 01:46,MW2045B71630,A46,NULL,6,NULL,A17421,3.24E+00,5.10E-04,18498,NULL,268,-0.02642
1809466,2026/8/17 01:46,MW2045B65939,A47,NULL,7,                    ,A22022,3.24E+00,5.80E-04,18069,NULL,268,-0.00891
1809465,2026/8/17 01:45,MW2045B69047,AC20,NULL,10,                    ,A22022,3.24E+00,8.40E-04,17877,NULL,268,-0.01969
1809464,2026/8/17 01:45,MW2045B71629,A46,NULL,6,NULL,A17421,3.24E+00,5.20E-04,18545,NULL,268,-0.02572
1809463,2026/8/17 01:45,MW2045B69046,B45,NULL,12,                    ,A22022,3.24E+00,7.90E-04,18020,NULL,268,-0.01414
1809462,2026/8/17 01:45,MW2045B71498,A45,NULL,5,NULL,A17421,3.24E+00,5.20E-04,18363,NULL,268,-0.01631
1809461,2026/8/17 01:44,MW2045B69045,AC20,NULL,10,                    ,A22022,3.24E+00,8.10E-04,17966,NULL,268,-0.02001
1809460,2026/8/17 01:44,MW2045B65791,A47,NULL,7,NULL,A00854,3.24E+00,5.10E-04,18619,NULL,268,-0.03351
1809459,2026/8/17 01:44,MW2045B69044,AC20,NULL,10,                    ,A22022,3.24E+00,8.20E-04,17987,NULL,268,-0.02012
1809458,2026/8/17 01:44,MW2045B65813,A47,NULL,7,NULL,A00854,3.24E+00,4.90E-04,18621,NULL,268,-0.03152
1809457,2026/8/17 01:44,MW2045B69043,AC20,NULL,10,                    ,A22022,3.24E+00,8.30E-04,17891,NULL,268,-0.08339
1809456,2026/8/17 01:43,MW2045B65815,A47,NULL,7,NULL,A00854,3.24E+00,5.20E-04,18582,NULL,268,-0.02331
1809455,2026/8/17 01:43,MW2018B00266,AC20,NULL,10,                    ,A14036,3.23E+00,1.09E-03,18004,NULL,268,-0.02472
1809454,2026/8/17 01:43,MW2045B65814,A47,NULL,7,NULL,A00854,3.24E+00,5.00E-04,18617,NULL,268,-0.02672
1809453,2026/8/17 01:43,MW2019B01822,A47,NULL,7,                    ,A14036,3.22E+00,6.80E-04,18256,NULL,268,-0.05205
1809452,2026/8/17 01:42,MW2045B65938,A46,NULL,6,NULL,A00854,3.24E+00,4.80E-04,18381,NULL,268,-0.02784
1809451,2026/8/17 01:42,MW2019B01823,A46,NULL,6,                    ,A14036,3.22E+00,7.50E-04,17994,NULL,268,-0.02006
1809450,2026/8/17 01:42,MW2045B62724,A46,NULL,6,NULL,A00854,3.24E+00,7.20E-04,18536,NULL,268,-0.01355
1809449,2026/8/17 01:42,MW2017B02584,D45,NULL,28,                    ,A14036,3.22E+00,6.40E-04,18283,NULL,268,0.00699
1809448,2026/8/17 01:42,MW2019B01820,A47,NULL,7,                    ,A14036,3.21E+00,6.30E-04,18091,NULL,268,-0.01085
1809447,2026/8/17 01:42,MW2045B66042,A47,NULL,7,NULL,A00854,3.24E+00,5.00E-04,18473,NULL,268,-0.00232
1809446,2026/8/17 01:41,MW2019B01819,A46,NULL,6,                    ,A14036,3.22E+00,7.40E-04,17997,NULL,268,-0.0009
1809445,2026/8/17 01:41,MW2045B66037,A46,NULL,6,NULL,A00854,3.24E+00,5.00E-04,18361,NULL,268,-0.00798
1809444,2026/8/17 01:41,MW2019B01818,C46,NULL,23,                    ,A14036,3.22E+00,6.40E-04,18005,NULL,268,-0.01707
1809443,2026/8/17 01:41,MW2045B66038,B47,NULL,14,NULL,A00854,3.24E+00,5.00E-04,18475,NULL,268,-0.01416
1809442,2026/8/17 01:40,MW2019B01866,A46,NULL,6,                    ,A14036,3.22E+00,7.80E-04,18093,NULL,268,-0.00799
1809441,2026/8/17 01:40,MW2045B66039,A47,NULL,7,NULL,A00854,3.24E+00,5.00E-04,18624,NULL,268,-0.00764
1809440,2026/8/17 01:40,MW2019B01865,A47,NULL,7,                    ,A14036,3.22E+00,7.20E-04,18011,NULL,268,-0.00924
1809439,2026/8/17 01:40,MW2045B66040,B46,NULL,13,NULL,A00854,3.24E+00,4.80E-04,18454,NULL,268,-0.02642
1809438,2026/8/17 01:40,MW2018B00262,AC20,NULL,10,                    ,A14036,3.23E+00,1.05E-03,18064,NULL,268,-0.00891
1809437,2026/8/17 01:39,MW2045B66041,O,NULL,1,NULL,A00854,3.24E+00,5.10E-04,18528,NULL,268,-0.01969
1809436,2026/8/17 01:39,MW2018B00264,AC20,NULL,10,                    ,A14036,3.23E+00,1.18E-03,18027,NULL,268,-0.02572
1809435,2026/8/17 01:39,MW2033B00881,O,NULL,1,NULL,A20920,3.23E+00,0.00E+00,18644,NULL,268,-0.01414
1809434,2026/8/17 01:39,MW2018B00265,AC20,NULL,10,                    ,A14036,3.23E+00,1.26E-03,18131,NULL,268,-0.01631
1809433,2026/8/17 01:39,MW2018B00265,AC20,NULL,10,                    ,A14036,3.23E+00,1.26E-03,18131,NULL,268,-0.02001
1809432,2026/8/17 01:38,MW2045B70231,A46,NULL,6,                    ,A16687,3.24E+00,8.00E-04,18127,NULL,268,-0.03351
1809431,2026/8/17 01:38,MW2045B70232,A45,NULL,5,                    ,A16687,3.24E+00,7.70E-04,18039,NULL,268,-0.02012
1809430,2026/8/17 01:37,MW2045B70239,A47,NULL,7,                    ,A16687,3.24E+00,6.20E-04,17930,NULL,268,-0.03152
1809429,2026/8/17 01:37,MW2045B70238,A46,NULL,6,                    ,A16687,3.24E+00,6.00E-04,18036,NULL,268,-0.08339
1809428,2026/8/17 01:37,MW2045B71266,A45,NULL,5,                    ,A16687,3.24E+00,6.10E-04,17937,NULL,268,-0.02331
1809427,2026/8/17 01:36,MW2035B01134,AC20,NULL,10,NULL,A20920,3.23E+00,8.50E-04,18720,NULL,268,-0.02472
1809426,2026/8/17 01:36,MW2045B71265,A46,NULL,6,                    ,A16687,3.24E+00,6.00E-04,17989,NULL,268,-0.02672
1809425,2026/8/17 01:36,MW2037B02927,AC20,NULL,10,NULL,A20920,3.23E+00,1.33E-03,18557,NULL,268,-0.05205
1809424,2026/8/17 01:36,MW2045B71260,A45,NULL,5,                    ,A16687,3.24E+00,5.70E-04,18088,NULL,268,-0.02784
1809423,2026/8/17 01:36,MW2041B07524,A46,NULL,6,NULL,A20920,3.23E+00,8.00E-04,18575,NULL,268,-0.02006
1809422,2026/8/17 01:35,MW2045B71261,A46,NULL,6,                    ,A16687,3.24E+00,6.20E-04,17940,NULL,268,-0.01355
1809421,2026/8/17 01:35,MW2025B01627,O,NULL,1,NULL,A20920,0.00E+00,0.00E+00,18831,NULL,268,0.00699
1809420,2026/8/17 01:35,MW2045B71251,A45,NULL,5,                    ,A16687,3.24E+00,5.80E-04,17692,NULL,268,-0.01085
1809419,2026/8/17 01:34,MW2045B71252,A45,NULL,5,                    ,A16687,3.24E+00,5.80E-04,17779,NULL,268,-0.00232
1809418,2026/8/17 01:34,MW2019A04758,AC20,NULL,10,NULL,A20920,3.24E+00,8.70E-04,18526,NULL,268,-0.0009
1809417,2026/8/17 01:33,MW2045B66807,A45,NULL,5,                    ,A16687,3.24E+00,5.80E-04,17949,NULL,268,-0.00798
1809416,2026/8/17 01:33,MW2045B71628,A46,NULL,6,                    ,A16687,3.24E+00,6.00E-04,18142,NULL,268,-0.01707
1809415,2026/8/17 01:33,MW2019A04758,AC20,NULL,10,NULL,A20920,3.24E+00,8.70E-04,18526,NULL,268,-0.01416
1809414,2026/8/17 01:33,MW2045B71874,A46,NULL,6,                    ,A20861,3.24E+00,6.20E-04,18219,NULL,268,-0.00799
1809413,2026/8/17 01:32,MW2037B09818,O,NULL,1,NULL,A20920,0.00E+00,0.00E+00,18897,NULL,268,-0.00764
1809412,2026/8/17 01:31,MW2045B71868,A46,NULL,6,                    ,A20861,3.24E+00,6.20E-04,17956,NULL,268,-0.00924
1809411,2026/8/17 01:31,MW2037B09778,KEF,NULL,2,NULL,A20920,3.22E+00,9.10E-04,18576,NULL,268,-0.02642
1809410,2026/8/17 01:31,MW2045B71811,A46,NULL,6,                    ,A20861,3.24E+00,6.10E-04,18438,NULL,268,-0.00891
1809409,2026/8/17 01:30,MW2045B71812,A46,NULL,6,                    ,A20861,3.24E+00,6.00E-04,18349,NULL,268,-0.01969
1809408,2026/8/17 01:30,MW2045B70297,A44,NULL,4,                    ,A20861,3.24E+00,6.00E-04,17976,NULL,268,-0.02572
1809407,2026/8/17 01:29,MW2045B64586,A44,NULL,4,                    ,A20861,3.25E+00,5.80E-04,18027,NULL,268,-0.01414
1809406,2026/8/17 01:29,MW2045B64580,A45,NULL,5,                    ,A20861,3.25E+00,5.90E-04,18059,NULL,268,-0.01631
1809405,2026/8/17 01:28,MW2045B64579,A44,NULL,4,                    ,A20861,3.25E+00,5.90E-04,18070,NULL,268,-0.02001
1809404,2026/8/17 01:28,MW2045B64562,A44,NULL,4,                    ,A20861,3.25E+00,5.80E-04,18197,NULL,268,-0.03351
1809403,2026/8/17 01:28,MW2045B64663,A44,NULL,4,                    ,A20861,3.25E+00,5.80E-04,18044,NULL,268,-0.02012
1809402,2026/8/17 01:28,MW2037B09778,KEF,NULL,2,NULL,A20920,3.22E+00,9.10E-04,18576,NULL,268,-0.03152
1809401,2026/8/17 01:27,MW2045B64662,A44,NULL,4,                    ,A20861,3.25E+00,5.80E-04,18025,NULL,268,-0.08339
1809400,2026/8/17 01:27,MW2019B03379,A47,NULL,7,NULL,A20920,3.22E+00,6.90E-04,18814,NULL,268,-0.02331
1809399,2026/8/17 01:27,MW2045B64664,A44,NULL,4,                    ,A20861,3.25E+00,5.90E-04,17969,NULL,268,-0.02472
1809398,2026/8/17 01:26,MW2027B07423,A47,NULL,7,                    ,A14747,3.22E+00,5.40E-04,18577,NULL,268,-0.02672
1809397,2026/8/17 01:26,MW2019B03379,A47,NULL,7,NULL,A20920,3.22E+00,6.90E-04,18814,NULL,268,-0.05205
1809396,2026/8/17 01:26,MW2027B07581,C48,NULL,25,                    ,A14747,3.21E+00,5.80E-04,18088,NULL,268,-0.02784
1809395,2026/8/17 01:26,MW2040B03170,A47,NULL,7,NULL,A20920,3.23E+00,6.70E-04,18341,NULL,268,-0.02006
1809394,2026/8/17 01:26,MW2027B07422,A47,NULL,7,                    ,A14747,3.22E+00,5.50E-04,18207,NULL,268,-0.01355
1809393,2026/8/17 01:25,MW2040B03170,A47,NULL,7,NULL,A20920,3.23E+00,6.70E-04,18341,NULL,268,0.00699
1809392,2026/8/17 01:25,MW2027B07580,C48,NULL,25,                    ,A14747,3.21E+00,5.60E-04,18247,NULL,268,-0.01085
1809391,2026/8/17 01:25,MW2040B01794,C46,NULL,23,NULL,A20920,3.21E+00,6.90E-04,18662,NULL,268,-0.00232
1809390,2026/8/17 01:25,MW2027B07585,C48,NULL,25,                    ,A14747,3.21E+00,5.70E-04,18240,NULL,268,-0.0009
1809389,2026/8/17 01:24,MW2040B01794,C46,NULL,23,NULL,A20920,3.21E+00,6.90E-04,18662,NULL,268,-0.00798
1809388,2026/8/17 01:24,MW2027B07585,C48,NULL,25,                    ,A14747,3.21E+00,5.70E-04,18240,NULL,268,-0.01707
1809387,2026/8/17 01:23,MW2041B04405,A47,NULL,7,NULL,A20920,3.22E+00,7.10E-04,18590,NULL,268,-0.01416
1809386,2026/8/17 01:23,MW2027B07586,A49,NULL,9,                    ,A14747,3.22E+00,5.80E-04,18169,NULL,268,-0.00799
1809385,2026/8/17 01:23,MW2041B04405,A47,NULL,7,NULL,A20920,3.22E+00,7.10E-04,18590,NULL,268,-0.00764
1809384,2026/8/17 01:23,MW2027B07586,A49,NULL,9,                    ,A14747,3.22E+00,5.80E-04,18169,NULL,268,-0.00924
1809383,2026/8/17 01:22,MW2045B62847,A45,NULL,5,NULL,A12158,3.25E+00,7.10E-04,18403,NULL,268,-0.02642
1809382,2026/8/17 01:22,MW2027B07587,C49,NULL,26,                    ,A14747,3.21E+00,5.80E-04,18079,NULL,268,-0.00891
1809381,2026/8/17 01:21,MW2045B62847,A45,NULL,5,NULL,A12158,3.25E+00,7.10E-04,18403,NULL,268,-0.01969
1809380,2026/8/17 01:21,MW2027B07587,C49,NULL,26,                    ,A14747,3.21E+00,5.80E-04,18079,NULL,268,-0.02572
1809379,2026/8/17 01:21,MW2045B62848,A46,NULL,6,NULL,A12158,3.24E+00,7.10E-04,18482,NULL,268,-0.01414
1809378,2026/8/17 01:21,MW2027B07588,C48,NULL,25,                    ,A14747,3.21E+00,5.70E-04,18229,NULL,268,-0.01631
1809377,2026/8/17 01:20,MW2045B62848,A46,NULL,6,NULL,A12158,3.24E+00,7.10E-04,18482,NULL,268,-0.02001
1809376,2026/8/17 01:20,MW2027B07588,C48,NULL,25,                    ,A14747,3.21E+00,5.70E-04,18229,NULL,268,-0.03351
1809375,2026/8/17 01:19,MW2045B62876,A45,NULL,5,NULL,A12158,3.25E+00,7.00E-04,18418,NULL,268,-0.02012
1809374,2026/8/17 01:19,MW2027B07002,B48,NULL,15,                    ,A14747,3.22E+00,5.80E-04,18310,NULL,268,-0.03152
1809373,2026/8/17 01:18,MW2045B62876,A45,NULL,5,NULL,A12158,3.25E+00,7.00E-04,18418,NULL,268,-0.08339
1809372,2026/8/17 01:18,MW2027B07002,B48,NULL,15,                    ,A14747,3.22E+00,5.80E-04,18310,NULL,268,-0.02331
1809371,2026/8/17 01:17,MW2045B62877,A46,NULL,6,NULL,A12158,3.24E+00,6.80E-04,18475,NULL,268,-0.02472
1809370,2026/8/17 01:17,MW2027B07000,B48,NULL,15,                    ,A14747,3.21E+00,5.60E-04,18336,NULL,268,-0.02672
1809369,2026/8/17 01:14,MW2045B62877,A46,NULL,6,NULL,A12158,3.24E+00,6.80E-04,18475,NULL,268,-0.05205
1809368,2026/8/17 01:13,MW2045B62878,A45,NULL,5,NULL,A12158,3.25E+00,7.00E-04,18516,NULL,268,-0.02784
1809367,2026/8/17 01:13,MW2027B07000,B48,NULL,15,                    ,A14747,3.21E+00,5.60E-04,18336,NULL,268,-0.02006
1809366,2026/8/17 01:13,MW2045B67304,A46,NULL,6,NULL,A12158,3.24E+00,5.30E-04,18303,NULL,268,-0.01355
1809365,2026/8/17 01:13,MW2033B00880,AC20,NULL,10,                    ,A14747,3.22E+00,9.30E-04,18446,NULL,268,0.00699
1809364,2026/8/17 01:12,MW2045B67305,A47,NULL,7,NULL,A12158,3.24E+00,5.30E-04,18365,NULL,268,-0.01085
1809363,2026/8/17 01:12,MW2045B67306,B47,NULL,14,NULL,A12158,3.24E+00,5.40E-04,18466,NULL,268,-0.00232
1809362,2026/8/17 01:12,MW2045B67307,A46,NULL,6,NULL,A12158,3.24E+00,5.40E-04,18398,NULL,268,-0.0009
1809361,2026/8/17 01:11,MW2045B67296,A46,NULL,6,NULL,A12158,3.24E+00,5.30E-04,18531,NULL,268,-0.00798
1809360,2026/8/17 01:11,MW2045B69041,B47,NULL,14,NULL,A12158,3.24E+00,5.40E-04,18236,NULL,268,-0.01707
1809359,2026/8/17 00:47,MW2033B00880,AC20,NULL,10,                    ,A14747,3.22E+00,9.30E-04,18446,NULL,268,-0.01416
1809358,2026/8/17 00:47,MW2036B03607,AC20,NULL,10,                    ,A14747,3.23E+00,1.51E-03,18317,NULL,268,-0.00799
1809357,2026/8/17 00:44,MW2045B69042,B45,NULL,12,NULL,A12158,3.25E+00,7.10E-04,18524,NULL,268,-0.00764
1809356,2026/8/17 00:44,MW2045B70230,A47,NULL,7,NULL,A11505,3.24E+00,5.10E-04,18538,NULL,268,-0.00924
1809355,2026/8/17 00:43,MW2045B70228,A47,NULL,7,NULL,A11505,3.24E+00,5.20E-04,18480,NULL,268,-0.02642
1809354,2026/8/17 00:43,MW2045B65875,A45,NULL,5,NULL,A11505,3.24E+00,4.90E-04,18299,NULL,268,-0.00891
1809353,2026/8/17 00:42,MW2045B65874,A46,NULL,6,NULL,A11505,3.24E+00,4.90E-04,18160,NULL,268,-0.01969
1809352,2026/8/17 00:42,MW2045B65873,A46,NULL,6,NULL,A11505,3.24E+00,5.00E-04,18410,NULL,268,-0.02572
1809351,2026/8/17 00:41,MW2045B65872,A46,NULL,6,NULL,A11505,3.24E+00,4.90E-04,18262,NULL,268,-0.01414
1809350,2026/8/17 00:41,MW2045B65871,A46,NULL,6,NULL,A11505,3.24E+00,5.00E-04,18554,NULL,268,-0.01631
1809349,2026/8/17 00:40,MW2045B69253,A46,NULL,6,NULL,A11505,3.24E+00,5.10E-04,18388,NULL,268,-0.02001
1809348,2026/8/17 00:40,MW2045B66352,B47,NULL,14,                    ,NULL,3.24E+00,6.10E-04,18081,NULL,268,-0.03351
1809347,2026/8/17 00:40,MW2045B70059,A45,NULL,5,NULL,A11505,3.24E+00,5.00E-04,18325,NULL,268,-0.02012
1809346,2026/8/17 00:39,MW2045B70068,A45,NULL,5,NULL,A11505,3.24E+00,5.90E-04,18487,NULL,268,-0.03152
1809345,2026/8/17 00:39,MW2045B70067,A45,NULL,5,NULL,A11505,3.24E+00,5.90E-04,18492,NULL,268,-0.08339
1809344,2026/8/17 00:38,MW2045B70066,A45,NULL,5,NULL,A11505,3.25E+00,5.90E-04,18490,NULL,268,-0.02331
1809343,2026/8/17 00:38,MW2045B62587,A44,NULL,4,NULL,A18035,3.25E+00,7.80E-04,18560,NULL,268,-0.02472
1809342,2026/8/17 00:38,MW2045B62515,A44,NULL,4,NULL,A18035,3.25E+00,6.70E-04,18505,NULL,268,-0.02672
1809341,2026/8/17 00:37,MW2045B62535,A44,NULL,4,NULL,A18035,3.25E+00,6.80E-04,18641,NULL,268,-0.05205
1809340,2026/8/17 00:37,MW2045B62534,A44,NULL,4,NULL,A18035,3.25E+00,6.50E-04,18388,NULL,268,-0.02784
1809339,2026/8/17 00:37,MW2027B02950,CHH,NULL,20,                    ,A13134,3.22E+00,5.80E-04,18995,NULL,268,-0.02006
1809338,2026/8/17 00:36,MW2045B62533,A44,NULL,4,NULL,A18035,3.25E+00,6.70E-04,18580,NULL,268,-0.01355
1809337,2026/8/17 00:36,MW2041B03749,AC20,NULL,10,                    ,A13134,3.23E+00,9.00E-04,18391,NULL,268,0.00699
1809336,2026/8/17 00:36,MW2045B62532,A45,NULL,5,NULL,A18035,3.25E+00,7.20E-04,18645,NULL,268,-0.01085
1809335,2026/8/17 00:36,MW2041B03746,AC20,NULL,10,                    ,A13134,3.23E+00,9.10E-04,18394,NULL,268,-0.00232
1809334,2026/8/17 00:35,MW2045B62531,A45,NULL,5,NULL,A18035,3.25E+00,7.10E-04,18500,NULL,268,-0.0009
1809333,2026/8/17 00:34,MW2045B65351,A45,NULL,5,NULL,A18035,3.24E+00,4.90E-04,18698,NULL,268,-0.00798
1809332,2026/8/17 00:34,MW2045B65347,A44,NULL,4,NULL,A18035,3.24E+00,4.80E-04,18428,NULL,268,-0.01707
1809331,2026/8/17 00:33,MW2045B65348,A45,NULL,5,NULL,A18035,3.24E+00,4.90E-04,18479,NULL,268,-0.01416
1809330,2026/8/17 00:33,MW2045B65349,A45,NULL,5,NULL,A18035,3.24E+00,4.90E-04,18472,NULL,268,-0.00799
1809329,2026/8/17 00:32,MW2045B65350,A45,NULL,5,NULL,A18035,3.24E+00,4.60E-04,18586,NULL,268,-0.00764
1809328,2026/8/17 00:32,MW2045B70020,A45,NULL,5,NULL,A10967,3.26E+00,4.80E-04,18350,NULL,268,-0.00924
1809327,2026/8/17 00:32,MW2045B66311,A46,NULL,6,NULL,A10967,3.26E+00,5.00E-04,18375,NULL,268,-0.02642
1809326,2026/8/17 00:31,MW2045B66312,A46,NULL,6,NULL,A10967,3.26E+00,4.90E-04,18271,NULL,268,-0.00891
1809325,2026/8/17 00:31,MW2045B66313,A46,NULL,6,NULL,A10967,3.24E+00,5.00E-04,18377,NULL,268,-0.01969
1809324,2026/8/17 00:30,MW2045B66308,A46,NULL,6,NULL,A10967,3.24E+00,5.10E-04,18494,NULL,268,-0.02572
1809323,2026/8/17 00:30,MW2045B66309,A46,NULL,6,NULL,A10967,3.24E+00,5.10E-04,18453,NULL,268,-0.01414
1809322,2026/8/17 00:30,MW2041B02646,AC20,NULL,10,                    ,A13134,3.23E+00,8.60E-04,18263,NULL,268,-0.01631
1809321,2026/8/17 00:29,MW2045B66310,A46,NULL,6,NULL,A10967,3.24E+00,5.20E-04,18490,NULL,268,-0.02001
1809320,2026/8/17 00:29,MW2041B13090,AC20,NULL,10,                    ,A13134,3.23E+00,8.30E-04,18165,NULL,268,-0.03351
1809319,2026/8/17 00:29,MW2045B65867,A46,NULL,6,NULL,A10967,3.24E+00,5.00E-04,18480,NULL,268,-0.02012
1809318,2026/8/17 00:29,MW2041B03742,AC20,NULL,10,                    ,A13134,3.23E+00,8.60E-04,18310,NULL,268,-0.03152
1809317,2026/8/17 00:28,MW2041B02739,AC20,NULL,10,                    ,A13134,3.23E+00,8.40E-04,18333,NULL,268,-0.08339
1809316,2026/8/17 00:28,MW2045B65866,A45,NULL,5,NULL,A10967,3.24E+00,4.80E-04,18297,NULL,268,-0.02331
1809315,2026/8/17 00:28,MW2041B00125,CHH,NULL,20,                    ,A13134,3.21E+00,7.90E-04,18269,NULL,268,-0.02472
1809314,2026/8/17 00:28,MW2045B65865,A46,NULL,6,NULL,A10967,3.24E+00,5.10E-04,18380,NULL,268,-0.02672
1809313,2026/8/17 00:28,MW2041B12061,CHH,NULL,20,                    ,A13134,3.23E+00,8.00E-04,18405,NULL,268,-0.05205
1809312,2026/8/17 00:27,MW2045B65864,A46,NULL,6,NULL,A10967,3.24E+00,5.10E-04,18451,NULL,268,-0.02784
1809311,2026/8/17 00:27,MW2041B13077,AC20,NULL,10,                    ,A13134,3.24E+00,8.60E-04,18244,NULL,268,-0.02006
1809310,2026/8/17 00:27,MW2045B65943,A45,NULL,5,NULL,A10967,3.24E+00,5.00E-04,18382,NULL,268,-0.01355
1809309,2026/8/17 00:27,MW2041B13078,AC20,NULL,10,                    ,A13134,3.23E+00,8.70E-04,18104,NULL,268,0.00699
1809308,2026/8/17 00:26,MW2041B01094,CLL,NULL,19,NULL,A05531,3.24E+00,4.28E-03,18702,NULL,268,-0.01085
1809307,2026/8/17 00:26,MW2045B69029,C46,NULL,23,                    ,A01671,3.24E+00,5.80E-04,17801,NULL,268,-0.00232
1809306,2026/8/17 00:26,MW2041B02325,CLL,NULL,19,NULL,A05531,2.94E+00,1.06E-03,18566,NULL,268,-0.0009
1809305,2026/8/17 00:26,MW2045B69030,A46,NULL,6,                    ,A01671,3.24E+00,5.90E-04,17938,NULL,268,-0.00798
1809304,2026/8/17 00:26,MW2041B02327,CLL,NULL,19,NULL,A05531,2.91E+00,1.03E-03,18550,NULL,268,-0.01707
1809303,2026/8/17 00:26,MW2045B69031,A46,NULL,6,                    ,A01671,3.24E+00,6.90E-04,17927,NULL,268,-0.01416
1809302,2026/8/17 00:25,MW2025B01930,A48,NULL,8,NULL,A05531,3.21E+00,5.30E-04,18892,NULL,268,-0.00799
1809301,2026/8/17 00:25,MW2045B69032,CLL,NULL,19,                    ,A01671,3.25E+00,3.82E-03,17909,NULL,268,-0.00764
1809300,2026/8/17 00:25,MW2037B12924,O,NULL,1,NULL,A05531,0.00E+00,0.00E+00,18597,NULL,268,-0.00924
1809299,2026/8/17 00:25,MW2045B69033,C46,NULL,23,                    ,A01671,3.24E+00,6.90E-04,18068,NULL,268,-0.02642
1809298,2026/8/17 00:24,MW2045B69033,C46,NULL,23,                    ,A01671,3.24E+00,6.90E-04,18068,NULL,268,-0.00891
1809297,2026/8/17 00:24,MW2045B69034,KGH,NULL,3,                    ,A01671,3.24E+00,7.40E-04,17825,NULL,268,-0.01969
1809296,2026/8/17 00:24,MW2045B69036,B47,NULL,14,                    ,A01671,3.24E+00,6.00E-04,18036,NULL,268,-0.02572
1809295,2026/8/17 00:21,MW2045B69035,A46,NULL,6,                    ,A01671,3.24E+00,6.50E-04,18130,NULL,268,-0.01414
1809294,2026/8/17 00:21,MW2045B69037,A46,NULL,6,                    ,A01671,3.24E+00,7.60E-04,17922,NULL,268,-0.01631
1809293,2026/8/17 00:21,MW2045B69040,A46,NULL,6,                    ,A01671,3.24E+00,6.50E-04,18136,NULL,268,-0.02001
1809292,2026/8/17 00:20,MW2045B65949,A46,NULL,6,                    ,A01671,3.24E+00,5.90E-04,18019,NULL,268,-0.03351
1809291,2026/8/17 00:20,MW2045B71480,C46,NULL,23,                    ,A01671,3.24E+00,6.10E-04,17995,NULL,268,-0.02012
1809290,2026/8/17 00:19,MW2019B02645,CLL,NULL,19,                    ,A25125,3.23E+00,8.50E-04,18351,NULL,268,-0.03152
1809289,2026/8/17 00:19,MW2019B02642,CLL,NULL,19,                    ,A25125,3.23E+00,6.40E-04,18199,NULL,268,-0.08339
1809288,2026/8/17 00:18,MW2037B10051,KGH,NULL,3,NULL,A05531,3.22E+00,6.00E-04,18794,NULL,268,-0.02331
1809287,2026/8/17 00:18,MW2041B03309,AC20,NULL,10,NULL,A05531,3.23E+00,1.07E-03,18788,NULL,268,-0.02472
1809286,2026/8/17 00:18,MW2018B04291,CLL,NULL,19,                    ,A25125,3.23E+00,1.50E-03,17959,NULL,268,-0.02672
1809285,2026/8/17 00:18,MW2021B01126,A46,NULL,6,NULL,A05531,3.23E+00,6.30E-04,18600,NULL,268,-0.05205
1809284,2026/8/17 00:17,MW2036B00115,AC20,NULL,10,NULL,A05531,3.23E+00,8.80E-04,18738,NULL,268,-0.02784
1809283,2026/8/17 00:17,MW2018B04757,CLL,NULL,19,                    ,A25125,3.23E+00,8.70E-04,17904,NULL,268,-0.02006
1809282,2026/8/17 00:17,MW2036B05264,C47,NULL,24,NULL,A05531,3.23E+00,6.80E-04,18870,NULL,268,-0.01355
1809281,2026/8/17 00:16,MW2018B04758,CLL,NULL,19,                    ,A25125,3.23E+00,8.40E-04,17890,NULL,268,0.00699
1809280,2026/8/17 00:16,MW2041B07526,AC20,NULL,10,NULL,A05531,3.23E+00,8.20E-04,18611,NULL,268,-0.01085
1809279,2026/8/17 00:16,MW2018B04759,CLL,NULL,19,                    ,A25125,3.24E+00,8.50E-04,17893,NULL,268,-0.00232
1809278,2026/8/17 00:16,MW2036B04082,AC20,NULL,10,NULL,A05531,3.23E+00,1.24E-03,18650,NULL,268,-0.0009
1809277,2026/8/17 00:16,MW2018B04760,CLL,NULL,19,                    ,A25125,3.23E+00,8.40E-04,17967,NULL,268,-0.00798
1809276,2026/8/17 00:15,MW2037B03837,CHH,NULL,20,NULL,A18642,3.23E+00,7.90E-04,18677,NULL,268,-0.01707
1809275,2026/8/17 00:14,MW2018B04761,CLL,NULL,19,                    ,A25125,3.23E+00,9.00E-04,17932,NULL,268,-0.01416
1809274,2026/8/17 00:14,MW2019B09348,C47,NULL,24,NULL,A18642,3.23E+00,6.60E-04,18344,NULL,268,-0.00799
1809273,2026/8/17 00:14,MW2018B04740,CLL,NULL,19,                    ,A25125,3.23E+00,1.15E-03,17898,NULL,268,-0.00764
1809272,2026/8/17 00:14,MW2018B02121,A47,NULL,7,NULL,A18642,3.23E+00,5.40E-04,18621,NULL,268,-0.00924
1809271,2026/8/17 00:13,MW2018B04742,CLL,NULL,19,                    ,A25125,3.21E+00,9.00E-04,17939,NULL,268,-0.02642
1809270,2026/8/17 00:13,MW2018B03431,AC20,NULL,10,NULL,A18642,3.22E+00,8.80E-04,18426,NULL,268,-0.00891
1809269,2026/8/17 00:13,MW2018B04526,CLL,NULL,19,                    ,A25125,3.24E+00,2.12E-03,18249,NULL,268,-0.01969
1809268,2026/8/17 00:13,MW2036B00883,O,NULL,1,NULL,A18642,0.00E+00,0.00E+00,18827,NULL,268,-0.02572
1809267,2026/8/17 00:13,MW2018B01704,CLL,NULL,19,                    ,A25125,3.23E+00,6.50E-04,18118,NULL,268,-0.01414
1809266,2026/8/17 00:11,MW2045B62881,A45,NULL,5,                    ,A04993,3.24E+00,8.00E-04,17982,NULL,268,-0.01631
1809265,2026/8/17 00:11,MW2045B62880,A45,NULL,5,                    ,A04993,3.24E+00,7.50E-04,17986,NULL,268,-0.02001
1809264,2026/8/17 00:11,MW2045B62879,A45,NULL,5,                    ,A04993,3.24E+00,8.00E-04,18036,NULL,268,-0.03351
1809263,2026/8/17 00:10,MW2037B12021,AC20,NULL,10,NULL,A18642,3.22E+00,1.19E-03,18618,NULL,268,-0.02012
1809262,2026/8/17 00:10,MW2045B62883,A45,NULL,5,                    ,A04993,3.24E+00,7.60E-04,17952,NULL,268,-0.03152
1809261,2026/8/17 00:10,MW2020B00478,AC20,NULL,10,NULL,A18642,3.22E+00,8.40E-04,18913,NULL,268,-0.08339
1809260,2026/8/17 00:10,MW2045B62882,A45,NULL,5,                    ,A04993,3.24E+00,7.70E-04,17985,NULL,268,-0.02331
1809259,2026/8/17 00:09,MW2019B03608,C47,NULL,24,NULL,A18642,3.23E+00,7.50E-04,18771,NULL,268,-0.02472
1809258,2026/8/17 00:09,MW2045B62916,KEF,NULL,2,                    ,A04993,3.24E+00,7.10E-04,18128,NULL,268,-0.02672
1809257,2026/8/17 00:09,MW2045B62917,AC20,NULL,10,                    ,A04993,3.24E+00,8.20E-04,18019,NULL,268,-0.05205
1809256,2026/8/17 00:08,MW2045B62918,AC20,NULL,10,                    ,A04993,3.24E+00,8.10E-04,18008,NULL,268,-0.02784
1809255,2026/8/17 00:08,MW2045B71601,A46,NULL,6,                    ,A04993,3.24E+00,5.90E-04,18145,NULL,268,-0.02006
1809254,2026/8/17 00:08,MW2019B02735,C46,NULL,23,NULL,A18642,3.22E+00,5.80E-04,18299,NULL,268,-0.01355
1809253,2026/8/17 00:08,MW2045B64866,A45,NULL,5,                    ,A04993,3.25E+00,5.40E-04,17969,NULL,268,0.00699
1809252,2026/8/17 00:07,MW2018B02707,A47,NULL,7,NULL,A18642,3.22E+00,7.70E-04,18036,NULL,268,-0.01085
1809251,2026/8/17 00:07,MW2045B64852,A45,NULL,5,                    ,A04993,3.24E+00,5.80E-04,17948,NULL,268,-0.00232
1809250,2026/8/17 00:07,MW2035B01435,O,NULL,1,NULL,A18642,0.00E+00,0.00E+00,18708,NULL,268,-0.0009
1809249,2026/8/17 00:07,MW2045B67256,A46,NULL,6,                    ,A04993,3.24E+00,5.90E-04,17884,NULL,268,-0.00798
1809248,2026/8/17 00:06,MW2045B70003,A44,NULL,4,                    ,A14189,3.26E+00,5.80E-04,17751,NULL,268,-0.01707
1809247,2026/8/17 00:06,MW2045B70004,A45,NULL,5,                    ,A14189,3.26E+00,5.80E-04,18040,NULL,268,-0.01416
1809246,2026/8/17 00:06,MW2045B70015,A45,NULL,5,                    ,A14189,3.24E+00,6.00E-04,18029,NULL,268,-0.00799
1809245,2026/8/17 00:04,MW2045B71368,A46,NULL,6,                    ,A14189,3.24E+00,6.10E-04,17970,NULL,268,-0.00764
1809244,2026/8/17 00:04,MW2045B71366,A45,NULL,5,                    ,A14189,3.24E+00,6.10E-04,17998,NULL,268,-0.00924
1809243,2026/8/17 00:03,MW2045B67249,A45,NULL,5,                    ,A14189,3.24E+00,5.80E-04,17888,NULL,268,-0.02642
1809242,2026/8/17 00:03,MW2045B67250,A45,NULL,5,                    ,A14189,3.24E+00,5.80E-04,17874,NULL,268,-0.00891
1809241,2026/8/17 00:03,MW2045B67251,A45,NULL,5,                    ,A14189,3.24E+00,5.80E-04,17855,NULL,268,-0.01969
1809240,2026/8/17 00:02,MW2045B65936,A46,NULL,6,NULL,A03743,3.24E+00,4.90E-04,18484,NULL,268,-0.02572
1809239,2026/8/17 00:01,MW2045B67253,A45,NULL,5,                    ,A14189,3.24E+00,6.00E-04,17814,NULL,268,-0.01414
1809238,2026/8/17 00:01,MW2045B66044,A45,NULL,5,NULL,A03743,3.24E+00,4.80E-04,18344,NULL,268,-0.01631
1809237,2026/8/17 00:01,MW2045B67252,A46,NULL,6,                    ,A14189,3.24E+00,5.90E-04,17869,NULL,268,-0.01969
1809236,2026/8/17 00:00,MW2045B67254,A45,NULL,5,                    ,A14189,3.24E+00,6.00E-04,17884,NULL,268,-0.02572
1809235,2026/8/17 00:00,MW2045B65876,A46,NULL,6,                    ,A14189,3.24E+00,5.90E-04,17953,NULL,268,-0.01414
