ID,Time,PLCCellID_CE,PLCCellIDClass_CE,BacirEchk_CE,MESSENDOUTCELLPOS,MESSENDOUTCELLID,PLCTrayID_CE,acirVP12_CE,acirRP12_CE,CellThicknessP12_CE,PLCStartTime_CE,PLCCompleteTme_CE,K_Value
1793619,2026/8/13 11:58,MW2045B06071,B25,NULL,15,NULL,A05212,3.24E+00,8.30E-04,18742,NULL,268,-0.02586
1793618,2026/8/13 11:57,MW2044B03491,CHH,NULL,20,                    ,A20969,3.23E+00,8.40E-04,18081,NULL,268,0.02148
1793617,2026/8/13 11:57,MW2045B06073,ANZ,NULL,18,NULL,A05212,3.24E+00,7.80E-04,18853,NULL,268,-0.02341
1793616,2026/8/13 11:57,MW2044B03834,B26,NULL,16,                    ,A20969,3.23E+00,8.40E-04,18212,NULL,268,0.00108
1793615,2026/8/13 11:57,MW2045B10909,B24,NULL,14,NULL,A05212,3.22E+00,8.30E-04,18556,NULL,268,-0.01156
1793614,2026/8/13 11:57,MW2044B03011,A26,NULL,9,                    ,A20969,3.24E+00,8.30E-04,17979,NULL,268,0.00223
1793613,2026/8/13 11:56,MW2045B06075,C25,NULL,25,NULL,A05212,3.23E+00,8.10E-04,18678,NULL,268,0.03656
1793612,2026/8/13 11:56,MW2044B03010,A26,NULL,9,                    ,A20969,3.24E+00,8.40E-04,18174,NULL,268,-0.0096
1793611,2026/8/13 11:56,MW2045B05527,A26,NULL,9,NULL,A05212,3.23E+00,8.60E-04,18676,NULL,268,-0.00231
1793610,2026/8/13 11:56,MW2045B02845,A26,NULL,9,                    ,A20969,3.24E+00,1.01E-03,18017,NULL,268,-0.00181
1793609,2026/8/13 11:55,MW2045B06078,ANZ,NULL,18,NULL,A05212,3.24E+00,7.70E-04,18646,NULL,268,-0.00639
1793608,2026/8/13 11:55,MW2045B05297,C26,NULL,26,                    ,A13723,3.23E+00,8.70E-04,18205,NULL,268,0.0064
1793607,2026/8/13 11:55,MW2045B06070,ANZ,NULL,18,NULL,A05212,3.24E+00,7.60E-04,18721,NULL,268,-0.01228
1793606,2026/8/13 11:55,MW2045B05863,C26,NULL,26,                    ,A13723,3.23E+00,8.40E-04,18104,NULL,268,-0.01677
1793605,2026/8/13 11:54,MW2044B02815,ANZ,NULL,18,NULL,A05212,3.23E+00,7.50E-04,18548,NULL,268,-0.02003
1793604,2026/8/13 11:54,MW2045B05468,A26,NULL,9,                    ,A13723,3.23E+00,8.50E-04,18165,NULL,268,-0.01782
1793603,2026/8/13 11:54,MW2044B02816,ANZ,NULL,18,NULL,A05212,3.23E+00,7.30E-04,18580,NULL,268,-0.04004
1793602,2026/8/13 11:54,MW2044B02255,A26,NULL,9,                    ,A13723,3.23E+00,8.40E-04,18130,NULL,268,0.00083
1793601,2026/8/13 11:54,MW2045B11723,ANZ,NULL,18,NULL,A05212,3.24E+00,7.40E-04,18630,NULL,268,0.00169
1793600,2026/8/13 11:53,MW2044B02256,A25,NULL,8,                    ,A13723,3.23E+00,8.80E-04,18166,NULL,268,0.00264
1793599,2026/8/13 11:53,MW2045B06468,ANZ,NULL,18,NULL,A13733,3.24E+00,7.70E-04,18845,NULL,268,-0.00761
1793598,2026/8/13 11:53,MW2044B02257,A26,NULL,9,                    ,A13723,3.23E+00,8.70E-04,18172,NULL,268,-0.01826
1793597,2026/8/13 11:53,MW2045B05550,A25,NULL,8,NULL,A13733,3.24E+00,8.70E-04,18668,NULL,268,-0.02925
1793596,2026/8/13 11:53,MW2044B02270,A26,NULL,9,                    ,A13723,3.23E+00,9.20E-04,17870,NULL,268,-0.02059
1793595,2026/8/13 11:52,MW2045B05561,A25,NULL,8,NULL,A13733,3.24E+00,8.40E-04,18604,NULL,268,-0.02059
1793594,2026/8/13 11:52,MW2045B05558,A26,NULL,9,NULL,A13733,3.24E+00,8.50E-04,18684,NULL,268,-0.01118
1793593,2026/8/13 11:51,MW2043B03921,A26,NULL,9,NULL,A13733,3.24E+00,8.90E-04,18704,NULL,268,0.00359
1793592,2026/8/13 11:51,MW2043B03920,A26,NULL,9,NULL,A13733,3.24E+00,9.70E-04,18793,NULL,268,0.01111
1793591,2026/8/13 11:51,MW2045B16099,A26,NULL,9,                    ,A13723,3.23E+00,8.30E-04,17997,NULL,268,0.04445
1793590,2026/8/13 11:50,MW2043B06138,ANZ,NULL,18,NULL,A13733,3.23E+00,7.70E-04,18986,NULL,268,0.01795
1793589,2026/8/13 11:50,MW2045B16103,A26,NULL,9,                    ,A13723,3.23E+00,8.80E-04,18185,NULL,268,-0.03182
1793588,2026/8/13 11:50,MW2045B08271,A25,NULL,8,                    ,A13723,3.24E+00,9.60E-04,17973,NULL,268,-0.00204
1793587,2026/8/13 11:50,MW2043B06139,ANZ,NULL,18,NULL,A13733,3.23E+00,8.00E-04,18969,NULL,268,-0.03176
1793586,2026/8/13 11:50,MW2045B16100,A26,NULL,9,                    ,A13723,3.23E+00,8.30E-04,17970,NULL,268,0.00057
1793585,2026/8/13 11:50,MW2043B02473,ANZ,NULL,18,NULL,A13733,3.24E+00,8.00E-04,18919,NULL,268,-0.00586
1793584,2026/8/13 11:49,MW2045B10822,A26,NULL,9,                    ,A13723,3.23E+00,9.00E-04,18134,NULL,268,-0.03225
1793583,2026/8/13 11:49,MW2043B05887,ANZ,NULL,18,NULL,A13733,3.24E+00,7.40E-04,18836,NULL,268,-0.01707
1793582,2026/8/13 11:49,MW2045B05958,A27,NULL,10,                    ,A16977,3.24E+00,8.70E-04,18006,NULL,268,-0.00694
1793581,2026/8/13 11:49,MW2043B07131,ANZ,NULL,18,NULL,A13733,3.24E+00,7.50E-04,18810,NULL,268,-0.01073
1793580,2026/8/13 11:48,MW2045B05957,A27,NULL,10,                    ,A16977,3.23E+00,8.50E-04,18186,NULL,268,-0.11869
1793579,2026/8/13 11:48,MW2043B07038,ANZ,NULL,18,NULL,A13733,3.24E+00,7.70E-04,18790,NULL,268,-0.0303
1793578,2026/8/13 11:48,MW2045B05956,A27,NULL,10,                    ,A16977,3.23E+00,9.10E-04,18099,NULL,268,-0.11083
1793577,2026/8/13 11:48,MW2045B05935,A26,NULL,9,NULL,A14941,3.23E+00,8.50E-04,18582,NULL,268,0.00381
1793576,2026/8/13 11:48,MW2045B05955,A27,NULL,10,                    ,A16977,3.23E+00,8.30E-04,18180,NULL,268,-0.00656
1793575,2026/8/13 11:47,MW2045B05936,ANZ,NULL,18,NULL,A14941,3.23E+00,7.50E-04,18528,NULL,268,-0.00961
1793574,2026/8/13 11:47,MW2045B05954,A27,NULL,10,                    ,A16977,3.24E+00,9.00E-04,18116,NULL,268,-0.00628
1793573,2026/8/13 11:47,MW2045B11277,ANZ,NULL,18,NULL,A14941,3.23E+00,7.60E-04,18634,NULL,268,-0.01707
1793572,2026/8/13 11:47,MW2045B05953,A27,NULL,10,                    ,A16977,3.23E+00,9.30E-04,18129,NULL,268,-0.02784
1793571,2026/8/13 11:46,MW2045B05952,A27,NULL,10,                    ,A16977,3.23E+00,8.50E-04,18184,NULL,268,-0.02672
1793570,2026/8/13 11:46,MW2045B05951,ANZ,NULL,18,NULL,A14941,3.24E+00,7.50E-04,18674,NULL,268,-0.01355
1793569,2026/8/13 11:46,MW2043B02470,A26,NULL,9,                    ,A16977,3.24E+00,8.90E-04,18342,NULL,268,-0.05205
1793568,2026/8/13 11:46,MW2045B06361,ANZ,NULL,18,NULL,A14941,3.24E+00,7.80E-04,18764,NULL,268,-0.02472
1793567,2026/8/13 11:46,MW2043B02474,A27,NULL,10,                    ,A16977,3.24E+00,8.30E-04,18325,NULL,268,-0.01107
1793566,2026/8/13 11:45,MW2045B06362,ANZ,NULL,18,NULL,A14941,3.24E+00,7.80E-04,18714,NULL,268,0.00135
1793565,2026/8/13 11:45,MW2043B02462,A26,NULL,9,                    ,A16977,3.24E+00,9.20E-04,18298,NULL,268,0.00169
1793564,2026/8/13 11:45,MW2045B06365,ANZ,NULL,18,NULL,A14941,3.24E+00,7.90E-04,18727,NULL,268,-0.01414
1793563,2026/8/13 11:45,MW2045B08095,A23,NULL,6,                    ,A16977,3.24E+00,1.02E-03,18098,NULL,268,-0.03351
1793562,2026/8/13 11:44,MW2045B06366,ANZ,NULL,18,NULL,A14941,3.24E+00,7.50E-04,18754,NULL,268,-0.02012
1793561,2026/8/13 11:44,MW2045B08022,A24,NULL,7,                    ,A16977,3.24E+00,9.20E-04,18114,NULL,268,-0.08339
1793560,2026/8/13 11:44,MW2045B06368,ANZ,NULL,18,NULL,A14941,3.24E+00,7.30E-04,18497,NULL,268,-0.02001
1793559,2026/8/13 11:44,MW2043B06167,C24,NULL,24,                    ,A05897,3.23E+00,9.50E-04,18352,NULL,268,-0.02472
1793558,2026/8/13 11:44,MW2045B06369,ANZ,NULL,18,NULL,A14941,3.23E+00,7.90E-04,18772,NULL,268,-0.02572
1793557,2026/8/13 11:44,MW2043B06166,A25,NULL,8,                    ,A05897,3.23E+00,8.70E-04,18303,NULL,268,0.00292
1793556,2026/8/13 11:43,MW2045B08021,A26,NULL,9,NULL,A14941,3.23E+00,8.40E-04,18730,NULL,268,-0.02372
1793555,2026/8/13 11:43,MW2045B04293,A27,NULL,10,                    ,A05897,3.23E+00,9.30E-04,18114,NULL,268,-0.03073
1793554,2026/8/13 11:43,MW2045B08020,A26,NULL,9,NULL,A14941,3.23E+00,9.40E-04,18687,NULL,268,-0.0523
1793553,2026/8/13 11:43,MW2045B11886,CHH,NULL,20,                    ,A05897,3.23E+00,8.20E-04,17992,NULL,268,0.00204
1793552,2026/8/13 11:42,MW2043B07133,A27,NULL,10,                    ,A05897,3.23E+00,8.30E-04,18307,NULL,268,0.00464
1793551,2026/8/13 11:42,MW2045B02687,ANZ,NULL,18,NULL,A14751,3.24E+00,7.70E-04,18626,NULL,268,0.01075
1793550,2026/8/13 11:42,MW2043B06148,C25,NULL,25,                    ,A05897,3.24E+00,8.80E-04,18360,NULL,268,0.00626
1793549,2026/8/13 11:42,MW2045B02704,A24,NULL,7,NULL,A14751,3.24E+00,8.50E-04,18409,NULL,268,-0.03419
1793548,2026/8/13 11:41,MW2045B02257,A23,NULL,6,                    ,A05897,3.24E+00,1.02E-03,17847,NULL,268,-0.0111
1793547,2026/8/13 11:41,MW2045B02690,A24,NULL,7,NULL,A14751,3.24E+00,9.50E-04,18604,NULL,268,-0.00766
1793546,2026/8/13 11:41,MW2044B02841,ANZ,NULL,18,NULL,A14751,3.24E+00,7.70E-04,18586,NULL,268,-0.0066
1793545,2026/8/13 11:39,MW2045B04714,ANZ,NULL,18,NULL,A14751,3.23E+00,7.40E-04,18657,NULL,268,-0.03133
1793544,2026/8/13 11:38,MW2043B06146,A25,NULL,8,                    ,A05897,3.24E+00,9.20E-04,18503,NULL,268,-0.00209
1793543,2026/8/13 11:38,MW2045B05033,B25,NULL,15,NULL,A14751,3.24E+00,9.40E-04,18554,NULL,268,-0.00205
1793542,2026/8/13 11:38,MW2043B06144,C25,NULL,25,                    ,A05897,3.23E+00,9.40E-04,18384,NULL,268,-0.02733
1793541,2026/8/13 11:38,MW2045B05023,B25,NULL,15,NULL,A14751,3.24E+00,8.60E-04,18610,NULL,268,-0.02495
1793540,2026/8/13 11:37,MW2043B06143,A25,NULL,8,                    ,A05897,3.23E+00,1.06E-03,18397,NULL,268,-0.00896
1793539,2026/8/13 11:37,MW2045B05018,B25,NULL,15,NULL,A14751,3.24E+00,8.60E-04,18632,NULL,268,-0.01188
1793538,2026/8/13 11:37,MW2043B06038,A26,NULL,9,                    ,A05897,3.24E+00,8.70E-04,18392,NULL,268,-0.0379
1793537,2026/8/13 11:37,MW2045B05022,B25,NULL,15,NULL,A14751,3.23E+00,8.70E-04,18573,NULL,268,-0.00123
1793536,2026/8/13 11:36,MW2043B05883,A26,NULL,9,                    ,A05897,3.24E+00,8.90E-04,18325,NULL,268,0.01627
1793535,2026/8/13 11:36,MW2045B04996,B21,NULL,11,NULL,A14751,3.24E+00,1.20E-03,18744,NULL,268,-0.02102
1793534,2026/8/13 11:36,MW2045B02130,A25,NULL,8,                    ,A17640,3.23E+00,9.90E-04,18159,NULL,268,-0.00102
1793533,2026/8/13 11:36,MW2045B04995,B24,NULL,14,NULL,A14751,3.24E+00,8.80E-04,18622,NULL,268,-0.02039
1793532,2026/8/13 11:36,MW2045B21771,C25,NULL,25,                    ,A17640,3.23E+00,9.90E-04,18269,NULL,268,-0.01504
1793531,2026/8/13 11:35,MW2045B02303,A25,NULL,8,NULL,A14751,3.23E+00,9.50E-04,18588,NULL,268,0.00125
1793530,2026/8/13 11:35,MW2045B21772,B24,NULL,14,                    ,A17640,3.23E+00,9.30E-04,18253,NULL,268,-0.0024
1793529,2026/8/13 11:35,MW2043B07829,A24,NULL,7,NULL,A18254,3.23E+00,8.20E-04,18833,NULL,268,-0.02902
1793528,2026/8/13 11:35,MW2045B21774,B24,NULL,14,                    ,A17640,3.24E+00,9.90E-04,18292,NULL,268,0.00223
1793527,2026/8/13 11:34,MW2041B11069,A27,NULL,10,NULL,A18254,3.23E+00,9.80E-04,18916,NULL,268,-0.00121
1793526,2026/8/13 11:34,MW2045B03144,D24,NULL,30,                    ,A17640,3.23E+00,8.30E-04,18076,NULL,268,-0.00464
1793525,2026/8/13 11:34,MW2043B07826,ANZ,NULL,18,NULL,A18254,3.23E+00,7.20E-04,18678,NULL,268,-0.04053
1793524,2026/8/13 11:34,MW2045B03145,B21,NULL,11,                    ,A17640,3.24E+00,9.20E-04,18183,NULL,268,-0.00409
1793523,2026/8/13 11:33,MW2042B06897,C23,NULL,23,NULL,A18254,3.23E+00,1.28E-03,18779,NULL,268,-0.01631
1793522,2026/8/13 11:33,MW2045B03146,B21,NULL,11,                    ,A17640,3.24E+00,9.20E-04,18152,NULL,268,-0.00473
1793521,2026/8/13 11:33,MW2042B06896,C23,NULL,23,NULL,A18254,3.24E+00,1.24E-03,18884,NULL,268,-0.01458
1793520,2026/8/13 11:31,MW2045B22824,A22,NULL,5,NULL,A18254,3.24E+00,1.05E-03,18855,NULL,268,-0.01049
1793519,2026/8/13 11:31,MW2041B15824,ANZ,NULL,18,NULL,A18254,3.24E+00,7.20E-04,18785,NULL,268,-0.01475
1793518,2026/8/13 11:31,MW2045B03147,B21,NULL,11,                    ,A17640,3.24E+00,9.30E-04,18245,NULL,268,-0.01048
1793517,2026/8/13 11:30,MW2043B08899,C23,NULL,23,NULL,A18254,3.24E+00,8.40E-04,18817,NULL,268,-0.02152
1793516,2026/8/13 11:30,MW2045B05885,A26,NULL,9,                    ,A17640,3.23E+00,8.70E-04,18026,NULL,268,-0.02645
1793515,2026/8/13 11:30,MW2045B05404,A27,NULL,10,                    ,A17640,3.24E+00,8.50E-04,18019,NULL,268,-0.00871
1793514,2026/8/13 11:30,MW2042B07712,A25,NULL,8,NULL,A18254,3.24E+00,8.50E-04,18931,NULL,268,-0.00419
1793513,2026/8/13 11:30,MW2045B05402,A27,NULL,10,                    ,A17640,3.24E+00,8.70E-04,18080,NULL,268,-0.01501
1793512,2026/8/13 11:30,MW2041B16620,A24,NULL,7,NULL,A18254,3.23E+00,8.30E-04,18806,NULL,268,0.0262
1793511,2026/8/13 11:29,MW2045B02304,A26,NULL,9,                    ,A17640,3.23E+00,9.70E-04,18124,NULL,268,0.03591
1793510,2026/8/13 11:29,MW2041B11215,A24,NULL,7,NULL,A18254,3.23E+00,9.40E-04,18985,NULL,268,-0.02306
1793509,2026/8/13 11:29,MW2041B16188,B26,NULL,16,                    ,A19207,3.23E+00,8.40E-04,18450,NULL,268,0.0098
1793508,2026/8/13 11:29,MW2042B07717,A25,NULL,8,NULL,A18254,3.24E+00,8.70E-04,18999,NULL,268,-0.0486
1793507,2026/8/13 11:28,MW2041B16783,B26,NULL,16,                    ,A19207,3.23E+00,8.30E-04,18360,NULL,268,0.00019
1793506,2026/8/13 11:28,MW2045B21770,B24,NULL,14,NULL,A17685,3.24E+00,8.50E-04,18750,NULL,268,-0.01112
1793505,2026/8/13 11:28,MW2041B12551,B26,NULL,16,                    ,A19207,3.23E+00,8.20E-04,18185,NULL,268,0.00699
1793504,2026/8/13 11:28,MW2045B02131,A25,NULL,8,NULL,A17685,3.24E+00,9.10E-04,18488,NULL,268,-0.00232
1793503,2026/8/13 11:28,MW2041B08719,A24,NULL,7,                    ,A19207,3.23E+00,9.40E-04,18227,NULL,268,-0.02001
1793502,2026/8/13 11:27,MW2045B21769,C25,NULL,25,NULL,A17685,3.23E+00,8.70E-04,18766,NULL,268,-0.03152
1793501,2026/8/13 11:27,MW2017B28164,A27,NULL,10,                    ,A19207,3.22E+00,8.30E-04,18432,NULL,268,-0.02331
1793500,2026/8/13 11:27,MW2045B21768,B24,NULL,14,NULL,A17685,3.24E+00,8.40E-04,18762,NULL,268,-0.01631
1793499,2026/8/13 11:27,MW2042B06894,C22,NULL,22,                    ,A19207,3.24E+00,1.40E-03,18354,NULL,268,-0.03351
1793498,2026/8/13 11:26,MW2042B06885,C24,NULL,24,                    ,A19207,3.23E+00,1.17E-03,18334,NULL,268,-0.02035
1793497,2026/8/13 11:26,MW2045B23592,ANZ,NULL,18,NULL,A17685,3.23E+00,7.50E-04,18599,NULL,268,-0.00251
1793496,2026/8/13 11:26,MW2042B05691,C25,NULL,25,                    ,A19207,3.23E+00,9.40E-04,18089,NULL,268,0.00148
1793495,2026/8/13 11:26,MW2045B23591,ANZ,NULL,18,NULL,A17685,3.23E+00,7.40E-04,18470,NULL,268,-0.00128
1793494,2026/8/13 11:26,MW2042B05685,A21,NULL,4,                    ,A19207,3.24E+00,1.15E-03,18192,NULL,268,-0.00281
1793493,2026/8/13 11:25,MW2045B23590,A23,NULL,6,NULL,A17685,3.24E+00,1.00E-03,18607,NULL,268,-0.00762
1793492,2026/8/13 11:25,MW2042B05687,A21,NULL,4,                    ,A19207,3.24E+00,1.17E-03,18014,NULL,268,-0.02089
1793491,2026/8/13 11:25,MW2045B23588,ANZ,NULL,18,NULL,A17685,3.23E+00,7.70E-04,18606,NULL,268,-0.01758
1793490,2026/8/13 11:25,MW2041B11200,A25,NULL,8,                    ,A19207,3.23E+00,1.10E-03,18427,NULL,268,-0.02097
1793489,2026/8/13 11:25,MW2045B22763,B24,NULL,14,NULL,A17685,3.24E+00,9.00E-04,18684,NULL,268,-0.00473
1793488,2026/8/13 11:24,MW2041B11216,A25,NULL,8,                    ,A19207,3.23E+00,1.05E-03,18583,NULL,268,-0.01749
1793487,2026/8/13 11:24,MW2045B22299,A23,NULL,6,NULL,A17685,3.24E+00,8.80E-04,18644,NULL,268,-0.02026
1793486,2026/8/13 11:24,MW2045B02406,C25,NULL,25,                    ,A24266,3.24E+00,9.50E-04,18169,NULL,268,-0.01339
1793485,2026/8/13 11:24,MW2045B21755,B25,NULL,15,NULL,A17685,3.24E+00,8.40E-04,18807,NULL,268,-0.02657
1793484,2026/8/13 11:24,MW2044B00406,A26,NULL,9,                    ,A24266,3.24E+00,9.80E-04,18088,NULL,268,-0.02822
1793483,2026/8/13 11:23,MW2045B21749,B25,NULL,15,NULL,A17685,3.24E+00,8.40E-04,18819,NULL,268,-0.02453
1793482,2026/8/13 11:23,MW2045B02999,C25,NULL,25,                    ,A24266,3.23E+00,9.50E-04,17648,NULL,268,-0.01556
1793481,2026/8/13 11:23,MW2045B22294,ANZ,NULL,18,NULL,A14536,3.24E+00,8.00E-04,18674,NULL,268,0.00118
1793480,2026/8/13 11:23,MW2045B03000,C25,NULL,25,                    ,A24266,3.23E+00,9.10E-04,17937,NULL,268,-0.02662
1793479,2026/8/13 11:22,MW2045B08273,ANZ,NULL,18,NULL,A14536,3.24E+00,7.40E-04,18700,NULL,268,0.0033
1793478,2026/8/13 11:22,MW2045B02981,C25,NULL,25,                    ,A24266,3.23E+00,9.20E-04,17866,NULL,268,-0.0134
1793477,2026/8/13 11:22,MW2045B02401,A24,NULL,7,                    ,A24266,3.24E+00,1.06E-03,18161,NULL,268,-0.02039
1793476,2026/8/13 11:22,MW2045B08272,ANZ,NULL,18,NULL,A14536,3.23E+00,7.20E-04,18663,NULL,268,-0.02994
1793475,2026/8/13 11:22,MW2045B02354,A23,NULL,6,                    ,A24266,3.24E+00,1.06E-03,17720,NULL,268,-0.01728
1793474,2026/8/13 11:21,MW2045B08270,ANZ,NULL,18,NULL,A14536,3.23E+00,7.50E-04,18771,NULL,268,-0.01317
1793473,2026/8/13 11:21,MW2045B02405,A25,NULL,8,                    ,A24266,3.24E+00,1.02E-03,18151,NULL,268,-0.01781
1793472,2026/8/13 11:21,MW2045B08258,ANZ,NULL,18,NULL,A14536,3.24E+00,7.50E-04,18777,NULL,268,-0.01556
1793471,2026/8/13 11:21,MW2045B02353,A25,NULL,8,                    ,A24266,3.24E+00,8.30E-04,18084,NULL,268,-0.01637
1793470,2026/8/13 11:20,MW2045B08255,ANZ,NULL,18,NULL,A14536,3.23E+00,7.90E-04,18814,NULL,268,-0.01994
1793469,2026/8/13 11:20,MW2041B11469,C25,NULL,25,                    ,A24266,3.23E+00,9.80E-04,18448,NULL,268,-0.02167
1793468,2026/8/13 11:20,MW2045B23614,O,NULL,1,NULL,A14536,0.00E+00,0.00E+00,18562,NULL,268,-0.00909
1793467,2026/8/13 11:20,MW2045B01810,A22,NULL,5,                    ,A24266,3.24E+00,1.09E-03,18135,NULL,268,-0.02978
1793466,2026/8/13 11:19,MW2041B11468,C24,NULL,24,                    ,A24266,3.23E+00,9.90E-04,18503,NULL,268,-0.01115
1793465,2026/8/13 11:19,MW2045B05862,A26,NULL,9,                    ,A10953,3.23E+00,8.60E-04,17996,NULL,268,-0.00609
1793464,2026/8/13 11:19,MW2044B01332,C22,NULL,22,                    ,A10953,3.24E+00,1.68E-03,17991,NULL,268,-0.024
1793463,2026/8/13 11:18,MW2044B01331,C22,NULL,22,                    ,A10953,3.24E+00,1.67E-03,17884,NULL,268,-0.00485
1793462,2026/8/13 11:18,MW2045B06056,A27,NULL,10,                    ,A10953,3.23E+00,8.70E-04,17919,NULL,268,-0.00967
1793461,2026/8/13 11:17,MW2045B10839,C26,NULL,26,                    ,A10953,3.23E+00,8.70E-04,17866,NULL,268,-0.00356
1793460,2026/8/13 11:17,MW2045B23600,ANZ,NULL,18,NULL,A14536,3.23E+00,7.60E-04,18628,NULL,268,-0.01174
1793459,2026/8/13 11:17,MW2045B10840,A26,NULL,9,                    ,A10953,3.23E+00,8.40E-04,18015,NULL,268,-0.01283
1793458,2026/8/13 11:17,MW2045B02246,A25,NULL,8,                    ,A10953,3.23E+00,9.10E-04,18126,NULL,268,0.00106
1793457,2026/8/13 11:16,MW2045B04911,A24,NULL,7,NULL,A14536,3.24E+00,8.70E-04,18337,NULL,268,-0.01599
1793456,2026/8/13 11:16,MW2045B02243,C25,NULL,25,                    ,A10953,3.23E+00,9.30E-04,18145,NULL,268,-0.00514
1793455,2026/8/13 11:16,MW2045B23599,A24,NULL,7,NULL,A14536,3.24E+00,8.90E-04,18517,NULL,268,-0.00924
1793454,2026/8/13 11:16,MW2045B23605,B26,NULL,16,                    ,A10953,3.23E+00,8.70E-04,18085,NULL,268,-0.02331
1793453,2026/8/13 11:16,MW2045B04936,A25,NULL,8,NULL,A14536,3.24E+00,8.60E-04,18511,NULL,268,-0.01355
1793452,2026/8/13 11:15,MW2045B23595,A23,NULL,6,                    ,A10953,3.24E+00,1.04E-03,18113,NULL,268,0.00235
1793451,2026/8/13 11:15,MW2045B23596,ANZ,NULL,18,NULL,A14536,3.23E+00,7.60E-04,18589,NULL,268,-0.00535
1793450,2026/8/13 11:15,MW2045B23598,A24,NULL,7,                    ,A10953,3.23E+00,9.20E-04,18089,NULL,268,0.00747
1793449,2026/8/13 11:14,MW2045B04937,A25,NULL,8,                    ,A10953,3.24E+00,9.60E-04,18144,NULL,268,-0.02706
1793448,2026/8/13 11:14,MW2041B11467,A24,NULL,7,                    ,A24326,3.23E+00,9.90E-04,18460,NULL,268,-0.00535
1793447,2026/8/13 11:14,MW2041B11236,A23,NULL,6,                    ,A24326,3.23E+00,9.60E-04,18520,NULL,268,-0.02902
1793446,2026/8/13 11:13,MW2041B11234,A23,NULL,6,                    ,A24326,3.23E+00,9.40E-04,18409,NULL,268,-0.00891
1793445,2026/8/13 11:13,MW2041B11214,A23,NULL,6,                    ,A24326,3.23E+00,1.00E-03,18341,NULL,268,-0.02012
1793444,2026/8/13 11:13,MW2041B11213,C22,NULL,22,                    ,A24326,3.23E+00,1.02E-03,18284,NULL,268,-0.03152
1793443,2026/8/13 11:12,MW2041B14511,A22,NULL,5,                    ,A24326,3.23E+00,1.03E-03,18581,NULL,268,-0.08339
1793442,2026/8/13 11:12,MW2017B21889,D23,NULL,29,                    ,A24326,3.23E+00,8.40E-04,17941,NULL,268,-0.02331
1793441,2026/8/13 11:11,MW2017B18542,A21,NULL,4,                    ,A24326,3.23E+00,8.20E-04,18122,NULL,268,-0.0208
1793440,2026/8/13 11:11,MW2041B16789,B26,NULL,16,                    ,A24326,3.23E+00,8.50E-04,18345,NULL,268,-0.00949
1793439,2026/8/13 11:11,MW2041B16070,B26,NULL,16,                    ,A24326,3.23E+00,8.30E-04,18211,NULL,268,0.00065
1793438,2026/8/13 11:10,MW2017B26655,ANZ,NULL,18,NULL,A23052,3.23E+00,7.10E-04,18507,NULL,268,-0.02364
1793437,2026/8/13 11:10,MW2017B26200,ANZ,NULL,18,NULL,A23052,3.23E+00,7.10E-04,18200,NULL,268,-0.02012
1793436,2026/8/13 11:10,MW2041B16068,B26,NULL,16,                    ,A24326,3.23E+00,8.40E-04,18257,NULL,268,-0.08339
1793435,2026/8/13 11:09,MW2017B26201,ANZ,NULL,18,NULL,A23052,3.23E+00,7.30E-04,18151,NULL,268,-0.02784
1793434,2026/8/13 11:09,MW2041B16375,A24,NULL,7,                    ,A24326,3.23E+00,9.60E-04,18156,NULL,268,-0.02642
1793433,2026/8/13 11:09,MW2016B08790,CHH,NULL,20,NULL,A23052,3.23E+00,4.07E-03,18659,NULL,268,-0.01969
1793432,2026/8/13 11:09,MW2043B03956,A24,NULL,7,                    ,A18965,3.23E+00,1.08E-03,18466,NULL,268,-0.00496
1793431,2026/8/13 11:09,MW2016B08535,ANZ,NULL,18,NULL,A23052,3.23E+00,7.50E-04,18550,NULL,268,-0.00162
1793430,2026/8/13 11:08,MW2043B02441,C23,NULL,23,                    ,A18965,3.24E+00,9.00E-04,18380,NULL,268,-0.02371
1793429,2026/8/13 11:08,MW2016B08534,A27,NULL,10,NULL,A23052,3.23E+00,8.40E-04,18683,NULL,268,-0.02512
1793428,2026/8/13 11:08,MW2043B04014,C26,NULL,26,                    ,A18965,3.23E+00,1.02E-03,18235,NULL,268,-0.0044
1793427,2026/8/13 11:08,MW2016B08531,A27,NULL,10,NULL,A23052,3.23E+00,8.50E-04,18692,NULL,268,-0.02233
1793426,2026/8/13 11:08,MW2043B02442,C23,NULL,23,                    ,A18965,3.24E+00,8.90E-04,18502,NULL,268,-0.00563
1793425,2026/8/13 11:07,MW2016B08530,ANZ,NULL,18,NULL,A23052,3.23E+00,7.90E-04,18560,NULL,268,-0.0182
1793424,2026/8/13 11:07,MW2043B03996,C26,NULL,26,                    ,A18965,3.23E+00,1.09E-03,18353,NULL,268,-0.01596
1793423,2026/8/13 11:07,MW2016B08528,ANZ,NULL,18,NULL,A23052,3.22E+00,7.70E-04,18712,NULL,268,-0.0129
1793422,2026/8/13 11:07,MW2043B03998,A22,NULL,5,                    ,A18965,3.24E+00,1.17E-03,18279,NULL,268,-0.06052
1793421,2026/8/13 11:06,MW2016B09034,A26,NULL,9,NULL,A23052,3.23E+00,8.70E-04,18524,NULL,268,-0.00949
1793420,2026/8/13 11:06,MW2043B02432,C23,NULL,23,                    ,A18965,3.24E+00,8.50E-04,18389,NULL,268,-0.0249
1793419,2026/8/13 11:06,MW2016B09033,A27,NULL,10,NULL,A23052,3.23E+00,8.80E-04,18650,NULL,268,-0.00092
1793418,2026/8/13 11:06,MW2016B09586,A26,NULL,9,                    ,A18965,3.23E+00,9.30E-04,18203,NULL,268,-0.02884
1793417,2026/8/13 11:06,MW2016B09037,A27,NULL,10,NULL,A23052,3.23E+00,8.60E-04,18461,NULL,268,0.00851
1793416,2026/8/13 11:06,MW2016B09039,C23,NULL,23,                    ,A18965,3.22E+00,9.40E-04,18079,NULL,268,-0.00844
1793415,2026/8/13 11:05,MW2016B09036,A23,NULL,6,                    ,A18965,3.23E+00,9.20E-04,18010,NULL,268,0.00448
1793414,2026/8/13 11:05,MW2045B05083,B24,NULL,14,NULL,A00832,3.24E+00,8.40E-04,18572,NULL,268,-0.00507
1793413,2026/8/13 11:05,MW2016B09032,A27,NULL,10,                    ,A18965,3.22E+00,9.50E-04,18072,NULL,268,-0.03215
1793412,2026/8/13 11:05,MW2045B01842,A24,NULL,7,NULL,A00832,3.24E+00,8.70E-04,18442,NULL,268,-0.0229
1793411,2026/8/13 11:04,MW2016B09035,A23,NULL,6,                    ,A18965,3.23E+00,9.70E-04,17967,NULL,268,-0.01416
1793410,2026/8/13 11:04,MW2045B05091,ANZ,NULL,18,NULL,A00832,3.24E+00,8.00E-04,18572,NULL,268,-0.02642
1793409,2026/8/13 11:03,MW2045B05091,ANZ,NULL,18,NULL,A00832,3.24E+00,8.00E-04,18572,NULL,268,-0.00891
1793408,2026/8/13 11:02,MW2042B03961,A25,NULL,8,                    ,A23577,3.23E+00,9.60E-04,18315,NULL,268,-0.01969
1793407,2026/8/13 11:02,MW2045B01849,A24,NULL,7,NULL,A00832,3.24E+00,8.70E-04,18509,NULL,268,-0.00799
1793406,2026/8/13 11:02,MW2043B07128,A25,NULL,8,                    ,A23577,3.24E+00,8.30E-04,18395,NULL,268,-0.01414
1793405,2026/8/13 11:02,MW2045B01848,A23,NULL,6,NULL,A00832,3.24E+00,9.20E-04,18745,NULL,268,-0.02572
1793404,2026/8/13 11:02,MW2043B07129,C26,NULL,26,                    ,A23577,3.24E+00,9.10E-04,18227,NULL,268,-0.00924
1793403,2026/8/13 11:01,MW2045B05093,B24,NULL,14,NULL,A00832,3.24E+00,8.30E-04,18677,NULL,268,-0.00904
1793402,2026/8/13 11:01,MW2043B06231,C23,NULL,23,                    ,A23577,3.24E+00,9.90E-04,18588,NULL,268,-0.01533
1793401,2026/8/13 11:01,MW2042B03061,A21,NULL,4,NULL,A00832,3.24E+00,1.17E-03,18748,NULL,268,-0.01073
1793400,2026/8/13 11:01,MW2043B05618,A24,NULL,7,                    ,A23577,3.24E+00,8.70E-04,18483,NULL,268,0.00315
1793399,2026/8/13 11:00,MW2045B01846,A23,NULL,6,NULL,A00832,3.24E+00,8.40E-04,18624,NULL,268,-0.03904
1793398,2026/8/13 11:00,MW2043B05616,A24,NULL,7,                    ,A23577,3.24E+00,8.90E-04,18442,NULL,268,-0.18071
1793397,2026/8/13 11:00,MW2045B01703,A23,NULL,6,NULL,A00832,3.24E+00,1.41E-03,18530,NULL,268,-0.12791
1793396,2026/8/13 11:00,MW2043B05614,A25,NULL,8,                    ,A23577,3.23E+00,8.30E-04,18553,NULL,268,-0.33198
1793395,2026/8/13 11:00,MW2044B00692,A26,NULL,9,                    ,A23577,3.24E+00,8.20E-04,18209,NULL,268,-0.13414
1793394,2026/8/13 10:59,MW2045B05086,B25,NULL,15,NULL,A00832,3.24E+00,8.60E-04,18600,NULL,268,-0.05179
1793393,2026/8/13 10:59,MW2044B00691,A26,NULL,9,                    ,A23577,3.23E+00,8.60E-04,18335,NULL,268,-0.05159
1793392,2026/8/13 10:59,MW2045B05088,C25,NULL,25,NULL,A00832,3.23E+00,8.50E-04,18601,NULL,268,-0.00244
1793391,2026/8/13 10:59,MW2044B00690,A26,NULL,9,                    ,A23577,3.24E+00,8.70E-04,18178,NULL,268,-0.00605
1793390,2026/8/13 10:59,MW2044B00409,ANZ,NULL,18,NULL,A00832,3.23E+00,7.50E-04,18641,NULL,268,0.00449
1793389,2026/8/13 10:58,MW2044B00791,A26,NULL,9,                    ,A23577,3.24E+00,8.30E-04,18276,NULL,268,-0.00888
1793388,2026/8/13 10:58,MW2043B06247,ANZ,NULL,18,NULL,A21858,3.24E+00,7.70E-04,18728,NULL,268,-0.01355
1793387,2026/8/13 10:58,MW2044B00792,A26,NULL,9,                    ,A23577,3.24E+00,8.40E-04,18204,NULL,268,-0.0261
1793386,2026/8/13 10:58,MW2043B06278,A21,NULL,4,NULL,A21858,3.24E+00,9.00E-04,18614,NULL,268,-0.02
1793385,2026/8/13 10:57,MW2043B06010,A23,NULL,6,                    ,A17119,3.24E+00,8.40E-04,18369,NULL,268,-0.0022
1793384,2026/8/13 10:57,MW2042B03099,A25,NULL,8,NULL,A21858,3.23E+00,8.50E-04,18654,NULL,268,-0.0143
1793383,2026/8/13 10:57,MW2043B03847,C23,NULL,23,                    ,A17119,3.23E+00,9.20E-04,18348,NULL,268,-0.00175
1793382,2026/8/13 10:57,MW2042B00529,ANZ,NULL,18,NULL,A21858,3.24E+00,7.20E-04,18800,NULL,268,-0.02427
1793381,2026/8/13 10:57,MW2043B03855,C23,NULL,23,                    ,A17119,3.24E+00,8.80E-04,18332,NULL,268,-0.02232
1793380,2026/8/13 10:56,MW2042B00528,ANZ,NULL,18,NULL,A21858,3.24E+00,7.30E-04,18790,NULL,268,-0.0016
1793379,2026/8/13 10:56,MW2043B03759,A24,NULL,7,                    ,A17119,3.24E+00,9.70E-04,18317,NULL,268,-0.0138
1793378,2026/8/13 10:56,MW2043B06263,A26,NULL,9,                    ,A17119,3.23E+00,1.00E-03,18342,NULL,268,-0.03218
1793377,2026/8/13 10:56,MW2042B00527,ANZ,NULL,18,NULL,A21858,3.23E+00,7.40E-04,18991,NULL,268,-0.02939
1793376,2026/8/13 10:55,MW2043B03751,A24,NULL,7,                    ,A17119,3.24E+00,9.50E-04,18216,NULL,268,-0.00396
1793375,2026/8/13 10:55,MW2042B00532,ANZ,NULL,18,NULL,A21858,3.23E+00,7.60E-04,18970,NULL,268,0.00659
1793374,2026/8/13 10:55,MW2043B02538,A25,NULL,8,                    ,A17119,3.24E+00,9.00E-04,18481,NULL,268,-0.02243
1793373,2026/8/13 10:55,MW2042B03806,C25,NULL,25,NULL,A21858,3.23E+00,9.80E-04,18728,NULL,268,-0.01863
1793372,2026/8/13 10:55,MW2043B06258,A25,NULL,8,                    ,A17119,3.23E+00,1.05E-03,18310,NULL,268,-0.01804
1793371,2026/8/13 10:54,MW2042B00526,ANZ,NULL,18,NULL,A21858,3.23E+00,7.80E-04,18837,NULL,268,-0.0054
1793370,2026/8/13 10:54,MW2043B02421,A26,NULL,9,                    ,A17119,3.23E+00,9.60E-04,18531,NULL,268,-0.03565
1793369,2026/8/13 10:54,MW2042B07876,ANZ,NULL,18,NULL,A21858,3.24E+00,7.60E-04,18660,NULL,268,-0.02784
1793368,2026/8/13 10:54,MW2043B04013,CHH,NULL,20,                    ,A17119,3.23E+00,1.10E-03,18476,NULL,268,-0.01085
1793367,2026/8/13 10:54,MW2042B03808,C24,NULL,24,NULL,A21858,3.23E+00,9.90E-04,18755,NULL,268,-0.00232
1793366,2026/8/13 10:53,MW2043B03995,A25,NULL,8,                    ,A17119,3.23E+00,1.10E-03,18434,NULL,268,-0.00798
1793365,2026/8/13 10:53,MW2042B00738,C25,NULL,25,NULL,A21858,3.23E+00,8.20E-04,18956,NULL,268,-0.02331
1793364,2026/8/13 10:53,MW2043B02440,C23,NULL,23,                    ,A17119,3.24E+00,8.70E-04,18594,NULL,268,-0.02012
1793363,2026/8/13 10:53,MW2045B18023,B24,NULL,14,NULL,A03168,3.24E+00,8.20E-04,18797,NULL,268,-0.02162
1793362,2026/8/13 10:53,MW2042B07252,A26,NULL,9,                    ,A22771,3.23E+00,1.26E-03,18509,NULL,268,-0.01419
1793361,2026/8/13 10:52,MW2045B11156,ANZ,NULL,18,NULL,A03168,3.24E+00,7.80E-04,18648,NULL,268,-0.01444
1793360,2026/8/13 10:52,MW2042B07246,C24,NULL,24,                    ,A22771,3.24E+00,1.43E-03,18336,NULL,268,-0.02457
1793359,2026/8/13 10:52,MW2042B07253,A25,NULL,8,                    ,A22771,3.23E+00,1.08E-03,18330,NULL,268,-0.02351
1793358,2026/8/13 10:52,MW2045B11229,ANZ,NULL,18,NULL,A03168,3.24E+00,7.60E-04,18695,NULL,268,-0.01732
1793357,2026/8/13 10:51,MW2042B00759,C26,NULL,26,                    ,A22771,3.23E+00,9.50E-04,18577,NULL,268,0.02393
1793356,2026/8/13 10:51,MW2045B11225,ANZ,NULL,18,NULL,A03168,3.24E+00,7.90E-04,18766,NULL,268,-0.02417
1793355,2026/8/13 10:51,MW2043B05009,A23,NULL,6,                    ,A22771,3.24E+00,1.01E-03,18355,NULL,268,-0.01733
1793354,2026/8/13 10:51,MW2045B21405,ANZ,NULL,18,NULL,A03168,3.23E+00,7.30E-04,18907,NULL,268,0.00699
1793353,2026/8/13 10:51,MW2043B05006,A22,NULL,5,                    ,A22771,3.24E+00,1.06E-03,18373,NULL,268,-0.05205
1793352,2026/8/13 10:50,MW2045B13818,ANZ,NULL,18,NULL,A03168,3.23E+00,8.00E-04,18438,NULL,268,-0.02006
1793351,2026/8/13 10:50,MW2043B00237,A22,NULL,5,                    ,A22771,3.24E+00,9.20E-04,18413,NULL,268,-0.00232
1793350,2026/8/13 10:50,MW2045B13815,A25,NULL,8,NULL,A03168,3.23E+00,8.20E-04,18560,NULL,268,-0.01416
1793349,2026/8/13 10:50,MW2042B07884,C24,NULL,24,                    ,A22771,3.24E+00,8.70E-04,18160,NULL,268,-0.00798
1793348,2026/8/13 10:49,MW2045B13811,ANZ,NULL,18,NULL,A03168,3.23E+00,7.30E-04,18848,NULL,268,-0.01631
1793347,2026/8/13 10:49,MW2042B07883,C24,NULL,24,                    ,A22771,3.24E+00,8.90E-04,18219,NULL,268,-0.00764
1793346,2026/8/13 10:49,MW2045B28821,ANZ,NULL,18,NULL,A03168,3.24E+00,7.70E-04,18733,NULL,268,-0.00798
1793345,2026/8/13 10:49,MW2042B00739,C25,NULL,25,                    ,A22771,3.23E+00,9.10E-04,18514,NULL,268,-0.01416
1793344,2026/8/13 10:49,MW2042B07877,C25,NULL,25,                    ,A22771,3.23E+00,8.70E-04,18156,NULL,268,-0.00799
1793343,2026/8/13 10:49,MW2045B28822,ANZ,NULL,18,NULL,A03168,3.23E+00,7.30E-04,18737,NULL,268,-0.0009
1793342,2026/8/13 10:48,MW2042B03811,A25,NULL,8,                    ,A22771,3.23E+00,1.05E-03,18111,NULL,268,-0.01085
1793341,2026/8/13 10:48,MW2045B28828,ANZ,NULL,18,NULL,A03168,3.23E+00,7.50E-04,18768,NULL,268,-0.03521
1793340,2026/8/13 10:48,MW2045B23632,ANZ,NULL,18,NULL,A03168,3.23E+00,7.90E-04,18497,NULL,268,-0.00567
1793339,2026/8/13 10:48,MW2043B05937,A27,NULL,10,                    ,A16290,3.24E+00,9.90E-04,18384,NULL,268,-0.02883
1793338,2026/8/13 10:47,MW2045B22161,ANZ,NULL,18,NULL,A24956,3.24E+00,6.10E-04,18813,NULL,268,-0.04332
1793337,2026/8/13 10:45,MW2045B14488,ANZ,NULL,18,NULL,A24956,3.24E+00,7.00E-04,18716,NULL,268,-0.01304
1793336,2026/8/13 10:45,MW2045B14486,ANZ,NULL,18,NULL,A24956,3.24E+00,6.10E-04,18693,NULL,268,-0.03467
1793335,2026/8/13 10:44,MW2042B02487,A25,NULL,8,                    ,A16290,3.23E+00,1.13E-03,18346,NULL,268,-0.00591
1793334,2026/8/13 10:44,MW2045B11039,ANZ,NULL,18,NULL,A24956,3.24E+00,6.30E-04,18697,NULL,268,-0.01611
1793333,2026/8/13 10:44,MW2042B02492,A24,NULL,7,                    ,A16290,3.23E+00,1.10E-03,18307,NULL,268,
1793332,2026/8/13 10:44,MW2045B05037,ANZ,NULL,18,NULL,A24956,3.24E+00,7.70E-04,18588,NULL,268,-0.00233
1793331,2026/8/13 10:43,MW2042B02493,B26,NULL,16,                    ,A16290,3.23E+00,9.30E-04,18295,NULL,268,-0.00241
1793330,2026/8/13 10:43,MW2045B11686,ANZ,NULL,18,NULL,A24956,3.24E+00,7.40E-04,18529,NULL,268,-0.00365
1793329,2026/8/13 10:43,MW2043B05967,C26,NULL,26,                    ,A16290,3.24E+00,8.40E-04,18499,NULL,268,0.0068
1793328,2026/8/13 10:43,MW2045B11685,ANZ,NULL,18,NULL,A24956,3.24E+00,6.70E-04,18541,NULL,268,0.0033
1793327,2026/8/13 10:43,MW2042B02494,B26,NULL,16,                    ,A16290,3.23E+00,9.90E-04,18369,NULL,268,-0.01631
1793326,2026/8/13 10:42,MW2045B11681,ANZ,NULL,18,NULL,A24956,3.24E+00,7.80E-04,18544,NULL,268,0.00433
1793325,2026/8/13 10:42,MW2042B02496,A25,NULL,8,                    ,A16290,3.23E+00,1.14E-03,18491,NULL,268,-0.05009
1793324,2026/8/13 10:42,MW2045B00952,ANZ,NULL,18,NULL,A24956,3.24E+00,5.50E-04,18661,NULL,268,-0.0059
1793323,2026/8/13 10:42,MW2042B02497,A25,NULL,8,                    ,A16290,3.23E+00,1.15E-03,18455,NULL,268,0.01673
1793322,2026/8/13 10:41,MW2045B04734,ANZ,NULL,18,NULL,A24956,3.24E+00,7.20E-04,18451,NULL,268,-0.10002
1793321,2026/8/13 10:41,MW2042B02498,A25,NULL,8,                    ,A16290,3.23E+00,1.09E-03,18453,NULL,268,-0.04629
1793320,2026/8/13 10:41,MW2045B04733,ANZ,NULL,18,NULL,A24956,3.24E+00,6.30E-04,18542,NULL,268,-0.01151
1793319,2026/8/13 10:41,MW2043B05976,A26,NULL,9,                    ,A16290,3.23E+00,8.40E-04,18419,NULL,268,-0.00549
1793318,2026/8/13 10:41,MW2042B03962,A26,NULL,9,                    ,A16290,3.23E+00,9.40E-04,18415,NULL,268,0.00767
1793317,2026/8/13 10:40,MW2045B04732,ANZ,NULL,18,NULL,A24956,3.24E+00,6.70E-04,18484,NULL,268,-0.01701
1793316,2026/8/13 10:40,MW2043B07114,C25,NULL,25,                    ,A16290,3.23E+00,8.50E-04,18113,NULL,268,0.00458
1793315,2026/8/13 10:40,MW2043B07024,ANZ,NULL,18,NULL,A22204,3.24E+00,7.50E-04,18753,NULL,268,-0.00667
1793314,2026/8/13 10:40,MW2045B02474,A24,NULL,7,                    ,A23793,3.24E+00,1.03E-03,18121,NULL,268,-0.00344
1793313,2026/8/13 10:40,MW2045B04689,A25,NULL,8,NULL,A22204,3.23E+00,9.10E-04,18539,NULL,268,0.00625
1793312,2026/8/13 10:39,MW2045B02486,A24,NULL,7,                    ,A23793,3.24E+00,1.05E-03,18042,NULL,268,-0.01445
1793311,2026/8/13 10:39,MW2043B07022,ANZ,NULL,18,NULL,A22204,3.24E+00,7.40E-04,18999,NULL,268,0.00376
1793310,2026/8/13 10:39,MW2045B06387,A25,NULL,8,                    ,A23793,3.23E+00,8.50E-04,18145,NULL,268,-0.00672
1793309,2026/8/13 10:39,MW2043B07021,ANZ,NULL,18,NULL,A22204,3.24E+00,7.40E-04,18797,NULL,268,-0.02491
1793308,2026/8/13 10:39,MW2043B04126,A24,NULL,7,                    ,A23793,3.24E+00,1.00E-03,18268,NULL,268,-0.04439
1793307,2026/8/13 10:38,MW2042B07735,A25,NULL,8,                    ,A23793,3.24E+00,1.00E-03,18417,NULL,268,-0.02675
1793306,2026/8/13 10:38,MW2043B07020,ANZ,NULL,18,NULL,A22204,3.23E+00,7.60E-04,18848,NULL,268,-0.01847
1793305,2026/8/13 10:38,MW2045B02480,C23,NULL,23,                    ,A23793,3.24E+00,9.70E-04,18254,NULL,268,0.01297
1793304,2026/8/13 10:38,MW2045B05034,B25,NULL,15,NULL,A22204,3.24E+00,8.70E-04,18638,NULL,268,-0.04903
1793303,2026/8/13 10:37,MW2045B02485,A22,NULL,5,                    ,A23793,3.24E+00,1.03E-03,18061,NULL,268,-0.32764
1793302,2026/8/13 10:37,MW2043B07041,ANZ,NULL,18,NULL,A22204,3.24E+00,7.30E-04,19019,NULL,268,-0.02425
1793301,2026/8/13 10:37,MW2045B02483,A22,NULL,5,                    ,A23793,3.24E+00,9.90E-04,18136,NULL,268,-0.02784
1793300,2026/8/13 10:37,MW2044B03859,ANZ,NULL,18,NULL,A22204,3.23E+00,7.20E-04,18619,NULL,268,-0.00798
1793299,2026/8/13 10:37,MW2045B13571,A26,NULL,9,                    ,A23793,3.23E+00,8.40E-04,18287,NULL,268,-0.01355
1793298,2026/8/13 10:36,MW2043B08345,ANZ,NULL,18,NULL,A22204,3.23E+00,7.90E-04,18859,NULL,268,-0.0158
1793297,2026/8/13 10:36,MW2045B17857,CHH,NULL,20,                    ,A23793,3.23E+00,8.40E-04,18288,NULL,268,-0.00448
1793296,2026/8/13 10:36,MW2043B08344,A26,NULL,9,NULL,A22204,3.23E+00,8.90E-04,18886,NULL,268,0.02093
1793295,2026/8/13 10:36,MW2045B17697,A27,NULL,10,                    ,A23793,3.23E+00,9.30E-04,18225,NULL,268,-0.00688
1793294,2026/8/13 10:35,MW2043B08340,ANZ,NULL,18,NULL,A22204,3.23E+00,7.90E-04,18862,NULL,268,-0.02382
1793293,2026/8/13 10:35,MW2044B04457,A24,NULL,7,                    ,A23793,3.24E+00,1.04E-03,18162,NULL,268,0.00852
1793292,2026/8/13 10:35,MW2043B08339,ANZ,NULL,18,NULL,A22204,3.23E+00,7.40E-04,18882,NULL,268,-0.02332
1793291,2026/8/13 10:35,MW2044B00712,A24,NULL,7,                    ,A23404,3.24E+00,8.40E-04,18193,NULL,268,0.01103
1793290,2026/8/13 10:35,MW2044B00713,A24,NULL,7,                    ,A23404,3.24E+00,8.60E-04,18254,NULL,268,0.02094
1793289,2026/8/13 10:34,MW2044B02817,ANZ,NULL,18,NULL,A21499,3.23E+00,7.10E-04,18628,NULL,268,-0.00845
1793288,2026/8/13 10:34,MW2044B01260,A21,NULL,4,                    ,A23404,3.24E+00,1.35E-03,18199,NULL,268,-0.00798
1793287,2026/8/13 10:34,MW2045B11028,C25,NULL,25,NULL,A21499,3.22E+00,8.10E-04,18572,NULL,268,-0.03351
1793286,2026/8/13 10:34,MW2045B00115,A24,NULL,7,                    ,A23404,3.24E+00,9.90E-04,18310,NULL,268,-0.01414
1793285,2026/8/13 10:34,MW2045B11031,O,NULL,1,NULL,A21499,0.00E+00,0.00E+00,18688,NULL,268,-0.02001
1793284,2026/8/13 10:33,MW2045B00207,A25,NULL,8,                    ,A23404,3.24E+00,8.50E-04,18352,NULL,268,-0.01416
1793283,2026/8/13 10:33,MW2045B00206,A24,NULL,7,                    ,A23404,3.23E+00,9.10E-04,18334,NULL,268,-0.01631
1793282,2026/8/13 10:33,MW2045B02153,A22,NULL,5,NULL,A21499,3.24E+00,1.20E-03,18642,NULL,268,-0.03234
1793281,2026/8/13 10:32,MW2045B00205,A24,NULL,7,                    ,A23404,3.23E+00,9.10E-04,18383,NULL,268,-0.05604
1793280,2026/8/13 10:32,MW2045B11033,B23,NULL,13,NULL,A21499,3.23E+00,8.70E-04,18552,NULL,268,-0.02576
1793279,2026/8/13 10:32,MW2045B00204,A25,NULL,8,                    ,A23404,3.23E+00,9.00E-04,18360,NULL,268,-0.00833
1793278,2026/8/13 10:32,MW2045B11034,ANZ,NULL,18,NULL,A21499,3.24E+00,7.60E-04,18537,NULL,268,-0.00431
1793277,2026/8/13 10:32,MW2045B00201,A25,NULL,8,                    ,A23404,3.23E+00,8.80E-04,18183,NULL,268,-0.00259
1793276,2026/8/13 10:31,MW2045B11026,ANZ,NULL,18,NULL,A21499,3.24E+00,7.20E-04,18575,NULL,268,-0.00159
1793275,2026/8/13 10:31,MW2045B00199,A25,NULL,8,                    ,A23404,3.23E+00,8.50E-04,18159,NULL,268,-0.00193
1793274,2026/8/13 10:31,MW2044B03693,A25,NULL,8,NULL,A21499,3.24E+00,9.40E-04,18434,NULL,268,-0.01784
1793273,2026/8/13 10:31,MW2044B01333,C22,NULL,22,                    ,A23404,3.24E+00,1.71E-03,17928,NULL,268,-0.00051
1793272,2026/8/13 10:30,MW2045B05971,ANZ,NULL,18,NULL,A21499,3.23E+00,7.40E-04,18618,NULL,268,-0.20648
1793271,2026/8/13 10:30,MW2045B05861,A26,NULL,9,                    ,A23404,3.23E+00,9.70E-04,18007,NULL,268,0.00256
1793270,2026/8/13 10:30,MW2043B06160,A27,NULL,10,                    ,A14708,3.23E+00,8.90E-04,18472,NULL,268,0.0028
1793269,2026/8/13 10:30,MW2045B05972,ANZ,NULL,18,NULL,A21499,3.24E+00,7.90E-04,18603,NULL,268,-0.00422
1793268,2026/8/13 10:29,MW2044B03672,ANZ,NULL,18,NULL,A21499,3.24E+00,7.40E-04,18472,NULL,268,-0.02388
1793267,2026/8/13 10:29,MW2043B09659,A25,NULL,8,                    ,A14708,3.23E+00,8.60E-04,18499,NULL,268,-0.00586
1793266,2026/8/13 10:29,MW2044B02819,ANZ,NULL,18,NULL,A21499,3.24E+00,7.60E-04,18551,NULL,268,-0.01304
1793265,2026/8/13 10:29,MW2043B07011,A25,NULL,8,                    ,A14708,3.23E+00,8.50E-04,18271,NULL,268,-0.19799
1793264,2026/8/13 10:28,MW2042B07303,A26,NULL,9,NULL,A22228,3.23E+00,8.20E-04,18590,NULL,268,-0.00809
1793263,2026/8/13 10:28,MW2043B07014,C23,NULL,23,                    ,A14708,3.24E+00,1.74E-03,18349,NULL,268,-0.0252
1793262,2026/8/13 10:28,MW2043B09839,A21,NULL,4,NULL,A22228,3.24E+00,9.50E-04,18934,NULL,268,-0.03499
1793261,2026/8/13 10:27,MW2042B07251,C24,NULL,24,NULL,A22228,3.23E+00,1.41E-03,18906,NULL,268,-0.01828
1793260,2026/8/13 10:26,MW2042B07243,A25,NULL,8,NULL,A22228,3.23E+00,8.70E-04,18847,NULL,268,-0.01219
1793259,2026/8/13 10:26,MW2042B04767,A25,NULL,8,                    ,A14708,3.23E+00,1.01E-03,18288,NULL,268,-0.00099
1793258,2026/8/13 10:26,MW2042B07247,A26,NULL,9,NULL,A22228,3.23E+00,8.60E-04,18956,NULL,268,-0.05704
1793257,2026/8/13 10:25,MW2042B00392,A23,NULL,6,NULL,A22228,3.23E+00,1.19E-03,18753,NULL,268,-0.01837
1793256,2026/8/13 10:25,MW2043B07009,C23,NULL,23,                    ,A14708,3.24E+00,8.80E-04,18281,NULL,268,-0.02087
1793255,2026/8/13 10:25,MW2042B03061,A21,NULL,4,NULL,A22228,3.24E+00,1.17E-03,18744,NULL,268,-0.02572
1793254,2026/8/13 10:25,MW2042B04765,A26,NULL,9,                    ,A14708,3.23E+00,1.01E-03,18357,NULL,268,-0.00859
1793253,2026/8/13 10:24,MW2042B00562,B26,NULL,16,NULL,A22228,3.23E+00,8.90E-04,18722,NULL,268,-0.00799
1793252,2026/8/13 10:24,MW2043B09259,A25,NULL,8,                    ,A14708,3.23E+00,9.40E-04,18353,NULL,268,-0.01002
1793251,2026/8/13 10:24,MW2042B00561,ANZ,NULL,18,NULL,A22228,3.23E+00,7.60E-04,18696,NULL,268,-0.02215
1793250,2026/8/13 10:24,MW2043B02419,A23,NULL,6,                    ,A14708,3.24E+00,8.40E-04,18456,NULL,268,-0.00815
1793249,2026/8/13 10:23,MW2042B00566,ANZ,NULL,18,NULL,A22228,3.23E+00,7.60E-04,18494,NULL,268,-0.01962
1793248,2026/8/13 10:23,MW2043B05064,A25,NULL,8,                    ,A14708,3.23E+00,9.80E-04,18432,NULL,268,-0.01596
1793247,2026/8/13 10:23,MW2043B03259,A25,NULL,8,                    ,A14708,3.23E+00,9.70E-04,18301,NULL,268,-0.03342
1793246,2026/8/13 10:23,MW2042B00560,ANZ,NULL,18,NULL,A22228,3.23E+00,7.50E-04,18715,NULL,268,-0.04364
1793245,2026/8/13 10:23,MW2042B02488,A27,NULL,10,                    ,A14708,3.23E+00,9.60E-04,18229,NULL,268,-0.03323
1793244,2026/8/13 10:23,MW2042B00564,A25,NULL,8,NULL,A22228,3.23E+00,8.30E-04,18665,NULL,268,0.00257
1793243,2026/8/13 10:22,MW2045B02707,A24,NULL,7,                    ,A15323,3.24E+00,9.90E-04,17952,NULL,268,0.00335
1793242,2026/8/13 10:22,MW2041B12890,B26,NULL,16,NULL,A03318,3.23E+00,9.50E-04,18431,NULL,268,-0.00131
1793241,2026/8/13 10:22,MW2044B04369,A25,NULL,8,                    ,A15323,3.24E+00,8.50E-04,18050,NULL,268,-0.01529
1793240,2026/8/13 10:22,MW2041B11176,A22,NULL,5,NULL,A03318,3.23E+00,9.20E-04,18669,NULL,268,0.01367
1793239,2026/8/13 10:21,MW2045B02925,A24,NULL,7,                    ,A15323,3.24E+00,9.20E-04,18173,NULL,268,-0.00321
1793238,2026/8/13 10:21,MW2041B11217,A22,NULL,5,NULL,A03318,3.23E+00,8.80E-04,18805,NULL,268,-0.0082
1793237,2026/8/13 10:21,MW2044B04374,CHH,NULL,20,                    ,A15323,3.23E+00,8.80E-04,18003,NULL,268,-0.00894
1793236,2026/8/13 10:21,MW2041B11218,A21,NULL,4,NULL,A03318,3.24E+00,9.60E-04,18660,NULL,268,-0.02058
1793235,2026/8/13 10:21,MW2044B04373,CHH,NULL,20,                    ,A15323,3.23E+00,8.40E-04,18064,NULL,268,-0.04992
1793234,2026/8/13 10:20,MW2041B11209,A21,NULL,4,NULL,A03318,3.24E+00,9.60E-04,18911,NULL,268,-0.01821
1793233,2026/8/13 10:20,MW2044B04372,CHH,NULL,20,                    ,A15323,3.23E+00,8.50E-04,18095,NULL,268,-0.00121
1793232,2026/8/13 10:20,MW2042B01843,ANZ,NULL,18,NULL,A03318,3.23E+00,7.30E-04,18758,NULL,268,0.00583
1793231,2026/8/13 10:20,MW2044B04371,A27,NULL,10,                    ,A15323,3.23E+00,8.70E-04,17995,NULL,268,6.00E-05
1793230,2026/8/13 10:19,MW2044B02801,A23,NULL,6,                    ,A15323,3.24E+00,9.00E-04,18323,NULL,268,-0.00327
1793229,2026/8/13 10:19,MW2043B08806,A24,NULL,7,NULL,A03318,3.23E+00,8.50E-04,18800,NULL,268,0.00144
1793228,2026/8/13 10:19,MW2044B02800,A22,NULL,5,                    ,A15323,3.24E+00,9.40E-04,18282,NULL,268,-0.01494
1793227,2026/8/13 10:19,MW2043B08803,A24,NULL,7,NULL,A03318,3.23E+00,8.40E-04,18676,NULL,268,-0.00407
1793226,2026/8/13 10:19,MW2044B02799,A22,NULL,5,                    ,A15323,3.24E+00,9.20E-04,18230,NULL,268,-0.0168
1793225,2026/8/13 10:18,MW2042B05935,A24,NULL,7,NULL,A03318,3.23E+00,8.10E-04,18733,NULL,268,-0.02006
1793224,2026/8/13 10:18,MW2044B02798,A22,NULL,5,                    ,A15323,3.24E+00,9.20E-04,18307,NULL,268,-0.00798
1793223,2026/8/13 10:18,MW2042B02021,ANZ,NULL,18,NULL,A03318,3.23E+00,8.00E-04,18725,NULL,268,-0.05205
1793222,2026/8/13 10:18,MW2044B02820,A22,NULL,5,                    ,A15323,3.24E+00,8.80E-04,18116,NULL,268,0.00076
1793221,2026/8/13 10:18,MW2042B01995,ANZ,NULL,18,NULL,A03318,3.23E+00,8.00E-04,18727,NULL,268,0.00046
1793220,2026/8/13 10:17,MW2017B26472,A24,NULL,7,                    ,A21269,3.23E+00,9.10E-04,17930,NULL,268,0.00376
1793219,2026/8/13 10:17,MW2042B00149,ANZ,NULL,18,NULL,A03318,3.23E+00,7.40E-04,19092,NULL,268,0.00459
1793218,2026/8/13 10:17,MW2017B26454,A26,NULL,9,                    ,A21269,3.22E+00,9.40E-04,17997,NULL,268,0.00383
1793217,2026/8/13 10:17,MW2042B00565,A26,NULL,9,NULL,A19079,3.23E+00,8.30E-04,18643,NULL,268,-0.05479
1793216,2026/8/13 10:17,MW2043B09664,A23,NULL,6,                    ,A21269,3.24E+00,9.60E-04,18564,NULL,268,-0.02251
1793215,2026/8/13 10:16,MW2042B00568,B26,NULL,16,NULL,A19079,3.23E+00,1.11E-03,18942,NULL,268,-0.01835
1793214,2026/8/13 10:16,MW2043B02552,A25,NULL,8,                    ,A21269,3.23E+00,8.60E-04,18286,NULL,268,-0.02766
1793213,2026/8/13 10:16,MW2042B00563,A23,NULL,6,NULL,A19079,3.24E+00,1.21E-03,18789,NULL,268,-0.02587
1793212,2026/8/13 10:16,MW2043B02551,A24,NULL,7,                    ,A21269,3.24E+00,9.00E-04,18291,NULL,268,-0.01348
1793211,2026/8/13 10:15,MW2042B00381,ANZ,NULL,18,NULL,A19079,3.23E+00,8.00E-04,18824,NULL,268,-0.02458
1793210,2026/8/13 10:15,MW2043B05283,A25,NULL,8,                    ,A21269,3.22E+00,9.60E-04,18380,NULL,268,-0.00267
1793209,2026/8/13 10:15,MW2042B07780,ANZ,NULL,18,NULL,A19079,3.23E+00,7.80E-04,18605,NULL,268,-0.0221
1793208,2026/8/13 10:15,MW2043B07538,A24,NULL,7,                    ,A21269,3.23E+00,8.40E-04,18439,NULL,268,-0.00169
1793207,2026/8/13 10:14,MW2042B00567,B25,NULL,15,NULL,A19079,3.24E+00,1.17E-03,18652,NULL,268,0.01088
1793206,2026/8/13 10:14,MW2043B07539,A23,NULL,6,                    ,A21269,3.23E+00,9.60E-04,18424,NULL,268,-0.01149
1793205,2026/8/13 10:14,MW2042B00396,A22,NULL,5,NULL,A19079,3.24E+00,1.20E-03,18677,NULL,268,-0.00535
1793204,2026/8/13 10:14,MW2042B07380,A23,NULL,6,                    ,A21269,3.24E+00,9.50E-04,18235,NULL,268,-0.00948
1793203,2026/8/13 10:14,MW2042B03164,C25,NULL,25,NULL,A19079,3.23E+00,8.90E-04,18979,NULL,268,-0.00743
1793202,2026/8/13 10:14,MW2042B07382,A23,NULL,6,                    ,A21269,3.24E+00,1.15E-03,18189,NULL,268,-0.01502
1793201,2026/8/13 10:13,MW2043B04441,A24,NULL,7,                    ,A21269,3.24E+00,1.13E-03,18503,NULL,268,-0.02031
1793200,2026/8/13 10:13,MW2042B07326,A24,NULL,7,NULL,A19079,3.23E+00,9.70E-04,18475,NULL,268,-0.01569
1793199,2026/8/13 10:13,MW2043B06113,A27,NULL,10,                    ,A21269,3.23E+00,8.40E-04,18519,NULL,268,-0.01967
1793198,2026/8/13 10:13,MW2042B08686,B24,NULL,14,NULL,A19079,3.23E+00,1.09E-03,18559,NULL,268,-0.00417
1793197,2026/8/13 10:12,MW2042B08687,B25,NULL,15,NULL,A19079,3.23E+00,1.01E-03,18565,NULL,268,-0.0245
1793196,2026/8/13 10:12,MW2042B05705,C21,NULL,21,NULL,A19079,3.24E+00,1.08E-03,18855,NULL,268,-0.02386
1793195,2026/8/13 10:05,MW2045B45627,A22,NULL,5,NULL,A10110,3.24E+00,1.23E-03,18662,NULL,268,-0.02172
1793194,2026/8/13 10:05,MW2045B40387,A23,NULL,6,                    ,A07876,3.24E+00,1.47E-03,18224,NULL,268,-0.00535
1793193,2026/8/13 10:04,MW2045B07323,ANZ,NULL,18,NULL,A10110,3.24E+00,8.00E-04,18704,NULL,268,-0.00535
1793192,2026/8/13 10:04,MW2045B40359,A23,NULL,6,                    ,A07876,3.24E+00,1.16E-03,18127,NULL,268,-0.02623
1793191,2026/8/13 10:04,MW2045B40322,A23,NULL,6,NULL,A10110,3.24E+00,9.10E-04,18628,NULL,268,-0.01948
1793190,2026/8/13 10:04,MW2045B40372,A24,NULL,7,                    ,A07876,3.24E+00,1.45E-03,18067,NULL,268,-0.01346
1793189,2026/8/13 10:03,MW2045B07324,ANZ,NULL,18,NULL,A10110,3.24E+00,7.30E-04,18631,NULL,268,-0.00224
1793188,2026/8/13 10:03,MW2045B40367,A24,NULL,7,                    ,A07876,3.24E+00,1.45E-03,18189,NULL,268,0.01394
1793187,2026/8/13 10:03,MW2045B40371,A23,NULL,6,                    ,A07876,3.24E+00,1.35E-03,18204,NULL,268,-0.00801
1793186,2026/8/13 10:03,MW2045B40328,A23,NULL,6,NULL,A10110,3.24E+00,1.41E-03,18778,NULL,268,-0.02433
1793185,2026/8/13 10:03,MW2045B41128,A25,NULL,8,                    ,A07876,3.24E+00,1.15E-03,18332,NULL,268,-0.02504
1793184,2026/8/13 10:03,MW2045B40323,A23,NULL,6,NULL,A10110,3.24E+00,1.39E-03,18640,NULL,268,-0.02253
1793183,2026/8/13 10:02,MW2045B41123,A25,NULL,8,                    ,A07876,3.24E+00,9.60E-04,18198,NULL,268,-0.02388
1793182,2026/8/13 10:02,MW2045B40358,A23,NULL,6,NULL,A10110,3.24E+00,1.36E-03,18632,NULL,268,-0.01075
1793181,2026/8/13 10:02,MW2045B40234,A23,NULL,6,                    ,A07876,3.24E+00,1.38E-03,18134,NULL,268,-0.02491
1793180,2026/8/13 10:02,MW2045B45891,C24,NULL,24,NULL,A10110,3.24E+00,9.00E-04,18513,NULL,268,-0.00986
1793179,2026/8/13 10:01,MW2045B41129,A24,NULL,7,                    ,A07876,3.24E+00,9.80E-04,18159,NULL,268,-0.00743
1793178,2026/8/13 10:01,MW2045B45892,A24,NULL,7,NULL,A10110,3.24E+00,9.90E-04,18612,NULL,268,-0.00677
1793177,2026/8/13 10:01,MW2045B41126,A24,NULL,7,                    ,A07876,3.24E+00,1.13E-03,18281,NULL,268,-0.01938
1793176,2026/8/13 10:01,MW2044B25180,A25,NULL,8,NULL,A10110,3.24E+00,9.40E-04,18637,NULL,268,-0.00057
1793175,2026/8/13 10:01,MW2045B40241,A24,NULL,7,                    ,A07876,3.24E+00,9.80E-04,17942,NULL,268,-0.01164
1793174,2026/8/13 10:00,MW2045B41127,A25,NULL,8,                    ,A07876,3.24E+00,9.60E-04,18138,NULL,268,0.0316
1793173,2026/8/13 10:00,MW2044B25182,A26,NULL,9,NULL,A10110,3.24E+00,8.60E-04,18627,NULL,268,-0.00763
1793172,2026/8/13 10:00,MW2044B25181,A26,NULL,9,NULL,A10110,3.24E+00,9.50E-04,18554,NULL,268,-0.00452
1793171,2026/8/13 10:00,MW2045B22585,C23,NULL,23,                    ,A18694,3.24E+00,1.08E-03,18435,NULL,268,-0.29037
1793170,2026/8/13 09:59,MW2045B22584,A23,NULL,6,                    ,A18694,3.24E+00,1.12E-03,18351,NULL,268,0.02693
1793169,2026/8/13 09:59,MW2045B38422,A25,NULL,8,                    ,A18694,3.24E+00,1.00E-03,18422,NULL,268,-0.0271
1793168,2026/8/13 09:59,MW2045B22583,A24,NULL,7,                    ,A18694,3.24E+00,9.80E-04,18378,NULL,268,-0.01399
1793167,2026/8/13 09:58,MW2045B27878,A23,NULL,6,                    ,A18694,3.24E+00,9.60E-04,18410,NULL,268,0.00261
1793166,2026/8/13 09:58,MW2045B27878,A23,NULL,6,                    ,A18694,3.24E+00,9.60E-04,18410,NULL,268,-0.0257
1793165,2026/8/13 09:58,MW2045B27745,A23,NULL,6,                    ,A18694,3.24E+00,8.70E-04,18275,NULL,268,-0.09598
1793164,2026/8/13 09:57,MW2045B22617,A24,NULL,7,                    ,A18694,3.24E+00,1.05E-03,18402,NULL,268,-0.02634
1793163,2026/8/13 09:57,MW2045B41878,A24,NULL,7,                    ,A18694,3.24E+00,1.10E-03,18336,NULL,268,-0.01936
1793162,2026/8/13 09:56,MW2045B27481,A25,NULL,8,                    ,A18694,3.24E+00,9.80E-04,18362,NULL,268,-0.02004
1793161,2026/8/13 09:56,MW2045B27482,A24,NULL,7,                    ,A18694,3.24E+00,1.01E-03,18367,NULL,268,-0.01001
1793160,2026/8/13 09:56,MW2045B27480,A25,NULL,8,                    ,A18694,3.24E+00,1.01E-03,18340,NULL,268,-0.01794
1793159,2026/8/13 09:55,MW2045B28138,A23,NULL,6,                    ,A18694,3.24E+00,1.20E-03,18152,NULL,268,-0.01335
1793158,2026/8/13 09:55,MW2045B27465,A24,NULL,7,                    ,A10826,3.24E+00,1.00E-03,18269,NULL,268,-0.01626
1793157,2026/8/13 09:54,MW2045B51819,A24,NULL,7,                    ,A10826,3.24E+00,8.60E-04,18145,NULL,268,-0.00729
1793156,2026/8/13 09:54,MW2045B51003,C24,NULL,24,                    ,A10826,3.24E+00,9.60E-04,18298,NULL,268,0.03503
1793155,2026/8/13 09:54,MW2045B22635,A22,NULL,5,                    ,A10826,3.24E+00,1.17E-03,18443,NULL,268,-0.00891
1793154,2026/8/13 09:54,MW2044B25158,A26,NULL,9,NULL,A15469,3.24E+00,8.70E-04,18701,NULL,268,-0.02642
1793153,2026/8/13 09:53,MW2044B16552,C22,NULL,22,                    ,A10826,3.24E+00,1.08E-03,18486,NULL,268,-0.01969
1793152,2026/8/13 09:53,MW2044B25159,A26,NULL,9,NULL,A15469,3.24E+00,8.70E-04,18652,NULL,268,-0.02012
1793151,2026/8/13 09:53,MW2044B16553,C22,NULL,22,                    ,A10826,3.24E+00,1.19E-03,18187,NULL,268,-0.02572
1793150,2026/8/13 09:53,MW2044B25138,A26,NULL,9,NULL,A15469,3.24E+00,9.10E-04,18747,NULL,268,-0.01414
1793149,2026/8/13 09:52,MW2045B28067,A24,NULL,7,                    ,A10826,3.24E+00,1.06E-03,18298,NULL,268,-0.02672
1793148,2026/8/13 09:52,MW2044B25147,A26,NULL,9,NULL,A15469,3.24E+00,9.70E-04,18635,NULL,268,-0.02784
1793147,2026/8/13 09:51,MW2044B16554,C22,NULL,22,                    ,A10826,3.24E+00,1.08E-03,18487,NULL,268,-0.02001
1793146,2026/8/13 09:51,MW2045B45879,A25,NULL,8,NULL,A15469,3.24E+00,9.20E-04,18688,NULL,268,-0.00653
1793145,2026/8/13 09:50,MW2044B16555,A23,NULL,6,                    ,A10826,3.24E+00,1.18E-03,18188,NULL,268,-0.01616
1793144,2026/8/13 09:50,MW2045B45718,A23,NULL,6,NULL,A15469,3.24E+00,1.22E-03,18640,NULL,268,-0.00335
1793143,2026/8/13 09:50,MW2044B16556,A24,NULL,7,                    ,A10826,3.24E+00,1.00E-03,18416,NULL,268,-0.00896
1793142,2026/8/13 09:50,MW2044B25287,C25,NULL,25,NULL,A15469,3.24E+00,9.00E-04,18708,NULL,268,0.00244
1793141,2026/8/13 09:50,MW2045B28035,A24,NULL,7,                    ,A10826,3.24E+00,9.50E-04,18230,NULL,268,-0.02214
1793140,2026/8/13 09:49,MW2045B45587,A22,NULL,5,NULL,A15469,3.24E+00,1.42E-03,18554,NULL,268,0.0069
1793139,2026/8/13 09:49,MW2045B28034,A24,NULL,7,                    ,A10826,3.24E+00,9.70E-04,18293,NULL,268,0.00016
1793138,2026/8/13 09:49,MW2045B45581,A23,NULL,6,NULL,A15469,3.24E+00,1.25E-03,18768,NULL,268,-0.00657
1793137,2026/8/13 09:49,MW2045B27791,A23,NULL,6,                    ,A24417,3.24E+00,1.01E-03,18436,NULL,268,-0.00336
1793136,2026/8/13 09:48,MW2045B45582,A22,NULL,5,NULL,A15469,3.24E+00,1.30E-03,18646,NULL,268,-0.00586
1793135,2026/8/13 09:48,MW2045B27550,A22,NULL,5,                    ,A24417,3.24E+00,1.11E-03,18267,NULL,268,-0.00633
1793134,2026/8/13 09:48,MW2045B45004,B23,NULL,13,NULL,A15469,3.24E+00,1.14E-03,18608,NULL,268,-0.00265
1793133,2026/8/13 09:48,MW2045B27554,A24,NULL,7,                    ,A24417,3.24E+00,9.50E-04,18426,NULL,268,-0.01994
1793132,2026/8/13 09:48,MW2045B27501,C23,NULL,23,                    ,A24417,3.24E+00,9.90E-04,18384,NULL,268,-0.0117
1793131,2026/8/13 09:48,MW2045B45690,A23,NULL,6,NULL,A15469,3.24E+00,1.20E-03,18698,NULL,268,0.00327
1793130,2026/8/13 09:47,MW2045B41866,A24,NULL,7,                    ,A24417,3.24E+00,1.03E-03,18268,NULL,268,-0.03856
1793129,2026/8/13 09:47,MW2045B27466,A23,NULL,6,NULL,A23987,3.24E+00,9.90E-04,18752,NULL,268,-0.00218
1793128,2026/8/13 09:47,MW2045B41877,A24,NULL,7,                    ,A24417,3.24E+00,1.06E-03,18271,NULL,268,0.03838
1793127,2026/8/13 09:47,MW2045B52298,A24,NULL,7,NULL,A23987,3.24E+00,9.50E-04,18727,NULL,268,-0.01969
1793126,2026/8/13 09:47,MW2045B27500,A23,NULL,6,                    ,A24417,3.24E+00,9.70E-04,18382,NULL,268,-0.01414
1793125,2026/8/13 09:46,MW2045B51013,A24,NULL,7,NULL,A23987,3.24E+00,9.00E-04,18749,NULL,268,-0.02572
1793124,2026/8/13 09:46,MW2045B41865,A25,NULL,8,                    ,A24417,3.24E+00,1.02E-03,18327,NULL,268,-0.01631
1793123,2026/8/13 09:46,MW2045B22636,A22,NULL,5,NULL,A23987,3.24E+00,1.06E-03,18612,NULL,268,-0.02001
1793122,2026/8/13 09:46,MW2045B27649,C23,NULL,23,                    ,A24417,3.24E+00,1.00E-03,18336,NULL,268,-0.0174
1793121,2026/8/13 09:45,MW2044B16312,A26,NULL,9,NULL,A23987,3.24E+00,8.30E-04,18718,NULL,268,-0.02081
1793120,2026/8/13 09:45,MW2045B27654,C23,NULL,23,                    ,A24417,3.24E+00,1.05E-03,18418,NULL,268,-0.01355
1793119,2026/8/13 09:45,MW2045B51009,A25,NULL,8,NULL,A23987,3.24E+00,9.00E-04,18656,NULL,268,-0.00798
1793118,2026/8/13 09:45,MW2045B27662,C23,NULL,23,                    ,A24417,3.24E+00,1.09E-03,18372,NULL,268,-0.0009
1793117,2026/8/13 09:44,MW2044B16549,A23,NULL,6,NULL,A23987,3.24E+00,1.23E-03,18581,NULL,268,-0.02472
1793116,2026/8/13 09:44,MW2045B51828,A23,NULL,6,                    ,A24417,3.24E+00,9.40E-04,18110,NULL,268,-0.05205
1793115,2026/8/13 09:44,MW2044B16550,A23,NULL,6,NULL,A23987,3.24E+00,1.26E-03,18513,NULL,268,-0.01414
1793114,2026/8/13 09:43,MW2044B16562,A24,NULL,7,NULL,A23987,3.24E+00,1.01E-03,18617,NULL,268,-0.02001
1793113,2026/8/13 09:43,MW2045B43064,A26,NULL,9,                    ,A19984,3.24E+00,1.14E-03,18072,NULL,268,-0.01061
1793112,2026/8/13 09:43,MW2045B51973,A24,NULL,7,NULL,A23987,3.24E+00,9.00E-04,18792,NULL,268,-0.06707
1793111,2026/8/13 09:43,MW2045B54325,A26,NULL,9,                    ,A19984,3.24E+00,8.40E-04,18251,NULL,268,-0.0113
1793110,2026/8/13 09:43,MW2045B54198,A26,NULL,9,                    ,A19984,3.24E+00,9.10E-04,18331,NULL,268,-0.00341
1793109,2026/8/13 09:43,MW2044B16359,ANZ,NULL,18,NULL,A23987,3.24E+00,7.90E-04,18809,NULL,268,-0.02862
1793108,2026/8/13 09:42,MW2045B54328,A27,NULL,10,                    ,A19984,3.24E+00,8.50E-04,18118,NULL,268,-0.01653
1793107,2026/8/13 09:42,MW2044B16354,ANZ,NULL,18,NULL,A23987,3.24E+00,7.90E-04,18678,NULL,268,-0.02725
1793106,2026/8/13 09:42,MW2045B54037,A26,NULL,9,                    ,A19984,3.24E+00,8.70E-04,18349,NULL,268,-0.03217
1793105,2026/8/13 09:42,MW2045B54371,ANZ,NULL,18,NULL,A14079,3.24E+00,7.40E-04,18666,NULL,268,-0.03153
1793104,2026/8/13 09:41,MW2045B54034,A27,NULL,10,                    ,A19984,3.24E+00,8.10E-04,18164,NULL,268,-0.00693
1793103,2026/8/13 09:41,MW2045B44996,A21,NULL,4,NULL,A14079,3.24E+00,1.55E-03,18579,NULL,268,-0.02307
1793102,2026/8/13 09:41,MW2045B54035,A26,NULL,9,                    ,A19984,3.24E+00,8.70E-04,18261,NULL,268,-0.00398
1793101,2026/8/13 09:41,MW2045B54205,ANZ,NULL,18,NULL,A14079,3.24E+00,7.60E-04,18546,NULL,268,-0.01469
1793100,2026/8/13 09:41,MW2045B54036,A26,NULL,9,                    ,A19984,3.24E+00,8.10E-04,18051,NULL,268,-0.00999
1793099,2026/8/13 09:40,MW2045B44997,A22,NULL,5,NULL,A14079,3.24E+00,1.15E-03,18646,NULL,268,-0.01781
1793098,2026/8/13 09:40,MW2045B07243,CHH,NULL,20,                    ,A19984,3.24E+00,9.60E-04,18052,NULL,268,-0.02096
1793097,2026/8/13 09:40,MW2045B45058,B22,NULL,12,NULL,A14079,3.24E+00,1.44E-03,18779,NULL,268,0.00796
1793096,2026/8/13 09:40,MW2045B46026,A25,NULL,8,                    ,A19984,3.24E+00,1.10E-03,18048,NULL,268,-0.00873
1793095,2026/8/13 09:39,MW2045B54207,ANZ,NULL,18,NULL,A14079,3.24E+00,7.60E-04,18706,NULL,268,-0.0009
1793094,2026/8/13 09:39,MW2045B46015,A24,NULL,7,                    ,A19984,3.24E+00,1.09E-03,18115,NULL,268,-0.02006
1793093,2026/8/13 09:39,MW2045B42568,B23,NULL,13,                    ,A19984,3.24E+00,1.28E-03,18174,NULL,268,-0.00799
1793092,2026/8/13 09:39,MW2045B45059,B22,NULL,12,NULL,A14079,3.24E+00,1.15E-03,18694,NULL,268,-0.01969
1793091,2026/8/13 09:39,MW2045B54019,A26,NULL,9,                    ,A22576,3.24E+00,8.50E-04,18291,NULL,268,-0.01414
1793090,2026/8/13 09:38,MW2045B54211,ANZ,NULL,18,NULL,A14079,3.24E+00,8.00E-04,18626,NULL,268,-0.00764
1793089,2026/8/13 09:38,MW2045B54086,A26,NULL,9,                    ,A22576,3.24E+00,9.00E-04,18261,NULL,268,0.01773
1793088,2026/8/13 09:38,MW2045B54376,ANZ,NULL,18,NULL,A14079,3.24E+00,7.50E-04,18592,NULL,268,-0.00131
1793087,2026/8/13 09:38,MW2045B54077,A26,NULL,9,                    ,A22576,3.24E+00,8.50E-04,18199,NULL,268,-0.00696
1793086,2026/8/13 09:38,MW2045B54228,ANZ,NULL,18,NULL,A14079,3.24E+00,7.80E-04,18569,NULL,268,-0.01629
1793085,2026/8/13 09:37,MW2045B54085,B26,NULL,16,                    ,A22576,3.24E+00,8.70E-04,18275,NULL,268,0.00459
1793084,2026/8/13 09:37,MW2045B45659,C26,NULL,26,NULL,A14079,3.24E+00,8.30E-04,18565,NULL,268,-0.06287
1793083,2026/8/13 09:37,MW2045B54088,A27,NULL,10,                    ,A22576,3.24E+00,8.30E-04,18246,NULL,268,-0.02489
1793082,2026/8/13 09:37,MW2045B54377,ANZ,NULL,18,NULL,A14079,3.24E+00,7.60E-04,18687,NULL,268,0.00545
1793081,2026/8/13 09:36,MW2045B54087,A27,NULL,10,                    ,A22576,3.24E+00,8.30E-04,18163,NULL,268,-0.04131
1793080,2026/8/13 09:36,MW2045B54346,A25,NULL,8,                    ,A22576,3.24E+00,8.50E-04,18310,NULL,268,-0.03184
1793079,2026/8/13 09:36,MW2045B54374,A25,NULL,8,                    ,A22576,3.24E+00,8.50E-04,18160,NULL,268,-0.01259
1793078,2026/8/13 09:35,MW2045B54375,A26,NULL,9,                    ,A22576,3.24E+00,8.20E-04,18244,NULL,268,-0.01084
1793077,2026/8/13 09:35,MW2045B45568,A24,NULL,7,                    ,A22576,3.24E+00,1.27E-03,18091,NULL,268,-0.00367
1793076,2026/8/13 09:34,MW2045B54194,A26,NULL,9,                    ,A22576,3.24E+00,8.70E-04,18231,NULL,268,-0.01844
1793075,2026/8/13 09:34,MW2044B16355,ANZ,NULL,18,NULL,A15837,3.24E+00,8.00E-04,18779,NULL,268,-0.00818
1793074,2026/8/13 09:34,MW2045B54327,A26,NULL,9,                    ,A22576,3.24E+00,8.40E-04,18219,NULL,268,0.00783
1793073,2026/8/13 09:34,MW2044B16356,A24,NULL,7,NULL,A15837,3.24E+00,8.20E-04,18661,NULL,268,-0.05815
1793072,2026/8/13 09:34,MW2045B27661,C23,NULL,23,                    ,A11088,3.24E+00,1.12E-03,18495,NULL,268,-0.02324
1793071,2026/8/13 09:33,MW2044B16383,A25,NULL,8,NULL,A15837,3.24E+00,8.20E-04,18739,NULL,268,-0.01243
1793070,2026/8/13 09:33,MW2045B51829,A24,NULL,7,                    ,A11088,3.24E+00,9.00E-04,18090,NULL,268,-0.01872
1793069,2026/8/13 09:33,MW2044B16565,A25,NULL,8,NULL,A15837,3.24E+00,9.00E-04,18694,NULL,268,-0.00133
1793068,2026/8/13 09:33,MW2045B51810,A24,NULL,7,                    ,A11088,3.24E+00,8.60E-04,18249,NULL,268,0.00533
1793067,2026/8/13 09:33,MW2044B16384,ANZ,NULL,18,NULL,A15837,3.24E+00,7.80E-04,18737,NULL,268,-0.05824
1793066,2026/8/13 09:32,MW2045B51811,A24,NULL,7,                    ,A11088,3.24E+00,9.00E-04,18445,NULL,268,-0.02608
1793065,2026/8/13 09:32,MW2045B51017,A26,NULL,9,NULL,A15837,3.24E+00,8.70E-04,18649,NULL,268,-0.00133
1793064,2026/8/13 09:32,MW2045B27659,C22,NULL,22,                    ,A11088,3.24E+00,9.90E-04,18267,NULL,268,0.01163
1793063,2026/8/13 09:32,MW2044B16392,ANZ,NULL,18,NULL,A15837,3.24E+00,8.00E-04,18537,NULL,268,-0.01848
1793062,2026/8/13 09:32,MW2045B51806,A24,NULL,7,                    ,A11088,3.24E+00,9.20E-04,18130,NULL,268,-0.00937
1793061,2026/8/13 09:31,MW2045B50932,A22,NULL,5,NULL,A15837,3.24E+00,1.13E-03,18714,NULL,268,0.00438
1793060,2026/8/13 09:31,MW2045B51805,A23,NULL,6,                    ,A11088,3.24E+00,9.90E-04,18155,NULL,268,-0.00723
1793059,2026/8/13 09:31,MW2044B16385,ANZ,NULL,18,NULL,A15837,3.24E+00,8.00E-04,18798,NULL,268,-0.02832
1793058,2026/8/13 09:31,MW2045B51802,A24,NULL,7,                    ,A11088,3.24E+00,9.30E-04,18210,NULL,268,-0.01859
1793057,2026/8/13 09:30,MW2045B51803,A24,NULL,7,                    ,A11088,3.24E+00,8.80E-04,18060,NULL,268,-0.02176
1793056,2026/8/13 09:30,MW2045B27487,A23,NULL,6,NULL,A15837,3.24E+00,9.70E-04,18794,NULL,268,-0.02302
1793055,2026/8/13 09:30,MW2045B22576,C23,NULL,23,                    ,A11088,3.24E+00,9.70E-04,18314,NULL,268,-0.00535
1793054,2026/8/13 09:30,MW2045B50911,A27,NULL,10,NULL,A15837,3.24E+00,8.50E-04,18815,NULL,268,-0.00535
1793053,2026/8/13 09:30,MW2045B51031,A24,NULL,7,                    ,A11088,3.24E+00,8.50E-04,18187,NULL,268,-0.00972
1793052,2026/8/13 09:29,MW2045B38216,A25,NULL,8,NULL,A15837,3.24E+00,8.50E-04,18746,NULL,268,-0.01061
1793051,2026/8/13 09:29,MW2045B50999,C24,NULL,24,                    ,A11088,3.24E+00,9.20E-04,18224,NULL,268,-0.00833
1793050,2026/8/13 09:29,MW2045B45062,A24,NULL,7,NULL,A07130,3.24E+00,1.15E-03,18711,NULL,268,-0.08339
1793049,2026/8/13 09:29,MW2045B54229,A26,NULL,9,                    ,A17871,3.24E+00,8.30E-04,18213,NULL,268,-0.02672
1793048,2026/8/13 09:28,MW2045B54094,ANZ,NULL,18,NULL,A07130,3.24E+00,7.40E-04,18543,NULL,268,-0.01707
1793047,2026/8/13 09:28,MW2045B54231,A26,NULL,9,                    ,A17871,3.24E+00,8.40E-04,18172,NULL,268,-0.01355
1793046,2026/8/13 09:28,MW2045B54089,ANZ,NULL,18,NULL,A07130,3.24E+00,8.00E-04,18640,NULL,268,-0.03351
1793045,2026/8/13 09:28,MW2045B54381,A25,NULL,8,                    ,A17871,3.24E+00,8.30E-04,18327,NULL,268,-0.02641
1793044,2026/8/13 09:28,MW2045B54056,ANZ,NULL,18,NULL,A07130,3.24E+00,7.80E-04,18717,NULL,268,0.0108
1793043,2026/8/13 09:28,MW2045B54385,A25,NULL,8,                    ,A17871,3.24E+00,8.40E-04,18341,NULL,268,-0.02472
1793042,2026/8/13 09:27,MW2045B54055,ANZ,NULL,18,NULL,A07130,3.24E+00,7.30E-04,18426,NULL,268,-0.02642
1793041,2026/8/13 09:27,MW2045B54383,A26,NULL,9,                    ,A17871,3.24E+00,8.20E-04,18181,NULL,268,-0.02572
1793040,2026/8/13 09:27,MW2045B54054,ANZ,NULL,18,NULL,A07130,3.24E+00,7.70E-04,18638,NULL,268,-0.00764
1793039,2026/8/13 09:27,MW2045B43098,A26,NULL,9,                    ,A17871,3.24E+00,1.11E-03,18184,NULL,268,-0.05741
1793038,2026/8/13 09:26,MW2045B54053,ANZ,NULL,18,NULL,A07130,3.24E+00,7.40E-04,18483,NULL,268,-0.04352
1793037,2026/8/13 09:26,MW2045B07213,A26,NULL,9,                    ,A17871,3.24E+00,9.00E-04,18276,NULL,268,-0.02678
1793036,2026/8/13 09:26,MW2045B45662,A21,NULL,4,                    ,A17871,3.24E+00,1.37E-03,18234,NULL,268,-0.00535
1793035,2026/8/13 09:26,MW2045B54020,ANZ,NULL,18,NULL,A07130,3.24E+00,7.40E-04,18657,NULL,268,-0.00535
1793034,2026/8/13 09:25,MW2045B45658,A21,NULL,4,                    ,A17871,3.24E+00,1.36E-03,18228,NULL,268,-0.0357
1793033,2026/8/13 09:25,MW2045B54030,ANZ,NULL,18,NULL,A07130,3.24E+00,7.60E-04,18528,NULL,268,-0.03219
1793032,2026/8/13 09:25,MW2045B45654,A21,NULL,4,                    ,A17871,3.24E+00,1.37E-03,18152,NULL,268,-0.03238
1793031,2026/8/13 09:25,MW2045B54028,ANZ,NULL,18,NULL,A07130,3.24E+00,7.40E-04,18522,NULL,268,-0.03149
1793030,2026/8/13 09:25,MW2045B07214,B26,NULL,16,                    ,A17871,3.24E+00,8.90E-04,18056,NULL,268,-0.02574
1793029,2026/8/13 09:24,MW2045B54015,ANZ,NULL,18,NULL,A07130,3.24E+00,7.50E-04,18585,NULL,268,-0.02783
1793028,2026/8/13 09:24,MW2045B45661,C22,NULL,22,                    ,A17871,3.24E+00,1.14E-03,18151,NULL,268,-0.03118
1793027,2026/8/13 09:24,MW2045B54016,ANZ,NULL,18,NULL,A07130,3.24E+00,7.40E-04,18559,NULL,268,-0.0142
1793026,2026/8/13 09:24,MW2044B16358,A26,NULL,9,                    ,A01856,3.24E+00,8.70E-04,18284,NULL,268,-0.03802
1793025,2026/8/13 09:24,MW2045B27972,A25,NULL,8,NULL,A12705,3.24E+00,9.40E-04,18808,NULL,268,-0.03802
1793024,2026/8/13 09:23,MW2045B45498,A24,NULL,7,                    ,A01856,3.24E+00,9.80E-04,18101,NULL,268,-0.03142
1793023,2026/8/13 09:23,MW2044B16403,ANZ,NULL,18,NULL,A12705,3.24E+00,7.60E-04,18701,NULL,268,-0.00628
1793022,2026/8/13 09:23,MW2044B16357,A26,NULL,9,                    ,A01856,3.24E+00,8.30E-04,18326,NULL,268,-0.0293
1793021,2026/8/13 09:23,MW2045B27971,A24,NULL,7,NULL,A12705,3.24E+00,1.07E-03,18813,NULL,268,-0.02577
1793020,2026/8/13 09:23,MW2045B45499,A21,NULL,4,                    ,A01856,3.24E+00,1.35E-03,18068,NULL,268,-0.00818
1793019,2026/8/13 09:22,MW2045B45324,A23,NULL,6,                    ,A01856,3.24E+00,1.23E-03,18117,NULL,268,-0.00828
1793018,2026/8/13 09:22,MW2044B16404,C26,NULL,26,NULL,A12705,3.24E+00,8.10E-04,18840,NULL,268,0.0058
1793017,2026/8/13 09:22,MW2045B27885,C24,NULL,24,                    ,A01856,3.24E+00,8.70E-04,18332,NULL,268,0.00077
1793016,2026/8/13 09:22,MW2044B16542,C25,NULL,25,NULL,A12705,3.24E+00,8.80E-04,18694,NULL,268,0.0037
1793015,2026/8/13 09:21,MW2045B45300,A21,NULL,4,                    ,A01856,3.24E+00,1.53E-03,18092,NULL,268,-0.00157
1793014,2026/8/13 09:21,MW2044B16543,C26,NULL,26,NULL,A12705,3.24E+00,8.30E-04,18672,NULL,268,-0.02242
1793013,2026/8/13 09:21,MW2045B51138,A22,NULL,5,                    ,A01856,3.24E+00,1.07E-03,18181,NULL,268,-0.00367
1793012,2026/8/13 09:21,MW2045B38267,A26,NULL,9,NULL,A12705,3.24E+00,9.30E-04,18845,NULL,268,0.00162
1793011,2026/8/13 09:21,MW2045B51139,A26,NULL,9,                    ,A01856,3.24E+00,8.20E-04,18073,NULL,268,-0.01245
1793010,2026/8/13 09:20,MW2044B16541,C25,NULL,25,NULL,A12705,3.24E+00,8.40E-04,18674,NULL,268,-0.12454
1793009,2026/8/13 09:20,MW2045B52304,A25,NULL,8,                    ,A01856,3.24E+00,8.20E-04,18087,NULL,268,-0.00636
1793008,2026/8/13 09:20,MW2044B16314,A26,NULL,9,NULL,A12705,3.24E+00,8.80E-04,18754,NULL,268,-0.00669
1793007,2026/8/13 09:20,MW2045B52305,B24,NULL,14,                    ,A01856,3.24E+00,8.80E-04,18126,NULL,268,-0.0001
1793006,2026/8/13 09:19,MW2044B16566,A25,NULL,8,NULL,A12705,3.24E+00,9.00E-04,18689,NULL,268,-0.03798
1793005,2026/8/13 09:19,MW2045B50910,A26,NULL,9,                    ,A01856,3.24E+00,9.60E-04,18268,NULL,268,-0.00726
1793004,2026/8/13 09:19,MW2044B16364,A25,NULL,8,NULL,A12705,3.24E+00,8.80E-04,18649,NULL,268,-0.01902
1793003,2026/8/13 09:19,MW2045B07299,A27,NULL,10,                    ,A11717,3.24E+00,8.30E-04,18180,NULL,268,-0.00302
1793002,2026/8/13 09:19,MW2045B07457,A26,NULL,9,                    ,A11717,3.24E+00,8.10E-04,18101,NULL,268,0.01032
1793001,2026/8/13 09:19,MW2044B16360,ANZ,NULL,18,NULL,A12705,3.24E+00,7.90E-04,18560,NULL,268,0.0256
1793000,2026/8/13 09:18,MW2045B44999,C21,NULL,21,                    ,A11717,3.24E+00,1.59E-03,18342,NULL,268,0.0111
1792999,2026/8/13 09:18,MW2045B07253,A26,NULL,9,NULL,A03642,3.24E+00,8.20E-04,18583,NULL,268,0.00016
1792998,2026/8/13 09:18,MW2045B34897,A25,NULL,8,                    ,A11717,3.24E+00,1.04E-03,18348,NULL,268,0.00458
1792997,2026/8/13 09:18,MW2045B07255,ANZ,NULL,18,NULL,A03642,3.24E+00,7.20E-04,18687,NULL,268,0.03221
1792996,2026/8/13 09:17,MW2045B34893,A25,NULL,8,                    ,A11717,3.24E+00,1.10E-03,18225,NULL,268,-0.01498
1792995,2026/8/13 09:17,MW2045B07257,ANZ,NULL,18,NULL,A03642,3.24E+00,8.00E-04,18646,NULL,268,-0.01484
1792994,2026/8/13 09:17,MW2045B44998,B22,NULL,12,                    ,A11717,3.24E+00,1.24E-03,18404,NULL,268,-0.02498
1792993,2026/8/13 09:17,MW2045B07258,ANZ,NULL,18,NULL,A03642,3.24E+00,7.40E-04,18667,NULL,268,-0.02042
1792992,2026/8/13 09:17,MW2045B45061,B25,NULL,15,                    ,A11717,3.24E+00,1.07E-03,18183,NULL,268,-0.02507
1792991,2026/8/13 09:16,MW2045B61035,ANZ,NULL,18,NULL,A03642,3.24E+00,7.70E-04,18570,NULL,268,-0.00657
1792990,2026/8/13 09:16,MW2045B45759,B22,NULL,12,                    ,A11717,3.24E+00,1.21E-03,18125,NULL,268,-0.00873
1792989,2026/8/13 09:16,MW2044B25118,ANZ,NULL,18,NULL,A03642,3.24E+00,7.80E-04,18239,NULL,268,0.00571
1792988,2026/8/13 09:16,MW2045B45695,A21,NULL,4,                    ,A11717,3.24E+00,1.49E-03,18184,NULL,268,-0.01969
1792987,2026/8/13 09:15,MW2045B45001,B23,NULL,13,                    ,A11717,3.24E+00,1.21E-03,18328,NULL,268,-0.00891
1792986,2026/8/13 09:15,MW2045B09026,A25,NULL,8,NULL,A03642,3.24E+00,9.20E-04,18716,NULL,268,-0.00799
1792985,2026/8/13 09:15,MW2045B45699,A25,NULL,8,                    ,A11717,3.24E+00,1.08E-03,18111,NULL,268,-0.00924
1792984,2026/8/13 09:15,MW2044B25119,A26,NULL,9,NULL,A03642,3.24E+00,8.70E-04,18455,NULL,268,-0.02006
1792983,2026/8/13 09:15,MW2045B45002,B21,NULL,11,                    ,A11717,3.24E+00,1.72E-03,18094,NULL,268,-0.01107
1792982,2026/8/13 09:14,MW2045B54075,ANZ,NULL,18,NULL,A03642,3.24E+00,7.50E-04,18659,NULL,268,-0.03206
1792981,2026/8/13 09:14,MW2045B51126,A23,NULL,6,                    ,A23820,3.24E+00,1.01E-03,18178,NULL,268,-0.03802
1792980,2026/8/13 09:14,MW2045B54082,ANZ,NULL,18,NULL,A03642,3.24E+00,7.90E-04,18625,NULL,268,-0.0314
1792979,2026/8/13 09:14,MW2045B22618,A24,NULL,7,                    ,A23820,3.24E+00,1.04E-03,18265,NULL,268,-0.04008
1792978,2026/8/13 09:14,MW2045B54081,ANZ,NULL,18,NULL,A03642,3.24E+00,7.70E-04,18547,NULL,268,-0.03118
1792977,2026/8/13 09:13,MW2045B22619,A24,NULL,7,                    ,A23820,3.24E+00,1.11E-03,18252,NULL,268,-0.01263
1792976,2026/8/13 09:13,MW2045B54083,ANZ,NULL,18,NULL,A03642,3.24E+00,7.50E-04,18672,NULL,268,-0.02896
1792975,2026/8/13 09:13,MW2045B39739,A21,NULL,4,                    ,A23820,3.24E+00,1.45E-03,18397,NULL,268,-0.03077
1792974,2026/8/13 09:13,MW2045B07298,ANZ,NULL,18,NULL,A11713,3.24E+00,7.10E-04,18641,NULL,268,0.04883
1792973,2026/8/13 09:13,MW2045B22598,A23,NULL,6,                    ,A23820,3.24E+00,1.20E-03,18366,NULL,268,-0.01355
1792972,2026/8/13 09:12,MW2045B07285,A27,NULL,10,NULL,A11713,3.24E+00,8.30E-04,18572,NULL,268,-0.02415
1792971,2026/8/13 09:12,MW2045B22599,A25,NULL,8,                    ,A23820,3.24E+00,9.30E-04,18509,NULL,268,-0.00351
1792970,2026/8/13 09:12,MW2045B42894,A26,NULL,9,NULL,A11713,3.24E+00,1.01E-03,18609,NULL,268,0.00743
1792969,2026/8/13 09:12,MW2045B22600,A24,NULL,7,                    ,A23820,3.24E+00,1.17E-03,18358,NULL,268,-0.022
1792968,2026/8/13 09:11,MW2045B22601,A24,NULL,7,                    ,A23820,3.24E+00,1.13E-03,18323,NULL,268,-0.0244
1792967,2026/8/13 09:11,MW2045B07317,ANZ,NULL,18,NULL,A11713,3.23E+00,7.10E-04,18660,NULL,268,-0.02262
1792966,2026/8/13 09:11,MW2045B22667,A23,NULL,6,                    ,A23820,3.24E+00,1.12E-03,18322,NULL,268,-0.02414
1792965,2026/8/13 09:11,MW2045B42906,A27,NULL,10,NULL,A11713,3.24E+00,8.80E-04,18792,NULL,268,-0.02603
1792964,2026/8/13 09:11,MW2045B28029,A25,NULL,8,                    ,A23820,3.24E+00,1.08E-03,18377,NULL,268,-0.02914
1792963,2026/8/13 09:10,MW2045B07964,ANZ,NULL,18,NULL,A11713,3.24E+00,7.30E-04,18570,NULL,268,-0.00969
1792962,2026/8/13 09:10,MW2045B22578,A24,NULL,7,                    ,A23820,3.24E+00,1.05E-03,18289,NULL,268,-0.02979
1792961,2026/8/13 09:10,MW2045B07963,ANZ,NULL,18,NULL,A11713,3.24E+00,7.60E-04,18661,NULL,268,-0.01553
1792960,2026/8/13 09:10,MW2045B22579,A23,NULL,6,                    ,A23820,3.24E+00,1.25E-03,18389,NULL,268,-0.02335
1792959,2026/8/13 09:09,MW2045B07962,ANZ,NULL,18,NULL,A11713,3.24E+00,7.40E-04,18691,NULL,268,-0.04215
1792958,2026/8/13 09:09,MW2045B43067,A26,NULL,9,                    ,A16905,3.24E+00,1.16E-03,18104,NULL,268,-0.01139
1792957,2026/8/13 09:09,MW2045B45694,A22,NULL,5,NULL,A11713,3.24E+00,1.20E-03,18566,NULL,268,-0.00629
1792956,2026/8/13 09:09,MW2045B45569,A22,NULL,5,                    ,A16905,3.24E+00,1.51E-03,18033,NULL,268,-0.00533
1792955,2026/8/13 09:09,MW2045B07389,ANZ,NULL,18,NULL,A11713,3.24E+00,7.60E-04,18791,NULL,268,-0.00535
1792954,2026/8/13 09:08,MW2045B45801,A22,NULL,5,                    ,A16905,3.24E+00,1.27E-03,18032,NULL,268,-0.00535
1792953,2026/8/13 09:08,MW2045B45692,C24,NULL,24,NULL,A11713,3.24E+00,1.00E-03,18528,NULL,268,-0.01283
1792952,2026/8/13 09:08,MW2045B45802,A26,NULL,9,                    ,A16905,3.24E+00,1.00E-03,17947,NULL,268,-0.01815
1792951,2026/8/13 09:08,MW2045B47327,A26,NULL,9,NULL,A11713,3.24E+00,8.10E-04,18682,NULL,268,-0.01327
1792950,2026/8/13 09:08,MW2045B45795,A22,NULL,5,                    ,A16905,3.24E+00,1.27E-03,18065,NULL,268,-0.00633
1792949,2026/8/13 09:07,MW2045B47328,ANZ,NULL,18,NULL,A04201,3.24E+00,7.10E-04,18675,NULL,268,-0.00368
1792948,2026/8/13 09:07,MW2045B45799,A23,NULL,6,                    ,A16905,3.24E+00,1.11E-03,18055,NULL,268,-0.00651
1792947,2026/8/13 09:07,MW2045B34584,B23,NULL,13,NULL,A04201,3.24E+00,1.05E-03,18521,NULL,268,-0.00922
1792946,2026/8/13 09:07,MW2045B45798,A23,NULL,6,                    ,A16905,3.24E+00,1.29E-03,18058,NULL,268,-0.00073
1792945,2026/8/13 09:06,MW2045B45785,A22,NULL,5,                    ,A16905,3.24E+00,1.25E-03,18053,NULL,268,-0.00684
1792944,2026/8/13 09:06,MW2045B34874,A25,NULL,8,NULL,A04201,3.23E+00,9.00E-04,18776,NULL,268,-0.01152
1792943,2026/8/13 09:06,MW2045B45796,B22,NULL,12,                    ,A16905,3.24E+00,1.27E-03,18115,NULL,268,0.00196
1792942,2026/8/13 09:06,MW2045B34873,A25,NULL,8,NULL,A04201,3.24E+00,8.50E-04,18712,NULL,268,-0.01883
1792941,2026/8/13 09:06,MW2045B45800,A21,NULL,4,                    ,A16905,3.24E+00,1.26E-03,18201,NULL,268,-0.00185
1792940,2026/8/13 09:05,MW2045B34872,C25,NULL,25,NULL,A04201,3.24E+00,8.90E-04,18602,NULL,268,0.04101
1792939,2026/8/13 09:05,MW2045B45734,A22,NULL,5,                    ,A16905,3.24E+00,1.24E-03,18213,NULL,268,0.03271
1792938,2026/8/13 09:05,MW2045B34856,A26,NULL,9,NULL,A04201,3.24E+00,8.50E-04,18717,NULL,268,-0.00751
1792937,2026/8/13 09:05,MW2045B45738,A23,NULL,6,                    ,A16905,3.24E+00,1.27E-03,18194,NULL,268,-0.01835
1792936,2026/8/13 09:05,MW2045B45747,A22,NULL,5,NULL,A04201,3.24E+00,9.80E-04,18448,NULL,268,0.0018
1792935,2026/8/13 09:04,MW2045B52654,A25,NULL,8,                    ,A25061,3.24E+00,8.60E-04,17988,NULL,268,0.03343
1792934,2026/8/13 09:04,MW2045B45740,A25,NULL,8,NULL,A04201,3.24E+00,9.20E-04,18703,NULL,268,-0.02745
1792933,2026/8/13 09:04,MW2045B41106,C24,NULL,24,                    ,A25061,3.24E+00,1.17E-03,18149,NULL,268,-0.01625
1792932,2026/8/13 09:04,MW2045B07187,ANZ,NULL,18,NULL,A04201,3.24E+00,7.80E-04,18626,NULL,268,0.01103
1792931,2026/8/13 09:04,MW2045B26129,A26,NULL,9,                    ,A25061,3.24E+00,9.50E-04,18318,NULL,268,0.00683
1792930,2026/8/13 09:03,MW2045B07188,A26,NULL,9,NULL,A04201,3.24E+00,8.50E-04,18532,NULL,268,0.00578
1792929,2026/8/13 09:03,MW2045B26133,A25,NULL,8,                    ,A25061,3.24E+00,9.60E-04,18452,NULL,268,0.00371
1792928,2026/8/13 09:03,MW2045B26132,C25,NULL,25,                    ,A25061,3.24E+00,1.04E-03,18324,NULL,268,-0.01676
1792927,2026/8/13 09:03,MW2045B07189,ANZ,NULL,18,NULL,A04201,3.24E+00,7.20E-04,18573,NULL,268,0.00273
1792926,2026/8/13 09:02,MW2045B38502,A25,NULL,8,                    ,A25061,3.24E+00,1.02E-03,18211,NULL,268,-0.01815
1792925,2026/8/13 09:02,MW2045B07190,ANZ,NULL,18,NULL,A04201,3.24E+00,7.40E-04,18697,NULL,268,-0.01384
1792924,2026/8/13 09:02,MW2045B53690,A26,NULL,9,                    ,A25061,3.24E+00,8.90E-04,18392,NULL,268,-0.023
1792923,2026/8/13 09:02,MW2045B52310,A23,NULL,6,NULL,A23878,3.24E+00,9.40E-04,18605,NULL,268,-0.04133
1792922,2026/8/13 09:02,MW2045B42735,C24,NULL,24,                    ,A25061,3.24E+00,1.23E-03,18167,NULL,268,-0.03143
1792921,2026/8/13 09:01,MW2045B52300,ANZ,NULL,18,NULL,A23878,3.24E+00,7.10E-04,18504,NULL,268,-0.00497
1792920,2026/8/13 09:01,MW2045B42739,A26,NULL,9,                    ,A25061,3.24E+00,1.10E-03,18261,NULL,268,-0.10698
1792919,2026/8/13 09:01,MW2045B52299,ANZ,NULL,18,NULL,A23878,3.24E+00,7.50E-04,18649,NULL,268,-0.05577
1792918,2026/8/13 09:01,MW2045B53688,A26,NULL,9,                    ,A25061,3.24E+00,8.70E-04,18310,NULL,268,-0.10101
1792917,2026/8/13 09:00,MW2045B27961,A24,NULL,7,NULL,A23878,3.24E+00,1.02E-03,18766,NULL,268,-0.13416
1792916,2026/8/13 09:00,MW2045B42737,A23,NULL,6,                    ,A25061,3.24E+00,1.26E-03,18252,NULL,268,-0.00948
1792915,2026/8/13 09:00,MW2045B27960,A26,NULL,9,NULL,A23878,3.24E+00,8.70E-04,18883,NULL,268,-0.05341
1792914,2026/8/13 09:00,MW2045B54011,C25,NULL,25,                    ,A25061,3.24E+00,8.50E-04,18020,NULL,268,-0.00361
1792913,2026/8/13 09:00,MW2045B52303,ANZ,NULL,18,NULL,A23878,3.24E+00,7.70E-04,18774,NULL,268,-0.05699
1792912,2026/8/13 09:00,MW2045B42810,A24,NULL,7,                    ,A13409,3.24E+00,1.23E-03,18161,NULL,268,0.02884
1792911,2026/8/13 08:59,MW2045B27975,A26,NULL,9,NULL,A23878,3.24E+00,8.30E-04,18801,NULL,268,0.01617
1792910,2026/8/13 08:59,MW2045B42809,A24,NULL,7,                    ,A13409,3.24E+00,1.06E-03,18070,NULL,268,-0.0131
1792909,2026/8/13 08:59,MW2045B22580,A22,NULL,5,                    ,A13409,3.24E+00,1.14E-03,18247,NULL,268,-0.02067
1792908,2026/8/13 08:59,MW2045B27698,A24,NULL,7,NULL,A23878,3.24E+00,8.10E-04,18727,NULL,268,0.00239
1792907,2026/8/13 08:58,MW2045B42808,C26,NULL,26,                    ,A13409,3.24E+00,9.60E-04,18125,NULL,268,0.00596
1792906,2026/8/13 08:58,MW2045B27974,A25,NULL,8,NULL,A23878,3.24E+00,8.40E-04,18812,NULL,268,-0.00377
1792905,2026/8/13 08:58,MW2045B27694,A24,NULL,7,                    ,A13409,3.24E+00,9.90E-04,18241,NULL,268,0.00215
1792904,2026/8/13 08:58,MW2045B51108,ANZ,NULL,18,NULL,A23878,3.24E+00,7.00E-04,18685,NULL,268,-0.02169
1792903,2026/8/13 08:57,MW2045B27682,A24,NULL,7,                    ,A13409,3.24E+00,9.20E-04,18237,NULL,268,-0.01012
1792902,2026/8/13 08:57,MW2045B27973,A24,NULL,7,NULL,A23878,3.24E+00,1.05E-03,18774,NULL,268,-0.01827
1792901,2026/8/13 08:57,MW2045B27693,A23,NULL,6,                    ,A13409,3.24E+00,9.40E-04,18243,NULL,268,-0.00691
1792900,2026/8/13 08:57,MW2044B16406,A26,NULL,9,NULL,A23878,3.24E+00,8.20E-04,18774,NULL,268,-0.01902
1792899,2026/8/13 08:57,MW2045B22604,C24,NULL,24,                    ,A13409,3.24E+00,1.06E-03,18185,NULL,268,-0.02649
1792898,2026/8/13 08:56,MW2044B15359,ANZ,NULL,18,NULL,A00917,3.24E+00,7.30E-04,18559,NULL,268,0.0001
1792897,2026/8/13 08:56,MW2045B27436,A24,NULL,7,                    ,A13409,3.24E+00,9.70E-04,18401,NULL,268,-0.0192
1792896,2026/8/13 08:56,MW2044B15358,ANZ,NULL,18,NULL,A00917,3.24E+00,7.40E-04,18347,NULL,268,-0.03519
1792895,2026/8/13 08:56,MW2045B22613,A24,NULL,7,                    ,A13409,3.24E+00,1.11E-03,18137,NULL,268,-0.03152
1792894,2026/8/13 08:55,MW2044B15357,ANZ,NULL,18,NULL,A00917,3.24E+00,7.10E-04,18510,NULL,268,-0.02672
1792893,2026/8/13 08:55,MW2045B22592,A23,NULL,6,                    ,A13409,3.24E+00,1.17E-03,18221,NULL,268,-0.00232
1792892,2026/8/13 08:55,MW2044B15592,A24,NULL,7,NULL,A00917,3.24E+00,8.90E-04,18556,NULL,268,-0.00764
1792891,2026/8/13 08:55,MW2045B22615,A24,NULL,7,                    ,A13409,3.24E+00,1.08E-03,18298,NULL,268,-0.03351
1792890,2026/8/13 08:55,MW2045B54010,A25,NULL,8,                    ,A17852,3.24E+00,8.20E-04,18239,NULL,268,-0.02331
1792889,2026/8/13 08:55,MW2044B15584,A23,NULL,6,NULL,A00917,3.24E+00,8.90E-04,18617,NULL,268,-0.0114
1792888,2026/8/13 08:54,MW2044B15588,A24,NULL,7,                    ,A17852,3.24E+00,9.50E-04,18269,NULL,268,-0.02541
1792887,2026/8/13 08:54,MW2044B15585,A24,NULL,7,NULL,A00917,3.24E+00,8.70E-04,18530,NULL,268,-0.10061
1792886,2026/8/13 08:54,MW2045B54009,A25,NULL,8,                    ,A17852,3.24E+00,8.70E-04,18281,NULL,268,0.00311
1792885,2026/8/13 08:54,MW2044B15586,A24,NULL,7,NULL,A00917,3.24E+00,8.10E-04,18496,NULL,268,-0.02221
1792884,2026/8/13 08:53,MW2045B54007,A25,NULL,8,                    ,A17852,3.24E+00,8.60E-04,18277,NULL,268,-0.02521
1792883,2026/8/13 08:53,MW2045B41518,C24,NULL,24,NULL,A00917,3.24E+00,8.70E-04,18756,NULL,268,-0.10085
1792882,2026/8/13 08:53,MW2044B15384,A24,NULL,7,                    ,A17852,3.24E+00,1.10E-03,18084,NULL,268,0.00978
1792881,2026/8/13 08:53,MW2045B42713,A24,NULL,7,NULL,A00917,3.24E+00,9.00E-04,18730,NULL,268,-0.66035
1792880,2026/8/13 08:53,MW2045B42814,A25,NULL,8,                    ,A17852,3.24E+00,1.02E-03,18283,NULL,268,-0.02586
1792879,2026/8/13 08:52,MW2045B42718,C22,NULL,22,NULL,A00917,3.24E+00,1.02E-03,18686,NULL,268,-0.01678
1792878,2026/8/13 08:52,MW2045B42815,A26,NULL,9,                    ,A17852,3.24E+00,1.02E-03,18070,NULL,268,-0.02388
1792877,2026/8/13 08:52,MW2045B42711,A22,NULL,5,NULL,A00917,3.24E+00,1.15E-03,18762,NULL,268,-0.02135
1792876,2026/8/13 08:52,MW2044B15383,C24,NULL,24,                    ,A17852,3.24E+00,9.30E-04,18143,NULL,268,-0.01984
1792875,2026/8/13 08:51,MW2045B26143,C24,NULL,24,NULL,A00917,3.24E+00,9.00E-04,18888,NULL,268,-0.10723
1792874,2026/8/13 08:51,MW2045B42812,A24,NULL,7,                    ,A17852,3.24E+00,1.08E-03,18049,NULL,268,-0.10951
1792873,2026/8/13 08:51,MW2045B45741,A23,NULL,6,NULL,A21747,3.24E+00,9.80E-04,18667,NULL,268,-0.16301
1792872,2026/8/13 08:51,MW2044B15380,A24,NULL,7,                    ,A17852,3.24E+00,1.01E-03,18286,NULL,268,-0.03249
1792871,2026/8/13 08:50,MW2045B42225,A23,NULL,6,NULL,A21747,3.24E+00,8.40E-04,18691,NULL,268,-0.10157
1792870,2026/8/13 08:50,MW2045B42813,A24,NULL,7,                    ,A17852,3.24E+00,1.09E-03,18143,NULL,268,-0.12882
1792869,2026/8/13 08:50,MW2045B42811,A25,NULL,8,                    ,A17852,3.24E+00,1.14E-03,18280,NULL,268,-0.26821
1792868,2026/8/13 08:50,MW2045B45841,A22,NULL,5,NULL,A21747,3.24E+00,1.12E-03,18657,NULL,268,-0.14404
1792867,2026/8/13 08:50,MW2045B38398,A26,NULL,9,                    ,A20915,3.24E+00,9.80E-04,18303,NULL,268,-0.10152
1792866,2026/8/13 08:50,MW2045B42216,A23,NULL,6,NULL,A21747,3.24E+00,9.20E-04,18720,NULL,268,-0.12338
1792865,2026/8/13 08:49,MW2045B38394,A26,NULL,9,                    ,A20915,3.24E+00,9.90E-04,18360,NULL,268,-0.1453
1792864,2026/8/13 08:49,MW2045B45840,A23,NULL,6,NULL,A21747,3.24E+00,9.70E-04,18516,NULL,268,0.00924
1792863,2026/8/13 08:49,MW2045B22560,A23,NULL,6,                    ,A20915,3.24E+00,9.70E-04,18376,NULL,268,-0.05464
1792862,2026/8/13 08:49,MW2045B42217,A24,NULL,7,NULL,A21747,3.24E+00,9.70E-04,18831,NULL,268,-0.01962
1792861,2026/8/13 08:48,MW2045B22561,A22,NULL,5,                    ,A20915,3.24E+00,1.11E-03,18235,NULL,268,-0.00183
1792860,2026/8/13 08:48,MW2045B42218,B23,NULL,13,NULL,A21747,3.24E+00,1.07E-03,18587,NULL,268,-0.01914
1792859,2026/8/13 08:48,MW2045B38410,A26,NULL,9,                    ,A20915,3.24E+00,9.40E-04,18407,NULL,268,-0.00209
1792858,2026/8/13 08:48,MW2045B43290,A26,NULL,9,NULL,A21747,3.24E+00,1.05E-03,18830,NULL,268,-0.02037
1792857,2026/8/13 08:48,MW2045B22565,A22,NULL,5,                    ,A20915,3.24E+00,1.10E-03,18300,NULL,268,-0.01031
1792856,2026/8/13 08:47,MW2045B34887,A25,NULL,8,NULL,A21747,3.24E+00,9.70E-04,18653,NULL,268,-0.01628
1792855,2026/8/13 08:47,MW2045B22566,A23,NULL,6,                    ,A20915,3.24E+00,1.05E-03,18431,NULL,268,-0.01277
1792854,2026/8/13 08:47,MW2045B43289,A26,NULL,9,NULL,A21747,3.24E+00,9.90E-04,18742,NULL,268,-0.00569
1792853,2026/8/13 08:47,MW2045B22567,A23,NULL,6,                    ,A20915,3.24E+00,1.02E-03,18311,NULL,268,-0.00025
1792852,2026/8/13 08:46,MW2045B34888,A24,NULL,7,NULL,A21747,3.24E+00,9.90E-04,18743,NULL,268,0.00108
1792851,2026/8/13 08:46,MW2044B16389,A26,NULL,9,                    ,A20915,3.24E+00,9.40E-04,18457,NULL,268,-0.02272
1792850,2026/8/13 08:46,MW2045B42277,A23,NULL,6,NULL,A21747,3.24E+00,8.50E-04,18742,NULL,268,-0.00686
1792849,2026/8/13 08:46,MW2045B22569,C23,NULL,23,                    ,A20915,3.24E+00,1.00E-03,18277,NULL,268,-0.01191
1792848,2026/8/13 08:46,MW2044B16390,A26,NULL,9,                    ,A20915,3.24E+00,9.50E-04,18436,NULL,268,-0.02848
1792847,2026/8/13 08:46,MW2045B37326,A24,NULL,7,NULL,A13490,3.24E+00,9.00E-04,18877,NULL,268,-0.00222
1792846,2026/8/13 08:45,MW2045B22588,C23,NULL,23,                    ,A20915,3.24E+00,9.90E-04,18389,NULL,268,-0.01084
1792845,2026/8/13 08:45,MW2044B25248,O,NULL,1,NULL,A13490,0.00E+00,0.00E+00,18551,NULL,268,0.00178
1792844,2026/8/13 08:45,MW2045B55470,A27,NULL,10,                    ,A15645,3.24E+00,8.70E-04,18277,NULL,268,-0.00491
1792843,2026/8/13 08:44,MW2045B58888,A26,NULL,9,                    ,A15645,3.24E+00,8.40E-04,18178,NULL,268,-0.0118
1792842,2026/8/13 08:44,MW2045B58890,A26,NULL,9,                    ,A15645,3.24E+00,8.20E-04,18108,NULL,268,-0.01319
1792841,2026/8/13 08:44,MW2044B25080,C25,NULL,25,                    ,A15645,3.24E+00,9.60E-04,18145,NULL,268,-0.01328
1792840,2026/8/13 08:43,MW2045B42292,A23,NULL,6,                    ,A15645,3.24E+00,1.19E-03,18366,NULL,268,-0.00898
1792839,2026/8/13 08:43,MW2044B25247,A25,NULL,8,NULL,A13490,3.24E+00,9.00E-04,18551,NULL,268,-0.00742
1792838,2026/8/13 08:43,MW2044B25081,C25,NULL,25,                    ,A15645,3.24E+00,1.02E-03,18076,NULL,268,0.00156
1792837,2026/8/13 08:42,MW2044B25114,ANZ,NULL,18,NULL,A13490,3.24E+00,7.40E-04,18439,NULL,268,-0.03338
1792836,2026/8/13 08:42,MW2044B25074,C25,NULL,25,                    ,A15645,3.24E+00,9.50E-04,18366,NULL,268,0.00104
1792835,2026/8/13 08:42,MW2044B25243,A26,NULL,9,                    ,A15645,3.24E+00,9.50E-04,18223,NULL,268,-0.01042
1792834,2026/8/13 08:42,MW2044B25115,ANZ,NULL,18,NULL,A13490,3.24E+00,7.40E-04,18364,NULL,268,-0.02707
1792833,2026/8/13 08:41,MW2045B58437,A26,NULL,9,                    ,A15645,3.24E+00,9.30E-04,18168,NULL,268,-0.00187
1792832,2026/8/13 08:41,MW2044B25109,ANZ,NULL,18,NULL,A13490,3.24E+00,8.00E-04,18524,NULL,268,-0.02103
1792831,2026/8/13 08:41,MW2045B37317,A25,NULL,8,                    ,A15645,3.24E+00,9.60E-04,18104,NULL,268,-0.15459
1792830,2026/8/13 08:41,MW2044B25134,A26,NULL,9,NULL,A13490,3.24E+00,9.00E-04,18577,NULL,268,-0.0012
1792829,2026/8/13 08:41,MW2045B41125,A24,NULL,7,                    ,A15645,3.24E+00,1.07E-03,18306,NULL,268,-0.02717
1792828,2026/8/13 08:41,MW2044B25135,A26,NULL,9,NULL,A13490,3.24E+00,8.70E-04,18553,NULL,268,-0.11703
1792827,2026/8/13 08:40,MW2044B25052,C25,NULL,25,                    ,A15645,3.24E+00,9.80E-04,18169,NULL,268,-0.12323
1792826,2026/8/13 08:40,MW2044B25246,ANZ,NULL,18,NULL,A13490,3.24E+00,7.20E-04,18641,NULL,268,-0.01948
1792825,2026/8/13 08:40,MW2045B42205,B22,NULL,12,                    ,A07433,3.24E+00,1.38E-03,18378,NULL,268,-0.02516
1792824,2026/8/13 08:40,MW2044B25245,A26,NULL,9,NULL,A13490,3.24E+00,8.60E-04,18579,NULL,268,-0.01484
1792823,2026/8/13 08:40,MW2045B42206,B22,NULL,12,                    ,A07433,3.24E+00,1.35E-03,18152,NULL,268,-0.01675
1792822,2026/8/13 08:39,MW2044B25244,O,NULL,1,NULL,A13490,0.00E+00,0.00E+00,18448,NULL,268,-0.02416
1792821,2026/8/13 08:39,MW2045B42207,A22,NULL,5,                    ,A07433,3.24E+00,1.43E-03,18288,NULL,268,-0.01385
1792820,2026/8/13 08:39,MW2045B58449,A26,NULL,9,                    ,A07433,3.24E+00,8.20E-04,18259,NULL,268,-0.00291
1792819,2026/8/13 08:38,MW2045B55524,A26,NULL,9,                    ,A07433,3.24E+00,8.70E-04,18302,NULL,268,-0.01038
1792818,2026/8/13 08:38,MW2045B55523,CHH,NULL,20,                    ,A07433,3.23E+00,8.80E-04,17966,NULL,268,-0.00198
1792817,2026/8/13 08:37,MW2045B55410,A27,NULL,10,                    ,A07433,3.24E+00,8.70E-04,18224,NULL,268,-0.01568
1792816,2026/8/13 08:37,MW2045B55411,A27,NULL,10,                    ,A07433,3.24E+00,8.40E-04,18011,NULL,268,-0.01527
1792815,2026/8/13 08:37,MW2045B55421,A27,NULL,10,                    ,A07433,3.24E+00,8.40E-04,18084,NULL,268,
1792814,2026/8/13 08:36,MW2045B39068,A24,NULL,7,NULL,A13490,3.24E+00,9.70E-04,18732,NULL,268,-0.01039
1792813,2026/8/13 08:36,MW2045B55385,A26,NULL,9,                    ,A07433,3.24E+00,9.20E-04,18346,NULL,268,-0.00049
1792812,2026/8/13 08:36,MW2045B45593,A22,NULL,5,NULL,A19667,3.24E+00,1.36E-03,18735,NULL,268,-0.00197
1792811,2026/8/13 08:36,MW2045B55391,A27,NULL,10,                    ,A07433,3.24E+00,8.80E-04,18064,NULL,268,-0.0227
1792810,2026/8/13 08:36,MW2045B45744,A23,NULL,6,NULL,A19667,3.24E+00,1.20E-03,18432,NULL,268,-0.0174
1792809,2026/8/13 08:35,MW2045B55505,A27,NULL,10,                    ,A07433,3.24E+00,9.00E-04,18238,NULL,268,-0.0103
1792808,2026/8/13 08:35,MW2045B45595,A23,NULL,6,NULL,A19667,3.24E+00,1.21E-03,18702,NULL,268,-0.03595
1792807,2026/8/13 08:35,MW2045B47346,A26,NULL,9,                    ,A18432,3.24E+00,8.60E-04,18142,NULL,268,-0.02227
1792806,2026/8/13 08:35,MW2045B45773,B23,NULL,13,NULL,A19667,3.24E+00,1.10E-03,18639,NULL,268,-0.02158
1792805,2026/8/13 08:35,MW2045B07394,CHH,NULL,20,                    ,A18432,3.24E+00,8.50E-04,18174,NULL,268,-0.09432
1792804,2026/8/13 08:34,MW2045B45591,A21,NULL,4,NULL,A19667,3.24E+00,1.35E-03,18779,NULL,268,-0.15003
1792803,2026/8/13 08:34,MW2045B58568,C26,NULL,26,                    ,A18432,3.23E+00,8.60E-04,18286,NULL,268,-0.03928
1792802,2026/8/13 08:34,MW2045B45775,B23,NULL,13,NULL,A19667,3.24E+00,1.15E-03,18548,NULL,268,-0.01653
1792801,2026/8/13 08:34,MW2045B07167,A26,NULL,9,                    ,A18432,3.24E+00,9.20E-04,18240,NULL,268,-0.01848
1792800,2026/8/13 08:33,MW2045B45772,A23,NULL,6,NULL,A19667,3.24E+00,9.80E-04,18621,NULL,268,-0.01519
1792799,2026/8/13 08:33,MW2045B58569,A26,NULL,9,                    ,A18432,3.24E+00,8.70E-04,18273,NULL,268,-0.01235
1792798,2026/8/13 08:33,MW2045B58570,A26,NULL,9,                    ,A18432,3.24E+00,8.80E-04,18269,NULL,268,-0.01102
1792797,2026/8/13 08:33,MW2045B07439,O,NULL,1,NULL,A19667,0.00E+00,0.00E+00,18662,NULL,268,-0.0261
1792796,2026/8/13 08:32,MW2045B07418,ANZ,NULL,18,NULL,A19667,3.24E+00,7.70E-04,18783,NULL,268,-0.01719
1792795,2026/8/13 08:32,MW2045B55482,A26,NULL,9,                    ,A18432,3.24E+00,8.60E-04,18279,NULL,268,-0.01869
1792794,2026/8/13 08:29,MW2045B07418,ANZ,NULL,18,NULL,A19667,3.24E+00,7.70E-04,18783,NULL,268,-0.02784
1792793,2026/8/13 08:29,MW2045B55482,A26,NULL,9,                    ,A18432,3.24E+00,8.60E-04,18279,NULL,268,-0.01085
1792792,2026/8/13 08:28,MW2045B07418,ANZ,NULL,18,NULL,A19667,3.24E+00,7.70E-04,18783,NULL,268,-0.01355
1792791,2026/8/13 08:28,MW2045B45804,O,NULL,1,NULL,A19667,0.00E+00,0.00E+00,18649,NULL,268,0.00699
1792790,2026/8/13 08:28,MW2045B55482,A26,NULL,9,                    ,A18432,3.24E+00,8.60E-04,18279,NULL,268,-0.01024
1792789,2026/8/13 08:27,MW2045B55482,A26,NULL,9,                    ,A18432,3.24E+00,8.60E-04,18279,NULL,268,0.03167
1792788,2026/8/13 08:27,MW2045B34816,A26,NULL,9,                    ,A18432,3.24E+00,8.90E-04,18314,NULL,268,-0.02686
1792787,2026/8/13 08:27,MW2045B45803,O,NULL,1,NULL,A19667,0.00E+00,0.00E+00,18692,NULL,268,-0.00924
1792786,2026/8/13 08:27,MW2045B42271,B23,NULL,13,                    ,A18432,3.24E+00,9.20E-04,18238,NULL,268,-0.02642
1792785,2026/8/13 08:26,MW2045B43287,A26,NULL,9,                    ,A18432,3.24E+00,1.10E-03,18333,NULL,268,-0.01085
1792784,2026/8/13 08:26,MW2045B42276,A23,NULL,6,                    ,A18432,3.24E+00,1.14E-03,18163,NULL,268,0.00743
1792783,2026/8/13 08:25,MW2045B43288,A26,NULL,9,                    ,A18432,3.24E+00,1.24E-03,18210,NULL,268,-0.00128
1792782,2026/8/13 08:25,MW2045B42885,A24,NULL,7,                    ,A20101,3.24E+00,1.14E-03,18179,NULL,268,-0.00458
1792781,2026/8/13 08:25,MW2045B42884,A26,NULL,9,                    ,A20101,3.25E+00,1.02E-03,17888,NULL,268,0.02526
1792780,2026/8/13 08:24,MW2044B08884,A24,NULL,7,                    ,A20101,3.24E+00,9.80E-04,18289,NULL,268,0.00388
1792779,2026/8/13 08:24,MW2045B42843,C25,NULL,25,                    ,A20101,3.24E+00,1.14E-03,18257,NULL,268,-0.02464
1792778,2026/8/13 08:24,MW2045B34895,A25,NULL,8,                    ,A20101,3.24E+00,1.08E-03,18313,NULL,268,-0.0015
1792777,2026/8/13 08:23,MW2045B45774,C21,NULL,21,                    ,A20101,3.24E+00,1.24E-03,18154,NULL,268,-0.01828
1792776,2026/8/13 08:23,MW2045B43176,A26,NULL,9,                    ,A20101,3.24E+00,1.15E-03,18313,NULL,268,-0.00335
1792775,2026/8/13 08:22,MW2045B45588,A21,NULL,4,NULL,A19667,3.24E+00,1.21E-03,18640,NULL,268,-0.01356
1792774,2026/8/13 08:22,MW2045B45780,A22,NULL,5,                    ,A20101,3.24E+00,1.10E-03,18132,NULL,268,-0.01124
1792773,2026/8/13 08:22,MW2045B34813,ANZ,NULL,18,NULL,A17909,3.24E+00,7.20E-04,18665,NULL,268,-0.01104
1792772,2026/8/13 08:22,MW2045B43175,A25,NULL,8,                    ,A20101,3.24E+00,1.18E-03,18250,NULL,268,-0.00978
1792771,2026/8/13 08:21,MW2045B39081,C26,NULL,26,NULL,A17909,3.24E+00,9.50E-04,18722,NULL,268,-0.02052
1792770,2026/8/13 08:21,MW2045B36531,A23,NULL,6,                    ,A20101,3.24E+00,1.07E-03,18161,NULL,268,-0.01857
1792769,2026/8/13 08:21,MW2045B43859,A27,NULL,10,                    ,A20101,3.24E+00,8.40E-04,18336,NULL,268,-0.01751
1792768,2026/8/13 08:21,MW2045B10128,ANZ,NULL,18,NULL,A17909,3.24E+00,8.00E-04,18535,NULL,268,-0.01927
1792767,2026/8/13 08:21,MW2045B36532,A23,NULL,6,                    ,A20101,3.24E+00,1.07E-03,18134,NULL,268,-0.0184
1792766,2026/8/13 08:21,MW2045B39066,C25,NULL,25,NULL,A17909,3.24E+00,9.40E-04,18586,NULL,268,-0.01843
1792765,2026/8/13 08:20,MW2045B43858,A25,NULL,8,                    ,A23949,3.24E+00,1.02E-03,18348,NULL,268,-0.00998
1792764,2026/8/13 08:20,MW2045B10127,ANZ,NULL,18,NULL,A17909,3.24E+00,7.80E-04,18655,NULL,268,-0.02636
1792763,2026/8/13 08:20,MW2045B43812,A25,NULL,8,                    ,A23949,3.24E+00,1.17E-03,18351,NULL,268,-0.02763
1792762,2026/8/13 08:20,MW2045B39067,C24,NULL,24,NULL,A17909,3.24E+00,9.80E-04,18543,NULL,268,-0.0264
1792761,2026/8/13 08:19,MW2045B43291,A24,NULL,7,                    ,A23949,3.24E+00,1.22E-03,18296,NULL,268,-0.02485
1792760,2026/8/13 08:19,MW2045B10126,ANZ,NULL,18,NULL,A17909,3.24E+00,8.00E-04,18405,NULL,268,-0.01026
1792759,2026/8/13 08:19,MW2045B55618,A26,NULL,9,                    ,A23949,3.24E+00,8.40E-04,18221,NULL,268,-0.01601
1792758,2026/8/13 08:19,MW2045B10125,ANZ,NULL,18,NULL,A17909,3.24E+00,7.40E-04,18531,NULL,268,-0.01262
1792757,2026/8/13 08:19,MW2045B58880,A26,NULL,9,                    ,A23949,3.24E+00,8.30E-04,18003,NULL,268,-0.0112
1792756,2026/8/13 08:18,MW2045B10124,ANZ,NULL,18,NULL,A17909,3.24E+00,7.90E-04,18683,NULL,268,-0.01235
1792755,2026/8/13 08:18,MW2045B36554,C24,NULL,24,                    ,A23949,3.24E+00,1.01E-03,18310,NULL,268,-0.01085
1792754,2026/8/13 08:18,MW2045B10123,A26,NULL,9,NULL,A17909,3.24E+00,8.10E-04,18607,NULL,268,-0.05205
1792753,2026/8/13 08:18,MW2045B47213,A26,NULL,9,                    ,A23949,3.24E+00,9.40E-04,18206,NULL,268,-0.00924
1792752,2026/8/13 08:17,MW2045B10122,ANZ,NULL,18,NULL,A17909,3.24E+00,7.60E-04,18552,NULL,268,-0.01401
1792751,2026/8/13 08:17,MW2045B47212,A26,NULL,9,                    ,A23949,3.24E+00,9.10E-04,18230,NULL,268,-0.01073
1792750,2026/8/13 08:17,MW2045B47211,A26,NULL,9,                    ,A23949,3.24E+00,9.90E-04,18314,NULL,268,-0.02672
1792749,2026/8/13 08:17,MW2045B10399,ANZ,NULL,18,NULL,A17909,3.24E+00,7.50E-04,18600,NULL,268,-0.01355
1792748,2026/8/13 08:16,MW2045B34743,A26,NULL,9,                    ,A23949,3.24E+00,9.50E-04,18146,NULL,268,-0.01999
1792747,2026/8/13 08:16,MW2045B54268,ANZ,NULL,18,NULL,A07577,3.24E+00,7.50E-04,18603,NULL,268,-0.00969
1792746,2026/8/13 08:16,MW2045B34744,A26,NULL,9,                    ,A23949,3.24E+00,9.30E-04,18215,NULL,268,-0.00779
1792745,2026/8/13 08:16,MW2045B45839,B21,NULL,11,NULL,A07577,3.24E+00,1.19E-03,18655,NULL,268,-0.03792
1792744,2026/8/13 08:16,MW2045B34745,A26,NULL,9,                    ,A23949,3.24E+00,1.07E-03,18197,NULL,268,-0.02307
1792743,2026/8/13 08:15,MW2045B54260,ANZ,NULL,18,NULL,A07577,3.24E+00,7.60E-04,18554,NULL,268,-0.01977
1792742,2026/8/13 08:15,MW2045B27832,A23,NULL,6,                    ,A20926,3.24E+00,1.08E-03,18405,NULL,268,
1792741,2026/8/13 08:15,MW2045B45844,B25,NULL,15,NULL,A07577,3.24E+00,8.90E-04,18553,NULL,268,0.00086
1792740,2026/8/13 08:15,MW2045B41122,A25,NULL,8,                    ,A20926,3.24E+00,1.00E-03,18126,NULL,268,-0.00421
1792739,2026/8/13 08:15,MW2045B34869,ANZ,NULL,18,NULL,A07577,3.24E+00,7.40E-04,18808,NULL,268,-0.00136
1792738,2026/8/13 08:14,MW2045B27473,A23,NULL,6,                    ,A20926,3.24E+00,1.05E-03,18482,NULL,268,-0.00183
1792737,2026/8/13 08:14,MW2045B45719,A25,NULL,8,NULL,A07577,3.24E+00,9.10E-04,18674,NULL,268,-0.00674
1792736,2026/8/13 08:14,MW2045B42707,A23,NULL,6,                    ,A20926,3.24E+00,1.29E-03,18353,NULL,268,-0.00044
1792735,2026/8/13 08:14,MW2045B45739,C22,NULL,22,NULL,A07577,3.24E+00,9.80E-04,18667,NULL,268,-0.00752
1792734,2026/8/13 08:14,MW2045B27472,A24,NULL,7,                    ,A20926,3.24E+00,1.01E-03,18389,NULL,268,-0.00928
1792733,2026/8/13 08:13,MW2045B45845,A25,NULL,8,NULL,A07577,3.24E+00,8.50E-04,18424,NULL,268,-0.00617
1792732,2026/8/13 08:13,MW2045B42705,A25,NULL,8,                    ,A20926,3.24E+00,1.06E-03,18272,NULL,268,-0.13732
1792731,2026/8/13 08:13,MW2045B42136,A24,NULL,7,NULL,A07577,3.24E+00,9.50E-04,18439,NULL,268,-0.01198
1792730,2026/8/13 08:13,MW2045B27471,A23,NULL,6,                    ,A20926,3.24E+00,9.90E-04,18389,NULL,268,-0.00627
1792729,2026/8/13 08:12,MW2045B27470,A24,NULL,7,                    ,A20926,3.24E+00,9.70E-04,18526,NULL,268,-0.00866
1792728,2026/8/13 08:12,MW2045B45737,A22,NULL,5,NULL,A07577,3.24E+00,9.60E-04,18613,NULL,268,-0.00563
1792727,2026/8/13 08:12,MW2045B27468,A24,NULL,7,                    ,A20926,3.24E+00,9.70E-04,18333,NULL,268,
1792726,2026/8/13 08:12,MW2045B45745,A25,NULL,8,NULL,A07577,3.24E+00,9.90E-04,18671,NULL,268,0.00167
1792725,2026/8/13 08:12,MW2045B42706,A24,NULL,7,                    ,A20926,3.24E+00,1.09E-03,18270,NULL,268,-0.02577
1792724,2026/8/13 08:11,MW2045B42224,A23,NULL,6,NULL,A07577,3.23E+00,1.08E-03,18520,NULL,268,0.00436
1792723,2026/8/13 08:11,MW2045B42708,A24,NULL,7,                    ,A20926,3.24E+00,9.80E-04,18261,NULL,268,0.00031
1792722,2026/8/13 08:11,MW2045B47312,A27,NULL,10,NULL,A19937,3.24E+00,8.70E-04,18807,NULL,268,-0.01944
1792721,2026/8/13 08:11,MW2045B42719,A23,NULL,6,                    ,A20926,3.24E+00,1.15E-03,18012,NULL,268,-0.01204
1792720,2026/8/13 08:11,MW2045B47311,A26,NULL,9,NULL,A19937,3.24E+00,8.60E-04,18874,NULL,268,-0.00713
1792719,2026/8/13 08:10,MW2045B58518,A26,NULL,9,                    ,A11165,3.24E+00,8.30E-04,18188,NULL,268,-0.01125
1792718,2026/8/13 08:10,MW2045B07387,ANZ,NULL,18,NULL,A19937,3.24E+00,7.20E-04,18833,NULL,268,-0.00734
1792717,2026/8/13 08:10,MW2045B58519,A26,NULL,9,                    ,A11165,3.24E+00,8.30E-04,18225,NULL,268,0.01034
1792716,2026/8/13 08:10,MW2045B47297,A26,NULL,9,NULL,A19937,3.24E+00,8.70E-04,18802,NULL,268,0.00741
1792715,2026/8/13 08:10,MW2045B55617,A27,NULL,10,                    ,A11165,3.24E+00,8.70E-04,18362,NULL,268,-0.00067
1792714,2026/8/13 08:09,MW2045B47294,A27,NULL,10,NULL,A19937,3.24E+00,8.70E-04,18915,NULL,268,-0.00281
1792713,2026/8/13 08:09,MW2045B55629,CHH,NULL,20,                    ,A11165,3.24E+00,8.60E-04,18332,NULL,268,-0.03152
1792712,2026/8/13 08:09,MW2045B34890,ANZ,NULL,18,NULL,A19937,3.24E+00,7.40E-04,18721,NULL,268,-0.02331
1792711,2026/8/13 08:09,MW2045B55624,A27,NULL,10,                    ,A11165,3.24E+00,8.10E-04,18401,NULL,268,-0.03118
1792710,2026/8/13 08:08,MW2045B34878,ANZ,NULL,18,NULL,A19937,3.24E+00,7.70E-04,18664,NULL,268,-0.00924
1792709,2026/8/13 08:08,MW2045B07222,C26,NULL,26,                    ,A11165,3.23E+00,8.70E-04,18227,NULL,268,-0.01085
1792708,2026/8/13 08:08,MW2045B34877,ANZ,NULL,18,NULL,A19937,3.24E+00,7.70E-04,18645,NULL,268,-0.00173
1792707,2026/8/13 08:08,MW2045B34834,C26,NULL,26,                    ,A11165,3.23E+00,9.30E-04,18376,NULL,268,-0.00267
1792706,2026/8/13 08:07,MW2045B34876,ANZ,NULL,18,NULL,A19937,3.24E+00,7.70E-04,18635,NULL,268,-0.01269
1792705,2026/8/13 07:48,MW2045B34863,A26,NULL,9,                    ,A11165,3.24E+00,9.50E-04,18427,NULL,268,0.00435
1792704,2026/8/13 07:48,MW2045B47316,A26,NULL,9,NULL,A19937,3.24E+00,8.30E-04,18809,NULL,268,-0.0058
1792703,2026/8/13 07:48,MW2045B34858,A27,NULL,10,                    ,A11165,3.24E+00,9.50E-04,18361,NULL,268,-0.00162
1792702,2026/8/13 07:47,MW2045B07275,CHH,NULL,20,NULL,A19937,3.24E+00,8.40E-04,18632,NULL,268,-0.02901
1792701,2026/8/13 07:47,MW2045B45599,A21,NULL,4,                    ,A11165,3.24E+00,1.43E-03,18143,NULL,268,-0.03067
1792700,2026/8/13 07:47,MW2045B07276,ANZ,NULL,18,NULL,A19937,3.24E+00,7.30E-04,18615,NULL,268,0.00658
1792699,2026/8/13 07:47,MW2045B45625,A21,NULL,4,                    ,A11165,3.24E+00,1.31E-03,18248,NULL,268,-0.0131
1792698,2026/8/13 07:46,MW2045B34859,A27,NULL,10,                    ,A11165,3.24E+00,8.90E-04,18235,NULL,268,-0.01868
1792697,2026/8/13 07:36,MW2045B58884,ANZ,NULL,18,NULL,A22261,3.24E+00,7.20E-04,18545,NULL,268,-0.01375
1792696,2026/8/13 07:35,MW2044B25054,A25,NULL,8,NULL,A22261,3.24E+00,8.50E-04,18474,NULL,268,0.00609
1792695,2026/8/13 07:35,MW2044B25089,A25,NULL,8,NULL,A22261,3.24E+00,9.00E-04,18686,NULL,268,-0.11226
1792694,2026/8/13 07:34,MW2044B25090,A25,NULL,8,NULL,A22261,3.24E+00,9.40E-04,18668,NULL,268,-0.11341
1792693,2026/8/13 07:34,MW2044B25093,A25,NULL,8,NULL,A22261,3.24E+00,9.00E-04,18666,NULL,268,0.11838
1792692,2026/8/13 07:33,MW2045B34946,A26,NULL,9,NULL,A22261,3.24E+00,8.40E-04,18792,NULL,268,-0.17686
1792691,2026/8/13 07:33,MW2045B34935,C26,NULL,26,NULL,A22261,3.24E+00,8.70E-04,18677,NULL,268,-0.11065
1792690,2026/8/13 07:33,MW2045B07373,ANZ,NULL,18,NULL,A22261,3.24E+00,7.40E-04,18686,NULL,268,-0.12762
1792689,2026/8/13 07:33,MW2045B07251,A26,NULL,9,                    ,A00056,3.24E+00,8.30E-04,18187,NULL,268,-0.14171
1792688,2026/8/13 07:32,MW2045B55518,A27,NULL,10,                    ,A00056,3.24E+00,9.70E-04,18294,NULL,268,0.00148
1792687,2026/8/13 07:32,MW2045B47351,ANZ,NULL,18,NULL,A22261,3.24E+00,7.70E-04,18750,NULL,268,-0.1576
1792686,2026/8/13 07:32,MW2045B07379,A26,NULL,9,                    ,A00056,3.24E+00,8.30E-04,18310,NULL,268,-0.02406
1792685,2026/8/13 07:32,MW2045B47352,ANZ,NULL,18,NULL,A22261,3.24E+00,7.20E-04,18438,NULL,268,-0.01756
1792684,2026/8/13 07:31,MW2045B07196,A26,NULL,9,                    ,A00056,3.24E+00,8.30E-04,18230,NULL,268,0.00646
1792683,2026/8/13 07:31,MW2045B47353,A26,NULL,9,NULL,A22261,3.24E+00,8.40E-04,18628,NULL,268,-0.023
1792682,2026/8/13 07:31,MW2045B55544,A26,NULL,9,                    ,A00056,3.24E+00,8.40E-04,17967,NULL,268,-0.02866
1792681,2026/8/13 07:31,MW2045B34812,ANZ,NULL,18,NULL,A22261,3.24E+00,8.00E-04,18576,NULL,268,-0.02429
1792680,2026/8/13 07:31,MW2045B55547,C26,NULL,26,                    ,A00056,3.24E+00,8.80E-04,18306,NULL,268,-0.02452
1792679,2026/8/13 07:30,MW2044B08883,A25,NULL,8,NULL,A10247,3.24E+00,8.70E-04,18505,NULL,268,-0.02377
1792678,2026/8/13 07:30,MW2045B34658,A23,NULL,6,                    ,A00056,3.24E+00,1.08E-03,18232,NULL,268,-0.0057
1792677,2026/8/13 07:30,MW2045B42879,A26,NULL,9,NULL,A10247,3.24E+00,9.00E-04,18671,NULL,268,0.00398
1792676,2026/8/13 07:30,MW2045B07406,A26,NULL,9,                    ,A00056,3.24E+00,8.10E-04,18351,NULL,268,-0.00409
1792675,2026/8/13 07:29,MW2045B34734,C25,NULL,25,                    ,A00056,3.23E+00,8.70E-04,18373,NULL,268,8.00E-05
1792674,2026/8/13 07:29,MW2044B08792,A25,NULL,8,NULL,A10247,3.24E+00,9.60E-04,18412,NULL,268,-0.02006
1792673,2026/8/13 07:29,MW2045B34990,A25,NULL,8,                    ,A00056,3.24E+00,9.20E-04,18229,NULL,268,0.00699
1792672,2026/8/13 07:29,MW2044B08795,A25,NULL,8,NULL,A10247,3.24E+00,9.20E-04,18436,NULL,268,-0.02331
1792671,2026/8/13 07:29,MW2045B34720,A24,NULL,7,                    ,A00056,3.23E+00,1.03E-03,18152,NULL,268,-0.05205
1792670,2026/8/13 07:28,MW2045B42877,C25,NULL,25,NULL,A10247,3.24E+00,9.90E-04,18749,NULL,268,-0.01416
1792669,2026/8/13 07:28,MW2045B34616,A25,NULL,8,                    ,A00056,3.24E+00,1.05E-03,18295,NULL,268,-0.00764
1792668,2026/8/13 07:28,MW2045B54079,ANZ,NULL,18,NULL,A10247,3.24E+00,7.40E-04,18678,NULL,268,-0.03118
1792667,2026/8/13 07:28,MW2045B45650,A22,NULL,5,                    ,A20673,3.24E+00,1.35E-03,18099,NULL,268,-0.03802
1792666,2026/8/13 07:28,MW2045B42881,A26,NULL,9,NULL,A10247,3.24E+00,1.01E-03,18600,NULL,268,-0.03802
1792665,2026/8/13 07:27,MW2045B47307,A26,NULL,9,                    ,A20673,3.24E+00,9.40E-04,18159,NULL,268,-0.00799
1792664,2026/8/13 07:27,MW2045B54078,ANZ,NULL,18,NULL,A10247,3.24E+00,7.80E-04,18770,NULL,268,-0.00891
1792663,2026/8/13 07:27,MW2045B45716,A24,NULL,7,                    ,A20673,3.24E+00,1.13E-03,17949,NULL,268,-0.01085
1792662,2026/8/13 07:27,MW2045B42908,A25,NULL,8,NULL,A10247,3.24E+00,1.02E-03,18536,NULL,268,-0.01707
1792661,2026/8/13 07:27,MW2045B45714,A26,NULL,9,                    ,A20673,3.24E+00,1.08E-03,18076,NULL,268,-0.00924
1792660,2026/8/13 07:26,MW2045B45715,C26,NULL,26,                    ,A20673,3.24E+00,1.01E-03,18000,NULL,268,-0.0009
1792659,2026/8/13 07:26,MW2045B47344,B26,NULL,16,                    ,A20673,3.24E+00,9.50E-04,18097,NULL,268,-0.00234
1792658,2026/8/13 07:26,MW2045B45726,A24,NULL,7,                    ,A20673,3.24E+00,1.17E-03,18053,NULL,268,-0.0266
1792657,2026/8/13 07:25,MW2045B47343,B25,NULL,15,                    ,A20673,3.24E+00,9.60E-04,18026,NULL,268,-0.02852
1792656,2026/8/13 07:25,MW2045B45727,A27,NULL,10,                    ,A20673,3.24E+00,9.70E-04,18171,NULL,268,-0.03185
1792655,2026/8/13 07:25,MW2045B54084,ANZ,NULL,18,NULL,A10247,3.24E+00,7.20E-04,18496,NULL,268,-0.02441
1792654,2026/8/13 07:24,MW2045B43004,A26,NULL,9,                    ,A20673,3.24E+00,1.22E-03,18258,NULL,268,-0.02165
1792653,2026/8/13 07:24,MW2045B42867,A26,NULL,9,NULL,A10247,3.24E+00,9.30E-04,18632,NULL,268,-0.00917
1792652,2026/8/13 07:24,MW2045B45725,A27,NULL,10,                    ,A20673,3.24E+00,8.40E-04,18197,NULL,268,-0.01194
1792651,2026/8/13 07:24,MW2045B42868,A26,NULL,9,NULL,A10247,3.24E+00,9.60E-04,18634,NULL,268,-0.02213
1792650,2026/8/13 07:23,MW2045B43177,A26,NULL,9,                    ,A20673,3.24E+00,1.14E-03,18114,NULL,268,-0.0457
1792649,2026/8/13 07:23,MW2045B07263,A26,NULL,9,NULL,A16678,3.24E+00,8.50E-04,18638,NULL,268,
1792648,2026/8/13 07:23,MW2045B55469,ANZ,NULL,18,NULL,A16678,3.24E+00,6.90E-04,18634,NULL,268,-0.00191
1792647,2026/8/13 07:22,MW2045B55480,ANZ,NULL,18,NULL,A16678,3.24E+00,7.80E-04,18724,NULL,268,-0.02909
1792646,2026/8/13 07:22,MW2045B52423,B23,NULL,13,                    ,A19401,3.24E+00,9.60E-04,17955,NULL,268,-0.01611
1792645,2026/8/13 07:21,MW2045B55479,ANZ,NULL,18,NULL,A16678,3.24E+00,7.50E-04,18578,NULL,268,-0.00314
1792644,2026/8/13 07:21,MW2045B42285,A24,NULL,7,                    ,A19401,3.24E+00,1.24E-03,18375,NULL,268,-0.02534
1792643,2026/8/13 07:21,MW2045B55495,ANZ,NULL,18,NULL,A16678,3.24E+00,7.40E-04,18522,NULL,268,-0.01962
1792642,2026/8/13 07:20,MW2045B34974,A26,NULL,9,                    ,A19401,3.24E+00,1.00E-03,18435,NULL,268,-0.03086
1792641,2026/8/13 07:20,MW2045B34733,ANZ,NULL,18,NULL,A16678,3.24E+00,8.00E-04,18675,NULL,268,-0.02672
1792640,2026/8/13 07:20,MW2045B42309,B24,NULL,14,                    ,A19401,3.24E+00,1.24E-03,18274,NULL,268,-0.01421
1792639,2026/8/13 07:20,MW2045B34617,A23,NULL,6,NULL,A16678,3.24E+00,1.00E-03,18609,NULL,268,-0.02688
1792638,2026/8/13 07:20,MW2045B42286,B25,NULL,15,                    ,A19401,3.24E+00,8.30E-04,18270,NULL,268,-0.0111
1792637,2026/8/13 07:19,MW2045B58448,ANZ,NULL,18,NULL,A16678,3.24E+00,7.90E-04,18653,NULL,268,-0.00671
1792636,2026/8/13 07:19,MW2045B42287,B24,NULL,14,                    ,A19401,3.24E+00,1.18E-03,18278,NULL,268,-0.00645
1792635,2026/8/13 07:19,MW2045B55545,ANZ,NULL,18,NULL,A16678,3.24E+00,7.60E-04,18577,NULL,268,-0.01815
1792634,2026/8/13 07:19,MW2045B42284,B24,NULL,14,                    ,A19401,3.24E+00,1.28E-03,18331,NULL,268,-0.01391
1792633,2026/8/13 07:19,MW2045B34618,A23,NULL,6,NULL,A16678,3.24E+00,9.50E-04,18728,NULL,268,-0.00525
1792632,2026/8/13 07:18,MW2045B42288,B24,NULL,14,                    ,A19401,3.24E+00,1.20E-03,18264,NULL,268,-0.00937
1792631,2026/8/13 07:18,MW2045B55504,ANZ,NULL,18,NULL,A16678,3.24E+00,7.70E-04,18678,NULL,268,-0.00564
1792630,2026/8/13 07:18,MW2045B42269,B25,NULL,15,                    ,A19401,3.24E+00,1.21E-03,18356,NULL,268,0.00178
1792629,2026/8/13 07:18,MW2045B58258,A26,NULL,9,NULL,A16678,3.24E+00,9.10E-04,18670,NULL,268,-0.04615
1792628,2026/8/13 07:18,MW2045B42289,B23,NULL,13,                    ,A19401,3.24E+00,9.50E-04,18431,NULL,268,-0.01375
1792627,2026/8/13 07:17,MW2045B42270,A25,NULL,8,                    ,A19401,3.24E+00,1.23E-03,18379,NULL,268,-0.01072
1792626,2026/8/13 07:17,MW2045B09787,B25,NULL,15,NULL,A01216,3.24E+00,8.50E-04,18419,NULL,268,-0.00719
1792625,2026/8/13 07:17,MW2045B42290,B24,NULL,14,                    ,A19401,3.24E+00,8.50E-04,18259,NULL,268,0.00244
1792624,2026/8/13 07:17,MW2045B09868,ANZ,NULL,18,NULL,A01216,3.24E+00,7.30E-04,18666,NULL,268,-0.0177
1792623,2026/8/13 07:16,MW2045B47350,A25,NULL,8,                    ,A11398,3.24E+00,9.70E-04,18097,NULL,268,-0.0023
1792622,2026/8/13 07:16,MW2045B09856,A25,NULL,8,NULL,A01216,3.24E+00,8.20E-04,18602,NULL,268,-0.01296
1792621,2026/8/13 07:16,MW2045B34735,A25,NULL,8,                    ,A11398,3.24E+00,1.06E-03,18252,NULL,268,-0.00865
1792620,2026/8/13 07:16,MW2045B09830,ANZ,NULL,18,NULL,A01216,3.24E+00,7.90E-04,18653,NULL,268,0.00683
1792619,2026/8/13 07:16,MW2045B36519,C22,NULL,22,                    ,A11398,3.24E+00,1.11E-03,18122,NULL,268,-0.03102
1792618,2026/8/13 07:15,MW2045B09832,C25,NULL,25,NULL,A01216,3.24E+00,8.30E-04,18481,NULL,268,-0.04165
1792617,2026/8/13 07:15,MW2045B36546,C24,NULL,24,                    ,A11398,3.24E+00,1.01E-03,18452,NULL,268,-0.14228
1792616,2026/8/13 07:15,MW2044B01701,A27,NULL,10,NULL,A01216,3.24E+00,8.30E-04,18515,NULL,268,-0.10256
1792615,2026/8/13 07:15,MW2045B34767,A26,NULL,9,                    ,A11398,3.24E+00,1.01E-03,18368,NULL,268,-0.00799
1792614,2026/8/13 07:14,MW2045B09831,A24,NULL,7,NULL,A01216,3.24E+00,8.70E-04,18557,NULL,268,-0.10287
1792613,2026/8/13 07:14,MW2045B58251,A27,NULL,10,                    ,A11398,3.24E+00,8.70E-04,18181,NULL,268,0.0004
1792612,2026/8/13 07:14,MW2045B51086,ANZ,NULL,18,NULL,A01216,3.24E+00,7.80E-04,18568,NULL,268,0.00469
1792611,2026/8/13 07:14,MW2045B47293,A26,NULL,9,                    ,A11398,3.24E+00,9.70E-04,18294,NULL,268,-0.0144
1792610,2026/8/13 07:14,MW2045B09989,ANZ,NULL,18,NULL,A01216,3.24E+00,7.90E-04,18450,NULL,268,-0.00086
1792609,2026/8/13 07:13,MW2045B34786,A26,NULL,9,                    ,A11398,3.24E+00,9.50E-04,18188,NULL,268,-0.09643
1792608,2026/8/13 07:13,MW2045B42570,D23,NULL,29,NULL,A01216,3.24E+00,1.17E-03,18725,NULL,268,-0.0508
1792607,2026/8/13 07:13,MW2045B58248,A26,NULL,9,                    ,A11398,3.24E+00,9.90E-04,18306,NULL,268,-0.01416
1792606,2026/8/13 07:13,MW2045B09990,C25,NULL,25,NULL,A01216,3.24E+00,8.20E-04,18579,NULL,268,-0.0664
1792605,2026/8/13 07:13,MW2045B58246,A27,NULL,10,                    ,A11398,3.24E+00,8.70E-04,18193,NULL,268,-0.02649
1792604,2026/8/13 07:12,MW2045B58292,A26,NULL,9,                    ,A11398,3.24E+00,8.40E-04,18213,NULL,268,0.06307
1792603,2026/8/13 07:12,MW2045B09916,ANZ,NULL,18,NULL,A01216,3.24E+00,8.00E-04,18552,NULL,268,-0.01612
1792602,2026/8/13 07:12,MW2045B58253,A26,NULL,9,                    ,A11398,3.24E+00,1.01E-03,18495,NULL,268,-0.01463
1792601,2026/8/13 07:12,MW2045B52494,B23,NULL,13,NULL,A24906,3.24E+00,9.20E-04,18433,NULL,268,-0.00813
1792600,2026/8/13 07:12,MW2045B55451,A26,NULL,9,                    ,A20668,3.24E+00,8.30E-04,18377,NULL,268,-0.00725
1792599,2026/8/13 07:11,MW2044B26196,A25,NULL,8,                    ,A20668,3.24E+00,8.70E-04,18246,NULL,268,0.00205
1792598,2026/8/13 07:11,MW2045B52493,B23,NULL,13,NULL,A24906,3.24E+00,9.70E-04,18488,NULL,268,0.02403
1792597,2026/8/13 07:11,MW2044B26195,C25,NULL,25,                    ,A20668,3.24E+00,8.90E-04,18281,NULL,268,-0.20477
1792596,2026/8/13 07:10,MW2045B55541,ANZ,NULL,18,NULL,A24906,3.24E+00,7.90E-04,18634,NULL,268,0.03988
1792595,2026/8/13 07:10,MW2044B25169,A26,NULL,9,                    ,A20668,3.24E+00,9.40E-04,18394,NULL,268,-0.02377
1792594,2026/8/13 07:10,MW2045B58847,A26,NULL,9,NULL,A24906,3.24E+00,8.90E-04,18592,NULL,268,-0.00354
1792593,2026/8/13 07:10,MW2045B60680,A24,NULL,7,                    ,A20668,3.24E+00,8.60E-04,18146,NULL,268,-0.00502
1792592,2026/8/13 07:09,MW2045B55549,ANZ,NULL,18,NULL,A24906,3.24E+00,7.50E-04,18540,NULL,268,0.03867
1792591,2026/8/13 07:09,MW2045B60655,A25,NULL,8,                    ,A20668,3.24E+00,8.50E-04,18211,NULL,268,-0.02363
1792590,2026/8/13 07:09,MW2045B58845,B26,NULL,16,NULL,A24906,3.24E+00,8.70E-04,18687,NULL,268,-0.03533
1792589,2026/8/13 07:09,MW2045B60999,C23,NULL,23,                    ,A20668,3.24E+00,8.20E-04,18026,NULL,268,-0.02113
1792588,2026/8/13 07:08,MW2045B55546,ANZ,NULL,18,NULL,A24906,3.24E+00,7.70E-04,18618,NULL,268,-0.02202
1792587,2026/8/13 07:08,MW2044B25256,A26,NULL,9,                    ,A20668,3.24E+00,8.80E-04,18109,NULL,268,-0.00799
1792586,2026/8/13 07:08,MW2045B55543,ANZ,NULL,18,NULL,A24906,3.24E+00,7.50E-04,18523,NULL,268,-0.00924
1792585,2026/8/13 07:08,MW2044B25058,A26,NULL,9,                    ,A20668,3.24E+00,1.00E-03,18337,NULL,268,-0.02218
1792584,2026/8/13 07:08,MW2044B25059,C26,NULL,26,                    ,A20668,3.24E+00,1.01E-03,18164,NULL,268,-0.01436
1792583,2026/8/13 07:07,MW2045B34636,C25,NULL,25,NULL,A24906,3.24E+00,9.50E-04,18663,NULL,268,0.00135
1792582,2026/8/13 07:07,MW2044B25061,A26,NULL,9,                    ,A20668,3.24E+00,1.01E-03,18273,NULL,268,-0.12987
1792581,2026/8/13 07:07,MW2045B55540,ANZ,NULL,18,NULL,A24906,3.24E+00,7.40E-04,18632,NULL,268,-0.00238
1792580,2026/8/13 07:07,MW2044B25062,A26,NULL,9,                    ,A20668,3.24E+00,9.70E-04,18202,NULL,268,0.01337
1792579,2026/8/13 07:07,MW2045B58563,ANZ,NULL,18,NULL,A24906,3.24E+00,7.70E-04,18704,NULL,268,-0.0459
1792578,2026/8/13 07:06,MW2045B54263,A26,NULL,9,                    ,A24248,3.24E+00,8.30E-04,18220,NULL,268,-0.02156
1792577,2026/8/13 07:06,MW2045B34716,A26,NULL,9,NULL,A24906,3.24E+00,9.20E-04,18713,NULL,268,-0.01917
1792576,2026/8/13 07:06,MW2045B45723,A22,NULL,5,                    ,A24248,3.24E+00,1.30E-03,18201,NULL,268,-0.01744
1792575,2026/8/13 07:06,MW2045B31934,A25,NULL,8,NULL,A19598,3.24E+00,9.20E-04,18709,NULL,268,-0.01915
1792574,2026/8/13 07:05,MW2045B54262,A26,NULL,9,                    ,A24248,3.24E+00,8.90E-04,18311,NULL,268,-0.01875
1792573,2026/8/13 07:05,MW2045B45730,A26,NULL,9,                    ,A24248,3.24E+00,9.80E-04,18190,NULL,268,-0.01652
1792572,2026/8/13 07:05,MW2045B07183,A26,NULL,9,                    ,A24248,3.24E+00,9.20E-04,18179,NULL,268,-0.03734
1792571,2026/8/13 07:04,MW2045B07182,A27,NULL,10,                    ,A24248,3.24E+00,8.90E-04,18193,NULL,268,-0.02472
1792570,2026/8/13 07:04,MW2044B01702,ANZ,NULL,18,NULL,A19598,3.24E+00,7.60E-04,18571,NULL,268,-0.05036
1792569,2026/8/13 07:04,MW2045B42854,A26,NULL,9,                    ,A24248,3.24E+00,1.25E-03,18260,NULL,268,-0.03562
1792568,2026/8/13 07:04,MW2044B01596,A27,NULL,10,NULL,A19598,3.24E+00,8.40E-04,18612,NULL,268,-0.03152
1792567,2026/8/13 07:04,MW2045B42876,A26,NULL,9,                    ,A24248,3.24E+00,1.12E-03,18305,NULL,268,-0.03351
1792566,2026/8/13 07:03,MW2045B07274,A27,NULL,10,                    ,A24248,3.24E+00,8.80E-04,18147,NULL,268,-0.0187
1792565,2026/8/13 07:03,MW2044B01697,ANZ,NULL,18,NULL,A19598,3.24E+00,8.00E-04,18566,NULL,268,-0.0336
1792564,2026/8/13 07:03,MW2045B07272,CHH,NULL,20,                    ,A24248,3.24E+00,8.30E-04,18092,NULL,268,-0.00016
1792563,2026/8/13 07:03,MW2044B01694,A27,NULL,10,NULL,A19598,3.24E+00,8.10E-04,18593,NULL,268,-0.01998
1792562,2026/8/13 07:02,MW2045B07271,CHH,NULL,20,                    ,A24248,3.24E+00,9.00E-04,18184,NULL,268,-0.03357
1792561,2026/8/13 07:02,MW2045B32168,ANZ,NULL,18,NULL,A19598,3.24E+00,7.10E-04,18672,NULL,268,-0.0357
1792560,2026/8/13 07:02,MW2045B07287,A27,NULL,10,                    ,A24248,3.24E+00,8.20E-04,18102,NULL,268,-0.04567
1792559,2026/8/13 07:02,MW2045B32164,ANZ,NULL,18,NULL,A19598,3.24E+00,7.20E-04,18740,NULL,268,0.00706
1792558,2026/8/13 07:02,MW2045B32266,A25,NULL,8,                    ,A00486,3.24E+00,8.60E-04,18223,NULL,268,0.03707
1792557,2026/8/13 07:01,MW2045B32073,A25,NULL,8,NULL,A19598,3.24E+00,8.40E-04,18786,NULL,268,-0.02122
1792556,2026/8/13 07:01,MW2045B32268,A25,NULL,8,                    ,A00486,3.24E+00,8.70E-04,18262,NULL,268,0.00557
1792555,2026/8/13 07:01,MW2045B09963,A26,NULL,9,NULL,A19598,3.24E+00,9.10E-04,18757,NULL,268,-0.02777
1792554,2026/8/13 07:01,MW2044B01501,B26,NULL,16,                    ,A00486,3.24E+00,8.30E-04,18075,NULL,268,-0.02573
1792553,2026/8/13 07:00,MW2045B51912,ANZ,NULL,18,NULL,A19598,3.24E+00,7.70E-04,18764,NULL,268,0.04481
1792552,2026/8/13 07:00,MW2044B01498,B26,NULL,16,                    ,A00486,3.24E+00,8.40E-04,18203,NULL,268,-0.1408
1792551,2026/8/13 07:00,MW2045B32046,A25,NULL,8,NULL,A19598,3.24E+00,9.70E-04,18656,NULL,268,-0.00255
1792550,2026/8/13 07:00,MW2044B01594,A26,NULL,9,                    ,A00486,3.24E+00,8.70E-04,18314,NULL,268,-0.01982
1792549,2026/8/13 06:59,MW2045B51902,ANZ,NULL,18,NULL,A19598,3.24E+00,7.40E-04,18520,NULL,268,-0.00378
1792548,2026/8/13 06:59,MW2045B28130,A24,NULL,7,                    ,A00486,3.24E+00,9.80E-04,18293,NULL,268,-0.04626
1792547,2026/8/13 06:59,MW2045B45776,B23,NULL,13,NULL,A17472,3.24E+00,9.90E-04,18551,NULL,268,0.01062
1792546,2026/8/13 06:59,MW2044B01592,A26,NULL,9,                    ,A00486,3.24E+00,9.00E-04,18380,NULL,268,-0.03001
1792545,2026/8/13 06:59,MW2045B45767,A22,NULL,5,NULL,A17472,3.24E+00,1.10E-03,18579,NULL,268,-0.03001
1792544,2026/8/13 06:59,MW2045B28131,A23,NULL,6,                    ,A00486,3.24E+00,1.22E-03,18287,NULL,268,
1792543,2026/8/13 06:58,MW2045B09970,A26,NULL,9,                    ,A00486,3.24E+00,8.90E-04,18023,NULL,268,-0.01473
1792542,2026/8/13 06:58,MW2045B45769,B23,NULL,13,NULL,A17472,3.24E+00,1.13E-03,18580,NULL,268,-0.0187
1792541,2026/8/13 06:58,MW2045B09969,A25,NULL,8,                    ,A00486,3.24E+00,9.20E-04,18098,NULL,268,-0.00723
1792540,2026/8/13 06:58,MW2045B45768,A24,NULL,7,NULL,A17472,3.24E+00,1.03E-03,18569,NULL,268,
1792539,2026/8/13 06:57,MW2045B09968,A26,NULL,9,                    ,A00486,3.24E+00,9.70E-04,18132,NULL,268,-0.00964
1792538,2026/8/13 06:57,MW2045B45585,A24,NULL,7,NULL,A17472,3.24E+00,1.24E-03,18674,NULL,268,-8.00E-05
1792537,2026/8/13 06:57,MW2045B09967,A25,NULL,8,                    ,A00486,3.24E+00,9.40E-04,18052,NULL,268,-0.02887
1792536,2026/8/13 06:57,MW2045B45758,A23,NULL,6,NULL,A17472,3.24E+00,1.09E-03,18542,NULL,268,-0.00903
1792535,2026/8/13 06:57,MW2045B55560,A27,NULL,10,                    ,A21997,3.24E+00,8.80E-04,18200,NULL,268,-0.01262
1792534,2026/8/13 06:56,MW2045B45586,A22,NULL,5,NULL,A17472,3.24E+00,1.31E-03,18726,NULL,268,-0.0078
1792533,2026/8/13 06:56,MW2045B34969,C25,NULL,25,                    ,A21997,3.23E+00,9.40E-04,18268,NULL,268,-0.03009
1792532,2026/8/13 06:56,MW2045B45793,A23,NULL,6,NULL,A17472,3.24E+00,1.21E-03,18677,NULL,268,-0.00363
1792531,2026/8/13 06:56,MW2045B55571,A27,NULL,10,                    ,A21997,3.24E+00,8.70E-04,18105,NULL,268,-0.00286
1792530,2026/8/13 06:55,MW2045B45592,A22,NULL,5,NULL,A17472,3.24E+00,1.23E-03,18795,NULL,268,-0.03438
1792529,2026/8/13 06:55,MW2045B34968,A25,NULL,8,                    ,A21997,3.24E+00,9.40E-04,18420,NULL,268,-0.02979
1792528,2026/8/13 06:55,MW2045B55565,A27,NULL,10,                    ,A21997,3.24E+00,8.90E-04,18178,NULL,268,-0.01481
1792527,2026/8/13 06:55,MW2045B45792,A23,NULL,6,NULL,A17472,3.24E+00,1.20E-03,18704,NULL,268,-0.03012
1792526,2026/8/13 06:54,MW2045B47047,B25,NULL,15,                    ,A21997,3.24E+00,9.90E-04,18194,NULL,268,-0.02903
1792525,2026/8/13 06:54,MW2045B45584,A22,NULL,5,NULL,A17472,3.24E+00,1.23E-03,18723,NULL,268,-0.01143
1792524,2026/8/13 06:54,MW2045B47046,B25,NULL,15,                    ,A21997,3.24E+00,9.70E-04,18387,NULL,268,-0.03468
1792523,2026/8/13 06:54,MW2045B45748,A25,NULL,8,NULL,A17472,3.24E+00,9.40E-04,18656,NULL,268,-0.02165
1792522,2026/8/13 06:54,MW2045B34988,C26,NULL,26,                    ,A21997,3.23E+00,9.70E-04,18231,NULL,268,-0.02183
1792521,2026/8/13 06:54,MW2045B31984,ANZ,NULL,18,NULL,A21192,3.24E+00,7.80E-04,18542,NULL,268,-0.0099
1792520,2026/8/13 06:53,MW2045B34987,A26,NULL,9,                    ,A21997,3.24E+00,9.90E-04,18310,NULL,268,-0.00302
1792519,2026/8/13 06:53,MW2044B21740,B23,NULL,13,NULL,A21192,3.24E+00,8.70E-04,18617,NULL,268,0.00089
1792518,2026/8/13 06:53,MW2045B34971,C26,NULL,26,                    ,A21997,3.24E+00,9.80E-04,18326,NULL,268,-0.0171
1792517,2026/8/13 06:53,MW2045B32323,O,NULL,1,NULL,A21192,0.00E+00,0.00E+00,18482,NULL,268,0.00319
1792516,2026/8/13 06:52,MW2045B34752,C26,NULL,26,                    ,A21997,3.23E+00,9.70E-04,18134,NULL,268,-0.00042
1792515,2026/8/13 06:52,MW2045B34740,A25,NULL,8,                    ,NULL,3.24E+00,1.10E-03,18030,NULL,268,0.00299
1792514,2026/8/13 06:50,MW2045B27665,O,NULL,1,NULL,A21192,0.00E+00,0.00E+00,18532,NULL,268,
1792513,2026/8/13 06:50,MW2045B34782,A26,NULL,9,                    ,A00928,3.24E+00,9.90E-04,18330,NULL,268,-0.03019
1792512,2026/8/13 06:49,MW2045B58855,A26,NULL,9,                    ,A00928,3.24E+00,9.20E-04,18162,NULL,268,-0.04772
1792511,2026/8/13 06:49,MW2045B58853,A26,NULL,9,                    ,A00928,3.24E+00,9.40E-04,18376,NULL,268,-0.03425
1792510,2026/8/13 06:49,MW2045B47045,B25,NULL,15,                    ,A00928,3.24E+00,9.00E-04,18183,NULL,268,-0.01287
1792509,2026/8/13 06:48,MW2045B47081,B25,NULL,15,                    ,A00928,3.24E+00,9.60E-04,18085,NULL,268,-0.00987
1792508,2026/8/13 06:48,MW2045B32322,A25,NULL,8,NULL,A21192,3.24E+00,8.60E-04,18557,NULL,268,-0.03034
1792507,2026/8/13 06:48,MW2045B47077,B25,NULL,15,                    ,A00928,3.24E+00,9.50E-04,18085,NULL,268,-0.02712
1792506,2026/8/13 06:48,MW2045B32327,ANZ,NULL,18,NULL,A21192,3.24E+00,7.80E-04,18553,NULL,268,-0.01836
1792505,2026/8/13 06:47,MW2045B48700,B26,NULL,16,                    ,A00928,3.24E+00,8.10E-04,17948,NULL,268,-0.10841
1792504,2026/8/13 06:47,MW2045B32295,O,NULL,1,NULL,A21192,0.00E+00,0.00E+00,18438,NULL,268,-0.0253
1792503,2026/8/13 06:47,MW2045B48699,B25,NULL,15,                    ,A00928,3.24E+00,8.40E-04,17981,NULL,268,-0.02951
1792502,2026/8/13 06:47,MW2045B55562,A25,NULL,8,                    ,A00928,3.24E+00,8.20E-04,18255,NULL,268,-0.03336
1792501,2026/8/13 06:46,MW2045B55568,A25,NULL,8,                    ,A00928,3.24E+00,8.70E-04,18156,NULL,268,-0.14014
1792500,2026/8/13 06:46,MW2045B55447,C25,NULL,25,                    ,A00928,3.24E+00,8.40E-04,18327,NULL,268,-0.11013
1792499,2026/8/13 06:45,MW2045B55404,C26,NULL,26,                    ,A00928,3.24E+00,8.30E-04,18382,NULL,268,-0.03391
1792498,2026/8/13 06:45,MW2044B01460,A26,NULL,9,                    ,A15259,3.24E+00,8.30E-04,18107,NULL,268,-0.0059
1792497,2026/8/13 06:45,MW2045B31930,A26,NULL,9,                    ,A15259,3.24E+00,9.70E-04,18289,NULL,268,-0.00171
1792496,2026/8/13 06:44,MW2044B01461,C26,NULL,26,                    ,A15259,3.24E+00,8.30E-04,18082,NULL,268,-0.04007
1792495,2026/8/13 06:44,MW2045B32318,C24,NULL,24,                    ,A15259,3.23E+00,1.07E-03,18015,NULL,268,-0.02784
1792494,2026/8/13 06:43,MW2045B09827,A25,NULL,8,                    ,A15259,3.24E+00,9.40E-04,18173,NULL,268,-0.05205
1792493,2026/8/13 06:43,MW2045B09828,A25,NULL,8,                    ,A15259,3.24E+00,9.80E-04,18196,NULL,268,-0.111
1792492,2026/8/13 06:42,MW2044B01632,C25,NULL,25,                    ,A15259,3.24E+00,8.10E-04,18419,NULL,268,0.05344
1792491,2026/8/13 06:42,MW2044B01643,ANZ,NULL,18,NULL,A21192,3.24E+00,7.90E-04,18707,NULL,268,-0.1042
1792490,2026/8/13 06:42,MW2044B01633,C25,NULL,25,                    ,A15259,3.24E+00,8.30E-04,18484,NULL,268,-0.11278
1792489,2026/8/13 06:42,MW2044B01640,ANZ,NULL,18,NULL,A21192,3.24E+00,7.90E-04,18566,NULL,268,-0.10094
1792488,2026/8/13 06:42,MW2044B21739,B24,NULL,14,                    ,A15259,3.24E+00,1.02E-03,18403,NULL,268,0.01185
1792487,2026/8/13 06:41,MW2044B01572,ANZ,NULL,18,NULL,A21192,3.24E+00,7.50E-04,18639,NULL,268,-0.04145
1792486,2026/8/13 06:41,MW2044B01635,A26,NULL,9,                    ,A15259,3.24E+00,8.60E-04,18314,NULL,268,-0.12133
1792485,2026/8/13 06:41,MW2045B27780,C23,NULL,23,NULL,A21192,3.24E+00,1.08E-03,18880,NULL,268,0.04791
1792484,2026/8/13 06:41,MW2044B01638,A26,NULL,9,                    ,A15259,3.24E+00,8.20E-04,18370,NULL,268,-0.10299
1792483,2026/8/13 06:40,MW2045B27781,ANZ,NULL,18,NULL,A21192,3.24E+00,7.30E-04,18783,NULL,268,-0.02736
1792482,2026/8/13 06:40,MW2044B01692,A26,NULL,9,                    ,A15259,3.24E+00,8.60E-04,18308,NULL,268,-0.03081
1792481,2026/8/13 06:40,MW2045B32047,A25,NULL,8,NULL,A05686,3.24E+00,8.30E-04,18649,NULL,268,-0.01085
1792480,2026/8/13 06:40,MW2044B02160,A24,NULL,7,                    ,A22674,3.24E+00,9.70E-04,18263,NULL,268,-0.02784
1792479,2026/8/13 06:40,MW2045B26587,O,NULL,1,NULL,A05686,0.00E+00,0.00E+00,18596,NULL,268,-0.02472
1792478,2026/8/13 06:39,MW2044B02161,B25,NULL,15,                    ,A22674,3.24E+00,8.40E-04,18371,NULL,268,-0.0009
1792477,2026/8/13 06:39,MW2045B32155,C24,NULL,24,                    ,A22674,3.24E+00,8.40E-04,17975,NULL,268,-0.03146
1792476,2026/8/13 06:39,MW2045B32156,C25,NULL,25,                    ,A22674,3.24E+00,8.30E-04,18127,NULL,268,-0.02496
1792475,2026/8/13 06:38,MW2045B34926,B22,NULL,12,                    ,A22674,3.24E+00,9.80E-04,18265,NULL,268,-0.01551
1792474,2026/8/13 06:38,MW2045B32245,A24,NULL,7,                    ,A22674,3.24E+00,1.03E-03,18360,NULL,268,-0.01125
1792473,2026/8/13 06:38,MW2045B32049,A25,NULL,8,NULL,A05686,3.24E+00,9.00E-04,18716,NULL,268,-0.00822
1792472,2026/8/13 06:37,MW2045B42996,D23,NULL,29,                    ,A22674,3.24E+00,1.12E-03,18221,NULL,268,-0.00817
1792471,2026/8/13 06:37,MW2045B26588,O,NULL,1,NULL,A05686,0.00E+00,0.00E+00,18606,NULL,268,-0.01699
1792470,2026/8/13 06:37,MW2045B07311,B24,NULL,14,                    ,A22674,3.24E+00,9.40E-04,18226,NULL,268,-0.00723
1792469,2026/8/13 06:37,MW2045B32060,A25,NULL,8,                    ,A22674,3.24E+00,9.30E-04,18260,NULL,268,-0.00785
1792468,2026/8/13 06:36,MW2044B01591,A26,NULL,9,                    ,A22674,3.24E+00,1.03E-03,18286,NULL,268,-0.02701
1792467,2026/8/13 06:36,MW2045B32063,A24,NULL,7,                    ,A22674,3.24E+00,9.30E-04,18209,NULL,268,-0.02917
1792466,2026/8/13 06:35,MW2045B09761,A25,NULL,8,                    ,A22674,3.24E+00,9.50E-04,17976,NULL,268,-0.00664
1792465,2026/8/13 06:35,MW2045B48594,B25,NULL,15,                    ,A03114,3.24E+00,8.30E-04,18099,NULL,268,-0.02659
1792464,2026/8/13 06:35,MW2045B47057,B24,NULL,14,                    ,A03114,3.24E+00,1.03E-03,18025,NULL,268,-0.02545
1792463,2026/8/13 06:34,MW2045B51132,B21,NULL,11,NULL,A05686,3.24E+00,9.70E-04,18544,NULL,268,-0.0153
1792462,2026/8/13 06:34,MW2045B47055,B24,NULL,14,                    ,A03114,3.24E+00,1.00E-03,18282,NULL,268,-0.02737
1792461,2026/8/13 06:34,MW2045B32151,ANZ,NULL,18,NULL,A05686,3.24E+00,7.20E-04,18630,NULL,268,-0.01975
1792460,2026/8/13 06:34,MW2045B47054,B25,NULL,15,                    ,A03114,3.24E+00,9.00E-04,18059,NULL,268,0.00798
1792459,2026/8/13 06:34,MW2045B32188,C22,NULL,22,NULL,A05686,3.24E+00,9.90E-04,18709,NULL,268,-0.0039
1792458,2026/8/13 06:33,MW2045B47053,B24,NULL,14,                    ,A03114,3.24E+00,9.80E-04,18103,NULL,268,-0.01758
1792457,2026/8/13 06:33,MW2045B32187,C23,NULL,23,NULL,A05686,3.24E+00,9.60E-04,18698,NULL,268,-0.00441
1792456,2026/8/13 06:33,MW2045B32191,C23,NULL,23,NULL,A05686,3.24E+00,9.30E-04,18608,NULL,268,-0.02471
1792455,2026/8/13 06:33,MW2045B47049,B25,NULL,15,                    ,A03114,3.24E+00,8.80E-04,18033,NULL,268,-0.01012
1792454,2026/8/13 06:32,MW2045B32186,C23,NULL,23,NULL,A05686,3.24E+00,9.40E-04,18578,NULL,268,-0.01988
1792453,2026/8/13 06:32,MW2045B55520,A26,NULL,9,                    ,A03114,3.24E+00,8.60E-04,18295,NULL,268,-0.00354
1792452,2026/8/13 06:32,MW2045B32101,C23,NULL,23,NULL,A05686,3.24E+00,8.30E-04,18786,NULL,268,0.00975
1792451,2026/8/13 06:32,MW2045B34659,A24,NULL,7,                    ,A03114,3.24E+00,1.03E-03,18227,NULL,268,0.00636
1792450,2026/8/13 06:31,MW2045B55485,A26,NULL,9,                    ,A03114,3.24E+00,8.70E-04,18182,NULL,268,-0.00131
1792449,2026/8/13 06:31,MW2045B09882,A25,NULL,8,NULL,A05686,3.24E+00,8.40E-04,18540,NULL,268,-0.01666
1792448,2026/8/13 06:31,MW2045B34749,A26,NULL,9,                    ,A03114,3.24E+00,9.60E-04,18314,NULL,268,
1792447,2026/8/13 06:31,MW2045B32625,A23,NULL,6,NULL,A10742,3.24E+00,1.02E-03,18638,NULL,268,-0.03316
1792446,2026/8/13 06:31,MW2045B34739,A27,NULL,10,                    ,A03114,3.24E+00,1.00E-03,18446,NULL,268,0.01565
1792445,2026/8/13 06:30,MW2045B32624,A23,NULL,6,NULL,A10742,3.24E+00,1.00E-03,18736,NULL,268,0.00115
1792444,2026/8/13 06:30,MW2045B58839,ANZ,NULL,18,                    ,A03114,3.24E+00,8.00E-04,18024,NULL,268,-0.01197
1792443,2026/8/13 06:30,MW2044B01614,A25,NULL,8,NULL,A10742,3.24E+00,9.40E-04,18606,NULL,268,-0.00472
1792442,2026/8/13 06:30,MW2045B09867,A25,NULL,8,                    ,A10806,3.24E+00,9.00E-04,18160,NULL,268,-0.0093
1792441,2026/8/13 06:30,MW2044B01613,A26,NULL,9,NULL,A10742,3.24E+00,8.90E-04,18723,NULL,268,0.00122
1792440,2026/8/13 06:29,MW2045B32636,B23,NULL,13,                    ,A10806,3.24E+00,1.18E-03,18327,NULL,268,-0.00216
1792439,2026/8/13 06:29,MW2044B01612,A26,NULL,9,NULL,A10742,3.24E+00,9.40E-04,18709,NULL,268,-0.02627
1792438,2026/8/13 06:29,MW2045B32594,B24,NULL,14,                    ,A10806,3.24E+00,1.13E-03,18389,NULL,268,-0.03694
1792437,2026/8/13 06:29,MW2044B16209,A26,NULL,9,NULL,A10742,3.24E+00,8.40E-04,18568,NULL,268,0.05223
1792436,2026/8/13 06:29,MW2045B32595,B24,NULL,14,                    ,A10806,3.24E+00,8.40E-04,18221,NULL,268,0.02046
1792435,2026/8/13 06:28,MW2045B32623,A23,NULL,6,NULL,A10742,3.24E+00,9.60E-04,18614,NULL,268,-0.02411
1792434,2026/8/13 06:28,MW2045B09786,B25,NULL,15,                    ,A10806,3.24E+00,9.90E-04,18098,NULL,268,-0.00529
1792433,2026/8/13 06:28,MW2044B16210,A26,NULL,9,NULL,A10742,3.24E+00,8.70E-04,18570,NULL,268,-0.02248
1792432,2026/8/13 06:28,MW2045B32596,B22,NULL,12,                    ,A10806,3.24E+00,1.16E-03,18317,NULL,268,-0.02483
1792431,2026/8/13 06:27,MW2045B32642,B23,NULL,13,                    ,A10806,3.24E+00,1.15E-03,18292,NULL,268,-0.0026
1792430,2026/8/13 06:27,MW2045B32069,A25,NULL,8,NULL,A10742,3.24E+00,9.40E-04,18547,NULL,268,-0.00842
1792429,2026/8/13 06:27,MW2045B51903,A25,NULL,8,                    ,A10806,3.24E+00,8.70E-04,18195,NULL,268,-0.01502
1792428,2026/8/13 06:27,MW2044B01663,A26,NULL,9,NULL,A10742,3.24E+00,8.10E-04,18420,NULL,268,-0.02319
1792427,2026/8/13 06:26,MW2045B32637,A23,NULL,6,                    ,A10806,3.24E+00,1.04E-03,18061,NULL,268,-0.00302
1792426,2026/8/13 06:26,MW2045B50947,A26,NULL,9,NULL,A10742,3.24E+00,9.00E-04,18679,NULL,268,-0.00581
1792425,2026/8/13 06:26,MW2045B32634,B23,NULL,13,                    ,A10806,3.24E+00,1.12E-03,18217,NULL,268,-0.01067
1792424,2026/8/13 06:26,MW2044B01462,ANZ,NULL,18,NULL,A10742,3.24E+00,8.00E-04,18659,NULL,268,-0.00991
1792423,2026/8/13 06:26,MW2045B51859,C26,NULL,26,                    ,A10806,3.24E+00,8.20E-04,18328,NULL,268,-0.01639
1792422,2026/8/13 06:25,MW2045B32621,A23,NULL,6,                    ,A10806,3.24E+00,1.03E-03,18119,NULL,268,-0.02305
1792421,2026/8/13 06:22,MW2044B01661,ANZ,NULL,18,NULL,A07783,3.24E+00,7.90E-04,18507,NULL,268,-0.01941
1792420,2026/8/13 06:22,MW2044B01662,A26,NULL,9,NULL,A07783,3.24E+00,8.50E-04,18500,NULL,268,-0.01419
1792419,2026/8/13 06:21,MW2044B01718,ANZ,NULL,18,NULL,A07783,3.24E+00,7.60E-04,18527,NULL,268,-0.02793
1792418,2026/8/13 06:21,MW2045B26586,B24,NULL,14,NULL,A07783,3.24E+00,8.90E-04,18673,NULL,268,-0.00754
1792417,2026/8/13 06:21,MW2044B01609,A25,NULL,8,                    ,A14306,3.24E+00,1.01E-03,18161,NULL,268,-0.0126
1792416,2026/8/13 06:20,MW2045B26585,A24,NULL,7,NULL,A07783,3.24E+00,8.90E-04,18602,NULL,268,-0.0164
1792415,2026/8/13 06:20,MW2045B32610,B24,NULL,14,                    ,A14306,3.24E+00,1.06E-03,18178,NULL,268,-0.0171
1792414,2026/8/13 06:20,MW2044B01610,A25,NULL,8,                    ,A14306,3.24E+00,9.80E-04,18124,NULL,268,-0.0009
1792413,2026/8/13 06:20,MW2045B27725,A24,NULL,7,NULL,A07783,3.24E+00,8.20E-04,18827,NULL,268,-0.01223
1792412,2026/8/13 06:19,MW2045B32611,A24,NULL,7,                    ,A14306,3.24E+00,1.06E-03,18186,NULL,268,-0.01357
1792411,2026/8/13 06:19,MW2045B50940,A25,NULL,8,NULL,A07783,3.24E+00,9.00E-04,18806,NULL,268,-0.00474
1792410,2026/8/13 06:19,MW2044B16205,A27,NULL,10,                    ,A14306,3.24E+00,9.30E-04,18486,NULL,268,-0.01754
1792409,2026/8/13 06:19,MW2045B50924,A21,NULL,4,NULL,A07783,3.24E+00,1.10E-03,18515,NULL,268,-0.01384
1792408,2026/8/13 06:19,MW2045B32612,B23,NULL,13,                    ,A14306,3.24E+00,1.15E-03,18406,NULL,268,-0.03433
1792407,2026/8/13 06:18,MW2044B21787,B23,NULL,13,NULL,A07783,3.24E+00,8.10E-04,18753,NULL,268,-0.03118
1792406,2026/8/13 06:18,MW2044B16206,A26,NULL,9,                    ,A14306,3.24E+00,9.60E-04,18445,NULL,268,-0.02558
1792405,2026/8/13 06:18,MW2044B21788,ANZ,NULL,18,NULL,A07783,3.24E+00,7.80E-04,18601,NULL,268,-6.00E-05
1792404,2026/8/13 06:18,MW2044B16395,B26,NULL,16,                    ,A14306,3.24E+00,9.40E-04,18565,NULL,268,-0.00878
1792403,2026/8/13 06:17,MW2044B21789,ANZ,NULL,18,NULL,A07783,3.24E+00,7.80E-04,18700,NULL,268,0.25312
1792402,2026/8/13 06:17,MW2044B23835,D26,NULL,32,                    ,A14306,3.24E+00,8.20E-04,18420,NULL,268,-0.01778
1792401,2026/8/13 06:17,MW2044B21790,ANZ,NULL,18,NULL,A07783,3.24E+00,7.80E-04,18849,NULL,268,-0.10262
1792400,2026/8/13 06:17,MW2045B09918,A25,NULL,8,                    ,A14306,3.24E+00,9.60E-04,18200,NULL,268,-0.03351
1792399,2026/8/13 06:17,MW2044B01636,ANZ,NULL,18,NULL,A05649,3.24E+00,7.40E-04,18669,NULL,268,-0.08339
1792398,2026/8/13 06:17,MW2044B23834,D26,NULL,32,                    ,A14306,3.24E+00,8.40E-04,18336,NULL,268,-0.01631
1792397,2026/8/13 06:16,MW2044B23824,D26,NULL,32,                    ,A14306,3.24E+00,8.50E-04,18385,NULL,268,-0.03152
1792396,2026/8/13 06:16,MW2044B01586,A26,NULL,9,NULL,A05649,3.24E+00,8.80E-04,18656,NULL,268,-0.02006
1792395,2026/8/13 06:16,MW2045B32638,A23,NULL,6,                    ,A11496,3.24E+00,1.06E-03,18222,NULL,268,0.00699
1792394,2026/8/13 06:16,MW2044B21804,A25,NULL,8,NULL,A05649,3.24E+00,9.90E-04,18779,NULL,268,0.00699
1792393,2026/8/13 06:15,MW2044B16258,A22,NULL,5,                    ,A11496,3.24E+00,1.13E-03,18230,NULL,268,-0.00232
1792392,2026/8/13 06:15,MW2044B21746,B24,NULL,14,NULL,A05649,3.24E+00,8.70E-04,18594,NULL,268,-0.02446
1792391,2026/8/13 06:15,MW2045B32620,A24,NULL,7,                    ,A11496,3.24E+00,1.06E-03,18145,NULL,268,-0.03791
1792390,2026/8/13 06:15,MW2044B21745,B24,NULL,14,NULL,A05649,3.24E+00,8.80E-04,18574,NULL,268,-0.0208
1792389,2026/8/13 06:15,MW2045B32619,A23,NULL,6,                    ,A11496,3.24E+00,1.14E-03,18306,NULL,268,-0.00202
1792388,2026/8/13 06:14,MW2045B32644,A23,NULL,6,                    ,A11496,3.24E+00,1.09E-03,18199,NULL,268,-0.01728
1792387,2026/8/13 06:14,MW2045B32651,A24,NULL,7,                    ,A11496,3.24E+00,1.07E-03,18054,NULL,268,0.00065
1792386,2026/8/13 06:14,MW2045B32075,A25,NULL,8,NULL,A05649,3.24E+00,9.20E-04,18633,NULL,268,-0.00378
1792385,2026/8/13 06:13,MW2044B16265,A23,NULL,6,                    ,A11496,3.24E+00,1.12E-03,18282,NULL,268,-0.00376
1792384,2026/8/13 06:13,MW2044B21744,B24,NULL,14,NULL,A05649,3.24E+00,8.90E-04,18791,NULL,268,-0.0214
1792383,2026/8/13 06:13,MW2044B16448,A26,NULL,9,                    ,A11496,3.24E+00,8.70E-04,18206,NULL,268,-0.04243
1792382,2026/8/13 06:13,MW2045B32317,ANZ,NULL,18,NULL,A05649,3.24E+00,7.90E-04,18542,NULL,268,-0.02081
1792381,2026/8/13 06:13,MW2044B16449,A26,NULL,9,                    ,A11496,3.24E+00,8.70E-04,18247,NULL,268,-0.02493
1792380,2026/8/13 06:12,MW2045B32316,A25,NULL,8,NULL,A05649,3.24E+00,8.80E-04,18644,NULL,268,-0.02179
1792379,2026/8/13 06:12,MW2044B16450,A26,NULL,9,                    ,A11496,3.24E+00,8.60E-04,18348,NULL,268,-0.09634
1792378,2026/8/13 06:12,MW2044B21743,B24,NULL,14,NULL,A05649,3.24E+00,8.90E-04,18570,NULL,268,-0.00891
1792377,2026/8/13 06:12,MW2044B16447,A26,NULL,9,                    ,A11496,3.24E+00,8.90E-04,18372,NULL,268,-0.02472
1792376,2026/8/13 06:11,MW2044B16178,A25,NULL,8,                    ,A11496,3.24E+00,9.50E-04,18432,NULL,268,-0.02572
1792375,2026/8/13 06:11,MW2045B34768,A26,NULL,9,                    ,A02089,3.24E+00,1.02E-03,18243,NULL,268,-0.01631
1792374,2026/8/13 06:11,MW2045B34753,A27,NULL,10,                    ,A02089,3.24E+00,9.50E-04,18365,NULL,268,-0.02001
1792373,2026/8/13 06:10,MW2045B34769,A26,NULL,9,                    ,A02089,3.24E+00,1.04E-03,18229,NULL,268,0.00699
1792372,2026/8/13 06:10,MW2045B32326,A25,NULL,8,NULL,A05649,3.24E+00,8.40E-04,18646,NULL,268,-0.01416
1792371,2026/8/13 06:10,MW2045B34754,C26,NULL,26,                    ,A02089,3.24E+00,1.03E-03,18269,NULL,268,-0.00799
1792370,2026/8/13 06:10,MW2044B21742,B23,NULL,13,NULL,A05649,3.24E+00,8.60E-04,18621,NULL,268,-0.0071
1792369,2026/8/13 06:09,MW2045B34755,A27,NULL,10,                    ,A02089,3.24E+00,8.90E-04,18308,NULL,268,
1792368,2026/8/13 06:09,MW2045B45664,A23,NULL,6,NULL,A24456,3.24E+00,1.03E-03,18606,NULL,268,
1792367,2026/8/13 06:09,MW2045B34770,A26,NULL,9,                    ,A02089,3.23E+00,1.02E-03,18262,NULL,268,
1792366,2026/8/13 06:09,MW2045B45667,A26,NULL,9,NULL,A24456,3.24E+00,8.70E-04,18454,NULL,268,-0.01683
1792365,2026/8/13 06:08,MW2045B58439,A26,NULL,9,                    ,A02089,3.24E+00,8.80E-04,18182,NULL,268,-0.01168
1792364,2026/8/13 06:08,MW2045B34612,B23,NULL,13,NULL,A24456,3.24E+00,8.60E-04,18548,NULL,268,
1792363,2026/8/13 06:08,MW2045B58442,A25,NULL,8,                    ,A02089,3.24E+00,9.10E-04,18227,NULL,268,-0.01001
1792362,2026/8/13 06:08,MW2045B45665,A23,NULL,6,NULL,A24456,3.24E+00,1.16E-03,18595,NULL,268,-0.00602
1792361,2026/8/13 06:08,MW2045B55395,B25,NULL,15,                    ,A02089,3.24E+00,8.40E-04,18221,NULL,268,
1792360,2026/8/13 06:07,MW2045B34622,A23,NULL,6,NULL,A24456,3.24E+00,9.60E-04,18576,NULL,268,
1792359,2026/8/13 06:07,MW2045B55400,B25,NULL,15,                    ,A02089,3.24E+00,8.40E-04,18152,NULL,268,-0.0027
1792358,2026/8/13 06:07,MW2045B34600,B25,NULL,15,NULL,A24456,3.24E+00,9.90E-04,18625,NULL,268,-0.03701
1792357,2026/8/13 06:07,MW2045B47356,A26,NULL,9,                    ,A02089,3.24E+00,9.30E-04,18066,NULL,268,-0.02279
1792356,2026/8/13 06:06,MW2045B34601,B25,NULL,15,NULL,A24456,3.24E+00,9.70E-04,18692,NULL,268,-0.01077
1792355,2026/8/13 06:06,MW2045B34821,B25,NULL,15,                    ,A02089,3.24E+00,8.80E-04,18157,NULL,268,-0.03192
1792354,2026/8/13 06:06,MW2045B47263,A27,NULL,10,                    ,A16974,3.24E+00,8.60E-04,18301,NULL,268,0.01325
1792353,2026/8/13 06:06,MW2045B34932,A25,NULL,8,NULL,A24456,3.24E+00,8.70E-04,18783,NULL,268,-0.00581
1792352,2026/8/13 06:06,MW2045B47264,A26,NULL,9,                    ,A16974,3.24E+00,8.80E-04,18148,NULL,268,-0.00778
1792351,2026/8/13 06:05,MW2045B34983,A26,NULL,9,NULL,A24456,3.24E+00,9.20E-04,18550,NULL,268,-0.05205
1792350,2026/8/13 06:05,MW2045B36542,C24,NULL,24,                    ,A16974,3.24E+00,9.50E-04,18326,NULL,268,-0.03152
1792349,2026/8/13 06:05,MW2045B34582,A24,NULL,7,NULL,A24456,3.24E+00,9.00E-04,18693,NULL,268,-0.02472
1792348,2026/8/13 06:05,MW2045B47265,A27,NULL,10,                    ,A16974,3.24E+00,9.20E-04,18332,NULL,268,-0.01707
1792347,2026/8/13 06:05,MW2044B25048,A25,NULL,8,NULL,A24456,3.24E+00,9.00E-04,18503,NULL,268,-0.01969
1792346,2026/8/13 06:04,MW2045B47266,A27,NULL,10,                    ,A16974,3.24E+00,8.30E-04,18169,NULL,268,-0.01631
1792345,2026/8/13 06:04,MW2044B25051,A25,NULL,8,NULL,A24456,3.24E+00,9.20E-04,18639,NULL,268,-0.00232
1792344,2026/8/13 06:04,MW2045B47267,A27,NULL,10,                    ,A16974,3.24E+00,8.70E-04,18324,NULL,268,0.00699
1792343,2026/8/13 06:04,MW2045B34714,A25,NULL,8,NULL,A15850,3.24E+00,9.90E-04,18760,NULL,268,-0.02006
1792342,2026/8/13 06:03,MW2045B36533,C22,NULL,22,                    ,A16974,3.24E+00,1.12E-03,18281,NULL,268,-0.02751
1792341,2026/8/13 06:03,MW2045B58500,ANZ,NULL,18,NULL,A15850,3.24E+00,7.70E-04,18441,NULL,268,-0.04084
1792340,2026/8/13 06:03,MW2045B58497,B26,NULL,16,                    ,A16974,3.24E+00,9.00E-04,18322,NULL,268,-0.09872
1792339,2026/8/13 06:03,MW2045B58502,ANZ,NULL,18,NULL,A15850,3.24E+00,7.30E-04,18518,NULL,268,0.03555
1792338,2026/8/13 06:03,MW2045B36617,A26,NULL,9,                    ,A16974,3.24E+00,9.40E-04,18342,NULL,268,-0.02365
1792337,2026/8/13 06:02,MW2045B58503,ANZ,NULL,18,NULL,A15850,3.24E+00,7.00E-04,18526,NULL,268,-0.02714
1792336,2026/8/13 06:02,MW2045B58520,A26,NULL,9,                    ,A16974,3.24E+00,8.10E-04,18310,NULL,268,-0.04435
1792335,2026/8/13 06:02,MW2045B47273,O,NULL,1,NULL,A15850,0.00E+00,0.00E+00,18790,NULL,268,-0.08339
1792334,2026/8/13 06:02,MW2045B48614,D25,NULL,31,                    ,A16974,3.24E+00,8.60E-04,18016,NULL,268,-0.00891
1792333,2026/8/13 06:01,MW2045B49713,D25,NULL,31,                    ,A16974,3.24E+00,9.40E-04,18100,NULL,268,-0.02012
1792332,2026/8/13 06:01,MW2045B10001,A26,NULL,9,                    ,A05976,3.24E+00,1.06E-03,18288,NULL,268,-0.01964
1792331,2026/8/13 05:59,MW2045B47272,ANZ,NULL,18,NULL,A15850,3.24E+00,7.40E-04,18637,NULL,268,0.0057
1792330,2026/8/13 05:59,MW2045B47271,ANZ,NULL,18,NULL,A15850,3.24E+00,8.00E-04,18808,NULL,268,0.00041
1792329,2026/8/13 05:58,MW2045B47270,ANZ,NULL,18,NULL,A15850,3.24E+00,7.40E-04,18596,NULL,268,-0.00945
1792328,2026/8/13 05:58,MW2045B47269,A27,NULL,10,NULL,A15850,3.24E+00,8.40E-04,18743,NULL,268,-0.01138
1792327,2026/8/13 05:57,MW2045B47268,ANZ,NULL,18,NULL,A15850,3.24E+00,7.40E-04,18548,NULL,268,-0.00936
1792326,2026/8/13 05:57,MW2045B28114,A24,NULL,7,                    ,A05976,3.24E+00,1.05E-03,18302,NULL,268,-0.00293
1792325,2026/8/13 05:57,MW2044B25071,C25,NULL,25,NULL,A15850,3.24E+00,8.90E-04,18617,NULL,268,-0.00957
1792324,2026/8/13 05:56,MW2045B10040,A26,NULL,9,                    ,A05976,3.24E+00,1.03E-03,18117,NULL,268,0.00651
1792323,2026/8/13 05:56,MW2045B60927,ANZ,NULL,18,NULL,A15850,3.24E+00,7.50E-04,18567,NULL,268,-0.03646
1792322,2026/8/13 05:56,MW2045B09971,A25,NULL,8,                    ,A05976,3.24E+00,9.20E-04,18230,NULL,268,-0.02948
1792321,2026/8/13 05:56,MW2045B09145,A23,NULL,6,NULL,A01694,3.24E+00,9.50E-04,18882,NULL,268,0.00789
1792320,2026/8/13 05:56,MW2045B10039,C26,NULL,26,                    ,A05976,3.24E+00,1.02E-03,18184,NULL,268,0.0116
1792319,2026/8/13 05:55,MW2045B09188,C25,NULL,25,NULL,A01694,3.24E+00,9.50E-04,18778,NULL,268,-0.04244
1792318,2026/8/13 05:55,MW2045B34666,A26,NULL,9,                    ,A05976,3.24E+00,9.20E-04,18267,NULL,268,0.03085
1792317,2026/8/13 05:55,MW2044B25128,A26,NULL,9,NULL,A01694,3.24E+00,8.50E-04,18327,NULL,268,-0.05386
1792316,2026/8/13 05:55,MW2045B55384,A26,NULL,9,                    ,A05976,3.24E+00,8.10E-04,18384,NULL,268,0.03081
1792315,2026/8/13 05:54,MW2044B25068,A25,NULL,8,NULL,A01694,3.24E+00,8.90E-04,18670,NULL,268,-0.00623
1792314,2026/8/13 05:54,MW2045B09721,A25,NULL,8,                    ,A05976,3.24E+00,9.50E-04,18046,NULL,268,-0.0214
1792313,2026/8/13 05:54,MW2044B25073,O,NULL,1,NULL,A01694,0.00E+00,0.00E+00,18668,NULL,268,-0.00284
1792312,2026/8/13 05:54,MW2045B34647,O,NULL,1,                    ,A05976,0.00E+00,0.00E+00,18293,NULL,268,-0.02472
1792311,2026/8/13 05:52,MW2044B25069,C25,NULL,25,NULL,A01694,3.24E+00,8.60E-04,18757,NULL,268,-0.0009
1792310,2026/8/13 05:52,MW2045B34648,A23,NULL,6,                    ,A05976,3.24E+00,1.27E-03,18233,NULL,268,-0.01416
1792309,2026/8/13 05:52,MW2044B25104,ANZ,NULL,18,NULL,A01694,3.24E+00,7.60E-04,18662,NULL,268,-0.05205
1792308,2026/8/13 05:52,MW2045B34750,C25,NULL,25,                    ,A05976,3.24E+00,1.03E-03,18133,NULL,268,-0.03661
1792307,2026/8/13 05:52,MW2044B25103,ANZ,NULL,18,NULL,A01694,3.24E+00,7.60E-04,18654,NULL,268,-0.05808
1792306,2026/8/13 05:51,MW2045B09816,A25,NULL,8,                    ,A07150,3.24E+00,9.10E-04,18052,NULL,268,-0.03479
1792305,2026/8/13 05:51,MW2044B25102,ANZ,NULL,18,NULL,A01694,3.24E+00,7.80E-04,18546,NULL,268,-0.02336
1792304,2026/8/13 05:51,MW2045B09815,A25,NULL,8,                    ,A07150,3.24E+00,9.30E-04,18079,NULL,268,-0.05628
1792303,2026/8/13 05:51,MW2044B25106,A26,NULL,9,NULL,A01694,3.24E+00,8.50E-04,18653,NULL,268,-0.04641
1792302,2026/8/13 05:50,MW2045B09859,A25,NULL,8,                    ,A07150,3.24E+00,1.12E-03,18189,NULL,268,-0.02358
1792301,2026/8/13 05:50,MW2044B25107,C26,NULL,26,NULL,A01694,3.24E+00,8.10E-04,18346,NULL,268,-0.04531
1792300,2026/8/13 05:50,MW2045B47358,A26,NULL,9,NULL,A01694,3.24E+00,8.30E-04,18694,NULL,268,-0.04458
1792299,2026/8/13 05:49,MW2044B25108,ANZ,NULL,18,NULL,A07510,3.24E+00,7.80E-04,18460,NULL,268,-0.03478
1792298,2026/8/13 05:49,MW2045B09099,A24,NULL,7,NULL,A07510,3.24E+00,9.30E-04,18671,NULL,268,-0.02038
1792297,2026/8/13 05:49,MW2045B09858,A25,NULL,8,                    ,A07150,3.24E+00,9.40E-04,18072,NULL,268,-0.01475
1792296,2026/8/13 05:48,MW2045B09128,A24,NULL,7,NULL,A07510,3.24E+00,9.00E-04,18755,NULL,268,-0.02713
1792295,2026/8/13 05:48,MW2045B09857,A25,NULL,8,                    ,A07150,3.24E+00,9.40E-04,18152,NULL,268,-0.02905
1792294,2026/8/13 05:48,MW2045B09764,A25,NULL,8,                    ,A07150,3.24E+00,9.60E-04,18168,NULL,268,-0.02674
1792293,2026/8/13 05:48,MW2045B09130,A24,NULL,7,NULL,A07510,3.24E+00,9.30E-04,18675,NULL,268,-0.02584
1792292,2026/8/13 05:48,MW2045B51098,B26,NULL,16,                    ,A07150,3.24E+00,8.40E-04,18149,NULL,268,-0.01968
1792291,2026/8/13 05:47,MW2044B25175,C26,NULL,26,NULL,A07510,3.24E+00,8.50E-04,18443,NULL,268,-0.02131
1792290,2026/8/13 05:47,MW2045B51094,A26,NULL,9,                    ,A07150,3.24E+00,8.40E-04,18115,NULL,268,-0.0685
1792289,2026/8/13 05:47,MW2044B25183,A25,NULL,8,NULL,A07510,3.24E+00,8.50E-04,18543,NULL,268,-0.02729
1792288,2026/8/13 05:47,MW2044B01474,A25,NULL,8,                    ,A07150,3.24E+00,9.40E-04,18376,NULL,268,-0.02076
1792287,2026/8/13 05:46,MW2044B25291,A25,NULL,8,NULL,A07510,3.24E+00,8.80E-04,18804,NULL,268,-0.02669
1792286,2026/8/13 05:46,MW2045B09758,B26,NULL,16,                    ,A07150,3.24E+00,9.30E-04,18011,NULL,268,-0.02353
1792285,2026/8/13 05:46,MW2044B25133,A26,NULL,9,NULL,A07510,3.24E+00,9.00E-04,18827,NULL,268,-0.0039
1792284,2026/8/13 05:46,MW2044B01476,A25,NULL,8,                    ,A07150,3.24E+00,9.90E-04,18259,NULL,268,-0.00959
1792283,2026/8/13 05:46,MW2044B25132,A26,NULL,9,NULL,A07510,3.24E+00,8.70E-04,18403,NULL,268,-0.01848
1792282,2026/8/13 05:46,MW2044B02159,B24,NULL,14,                    ,A07150,3.24E+00,8.50E-04,18280,NULL,268,-0.02472
1792281,2026/8/13 05:45,MW2044B25172,O,NULL,1,NULL,A07510,0.00E+00,0.00E+00,18776,NULL,268,-0.0297
1792280,2026/8/13 05:45,MW2045B09841,O,NULL,1,                    ,A01574,0.00E+00,0.00E+00,18200,NULL,268,-0.00658
1792279,2026/8/13 05:41,MW2045B50816,B25,NULL,15,                    ,A01574,3.24E+00,8.40E-04,18284,NULL,268,-0.02451
1792278,2026/8/13 05:41,MW2044B25130,A26,NULL,9,NULL,A07510,3.24E+00,8.90E-04,18337,NULL,268,-0.00483
1792277,2026/8/13 05:41,MW2045B09986,A26,NULL,9,                    ,A01574,3.24E+00,8.30E-04,18051,NULL,268,-0.0091
1792276,2026/8/13 05:41,MW2044B25171,C26,NULL,26,NULL,A07510,3.24E+00,8.70E-04,18551,NULL,268,-0.02375
1792275,2026/8/13 05:41,MW2045B27903,A24,NULL,7,                    ,A01574,3.24E+00,1.03E-03,18413,NULL,268,-0.02001
1792274,2026/8/13 05:40,MW2044B25049,A25,NULL,8,NULL,A04864,3.24E+00,9.10E-04,18470,NULL,268,-0.02012
1792273,2026/8/13 05:40,MW2045B09985,A26,NULL,9,                    ,A01574,3.24E+00,8.90E-04,18064,NULL,268,-0.08339
1792272,2026/8/13 05:40,MW2045B10044,ANZ,NULL,18,NULL,A04864,3.24E+00,7.80E-04,18569,NULL,268,-0.01969
1792271,2026/8/13 05:40,MW2044B21729,ANZ,NULL,18,                    ,A01574,3.24E+00,8.00E-04,18335,NULL,268,-0.02312
1792270,2026/8/13 05:39,MW2044B25092,A25,NULL,8,NULL,A04864,3.24E+00,9.50E-04,18643,NULL,268,-1.00E-05
1792269,2026/8/13 05:39,MW2044B21730,B25,NULL,15,                    ,A01574,3.24E+00,8.40E-04,18347,NULL,268,-0.00693
1792268,2026/8/13 05:39,MW2044B25095,A25,NULL,8,NULL,A04864,3.24E+00,9.60E-04,18666,NULL,268,-0.03613
1792267,2026/8/13 04:48,MW2044B25067,C26,NULL,26,NULL,A04864,3.24E+00,8.80E-04,18725,NULL,268,-0.03222
1792266,2026/8/13 04:48,MW2044B16303,A26,NULL,9,                    ,A01574,3.24E+00,8.70E-04,18436,NULL,268,-0.03162
1792265,2026/8/13 04:47,MW2044B25094,A25,NULL,8,NULL,A04864,3.24E+00,9.50E-04,18600,NULL,268,-0.03423
1792264,2026/8/13 04:47,MW2045B45033,C23,NULL,23,                    ,A01574,3.24E+00,1.14E-03,18384,NULL,268,-0.01188
1792263,2026/8/13 04:47,MW2045B37691,A26,NULL,9,                    ,A01574,3.24E+00,8.50E-04,18329,NULL,268,-0.02246
1792262,2026/8/13 04:47,MW2044B25066,C26,NULL,26,NULL,A04864,3.24E+00,8.30E-04,18534,NULL,268,-0.01027
1792261,2026/8/13 04:46,MW2044B16276,A24,NULL,7,                    ,A01574,3.24E+00,1.15E-03,18148,NULL,268,-0.00987
1792260,2026/8/13 04:46,MW2044B25174,C26,NULL,26,NULL,A04864,3.24E+00,8.50E-04,18522,NULL,268,-0.01543
1792259,2026/8/13 04:46,MW2045B51815,A26,NULL,9,                    ,A01574,3.24E+00,9.50E-04,18277,NULL,268,-0.02004
1792258,2026/8/13 04:46,MW2044B25232,ANZ,NULL,18,NULL,A04864,3.24E+00,7.20E-04,18535,NULL,268,-0.04444
1792257,2026/8/13 04:46,MW2044B16179,A25,NULL,8,                    ,A04375,3.24E+00,9.50E-04,18151,NULL,268,-0.05351
1792256,2026/8/13 04:45,MW2044B25234,ANZ,NULL,18,NULL,A04864,3.24E+00,7.20E-04,18568,NULL,268,-0.0241
1792255,2026/8/13 04:45,MW2044B24431,B25,NULL,15,                    ,A04375,3.24E+00,8.90E-04,18137,NULL,268,-0.00638
1792254,2026/8/13 04:45,MW2044B25235,ANZ,NULL,18,NULL,A04864,3.24E+00,7.50E-04,18474,NULL,268,-0.04027
1792253,2026/8/13 04:45,MW2045B26602,B24,NULL,14,                    ,A04375,3.24E+00,9.40E-04,18233,NULL,268,-0.04812
1792252,2026/8/13 04:45,MW2045B09100,C24,NULL,24,NULL,A04864,3.24E+00,9.30E-04,18685,NULL,268,-0.03407
1792251,2026/8/13 04:44,MW2045B26603,C24,NULL,24,                    ,A04375,3.24E+00,9.50E-04,18065,NULL,268,-0.0462
1792250,2026/8/13 04:44,MW2045B55566,ANZ,NULL,18,NULL,A23375,3.24E+00,7.60E-04,18649,NULL,268,-0.01231
1792249,2026/8/13 04:44,MW2044B24429,B26,NULL,16,                    ,A04375,3.24E+00,8.40E-04,18397,NULL,268,-0.00736
1792248,2026/8/13 04:44,MW2045B58286,C26,NULL,26,NULL,A23375,3.24E+00,8.50E-04,18623,NULL,268,-0.00064
1792247,2026/8/13 04:44,MW2045B26581,B24,NULL,14,                    ,A04375,3.24E+00,9.70E-04,18293,NULL,268,-0.0453
1792246,2026/8/13 04:43,MW2045B34975,C26,NULL,26,NULL,A23375,3.23E+00,8.40E-04,18729,NULL,268,-0.0344
1792245,2026/8/13 04:43,MW2044B24428,B26,NULL,16,                    ,A04375,3.24E+00,8.80E-04,18128,NULL,268,-0.05156
1792244,2026/8/13 04:43,MW2045B34757,A26,NULL,9,NULL,A23375,3.24E+00,8.70E-04,18700,NULL,268,-0.02001
1792243,2026/8/13 04:43,MW2045B26582,A24,NULL,7,                    ,A04375,3.24E+00,9.50E-04,18221,NULL,268,-0.01142
1792242,2026/8/13 04:42,MW2045B34765,A26,NULL,9,NULL,A23375,3.24E+00,8.80E-04,18725,NULL,268,-0.00743
1792241,2026/8/13 04:42,MW2045B26583,A24,NULL,7,                    ,A04375,3.24E+00,9.60E-04,18226,NULL,268,-0.01064
1792240,2026/8/13 04:42,MW2044B24427,A25,NULL,8,                    ,A04375,3.24E+00,9.80E-04,18380,NULL,268,-0.01746
1792239,2026/8/13 04:42,MW2045B34764,A26,NULL,9,NULL,A23375,3.24E+00,8.20E-04,18687,NULL,268,-0.00035
1792238,2026/8/13 04:41,MW2045B32635,A23,NULL,6,                    ,A04375,3.24E+00,1.08E-03,18229,NULL,268,-0.01984
1792237,2026/8/13 04:41,MW2045B34759,A26,NULL,9,NULL,A23375,3.24E+00,9.40E-04,18765,NULL,268,-0.00657
1792236,2026/8/13 04:41,MW2045B26584,A23,NULL,6,                    ,A04375,3.24E+00,9.30E-04,18204,NULL,268,-0.016
1792235,2026/8/13 04:41,MW2045B34763,C25,NULL,25,NULL,A23375,3.23E+00,9.80E-04,18817,NULL,268,-0.01849
1792234,2026/8/13 04:41,MW2045B46308,B24,NULL,14,                    ,A05776,3.24E+00,9.50E-04,18050,NULL,268,-0.00553
1792233,2026/8/13 04:40,MW2045B34760,A26,NULL,9,NULL,A23375,3.24E+00,8.90E-04,18738,NULL,268,-0.00543
1792232,2026/8/13 04:40,MW2044B25840,A25,NULL,8,                    ,A05776,3.24E+00,8.10E-04,18119,NULL,268,-0.03388
1792231,2026/8/13 04:40,MW2045B47274,ANZ,NULL,18,NULL,A23375,3.24E+00,7.20E-04,18512,NULL,268,-0.04391
1792230,2026/8/13 04:40,MW2045B46218,A23,NULL,6,                    ,A05776,3.24E+00,1.06E-03,18095,NULL,268,-0.01463
1792229,2026/8/13 04:40,MW2045B42291,ANZ,NULL,18,NULL,A23375,3.24E+00,7.30E-04,18752,NULL,268,
1792228,2026/8/13 04:39,MW2045B46147,C22,NULL,22,                    ,A05776,3.24E+00,1.18E-03,17808,NULL,268,
1792227,2026/8/13 04:39,MW2045B34796,A27,NULL,10,NULL,A23375,3.24E+00,8.70E-04,18790,NULL,268,
1792226,2026/8/13 04:39,MW2045B46231,A25,NULL,8,                    ,A05776,3.24E+00,9.60E-04,17964,NULL,268,-0.02551
1792225,2026/8/13 04:39,MW2045B09364,A24,NULL,7,NULL,A10821,3.24E+00,9.20E-04,18648,NULL,268,0.02138
1792224,2026/8/13 04:39,MW2045B40188,B21,NULL,11,                    ,A05776,3.24E+00,1.36E-03,18117,NULL,268,-0.05517
1792223,2026/8/13 04:38,MW2045B09365,B25,NULL,15,NULL,A10821,3.24E+00,8.20E-04,18537,NULL,268,0.02412
1792222,2026/8/13 04:38,MW2045B46191,A22,NULL,5,                    ,A05776,3.24E+00,1.37E-03,18199,NULL,268,-0.00487
1792221,2026/8/13 04:38,MW2045B46318,A23,NULL,6,                    ,A05776,3.24E+00,9.60E-04,17893,NULL,268,-0.01952
1792220,2026/8/13 04:38,MW2045B39983,A21,NULL,4,NULL,A10821,3.24E+00,1.42E-03,18756,NULL,268,0.007
1792219,2026/8/13 04:37,MW2045B46194,A22,NULL,5,                    ,A05776,3.24E+00,1.24E-03,18250,NULL,268,-0.02203
1792218,2026/8/13 04:37,MW2045B39992,A23,NULL,6,NULL,A10821,3.24E+00,1.28E-03,18583,NULL,268,-0.02699
1792217,2026/8/13 04:37,MW2045B46190,A22,NULL,5,                    ,A05776,3.24E+00,1.06E-03,18135,NULL,268,-0.02548
1792216,2026/8/13 04:37,MW2045B39978,A21,NULL,4,NULL,A10821,3.24E+00,1.42E-03,18714,NULL,268,-0.02535
1792215,2026/8/13 04:37,MW2045B46193,A21,NULL,4,                    ,A05776,3.24E+00,1.48E-03,18318,NULL,268,-0.01835
1792214,2026/8/13 04:36,MW2045B39979,C23,NULL,23,NULL,A10821,3.24E+00,1.28E-03,18830,NULL,268,-0.03017
1792213,2026/8/13 04:36,MW2045B46189,A24,NULL,7,                    ,A05776,3.24E+00,9.40E-04,18036,NULL,268,-0.0153
1792212,2026/8/13 04:36,MW2045B40439,A25,NULL,8,NULL,A10821,3.24E+00,1.04E-03,18794,NULL,268,-0.02802
1792211,2026/8/13 04:36,MW2045B39143,A25,NULL,8,                    ,A15940,3.24E+00,8.20E-04,18091,NULL,268,-0.11399
1792210,2026/8/13 04:35,MW2045B51423,ANZ,NULL,18,NULL,A10821,3.24E+00,7.60E-04,18724,NULL,268,-0.02398
1792209,2026/8/13 04:35,MW2044B16282,A24,NULL,7,                    ,A15940,3.24E+00,1.19E-03,18234,NULL,268,-0.04893
1792208,2026/8/13 04:35,MW2045B40440,A23,NULL,6,NULL,A10821,3.24E+00,1.40E-03,18726,NULL,268,-0.02053
1792207,2026/8/13 04:35,MW2045B38509,A26,NULL,9,                    ,A15940,3.24E+00,9.80E-04,18063,NULL,268,-0.02053
1792206,2026/8/13 04:35,MW2045B40125,A22,NULL,5,NULL,A10821,3.24E+00,1.19E-03,18606,NULL,268,-0.02053
1792205,2026/8/13 04:34,MW2044B16283,A24,NULL,7,                    ,A15940,3.24E+00,1.21E-03,18303,NULL,268,-0.02053
1792204,2026/8/13 04:34,MW2045B40657,A25,NULL,8,NULL,A10821,3.24E+00,1.03E-03,18762,NULL,268,-0.02053
1792203,2026/8/13 04:34,MW2044B16284,A24,NULL,7,                    ,A15940,3.24E+00,1.11E-03,18297,NULL,268,-0.02053
1792202,2026/8/13 04:34,MW2045B39131,A25,NULL,8,NULL,A10821,3.24E+00,1.00E-03,18744,NULL,268,-0.02053
1792201,2026/8/13 04:34,MW2045B38507,A25,NULL,8,                    ,A15940,3.24E+00,1.04E-03,18093,NULL,268,-0.02053
1792200,2026/8/13 04:33,MW2045B40119,A23,NULL,6,NULL,A23520,3.24E+00,1.28E-03,18704,NULL,268,-0.02053
1792199,2026/8/13 04:33,MW2045B38633,A26,NULL,9,                    ,A15940,3.24E+00,9.00E-04,18023,NULL,268,-0.02053
1792198,2026/8/13 04:33,MW2045B39080,A26,NULL,9,NULL,A23520,3.24E+00,8.70E-04,18653,NULL,268,-0.02053
1792197,2026/8/13 04:33,MW2045B46074,A22,NULL,5,                    ,A15940,3.24E+00,1.07E-03,18088,NULL,268,-0.02053
1792196,2026/8/13 04:32,MW2045B38515,A25,NULL,8,                    ,A15940,3.24E+00,9.50E-04,17978,NULL,268,-0.02053
1792195,2026/8/13 04:32,MW2045B40124,A23,NULL,6,NULL,A23520,3.24E+00,1.26E-03,18701,NULL,268,-0.02053
1792194,2026/8/13 04:32,MW2045B40509,A23,NULL,6,                    ,A15940,3.24E+00,1.36E-03,18178,NULL,268,-0.02053
1792193,2026/8/13 04:32,MW2045B40123,A23,NULL,6,NULL,A23520,3.24E+00,3.72E-03,18737,NULL,268,-0.02053
1792192,2026/8/13 04:32,MW2045B40513,A22,NULL,5,                    ,A15940,3.24E+00,1.41E-03,18322,NULL,268,-0.02053
1792191,2026/8/13 04:31,MW2045B40132,ANZ,NULL,18,NULL,A23520,3.24E+00,7.40E-04,18704,NULL,268,-0.02053
1792190,2026/8/13 04:31,MW2044B01436,C26,NULL,26,                    ,A15940,3.24E+00,9.00E-04,18243,NULL,268,-0.02053
1792189,2026/8/13 04:31,MW2045B40127,ANZ,NULL,18,NULL,A23520,3.24E+00,7.40E-04,18662,NULL,268,-0.02053
1792188,2026/8/13 04:31,MW2045B39054,A23,NULL,6,                    ,A13400,3.24E+00,1.11E-03,18082,NULL,268,-0.02053
1792187,2026/8/13 04:31,MW2045B38514,A26,NULL,9,NULL,A23520,3.24E+00,8.50E-04,18496,NULL,268,-0.02053
1792186,2026/8/13 04:30,MW2045B09687,C25,NULL,25,                    ,A13400,3.24E+00,8.60E-04,18011,NULL,268,-0.02053
1792185,2026/8/13 04:30,MW2045B38553,B25,NULL,15,NULL,A23520,3.24E+00,9.30E-04,18463,NULL,268,-0.02053
1792184,2026/8/13 04:30,MW2045B09782,C24,NULL,24,                    ,A13400,3.24E+00,9.20E-04,18124,NULL,268,-0.02053
1792183,2026/8/13 04:30,MW2045B38552,A25,NULL,8,NULL,A23520,3.24E+00,8.80E-04,18570,NULL,268,-0.02053
1792182,2026/8/13 04:29,MW2045B09783,A24,NULL,7,                    ,A13400,3.24E+00,8.60E-04,18142,NULL,268,-0.02053
1792181,2026/8/13 04:29,MW2045B39127,A26,NULL,9,NULL,A23520,3.24E+00,8.80E-04,18615,NULL,268,-0.02053
1792180,2026/8/13 04:29,MW2044B01746,A25,NULL,8,                    ,A13400,3.24E+00,8.60E-04,18108,NULL,268,-0.02053
1792179,2026/8/13 04:29,MW2045B39128,A25,NULL,8,NULL,A23520,3.24E+00,8.90E-04,18668,NULL,268,-0.02053
1792178,2026/8/13 04:29,MW2045B56071,B25,NULL,15,                    ,A13400,3.24E+00,8.70E-04,18198,NULL,268,-0.02053
1792177,2026/8/13 04:28,MW2045B39126,ANZ,NULL,18,NULL,A23520,3.24E+00,7.40E-04,18649,NULL,268,-0.02053
1792176,2026/8/13 04:28,MW2045B28072,B23,NULL,13,                    ,A13400,3.24E+00,1.11E-03,18348,NULL,268,-0.02053
1792175,2026/8/13 04:28,MW2045B46311,A25,NULL,8,NULL,A07721,3.24E+00,8.20E-04,18511,NULL,268,-0.02053
1792174,2026/8/13 04:28,MW2045B40506,A23,NULL,6,                    ,A13400,3.24E+00,1.32E-03,18126,NULL,268,-0.02053
1792173,2026/8/13 04:27,MW2045B40504,A23,NULL,6,                    ,A13400,3.24E+00,1.36E-03,18193,NULL,268,-0.02053
1792172,2026/8/13 04:27,MW2045B46221,A24,NULL,7,NULL,A07721,3.24E+00,9.00E-04,18561,NULL,268,-0.02053
1792171,2026/8/13 04:27,MW2045B28083,A22,NULL,5,                    ,A13400,3.24E+00,1.20E-03,18329,NULL,268,-0.02053
1792170,2026/8/13 04:27,MW2045B63682,ANZ,NULL,18,NULL,A07721,3.24E+00,7.30E-04,18569,NULL,268,-0.02053
1792169,2026/8/13 04:27,MW2045B40511,A23,NULL,6,                    ,A13400,3.24E+00,1.25E-03,18136,NULL,268,-0.02053
1792168,2026/8/13 04:26,MW2045B46226,A24,NULL,7,NULL,A07721,3.24E+00,9.30E-04,18832,NULL,268,-0.02053
1792167,2026/8/13 04:26,MW2045B28084,B24,NULL,14,                    ,A13400,3.24E+00,1.07E-03,18328,NULL,268,-0.02053
1792166,2026/8/13 04:26,MW2045B63681,ANZ,NULL,18,NULL,A07721,3.24E+00,7.40E-04,18536,NULL,268,-0.02053
1792165,2026/8/13 04:26,MW2044B01485,A26,NULL,9,                    ,A15198,3.24E+00,8.80E-04,17998,NULL,268,-0.02053
1792164,2026/8/13 04:26,MW2045B63679,ANZ,NULL,18,NULL,A07721,3.24E+00,7.60E-04,18592,NULL,268,-0.02053
1792163,2026/8/13 04:25,MW2044B01486,A26,NULL,9,                    ,A15198,3.24E+00,8.70E-04,18039,NULL,268,-0.02053
1792162,2026/8/13 04:25,MW2045B46381,C25,NULL,25,NULL,A07721,3.24E+00,8.10E-04,18606,NULL,268,-0.02053
1792161,2026/8/13 04:25,MW2044B01493,A26,NULL,9,                    ,A15198,3.24E+00,8.60E-04,17974,NULL,268,-0.02053
1792160,2026/8/13 04:25,MW2045B46388,ANZ,NULL,18,NULL,A07721,3.24E+00,7.70E-04,18635,NULL,268,-0.02053
1792159,2026/8/13 04:25,MW2045B40495,A24,NULL,7,                    ,A15198,3.24E+00,1.33E-03,18105,NULL,268,-0.02053
1792158,2026/8/13 04:24,MW2044B25913,ANZ,NULL,18,NULL,A07721,3.24E+00,7.30E-04,18433,NULL,268,-0.02053
1792157,2026/8/13 04:24,MW2044B01492,A26,NULL,9,                    ,A15198,3.24E+00,8.40E-04,18022,NULL,268,-0.02053
1792156,2026/8/13 04:24,MW2045B46150,A24,NULL,7,NULL,A07721,3.24E+00,1.02E-03,18568,NULL,268,-0.02053
1792155,2026/8/13 04:24,MW2045B40498,A24,NULL,7,                    ,A15198,3.24E+00,1.35E-03,18120,NULL,268,-0.02053
1792154,2026/8/13 04:23,MW2044B01491,A26,NULL,9,                    ,A15198,3.24E+00,9.20E-04,18128,NULL,268,-0.02053
1792153,2026/8/13 04:23,MW2045B46139,A23,NULL,6,NULL,A07721,3.24E+00,9.90E-04,18437,NULL,268,-0.02053
1792152,2026/8/13 04:23,MW2045B40497,A24,NULL,7,                    ,A15198,3.24E+00,1.08E-03,18166,NULL,268,-0.02053
1792151,2026/8/13 04:23,MW2045B46368,ANZ,NULL,18,NULL,A07721,3.24E+00,7.70E-04,18527,NULL,268,-0.02053
1792150,2026/8/13 04:23,MW2044B01490,A25,NULL,8,                    ,A15198,3.24E+00,9.50E-04,18068,NULL,268,-0.02053
1792149,2026/8/13 04:22,MW2045B39987,A21,NULL,4,NULL,A18929,3.24E+00,1.45E-03,18782,NULL,268,-0.02053
1792148,2026/8/13 04:22,MW2045B40501,A24,NULL,7,                    ,A15198,3.24E+00,1.16E-03,18187,NULL,268,-0.02053
1792147,2026/8/13 04:22,MW2045B38511,A25,NULL,8,NULL,A18929,3.24E+00,8.80E-04,18519,NULL,268,-0.02053
1792146,2026/8/13 04:22,MW2044B01489,A26,NULL,9,                    ,A15198,3.24E+00,8.90E-04,18036,NULL,268,-0.02053
1792145,2026/8/13 04:22,MW2045B39996,A23,NULL,6,NULL,A18929,3.24E+00,1.31E-03,18646,NULL,268,-0.02053
1792144,2026/8/13 04:21,MW2045B40516,A24,NULL,7,                    ,A15198,3.24E+00,1.07E-03,18115,NULL,268,-0.02053
1792143,2026/8/13 04:21,MW2045B41097,D25,NULL,31,NULL,A18929,3.24E+00,9.80E-04,18767,NULL,268,-0.02053
1792142,2026/8/13 04:21,MW2044B16287,A23,NULL,6,                    ,A01789,3.24E+00,1.28E-03,18326,NULL,268,-0.02053
1792141,2026/8/13 04:21,MW2045B39141,A24,NULL,7,NULL,A18929,3.24E+00,9.00E-04,18658,NULL,268,-0.02053
1792140,2026/8/13 04:21,MW2045B10003,A25,NULL,8,                    ,A01789,3.24E+00,9.60E-04,18180,NULL,268,-0.02053
1792139,2026/8/13 04:20,MW2045B41098,B23,NULL,13,NULL,A18929,3.24E+00,1.02E-03,18744,NULL,268,-0.02053
1792138,2026/8/13 04:20,MW2044B01585,A25,NULL,8,                    ,A01789,3.24E+00,9.50E-04,18113,NULL,268,-0.02053
1792137,2026/8/13 04:20,MW2045B41103,D25,NULL,31,NULL,A18929,3.24E+00,9.90E-04,18795,NULL,268,-0.02053
1792136,2026/8/13 04:20,MW2045B38807,A24,NULL,7,                    ,A01789,3.25E+00,9.80E-04,18053,NULL,268,-0.02053
1792135,2026/8/13 04:19,MW2045B39216,ANZ,NULL,18,NULL,A18929,3.24E+00,7.60E-04,18541,NULL,268,-0.02053
1792134,2026/8/13 04:19,MW2045B09772,A25,NULL,8,                    ,A01789,3.24E+00,8.90E-04,18106,NULL,268,-0.02053
1792133,2026/8/13 04:19,MW2045B41104,B25,NULL,15,NULL,A18929,3.24E+00,9.60E-04,18710,NULL,268,-0.02053
1792132,2026/8/13 04:19,MW2045B52137,A23,NULL,6,                    ,A01789,3.24E+00,9.70E-04,18387,NULL,268,-0.02053
1792131,2026/8/13 04:18,MW2045B42743,A24,NULL,7,NULL,A18929,3.24E+00,1.08E-03,18655,NULL,268,-0.02053
1792130,2026/8/13 04:18,MW2045B09734,C24,NULL,24,                    ,A01789,3.24E+00,9.30E-04,17933,NULL,268,-0.02053
1792129,2026/8/13 04:18,MW2045B39140,A25,NULL,8,                    ,A01789,3.24E+00,9.70E-04,18189,NULL,268,-0.02053
1792128,2026/8/13 04:18,MW2045B39139,A24,NULL,7,                    ,A01789,3.24E+00,9.50E-04,18209,NULL,268,-0.02053
1792127,2026/8/13 04:17,MW2045B39056,A23,NULL,6,                    ,A01789,3.24E+00,1.01E-03,17931,NULL,268,-0.02053
1792126,2026/8/13 04:17,MW2045B09733,A24,NULL,7,                    ,A01789,3.24E+00,9.50E-04,17978,NULL,268,-0.02053
1792125,2026/8/13 04:17,MW2045B09688,C25,NULL,25,                    ,A01789,3.24E+00,8.80E-04,18032,NULL,268,-0.02053
1792124,2026/8/13 04:16,MW2045B09757,A25,NULL,8,                    ,A06349,3.24E+00,9.30E-04,17987,NULL,268,-0.02053
1792123,2026/8/13 04:16,MW2045B42745,A25,NULL,8,                    ,A06349,3.24E+00,1.05E-03,18280,NULL,268,-0.02053
1792122,2026/8/13 04:15,MW2045B42747,A24,NULL,7,                    ,A06349,3.24E+00,1.16E-03,18340,NULL,268,-0.02053
1792121,2026/8/13 04:15,MW2045B42744,A22,NULL,5,                    ,A06349,3.24E+00,1.23E-03,18346,NULL,268,-0.02053
1792120,2026/8/13 04:15,MW2045B42746,A24,NULL,7,                    ,A06349,3.24E+00,1.16E-03,18294,NULL,268,-0.02053
1792119,2026/8/13 04:14,MW2045B39158,A25,NULL,8,NULL,A18929,3.24E+00,1.03E-03,18625,NULL,268,-0.02053
1792118,2026/8/13 04:14,MW2045B42767,A23,NULL,6,                    ,A06349,3.24E+00,1.22E-03,18288,NULL,268,-0.02053
1792117,2026/8/13 04:14,MW2044B01434,ANZ,NULL,18,NULL,A18929,3.24E+00,7.80E-04,18503,NULL,268,-0.02053
1792116,2026/8/13 04:14,MW2045B42769,A23,NULL,6,                    ,A06349,3.24E+00,1.21E-03,18374,NULL,268,-0.02053
1792115,2026/8/13 04:13,MW2045B39292,A26,NULL,9,NULL,A07502,3.24E+00,9.40E-04,18640,NULL,268,-0.02053
1792114,2026/8/13 04:13,MW2045B42764,A24,NULL,7,                    ,A06349,3.24E+00,1.15E-03,18340,NULL,268,-0.02053
1792113,2026/8/13 04:13,MW2045B42766,B24,NULL,14,                    ,A06349,3.24E+00,1.17E-03,18333,NULL,268,-0.02053
1792112,2026/8/13 04:13,MW2045B09767,ANZ,NULL,18,NULL,A07502,3.24E+00,7.80E-04,18418,NULL,268,-0.02053
1792111,2026/8/13 04:12,MW2045B39107,C26,NULL,26,                    ,A06349,3.24E+00,8.60E-04,18193,NULL,268,-0.02053
1792110,2026/8/13 04:12,MW2045B39177,C24,NULL,24,NULL,A07502,3.24E+00,1.04E-03,18775,NULL,268,-0.02053
1792109,2026/8/13 04:12,MW2045B38524,A25,NULL,8,                    ,A06349,3.24E+00,8.60E-04,18207,NULL,268,-0.02053
1792108,2026/8/13 04:12,MW2045B39111,A25,NULL,8,NULL,A07502,3.24E+00,9.20E-04,18523,NULL,268,-0.02053
1792107,2026/8/13 04:12,MW2045B38876,A25,NULL,8,                    ,A06349,3.24E+00,9.70E-04,18126,NULL,268,-0.02053
1792106,2026/8/13 04:11,MW2045B42740,A22,NULL,5,NULL,A07502,3.24E+00,1.14E-03,18673,NULL,268,-0.02053
1792105,2026/8/13 04:11,MW2045B46159,A23,NULL,6,                    ,A13186,3.24E+00,1.10E-03,17879,NULL,268,-0.02053
1792104,2026/8/13 04:11,MW2045B39108,ANZ,NULL,18,NULL,A07502,3.24E+00,7.90E-04,18631,NULL,268,-0.02053
1792103,2026/8/13 04:11,MW2044B25867,A26,NULL,9,                    ,A13186,3.24E+00,8.10E-04,18104,NULL,268,-0.02053
1792102,2026/8/13 04:11,MW2045B39133,A24,NULL,7,NULL,A07502,3.24E+00,1.07E-03,18735,NULL,268,-0.02053
1792101,2026/8/13 04:10,MW2045B46188,A23,NULL,6,                    ,A13186,3.24E+00,1.04E-03,18175,NULL,268,-0.02053
1792100,2026/8/13 04:10,MW2045B39238,ANZ,NULL,18,NULL,A07502,3.24E+00,7.70E-04,18601,NULL,268,-0.02053
1792099,2026/8/13 04:10,MW2044B25822,A25,NULL,8,                    ,A13186,3.24E+00,8.40E-04,18119,NULL,268,-0.02053
1792098,2026/8/13 04:10,MW2045B39234,ANZ,NULL,18,NULL,A07502,3.24E+00,7.60E-04,18540,NULL,268,-0.02053
1792097,2026/8/13 04:10,MW2045B46175,C24,NULL,24,                    ,A13186,3.24E+00,1.06E-03,17803,NULL,268,-0.02053
1792096,2026/8/13 04:09,MW2045B39243,A24,NULL,7,NULL,A07502,3.24E+00,8.90E-04,18666,NULL,268,-0.02053
1792095,2026/8/13 04:09,MW2045B46160,A21,NULL,4,                    ,A13186,3.24E+00,1.16E-03,18014,NULL,268,-0.02053
1792094,2026/8/13 04:09,MW2045B39173,A25,NULL,8,NULL,A07502,3.24E+00,1.00E-03,18475,NULL,268,-0.02053
1792093,2026/8/13 04:09,MW2045B46162,A23,NULL,6,                    ,A13186,3.24E+00,9.70E-04,18085,NULL,268,-0.02053
1792092,2026/8/13 04:08,MW2044B25873,C26,NULL,26,                    ,A13186,3.24E+00,8.20E-04,18087,NULL,268,-0.02053
1792091,2026/8/13 04:08,MW2045B38598,A25,NULL,8,NULL,A07502,3.24E+00,8.90E-04,18344,NULL,268,-0.02053
1792090,2026/8/13 04:08,MW2044B25874,A26,NULL,9,                    ,A13186,3.24E+00,8.30E-04,18127,NULL,268,-0.02053
1792089,2026/8/13 04:08,MW2045B38795,ANZ,NULL,18,NULL,A01812,3.24E+00,6.70E-04,18682,NULL,268,-0.02053
1792088,2026/8/13 04:08,MW2045B46283,A26,NULL,9,                    ,A13186,3.24E+00,9.60E-04,17942,NULL,268,-0.02053
1792087,2026/8/13 04:07,MW2045B38806,ANZ,NULL,18,NULL,A01812,3.24E+00,7.00E-04,18610,NULL,268,-0.02053
1792086,2026/8/13 04:07,MW2045B46286,A25,NULL,8,                    ,A13186,3.24E+00,1.01E-03,17875,NULL,268,-0.02053
1792085,2026/8/13 04:07,MW2045B38804,ANZ,NULL,18,NULL,A01812,3.24E+00,6.80E-04,18632,NULL,268,-0.02053
1792084,2026/8/13 04:07,MW2045B46204,A24,NULL,7,                    ,A13186,3.24E+00,1.12E-03,17945,NULL,268,-0.02053
1792083,2026/8/13 04:06,MW2045B38630,ANZ,NULL,18,NULL,A01812,3.24E+00,7.80E-04,18542,NULL,268,-0.02053
1792082,2026/8/13 04:06,MW2045B39023,A24,NULL,7,                    ,A15829,3.24E+00,1.01E-03,18113,NULL,268,-0.02053
1792081,2026/8/13 04:06,MW2045B38721,ANZ,NULL,18,NULL,A01812,3.24E+00,8.00E-04,18570,NULL,268,-0.02053
1792080,2026/8/13 04:06,MW2045B09959,A25,NULL,8,                    ,A15829,3.24E+00,9.80E-04,18235,NULL,268,-0.02053
1792079,2026/8/13 04:06,MW2045B38734,ANZ,NULL,18,NULL,A01812,3.24E+00,7.00E-04,18609,NULL,268,-0.02053
1792078,2026/8/13 04:05,MW2045B38819,A26,NULL,9,                    ,A15829,3.24E+00,8.60E-04,18265,NULL,268,-0.02053
1792077,2026/8/13 04:05,MW2045B39296,ANZ,NULL,18,NULL,A01812,3.24E+00,6.00E-04,18744,NULL,268,-0.02053
1792076,2026/8/13 04:05,MW2045B38828,A25,NULL,8,                    ,A15829,3.24E+00,1.13E-03,18190,NULL,268,-0.02053
1792075,2026/8/13 04:05,MW2045B38860,A25,NULL,8,                    ,A15829,3.24E+00,1.10E-03,18089,NULL,268,-0.02053
1792074,2026/8/13 04:05,MW2045B39304,ANZ,NULL,18,NULL,A01812,3.24E+00,6.50E-04,18672,NULL,268,-0.02053
1792073,2026/8/13 04:04,MW2045B40007,A23,NULL,6,                    ,A15829,3.24E+00,1.34E-03,18302,NULL,268,-0.02053
1792072,2026/8/13 04:04,MW2045B38632,ANZ,NULL,18,NULL,A01812,3.24E+00,6.20E-04,18496,NULL,268,-0.02053
1792071,2026/8/13 04:04,MW2045B40508,A24,NULL,7,                    ,A15829,3.24E+00,1.09E-03,18148,NULL,268,-0.02053
1792070,2026/8/13 04:04,MW2045B39236,ANZ,NULL,18,NULL,A01812,3.24E+00,6.50E-04,18700,NULL,268,-0.02053
1792069,2026/8/13 04:03,MW2045B51908,ANZ,NULL,18,NULL,A01812,3.24E+00,7.70E-04,18606,NULL,268,-0.02053
1792068,2026/8/13 04:03,MW2045B39274,ANZ,NULL,18,NULL,A01812,3.24E+00,7.30E-04,18663,NULL,268,-0.02053
1792067,2026/8/13 04:03,MW2045B38847,A25,NULL,8,                    ,A15829,3.24E+00,1.08E-03,18113,NULL,268,-0.02053
1792066,2026/8/13 04:02,MW2041B03772,B23,NULL,13,NULL,A03329,3.25E+00,1.19E-03,18939,NULL,268,-0.02053
1792065,2026/8/13 04:02,MW2045B09775,C26,NULL,26,                    ,A15829,3.24E+00,8.40E-04,18075,NULL,268,-0.02053
1792064,2026/8/13 04:02,MW2041B12944,B25,NULL,15,NULL,A03329,3.24E+00,1.30E-03,18697,NULL,268,-0.02053
1792063,2026/8/13 04:02,MW2045B09769,A25,NULL,8,                    ,A15829,3.24E+00,9.10E-04,17978,NULL,268,-0.02053
1792062,2026/8/13 04:01,MW2041B12943,B25,NULL,15,NULL,A03329,3.24E+00,1.27E-03,18680,NULL,268,-0.02053
1792061,2026/8/13 04:01,MW2045B09773,A25,NULL,8,                    ,A15829,3.24E+00,9.80E-04,18089,NULL,268,-0.02053
1792060,2026/8/13 04:01,MW2041B12924,B25,NULL,15,NULL,A03329,3.24E+00,1.21E-03,18814,NULL,268,-0.02053
1792059,2026/8/13 04:01,MW2045B09774,A25,NULL,8,                    ,A15829,3.24E+00,1.00E-03,18000,NULL,268,-0.02053
1792058,2026/8/13 04:00,MW2041B02564,B23,NULL,13,NULL,A03329,3.24E+00,8.70E-04,18893,NULL,268,-0.02053
1792057,2026/8/13 04:00,MW2041B12923,B25,NULL,15,                    ,A20037,3.24E+00,1.30E-03,18383,NULL,268,-0.02053
1792056,2026/8/13 04:00,MW2044B26206,A25,NULL,8,NULL,A03329,3.24E+00,8.30E-04,18663,NULL,268,-0.02053
1792055,2026/8/13 04:00,MW2045B63960,A25,NULL,8,                    ,A20037,3.24E+00,8.70E-04,18198,NULL,268,-0.02053
1792054,2026/8/13 04:00,MW2044B24399,ANZ,NULL,18,NULL,A03329,3.24E+00,8.00E-04,18660,NULL,268,-0.02053
1792053,2026/8/13 03:59,MW2044B25769,A26,NULL,9,                    ,A20037,3.24E+00,8.10E-04,18176,NULL,268,-0.02053
1792052,2026/8/13 03:59,MW2044B25908,ANZ,NULL,18,NULL,A03329,3.24E+00,7.00E-04,18310,NULL,268,-0.02053
1792051,2026/8/13 03:59,MW2044B25771,A26,NULL,9,                    ,A20037,3.24E+00,8.10E-04,18173,NULL,268,-0.02053
1792050,2026/8/13 03:59,MW2041B02569,B23,NULL,13,NULL,A03329,3.24E+00,1.22E-03,18775,NULL,268,-0.02053
1792049,2026/8/13 03:59,MW2044B25804,ANZ,NULL,18,                    ,A20037,3.24E+00,8.00E-04,18046,NULL,268,-0.02053
1792048,2026/8/13 03:58,MW2045B46307,A26,NULL,9,NULL,A03329,3.24E+00,8.40E-04,18682,NULL,268,-0.02053
1792047,2026/8/13 03:58,MW2044B25806,A26,NULL,9,                    ,A20037,3.24E+00,8.40E-04,18354,NULL,268,-0.02053
1792046,2026/8/13 03:58,MW2045B64297,A26,NULL,9,                    ,A20037,3.24E+00,8.20E-04,18246,NULL,268,-0.02053
1792045,2026/8/13 03:58,MW2045B46206,C24,NULL,24,NULL,A03329,3.24E+00,9.10E-04,18433,NULL,268,-0.02053
1792044,2026/8/13 03:57,MW2045B64113,A25,NULL,8,                    ,A20037,3.24E+00,8.70E-04,18156,NULL,268,-0.02053
1792043,2026/8/13 03:57,MW2045B46205,A24,NULL,7,NULL,A03329,3.24E+00,1.00E-03,18524,NULL,268,-0.02053
1792042,2026/8/13 03:57,MW2044B25728,A27,NULL,10,                    ,A20037,3.24E+00,8.10E-04,17961,NULL,268,-0.02053
1792041,2026/8/13 03:57,MW2045B39159,A24,NULL,7,NULL,A10049,3.24E+00,1.03E-03,18541,NULL,268,-0.02053
1792040,2026/8/13 03:57,MW2044B25733,A26,NULL,9,                    ,A20037,3.24E+00,8.80E-04,18088,NULL,268,-0.02053
1792039,2026/8/13 03:56,MW2044B01433,ANZ,NULL,18,NULL,A10049,3.24E+00,7.10E-04,18508,NULL,268,-0.02053
1792038,2026/8/13 03:56,MW2044B25734,A26,NULL,9,                    ,A20037,3.24E+00,8.40E-04,18047,NULL,268,-0.02053
1792037,2026/8/13 03:56,MW2045B39160,A24,NULL,7,NULL,A10049,3.24E+00,1.04E-03,18473,NULL,268,-0.02053
1792036,2026/8/13 03:56,MW2044B25784,A26,NULL,9,                    ,A20037,3.24E+00,8.10E-04,18002,NULL,268,-0.02053
1792035,2026/8/13 03:56,MW2045B39302,A24,NULL,7,NULL,A10049,3.24E+00,9.00E-04,18657,NULL,268,-0.02053
1792034,2026/8/13 03:55,MW2045B09736,A24,NULL,7,                    ,A11793,3.24E+00,8.50E-04,18030,NULL,268,-0.02053
1792033,2026/8/13 03:55,MW2045B38528,ANZ,NULL,18,NULL,A10049,3.24E+00,7.80E-04,18622,NULL,268,-0.02053
1792032,2026/8/13 03:55,MW2045B38872,A26,NULL,9,                    ,A11793,3.24E+00,8.30E-04,17996,NULL,268,-0.02053
1792031,2026/8/13 03:55,MW2045B38529,A26,NULL,9,NULL,A10049,3.24E+00,8.90E-04,18662,NULL,268,-0.02053
1792030,2026/8/13 03:55,MW2045B38527,A24,NULL,7,                    ,A11793,3.25E+00,1.01E-03,18208,NULL,268,-0.02053
1792029,2026/8/13 03:54,MW2045B38526,A25,NULL,8,                    ,A11793,3.24E+00,9.40E-04,18134,NULL,268,-0.02053
1792028,2026/8/13 03:54,MW2045B38562,ANZ,NULL,18,NULL,A10049,3.24E+00,7.90E-04,18615,NULL,268,-0.02053
1792027,2026/8/13 03:54,MW2045B42741,A23,NULL,6,                    ,A11793,3.24E+00,1.20E-03,18049,NULL,268,-0.02053
1792026,2026/8/13 03:54,MW2045B38561,A25,NULL,8,NULL,A10049,3.24E+00,9.40E-04,18523,NULL,268,-0.02053
1792025,2026/8/13 03:53,MW2044B01707,A27,NULL,10,                    ,A11793,3.24E+00,1.01E-03,18207,NULL,268,-0.02053
1792024,2026/8/13 03:53,MW2045B38565,A25,NULL,8,NULL,A10049,3.24E+00,9.80E-04,18587,NULL,268,-0.02053
1792023,2026/8/13 03:53,MW2044B01705,A27,NULL,10,                    ,A11793,3.24E+00,1.02E-03,18281,NULL,268,-0.02053
1792022,2026/8/13 03:53,MW2045B39095,A26,NULL,9,NULL,A10049,3.24E+00,8.50E-04,18537,NULL,268,-0.02053
1792021,2026/8/13 03:53,MW2045B38519,A26,NULL,9,                    ,A11793,3.24E+00,9.50E-04,18156,NULL,268,-0.02053
1792020,2026/8/13 03:52,MW2045B39181,A24,NULL,7,NULL,A10049,3.24E+00,8.30E-04,18491,NULL,268,-0.02053
1792019,2026/8/13 03:52,MW2045B38518,A26,NULL,9,                    ,A11793,3.24E+00,8.60E-04,18167,NULL,268,-0.02053
1792018,2026/8/13 03:52,MW2045B39194,A24,NULL,7,NULL,A10049,3.24E+00,8.70E-04,18687,NULL,268,-0.02053
1792017,2026/8/13 03:52,MW2045B38517,A26,NULL,9,                    ,A11793,3.24E+00,9.00E-04,18123,NULL,268,-0.02053
1792016,2026/8/13 03:52,MW2045B46210,A23,NULL,6,NULL,A21939,3.24E+00,1.02E-03,18555,NULL,268,-0.02053
1792015,2026/8/13 03:51,MW2045B09777,A25,NULL,8,                    ,A11793,3.24E+00,9.40E-04,18169,NULL,268,-0.02053
1792014,2026/8/13 03:51,MW2045B64060,ANZ,NULL,18,NULL,A21939,3.24E+00,7.20E-04,18853,NULL,268,-0.02053
1792013,2026/8/13 03:51,MW2045B09768,A26,NULL,9,                    ,A11793,3.24E+00,9.00E-04,18041,NULL,268,-0.02053
1792012,2026/8/13 03:51,MW2044B25762,ANZ,NULL,18,NULL,A21939,3.24E+00,7.10E-04,18438,NULL,268,-0.02053
1792011,2026/8/13 03:51,MW2044B25716,A26,NULL,9,                    ,A24693,3.24E+00,8.70E-04,18230,NULL,268,-0.02053
1792010,2026/8/13 03:50,MW2044B25717,A26,NULL,9,                    ,A24693,3.24E+00,8.40E-04,18158,NULL,268,-0.02053
1792009,2026/8/13 03:50,MW2045B46179,A24,NULL,7,NULL,A21939,3.24E+00,8.50E-04,18314,NULL,268,-0.02053
1792008,2026/8/13 03:50,MW2044B25720,A25,NULL,8,                    ,A24693,3.24E+00,8.50E-04,18083,NULL,268,-0.02053
1792007,2026/8/13 03:50,MW2045B46185,ANZ,NULL,18,NULL,A21939,3.24E+00,7.50E-04,18498,NULL,268,-0.02053
1792006,2026/8/13 03:49,MW2044B25719,A25,NULL,8,                    ,A24693,3.24E+00,8.80E-04,18188,NULL,268,-0.02053
1792005,2026/8/13 03:49,MW2045B46187,ANZ,NULL,18,NULL,A21939,3.24E+00,7.30E-04,18599,NULL,268,-0.02053
1792004,2026/8/13 03:49,MW2044B25721,A26,NULL,9,                    ,A24693,3.24E+00,8.60E-04,18116,NULL,268,-0.02053
1792003,2026/8/13 03:49,MW2045B46182,C24,NULL,24,NULL,A21939,3.24E+00,8.80E-04,18329,NULL,268,-0.02053
1792002,2026/8/13 03:49,MW2044B25722,A25,NULL,8,                    ,A24693,3.24E+00,8.70E-04,17916,NULL,268,-0.02053
1792001,2026/8/13 03:48,MW2045B46199,C22,NULL,22,NULL,A21939,3.24E+00,1.05E-03,18407,NULL,268,-0.02053
1792000,2026/8/13 03:48,MW2044B25917,B25,NULL,15,                    ,A24693,3.24E+00,8.30E-04,18110,NULL,268,-0.02053
1791999,2026/8/13 03:48,MW2045B46200,A23,NULL,6,NULL,A21939,3.24E+00,1.02E-03,18498,NULL,268,-0.02053
1791998,2026/8/13 03:48,MW2044B25916,B25,NULL,15,                    ,A24693,3.24E+00,8.40E-04,18188,NULL,268,-0.02053
1791997,2026/8/13 03:47,MW2045B46216,A24,NULL,7,NULL,A21939,3.24E+00,9.30E-04,18526,NULL,268,-0.02053
1791996,2026/8/13 03:47,MW2044B25915,A25,NULL,8,                    ,A24693,3.24E+00,8.20E-04,18270,NULL,268,-0.02053
1791995,2026/8/13 03:47,MW2045B46192,A21,NULL,4,NULL,A21939,3.24E+00,1.31E-03,18497,NULL,268,-0.02053
1791994,2026/8/13 03:47,MW2045B46252,A23,NULL,6,                    ,A24693,3.24E+00,9.90E-04,17755,NULL,268,-0.02053
1791993,2026/8/13 03:47,MW2045B46219,A24,NULL,7,NULL,A21939,3.24E+00,9.80E-04,18657,NULL,268,-0.02053
1791992,2026/8/13 03:47,MW2045B46328,B26,NULL,16,                    ,A24693,3.24E+00,9.20E-04,18164,NULL,268,-0.02053
1791991,2026/8/13 03:46,MW2045B46314,B26,NULL,16,                    ,A24693,3.24E+00,9.20E-04,17988,NULL,268,-0.02053
1791990,2026/8/13 03:46,MW2045B09737,A24,NULL,7,NULL,A05811,3.24E+00,8.20E-04,18509,NULL,268,-0.02053
1791989,2026/8/13 03:46,MW2045B51632,B24,NULL,14,                    ,A03041,3.24E+00,9.30E-04,18261,NULL,268,-0.02053
1791988,2026/8/13 03:46,MW2045B09919,A24,NULL,7,NULL,A05811,3.24E+00,1.01E-03,18540,NULL,268,-0.02053
1791987,2026/8/13 03:45,MW2045B51633,B24,NULL,14,                    ,A03041,3.24E+00,9.00E-04,18107,NULL,268,-0.02053
1791986,2026/8/13 03:45,MW2045B09920,ANZ,NULL,18,NULL,A05811,3.24E+00,7.90E-04,18483,NULL,268,-0.02053
1791985,2026/8/13 03:45,MW2045B38504,A25,NULL,8,                    ,A03041,3.24E+00,1.01E-03,18081,NULL,268,-0.02053
1791984,2026/8/13 03:45,MW2045B09921,ANZ,NULL,18,NULL,A05811,3.24E+00,7.80E-04,18478,NULL,268,-0.02053
1791983,2026/8/13 03:45,MW2045B51635,B24,NULL,14,                    ,A03041,3.24E+00,8.80E-04,18327,NULL,268,-0.02053
1791982,2026/8/13 03:44,MW2045B09926,A25,NULL,8,NULL,A05811,3.24E+00,8.10E-04,18525,NULL,268,-0.02053
1791981,2026/8/13 03:44,MW2045B51636,B24,NULL,14,                    ,A03041,3.24E+00,8.70E-04,18134,NULL,268,-0.02053
1791980,2026/8/13 03:44,MW2045B09915,A24,NULL,7,NULL,A05811,3.24E+00,1.01E-03,18566,NULL,268,-0.02053
1791979,2026/8/13 03:44,MW2045B51414,B24,NULL,14,                    ,A03041,3.24E+00,8.90E-04,18262,NULL,268,-0.02053
1791978,2026/8/13 03:43,MW2045B09913,A23,NULL,6,NULL,A05811,3.24E+00,1.14E-03,18513,NULL,268,-0.02053
1791977,2026/8/13 03:43,MW2044B16229,C26,NULL,26,                    ,A03041,3.24E+00,9.90E-04,18202,NULL,268,-0.02053
1791976,2026/8/13 03:43,MW2045B39025,A24,NULL,7,NULL,A05811,3.24E+00,8.70E-04,18623,NULL,268,-0.02053
1791975,2026/8/13 03:43,MW2044B16230,A26,NULL,9,                    ,A03041,3.24E+00,1.03E-03,18115,NULL,268,-0.02053
1791974,2026/8/13 03:43,MW2045B39024,C24,NULL,24,NULL,A05811,3.24E+00,9.10E-04,18575,NULL,268,-0.02053
1791973,2026/8/13 03:43,MW2044B16231,A27,NULL,10,                    ,A03041,3.24E+00,9.80E-04,18157,NULL,268,-0.02053
1791972,2026/8/13 03:42,MW2045B09929,A25,NULL,8,NULL,A05811,3.24E+00,9.20E-04,18531,NULL,268,-0.02053
1791971,2026/8/13 03:42,MW2045B38791,A25,NULL,8,                    ,A03041,3.24E+00,9.50E-04,18098,NULL,268,-0.02053
1791970,2026/8/13 03:42,MW2045B38788,A25,NULL,8,                    ,A03041,3.24E+00,1.03E-03,18022,NULL,268,-0.02053
1791969,2026/8/13 03:42,MW2045B09930,A25,NULL,8,NULL,A05811,3.24E+00,8.70E-04,18656,NULL,268,-0.02053
1791968,2026/8/13 03:41,MW2045B39188,A24,NULL,7,                    ,A03041,3.24E+00,8.80E-04,18226,NULL,268,-0.02053
1791967,2026/8/13 03:41,MW2045B40108,B21,NULL,11,NULL,A05811,3.24E+00,1.02E-03,18672,NULL,268,-0.02053
1791966,2026/8/13 03:41,MW2045B46217,A25,NULL,8,                    ,A18207,3.24E+00,8.70E-04,18051,NULL,268,-0.02053
1791965,2026/8/13 03:41,MW2045B63958,ANZ,NULL,18,NULL,A24079,3.24E+00,7.50E-04,18427,NULL,268,-0.02053
1791964,2026/8/13 03:41,MW2045B09838,A25,NULL,8,                    ,A18207,3.24E+00,9.60E-04,18067,NULL,268,-0.02053
1791963,2026/8/13 03:40,MW2045B63959,A24,NULL,7,NULL,A24079,3.24E+00,8.10E-04,18509,NULL,268,-0.02053
1791962,2026/8/13 03:40,MW2045B46181,A25,NULL,8,                    ,A18207,3.24E+00,9.40E-04,17978,NULL,268,-0.02053
1791961,2026/8/13 03:40,MW2045B63933,ANZ,NULL,18,NULL,A24079,3.24E+00,7.90E-04,18508,NULL,268,-0.02053
1791960,2026/8/13 03:40,MW2045B09837,A25,NULL,8,                    ,A18207,3.24E+00,9.30E-04,18221,NULL,268,-0.02053
1791959,2026/8/13 03:39,MW2045B63934,A25,NULL,8,NULL,A24079,3.24E+00,8.20E-04,18296,NULL,268,-0.02053
1791958,2026/8/13 03:39,MW2045B09924,A25,NULL,8,                    ,A18207,3.24E+00,9.40E-04,18164,NULL,268,-0.02053
1791957,2026/8/13 03:39,MW2045B63935,ANZ,NULL,18,NULL,A24079,3.24E+00,7.60E-04,18276,NULL,268,-0.02053
1791956,2026/8/13 03:39,MW2045B46291,A25,NULL,8,                    ,A18207,3.24E+00,9.80E-04,17951,NULL,268,-0.02053
1791955,2026/8/13 03:38,MW2045B50951,ANZ,NULL,18,NULL,A24079,3.24E+00,8.00E-04,18677,NULL,268,-0.02053
1791954,2026/8/13 03:38,MW2045B46288,A26,NULL,9,                    ,A18207,3.24E+00,9.60E-04,18072,NULL,268,-0.02053
1791953,2026/8/13 03:38,MW2045B50956,C26,NULL,26,NULL,A24079,3.24E+00,8.20E-04,18862,NULL,268,-0.02053
1791952,2026/8/13 03:38,MW2045B46296,A25,NULL,8,                    ,A18207,3.24E+00,8.30E-04,17920,NULL,268,-0.02053
1791951,2026/8/13 03:38,MW2045B50944,ANZ,NULL,18,NULL,A24079,3.24E+00,7.00E-04,18577,NULL,268,-0.02053
1791950,2026/8/13 03:38,MW2045B46207,A23,NULL,6,                    ,A18207,3.24E+00,1.08E-03,17820,NULL,268,-0.02053
1791949,2026/8/13 03:37,MW2045B46208,A24,NULL,7,                    ,A18207,3.24E+00,1.05E-03,17922,NULL,268,-0.02053
1791948,2026/8/13 03:37,MW2045B50988,ANZ,NULL,18,NULL,A24079,3.24E+00,7.50E-04,18454,NULL,268,-0.02053
1791947,2026/8/13 03:37,MW2045B46211,A22,NULL,5,                    ,A18207,3.25E+00,1.29E-03,17884,NULL,268,-0.02053
1791946,2026/8/13 03:37,MW2045B50990,ANZ,NULL,18,NULL,A24079,3.24E+00,7.20E-04,18634,NULL,268,-0.02053
1791945,2026/8/13 03:36,MW2045B46209,A24,NULL,7,                    ,A18207,3.24E+00,1.06E-03,17960,NULL,268,-0.02053
1791944,2026/8/13 03:36,MW2045B50989,C24,NULL,24,NULL,A24079,3.24E+00,8.20E-04,18611,NULL,268,-0.02053
1791943,2026/8/13 03:36,MW2045B40120,A24,NULL,7,                    ,A07871,3.24E+00,8.90E-04,18105,NULL,268,-0.02053
1791942,2026/8/13 03:36,MW2045B27857,C24,NULL,24,NULL,A24079,3.24E+00,8.40E-04,18761,NULL,268,-0.02053
1791941,2026/8/13 03:36,MW2045B39079,A26,NULL,9,                    ,A07871,3.24E+00,9.50E-04,18150,NULL,268,-0.02053
1791940,2026/8/13 03:35,MW2045B39250,A25,NULL,8,NULL,A10819,3.24E+00,8.70E-04,18717,NULL,268,-0.02053
1791939,2026/8/13 03:35,MW2045B39318,A26,NULL,9,                    ,A07871,3.24E+00,9.80E-04,18144,NULL,268,-0.02053
1791938,2026/8/13 03:35,MW2045B38869,B24,NULL,14,NULL,A10819,3.24E+00,9.30E-04,18731,NULL,268,-0.02053
1791937,2026/8/13 03:35,MW2045B40101,A22,NULL,5,                    ,A07871,3.24E+00,1.38E-03,18204,NULL,268,-0.02053
1791936,2026/8/13 03:34,MW2045B38870,B24,NULL,14,NULL,A10819,3.24E+00,9.30E-04,18673,NULL,268,-0.02053
1791935,2026/8/13 03:34,MW2045B39069,C24,NULL,24,                    ,A07871,3.24E+00,1.04E-03,18106,NULL,268,-0.02053
1791934,2026/8/13 03:34,MW2045B39254,A25,NULL,8,NULL,A10819,3.24E+00,8.90E-04,18651,NULL,268,-0.02053
1791933,2026/8/13 03:34,MW2045B40102,A24,NULL,7,                    ,A07871,3.24E+00,1.28E-03,18164,NULL,268,-0.02053
1791932,2026/8/13 03:34,MW2045B39047,A23,NULL,6,                    ,A07871,3.24E+00,1.13E-03,18057,NULL,268,-0.02053
1791931,2026/8/13 03:33,MW2045B38907,A25,NULL,8,NULL,A10819,3.24E+00,8.80E-04,18633,NULL,268,-0.02053
1791930,2026/8/13 03:33,MW2045B09840,A26,NULL,9,                    ,A07871,3.24E+00,8.70E-04,18158,NULL,268,-0.02053
1791929,2026/8/13 03:33,MW2045B39261,A24,NULL,7,NULL,A10819,3.24E+00,9.30E-04,18669,NULL,268,-0.02053
1791928,2026/8/13 03:33,MW2045B09905,A24,NULL,7,                    ,A07871,3.24E+00,1.08E-03,17895,NULL,268,-0.02053
1791927,2026/8/13 03:33,MW2045B38855,B24,NULL,14,NULL,A10819,3.24E+00,9.50E-04,18642,NULL,268,-0.02053
1791926,2026/8/13 03:32,MW2045B39087,A26,NULL,9,                    ,A07871,3.24E+00,8.70E-04,18107,NULL,268,-0.02053
1791925,2026/8/13 03:32,MW2045B38857,ANZ,NULL,18,NULL,A10819,3.24E+00,7.10E-04,18650,NULL,268,-0.02053
1791924,2026/8/13 03:32,MW2045B38864,C25,NULL,25,                    ,A07871,3.24E+00,9.70E-04,18092,NULL,268,-0.02053
1791923,2026/8/13 03:32,MW2045B38889,B24,NULL,14,NULL,A10819,3.24E+00,9.10E-04,18421,NULL,268,-0.02053
1791922,2026/8/13 03:31,MW2045B42742,A24,NULL,7,                    ,A07871,3.24E+00,1.15E-03,18366,NULL,268,-0.02053
1791921,2026/8/13 03:31,MW2045B38881,B24,NULL,14,NULL,A10819,3.24E+00,8.90E-04,18741,NULL,268,-0.02053
1791920,2026/8/13 03:31,MW2044B24072,C26,NULL,26,                    ,A21111,3.24E+00,8.40E-04,18190,NULL,268,-0.02053
1791919,2026/8/13 03:31,MW2045B39248,A24,NULL,7,NULL,A10819,3.24E+00,8.30E-04,18596,NULL,268,-0.02053
1791918,2026/8/13 03:31,MW2044B24071,C26,NULL,26,                    ,A21111,3.24E+00,8.60E-04,18184,NULL,268,-0.02053
1791917,2026/8/13 03:30,MW2045B09931,A24,NULL,7,NULL,A10819,3.24E+00,8.50E-04,18656,NULL,268,-0.02053
1791916,2026/8/13 03:30,MW2044B24070,A26,NULL,9,                    ,A21111,3.24E+00,8.60E-04,18156,NULL,268,-0.02053
1791915,2026/8/13 03:30,MW2045B27858,C21,NULL,21,NULL,A20396,3.24E+00,1.19E-03,18617,NULL,268,-0.02053
1791914,2026/8/13 03:30,MW2044B24069,A26,NULL,9,                    ,A21111,3.24E+00,8.60E-04,18162,NULL,268,-0.02053
1791913,2026/8/13 03:29,MW2045B64146,ANZ,NULL,18,NULL,A20396,3.24E+00,7.30E-04,18668,NULL,268,-0.02053
1791912,2026/8/13 03:29,MW2045B64119,A25,NULL,8,                    ,A21111,3.24E+00,8.10E-04,18139,NULL,268,-0.02053
1791911,2026/8/13 03:29,MW2045B64116,A25,NULL,8,                    ,A21111,3.24E+00,8.20E-04,18181,NULL,268,-0.02053
1791910,2026/8/13 03:29,MW2044B24337,A25,NULL,8,NULL,A20396,3.24E+00,8.10E-04,18599,NULL,268,-0.02053
1791909,2026/8/13 03:29,MW2045B64242,A25,NULL,8,                    ,A21111,3.24E+00,8.10E-04,18051,NULL,268,-0.02053
1791908,2026/8/13 03:28,MW2044B24334,ANZ,NULL,18,NULL,A20396,3.24E+00,8.00E-04,18506,NULL,268,-0.02053
1791907,2026/8/13 03:28,MW2044B24306,C25,NULL,25,                    ,A21111,3.24E+00,8.10E-04,18175,NULL,268,-0.02053
1791906,2026/8/13 03:28,MW2044B25225,A26,NULL,9,NULL,A20396,3.24E+00,8.50E-04,18525,NULL,268,-0.02053
1791905,2026/8/13 03:28,MW2044B24305,A26,NULL,9,                    ,A21111,3.24E+00,8.30E-04,18165,NULL,268,-0.02053
1791904,2026/8/13 03:28,MW2044B24336,C26,NULL,26,NULL,A20396,3.24E+00,8.70E-04,18488,NULL,268,-0.02053
1791903,2026/8/13 03:27,MW2044B25743,A25,NULL,8,                    ,A21111,3.24E+00,8.70E-04,18155,NULL,268,-0.02053
1791902,2026/8/13 03:27,MW2044B24333,A26,NULL,9,NULL,A20396,3.24E+00,8.40E-04,18541,NULL,268,-0.02053
1791901,2026/8/13 03:27,MW2045B46215,B21,NULL,11,                    ,A21111,3.24E+00,1.49E-03,18094,NULL,268,-0.02053
1791900,2026/8/13 03:27,MW2044B24293,ANZ,NULL,18,NULL,A20396,3.24E+00,7.30E-04,18469,NULL,268,-0.02053
1791899,2026/8/13 03:27,MW2045B09903,C25,NULL,25,                    ,A21111,3.24E+00,9.30E-04,18107,NULL,268,-0.02053
1791898,2026/8/13 03:26,MW2044B24292,ANZ,NULL,18,NULL,A20396,3.24E+00,7.80E-04,18516,NULL,268,-0.02053
1791897,2026/8/13 03:26,MW2045B40110,A23,NULL,6,                    ,A18593,3.24E+00,1.23E-03,18140,NULL,268,-0.02053
1791896,2026/8/13 03:26,MW2045B64052,ANZ,NULL,18,NULL,A20396,3.24E+00,7.60E-04,18294,NULL,268,-0.02053
1791895,2026/8/13 03:26,MW2045B40515,A23,NULL,6,                    ,A18593,3.24E+00,1.45E-03,18120,NULL,268,-0.02053
1791894,2026/8/13 03:25,MW2041B12921,B24,NULL,14,NULL,A20396,3.24E+00,1.23E-03,18742,NULL,268,-0.02053
1791893,2026/8/13 03:25,MW2045B40113,A22,NULL,5,                    ,A18593,3.24E+00,1.20E-03,18156,NULL,268,-0.02053
1791892,2026/8/13 03:25,MW2045B40517,A21,NULL,4,                    ,A18593,3.24E+00,1.38E-03,18104,NULL,268,-0.02053
1791891,2026/8/13 03:25,MW2041B12922,B26,NULL,16,NULL,A20396,3.24E+00,1.12E-03,18730,NULL,268,-0.02053
1791890,2026/8/13 03:25,MW2045B39151,A25,NULL,8,                    ,A18593,3.24E+00,8.70E-04,18014,NULL,268,-0.02053
1791889,2026/8/13 03:24,MW2045B39247,A24,NULL,7,NULL,A00521,3.24E+00,9.00E-04,18750,NULL,268,-0.02053
1791888,2026/8/13 03:24,MW2045B39152,A25,NULL,8,                    ,A18593,3.24E+00,8.90E-04,18139,NULL,268,-0.02053
1791887,2026/8/13 03:24,MW2045B09914,A25,NULL,8,NULL,A00521,3.24E+00,9.00E-04,18666,NULL,268,-0.02053
1791886,2026/8/13 03:24,MW2045B39153,A23,NULL,6,                    ,A18593,3.24E+00,1.18E-03,18055,NULL,268,-0.02053
1791885,2026/8/13 03:23,MW2045B39246,A24,NULL,7,NULL,A00521,3.24E+00,8.80E-04,18709,NULL,268,-0.02053
1791884,2026/8/13 03:23,MW2045B39309,A26,NULL,9,                    ,A18593,3.24E+00,9.40E-04,18158,NULL,268,-0.02053
1791883,2026/8/13 03:23,MW2045B09902,C25,NULL,25,NULL,A00521,3.24E+00,8.40E-04,18734,NULL,268,-0.02053
1791882,2026/8/13 03:23,MW2045B39136,A24,NULL,7,                    ,A18593,3.24E+00,1.15E-03,18169,NULL,268,-0.02053
1791881,2026/8/13 03:23,MW2045B40619,A23,NULL,6,NULL,A00521,3.24E+00,1.08E-03,18675,NULL,268,-0.02053
1791880,2026/8/13 03:22,MW2045B39064,A23,NULL,6,                    ,A18593,3.24E+00,1.15E-03,18221,NULL,268,-0.02053
1791879,2026/8/13 03:22,MW2045B28076,B23,NULL,13,NULL,A00521,3.24E+00,9.80E-04,18731,NULL,268,-0.02053
1791878,2026/8/13 03:22,MW2045B39065,A24,NULL,7,                    ,A18593,3.24E+00,1.13E-03,18239,NULL,268,-0.02053
1791877,2026/8/13 03:22,MW2045B40620,A23,NULL,6,NULL,A00521,3.24E+00,1.08E-03,18600,NULL,268,-0.02053
1791876,2026/8/13 03:22,MW2045B39135,A24,NULL,7,                    ,A18593,3.24E+00,9.40E-04,18119,NULL,268,-0.02053
1791875,2026/8/13 03:21,MW2044B09919,A24,NULL,7,                    ,A07594,3.24E+00,8.50E-04,18200,NULL,268,-0.02053
1791874,2026/8/13 03:21,MW2045B40502,A22,NULL,5,NULL,A00521,3.24E+00,1.28E-03,18687,NULL,268,-0.02053
1791873,2026/8/13 03:21,MW2044B11040,A24,NULL,7,                    ,A07594,3.24E+00,9.60E-04,18160,NULL,268,-0.02053
1791872,2026/8/13 03:21,MW2045B40510,A23,NULL,6,NULL,A00521,3.24E+00,1.23E-03,18520,NULL,268,-0.02053
1791871,2026/8/13 03:21,MW2019B01075,A25,NULL,8,                    ,A07594,3.23E+00,1.04E-03,18106,NULL,268,-0.02053
1791870,2026/8/13 03:20,MW2045B28085,B22,NULL,12,NULL,A00521,3.24E+00,1.10E-03,18789,NULL,268,-0.02053
1791869,2026/8/13 03:20,MW2019B01076,C25,NULL,25,                    ,A07594,3.22E+00,1.17E-03,18258,NULL,268,-0.02053
1791868,2026/8/13 03:20,MW2045B40503,A23,NULL,6,NULL,A00521,3.24E+00,1.10E-03,18606,NULL,268,-0.02053
1791867,2026/8/13 03:20,MW2019B01077,A25,NULL,8,                    ,A07594,3.23E+00,9.40E-04,18079,NULL,268,-0.02053
1791866,2026/8/13 03:19,MW2045B40505,A24,NULL,7,NULL,A00521,3.24E+00,1.05E-03,18673,NULL,268,-0.02053
1791865,2026/8/13 03:19,MW2019B01078,C25,NULL,25,                    ,A07594,3.22E+00,1.16E-03,18172,NULL,268,-0.02053
1791864,2026/8/13 03:19,MW2045B25239,B23,NULL,13,NULL,A02217,3.24E+00,1.04E-03,18378,NULL,268,-0.02053
1791863,2026/8/13 03:19,MW2019B01079,A26,NULL,9,                    ,A07594,3.23E+00,1.05E-03,18080,NULL,268,-0.02053
1791862,2026/8/13 03:19,MW2045B25244,B22,NULL,12,NULL,A02217,3.24E+00,1.12E-03,18466,NULL,268,-0.02053
1791861,2026/8/13 03:18,MW2019B01080,A25,NULL,8,                    ,A07594,3.23E+00,1.04E-03,18029,NULL,268,-0.02053
1791860,2026/8/13 03:18,MW2045B25245,B22,NULL,12,NULL,A02217,3.24E+00,1.15E-03,18573,NULL,268,-0.02053
1791859,2026/8/13 03:18,MW2019B01081,A26,NULL,9,                    ,A07594,3.22E+00,1.04E-03,18071,NULL,268,-0.02053
1791858,2026/8/13 03:18,MW2045B25230,B23,NULL,13,NULL,A02217,3.24E+00,8.40E-04,18414,NULL,268,-0.02053
1791857,2026/8/13 03:18,MW2044B10016,A25,NULL,8,                    ,A07594,3.23E+00,1.02E-03,18280,NULL,268,-0.02053
1791856,2026/8/13 03:17,MW2044B10015,A25,NULL,8,                    ,A07594,3.23E+00,1.03E-03,18145,NULL,268,-0.02053
1791855,2026/8/13 03:17,MW2045B25232,B22,NULL,12,NULL,A02217,3.24E+00,1.16E-03,18498,NULL,268,-0.02053
1791854,2026/8/13 03:17,MW2044B10014,A25,NULL,8,                    ,A07594,3.23E+00,1.03E-03,18206,NULL,268,-0.02053
1791853,2026/8/13 03:17,MW2044B07718,C22,NULL,22,NULL,A02217,3.23E+00,1.03E-03,18555,NULL,268,-0.02053
1791852,2026/8/13 03:16,MW2044B11054,A24,NULL,7,                    ,A07051,3.24E+00,1.06E-03,18062,NULL,268,-0.02053
1791851,2026/8/13 03:16,MW2045B25231,B23,NULL,13,NULL,A02217,3.24E+00,1.04E-03,18616,NULL,268,-0.02053
1791850,2026/8/13 03:16,MW2044B02496,A27,NULL,10,                    ,A07051,3.23E+00,8.90E-04,18234,NULL,268,-0.02053
1791849,2026/8/13 03:16,MW2044B07678,A23,NULL,6,NULL,A02217,3.24E+00,1.12E-03,18491,NULL,268,-0.02053
1791848,2026/8/13 03:16,MW2044B11053,A26,NULL,9,                    ,A07051,3.24E+00,9.60E-04,18032,NULL,268,-0.02053
1791847,2026/8/13 03:15,MW2045B25234,B22,NULL,12,NULL,A02217,3.24E+00,1.22E-03,18602,NULL,268,-0.02053
1791846,2026/8/13 03:15,MW2044B07677,A24,NULL,7,NULL,A02217,3.24E+00,9.90E-04,18608,NULL,268,-0.02053
1791845,2026/8/13 03:15,MW2044B12653,A21,NULL,4,                    ,A07051,3.24E+00,1.72E-03,18116,NULL,268,-0.02053
1791844,2026/8/13 03:14,MW2045B25233,B23,NULL,13,NULL,A02217,3.24E+00,9.20E-04,18393,NULL,268,-0.02053
1791843,2026/8/13 03:14,MW2044B11052,A25,NULL,8,                    ,A07051,3.24E+00,1.02E-03,18178,NULL,268,-0.02053
1791842,2026/8/13 03:14,MW2044B12452,A25,NULL,8,NULL,A02217,3.24E+00,8.70E-04,18557,NULL,268,-0.02053
1791841,2026/8/13 03:14,MW2044B17523,C24,NULL,24,                    ,A07051,3.23E+00,1.15E-03,18198,NULL,268,-0.02053
1791840,2026/8/13 03:13,MW2045B25907,D25,NULL,31,NULL,A22048,3.24E+00,8.60E-04,18517,NULL,268,-0.02053
1791839,2026/8/13 03:13,MW2044B11050,A25,NULL,8,                    ,A07051,3.24E+00,9.80E-04,18165,NULL,268,-0.02053
1791838,2026/8/13 03:13,MW2045B17486,ANZ,NULL,18,NULL,A22048,3.23E+00,7.60E-04,18671,NULL,268,-0.02053
1791837,2026/8/13 03:13,MW2044B17506,A27,NULL,10,                    ,A07051,3.24E+00,9.00E-04,18273,NULL,268,-0.02053
1791836,2026/8/13 03:13,MW2044B17539,A26,NULL,9,                    ,A07051,3.24E+00,1.00E-03,18232,NULL,268,-0.02053
1791835,2026/8/13 03:13,MW2045B22434,A22,NULL,5,NULL,A22048,3.24E+00,9.80E-04,18620,NULL,268,-0.02053
1791834,2026/8/13 03:12,MW2044B17470,A21,NULL,4,                    ,A07051,3.24E+00,1.84E-03,18184,NULL,268,-0.02053
1791833,2026/8/13 03:12,MW2045B22435,A24,NULL,7,NULL,A22048,3.24E+00,9.10E-04,18752,NULL,268,-0.02053
1791832,2026/8/13 03:12,MW2044B17537,C21,NULL,21,                    ,A07051,3.24E+00,1.48E-03,18181,NULL,268,-0.02053
1791831,2026/8/13 03:12,MW2045B22432,A24,NULL,7,NULL,A22048,3.24E+00,8.80E-04,18642,NULL,268,-0.02053
1791830,2026/8/13 03:11,MW2044B17472,A25,NULL,8,                    ,A07051,3.24E+00,1.24E-03,18225,NULL,268,-0.02053
1791829,2026/8/13 03:11,MW2044B10189,A24,NULL,7,NULL,A22048,3.24E+00,9.00E-04,18344,NULL,268,-0.02053
1791828,2026/8/13 03:11,MW2019B01537,CHH,NULL,20,                    ,A18878,3.22E+00,9.40E-04,18221,NULL,268,-0.02053
1791827,2026/8/13 03:11,MW2044B17692,C24,NULL,24,NULL,A22048,3.24E+00,1.12E-03,18499,NULL,268,-0.02053
1791826,2026/8/13 03:10,MW2044B12566,A24,NULL,7,                    ,A18878,3.24E+00,1.04E-03,18226,NULL,268,-0.02053
1791825,2026/8/13 03:10,MW2044B10514,A25,NULL,8,NULL,A22048,3.24E+00,8.70E-04,18554,NULL,268,-0.02053
1791824,2026/8/13 03:10,MW2044B12567,A25,NULL,8,                    ,A18878,3.24E+00,1.05E-03,18212,NULL,268,-0.02053
1791823,2026/8/13 03:10,MW2044B10515,A26,NULL,9,NULL,A22048,3.24E+00,8.80E-04,18632,NULL,268,-0.02053
1791822,2026/8/13 03:10,MW2019B01538,C26,NULL,26,                    ,A18878,3.22E+00,1.07E-03,18171,NULL,268,-0.02053
1791821,2026/8/13 03:09,MW2044B10512,A26,NULL,9,NULL,A22048,3.24E+00,8.70E-04,18599,NULL,268,-0.02053
1791820,2026/8/13 03:09,MW2044B12568,A24,NULL,7,                    ,A18878,3.24E+00,1.01E-03,18160,NULL,268,-0.02053
1791819,2026/8/13 03:09,MW2044B10570,A25,NULL,8,NULL,A22048,3.24E+00,9.20E-04,18672,NULL,268,-0.02053
1791818,2026/8/13 03:09,MW2044B12569,A24,NULL,7,                    ,A18878,3.24E+00,9.30E-04,18117,NULL,268,-0.02053
1791817,2026/8/13 03:08,MW2044B10511,A25,NULL,8,NULL,A22048,3.24E+00,8.50E-04,18686,NULL,268,-0.02053
1791816,2026/8/13 03:08,MW2044B12570,A24,NULL,7,                    ,A18878,3.24E+00,9.70E-04,18205,NULL,268,-0.02053
1791815,2026/8/13 03:08,MW2044B12571,A25,NULL,8,                    ,A18878,3.23E+00,9.00E-04,18238,NULL,268,-0.02053
1791814,2026/8/13 03:08,MW2044B12453,A26,NULL,9,NULL,A21092,3.24E+00,8.60E-04,18636,NULL,268,-0.02053
1791813,2026/8/13 03:08,MW2044B12572,A25,NULL,8,                    ,A18878,3.24E+00,8.70E-04,18214,NULL,268,-0.02053
1791812,2026/8/13 03:07,MW2044B12454,A25,NULL,8,NULL,A21092,3.24E+00,9.00E-04,18652,NULL,268,-0.02053
1791811,2026/8/13 03:07,MW2019B01592,A25,NULL,8,                    ,A18878,3.23E+00,9.40E-04,18272,NULL,268,-0.02053
1791810,2026/8/13 03:07,MW2044B14454,A26,NULL,9,NULL,A21092,3.24E+00,9.10E-04,18661,NULL,268,-0.02053
1791809,2026/8/13 03:07,MW2044B14466,A25,NULL,8,                    ,A18878,3.24E+00,1.07E-03,18162,NULL,268,-0.02053
1791808,2026/8/13 03:07,MW2044B14455,A26,NULL,9,NULL,A21092,3.23E+00,9.30E-04,18558,NULL,268,-0.02053
1791807,2026/8/13 03:06,MW2044B11041,A24,NULL,7,                    ,A18878,3.24E+00,1.08E-03,18189,NULL,268,-0.02053
1791806,2026/8/13 03:06,MW2044B14456,A26,NULL,9,NULL,A21092,3.24E+00,9.10E-04,18547,NULL,268,-0.02053
1791805,2026/8/13 03:06,MW2044B14376,A27,NULL,10,                    ,A15651,3.24E+00,8.60E-04,18128,NULL,268,-0.02053
1791804,2026/8/13 03:06,MW2044B12548,A24,NULL,7,NULL,A21092,3.24E+00,1.17E-03,18581,NULL,268,-0.02053
1791803,2026/8/13 03:06,MW2044B14378,A27,NULL,10,                    ,A15651,3.24E+00,8.70E-04,18212,NULL,268,-0.02053
1791802,2026/8/13 03:05,MW2044B11073,A25,NULL,8,NULL,A21092,3.23E+00,8.90E-04,18488,NULL,268,-0.02053
1791801,2026/8/13 03:05,MW2044B14379,A26,NULL,9,                    ,A15651,3.24E+00,8.90E-04,18137,NULL,268,-0.02053
1791800,2026/8/13 03:05,MW2044B11085,A24,NULL,7,NULL,A21092,3.24E+00,9.90E-04,18349,NULL,268,-0.02053
1791799,2026/8/13 03:05,MW2044B05267,A26,NULL,9,                    ,A15651,3.23E+00,9.80E-04,18234,NULL,268,-0.02053
1791798,2026/8/13 03:04,MW2044B17468,A25,NULL,8,                    ,A15651,3.24E+00,1.14E-03,18082,NULL,268,-0.02053
1791797,2026/8/13 03:04,MW2044B11084,A24,NULL,7,NULL,A21092,3.24E+00,9.30E-04,18400,NULL,268,-0.02053
1791796,2026/8/13 03:04,MW2044B17469,A25,NULL,8,                    ,A15651,3.24E+00,1.21E-03,18106,NULL,268,-0.02053
1791795,2026/8/13 03:04,MW2044B11083,A24,NULL,7,NULL,A21092,3.24E+00,8.70E-04,18413,NULL,268,-0.02053
1791794,2026/8/13 03:04,MW2045B25238,B23,NULL,13,                    ,A15651,3.24E+00,1.04E-03,18044,NULL,268,-0.02053
1791793,2026/8/13 03:03,MW2044B11082,A24,NULL,7,NULL,A21092,3.24E+00,9.80E-04,18299,NULL,268,-0.02053
1791792,2026/8/13 03:03,MW2045B25237,A23,NULL,6,                    ,A15651,3.24E+00,1.17E-03,18124,NULL,268,-0.02053
1791791,2026/8/13 03:03,MW2044B12564,A25,NULL,8,NULL,A21092,3.24E+00,1.02E-03,18689,NULL,268,-0.02053
1791790,2026/8/13 03:03,MW2045B25236,B22,NULL,12,                    ,A15651,3.24E+00,1.24E-03,18119,NULL,268,-0.02053
1791789,2026/8/13 03:02,MW2044B10510,A25,NULL,8,NULL,A24426,3.24E+00,8.70E-04,18627,NULL,268,-0.02053
1791788,2026/8/13 03:02,MW2044B02498,A27,NULL,10,                    ,A15651,3.23E+00,8.90E-04,18087,NULL,268,-0.02053
1791787,2026/8/13 03:02,MW2044B10513,A25,NULL,8,NULL,A24426,3.24E+00,8.70E-04,18612,NULL,268,-0.02053
1791786,2026/8/13 03:02,MW2044B11055,A25,NULL,8,                    ,A15651,3.24E+00,1.07E-03,18063,NULL,268,-0.02053
1791785,2026/8/13 03:02,MW2044B07055,A24,NULL,7,NULL,A24426,3.24E+00,8.20E-04,18491,NULL,268,-0.02053
1791784,2026/8/13 03:01,MW2044B02497,A27,NULL,10,                    ,A15651,3.23E+00,8.90E-04,18121,NULL,268,-0.02053
1791783,2026/8/13 03:01,MW2044B07054,A25,NULL,8,NULL,A24426,3.24E+00,8.10E-04,18546,NULL,268,-0.02053
1791782,2026/8/13 03:01,MW2045B25558,B23,NULL,13,                    ,A14545,3.24E+00,1.19E-03,18041,NULL,268,-0.02053
1791781,2026/8/13 03:01,MW2044B07053,A25,NULL,8,NULL,A24426,3.24E+00,8.20E-04,18561,NULL,268,-0.02053
1791780,2026/8/13 03:01,MW2045B25564,A24,NULL,7,                    ,A14545,3.24E+00,1.04E-03,17711,NULL,268,-0.02053
1791779,2026/8/13 03:00,MW2045B28299,A24,NULL,7,                    ,A14545,3.24E+00,1.19E-03,18219,NULL,268,-0.02053
1791778,2026/8/13 03:00,MW2044B07052,A25,NULL,8,NULL,A24426,3.24E+00,8.10E-04,18572,NULL,268,-0.02053
1791777,2026/8/13 03:00,MW2044B17068,A25,NULL,8,                    ,A14545,3.23E+00,1.14E-03,18051,NULL,268,-0.02053
1791776,2026/8/13 03:00,MW2044B10592,A25,NULL,8,NULL,A24426,3.23E+00,9.00E-04,18458,NULL,268,-0.02053
1791775,2026/8/13 02:59,MW2045B25561,A24,NULL,7,                    ,A14545,3.23E+00,1.03E-03,17905,NULL,268,-0.02053
1791774,2026/8/13 02:59,MW2044B07051,ANZ,NULL,18,NULL,A24426,3.23E+00,8.00E-04,18557,NULL,268,-0.02053
1791773,2026/8/13 02:59,MW2044B17065,A26,NULL,9,                    ,A14545,3.24E+00,1.08E-03,18195,NULL,268,-0.02053
1791772,2026/8/13 02:59,MW2044B07050,ANZ,NULL,18,NULL,A24426,3.23E+00,7.50E-04,18565,NULL,268,-0.02053
1791771,2026/8/13 02:59,MW2045B35680,B25,NULL,15,                    ,A14545,3.24E+00,9.80E-04,18128,NULL,268,-0.02053
1791770,2026/8/13 02:58,MW2044B07049,ANZ,NULL,18,NULL,A24426,3.24E+00,7.80E-04,18543,NULL,268,-0.02053
1791769,2026/8/13 02:58,MW2044B17062,A25,NULL,8,                    ,A14545,3.24E+00,1.10E-03,18115,NULL,268,-0.02053
1791768,2026/8/13 02:58,MW2044B07048,ANZ,NULL,18,NULL,A24426,3.23E+00,7.90E-04,18620,NULL,268,-0.02053
1791767,2026/8/13 02:58,MW2044B17066,A21,NULL,4,                    ,A14545,3.24E+00,1.40E-03,18228,NULL,268,-0.02053
1791766,2026/8/13 02:57,MW2044B07047,A25,NULL,8,NULL,A24426,3.24E+00,8.30E-04,18590,NULL,268,-0.02053
1791765,2026/8/13 02:57,MW2019B01533,A25,NULL,8,                    ,A14545,3.22E+00,1.10E-03,18046,NULL,268,-0.02053
1791764,2026/8/13 02:57,MW2044B12565,A25,NULL,8,NULL,A10558,3.24E+00,8.70E-04,18445,NULL,268,-0.02053
1791763,2026/8/13 02:57,MW2019B01536,A26,NULL,9,                    ,A14545,3.22E+00,9.20E-04,18264,NULL,268,-0.02053
1791762,2026/8/13 02:57,MW2044B11071,A25,NULL,8,NULL,A10558,3.24E+00,8.70E-04,18500,NULL,268,-0.02053
1791761,2026/8/13 02:57,MW2044B11124,A24,NULL,7,                    ,A14545,3.24E+00,1.12E-03,18396,NULL,268,-0.02053
1791760,2026/8/13 02:56,MW2044B12560,A25,NULL,8,NULL,A10558,3.24E+00,9.10E-04,18443,NULL,268,-0.02053
1791759,2026/8/13 02:56,MW2044B17753,A25,NULL,8,                    ,A11983,3.24E+00,1.14E-03,18160,NULL,268,-0.02053
1791758,2026/8/13 02:56,MW2044B07745,A25,NULL,8,                    ,A11983,3.24E+00,1.04E-03,18301,NULL,268,-0.02053
1791757,2026/8/13 02:56,MW2044B12592,A24,NULL,7,NULL,A10558,3.24E+00,9.80E-04,18587,NULL,268,-0.02053
1791756,2026/8/13 02:55,MW2044B17754,A25,NULL,8,                    ,A11983,3.24E+00,1.12E-03,18249,NULL,268,-0.02053
1791755,2026/8/13 02:55,MW2044B12590,C24,NULL,24,NULL,A10558,3.24E+00,1.16E-03,18536,NULL,268,-0.02053
1791754,2026/8/13 02:55,MW2044B07746,A24,NULL,7,                    ,A11983,3.24E+00,1.12E-03,18470,NULL,268,-0.02053
1791753,2026/8/13 02:55,MW2044B12589,A25,NULL,8,NULL,A10558,3.24E+00,1.12E-03,18778,NULL,268,-0.02053
1791752,2026/8/13 02:55,MW2044B07750,A25,NULL,8,                    ,A11983,3.24E+00,1.04E-03,18328,NULL,268,-0.02053
1791751,2026/8/13 02:54,MW2044B06103,ANZ,NULL,18,NULL,A10558,3.23E+00,7.80E-04,18497,NULL,268,-0.02053
1791750,2026/8/13 02:54,MW2044B07748,A24,NULL,7,                    ,A11983,3.24E+00,1.18E-03,18445,NULL,268,-0.02053
1791749,2026/8/13 02:54,MW2044B14416,A26,NULL,9,NULL,A10558,3.23E+00,8.70E-04,18558,NULL,268,-0.02053
1791748,2026/8/13 02:54,MW2044B07749,A24,NULL,7,                    ,A11983,3.24E+00,1.15E-03,18307,NULL,268,-0.02053
1791747,2026/8/13 02:53,MW2044B14425,A25,NULL,8,NULL,A10558,3.24E+00,8.50E-04,18602,NULL,268,-0.02053
1791746,2026/8/13 02:53,MW2044B07728,A25,NULL,8,                    ,A11983,3.24E+00,1.18E-03,18358,NULL,268,-0.02053
1791745,2026/8/13 02:53,MW2044B14426,A26,NULL,9,NULL,A10558,3.24E+00,8.50E-04,18615,NULL,268,-0.02053
1791744,2026/8/13 02:53,MW2044B06974,A22,NULL,5,                    ,A11983,3.23E+00,1.02E-03,18373,NULL,268,-0.02053
1791743,2026/8/13 02:53,MW2044B14427,A25,NULL,8,NULL,A10558,3.24E+00,8.40E-04,18571,NULL,268,-0.02053
1791742,2026/8/13 02:53,MW2044B07747,A24,NULL,7,                    ,A11983,3.24E+00,1.19E-03,18418,NULL,268,-0.02053
1791741,2026/8/13 02:52,MW2044B07080,A24,NULL,7,                    ,A11983,3.23E+00,9.40E-04,18401,NULL,268,-0.02053
1791740,2026/8/13 02:52,MW2044B14417,A26,NULL,9,NULL,A10558,3.24E+00,9.00E-04,18676,NULL,268,-0.02053
1791739,2026/8/13 02:52,MW2044B07727,A24,NULL,7,                    ,A11983,3.24E+00,1.26E-03,18395,NULL,268,-0.02053
1791738,2026/8/13 02:52,MW2044B04582,A26,NULL,9,NULL,A24684,3.24E+00,8.60E-04,18414,NULL,268,-0.02053
1791737,2026/8/13 02:51,MW2045B25866,A24,NULL,7,                    ,A03065,3.23E+00,1.02E-03,17813,NULL,268,-0.02053
1791736,2026/8/13 02:51,MW2045B15184,ANZ,NULL,18,NULL,A24684,3.23E+00,7.70E-04,18548,NULL,268,-0.02053
1791735,2026/8/13 02:51,MW2045B25691,A24,NULL,7,                    ,A03065,3.24E+00,1.03E-03,17728,NULL,268,-0.02053
1791734,2026/8/13 02:51,MW2044B02432,A22,NULL,5,NULL,A24684,3.24E+00,8.50E-04,18625,NULL,268,-0.02053
1791733,2026/8/13 02:51,MW2045B25871,A26,NULL,9,                    ,A03065,3.23E+00,9.00E-04,17612,NULL,268,-0.02053
1791732,2026/8/13 02:50,MW2044B02435,A21,NULL,4,NULL,A24684,3.24E+00,8.80E-04,18688,NULL,268,-0.02053
1791731,2026/8/13 02:50,MW2045B25587,A25,NULL,8,                    ,A03065,3.23E+00,9.70E-04,17831,NULL,268,-0.02053
1791730,2026/8/13 02:50,MW2045B15181,ANZ,NULL,18,NULL,A24684,3.23E+00,7.60E-04,18592,NULL,268,-0.02053
1791729,2026/8/13 02:50,MW2045B25874,C24,NULL,24,                    ,A03065,3.23E+00,8.90E-04,17599,NULL,268,-0.02053
1791728,2026/8/13 02:49,MW2045B15182,ANZ,NULL,18,NULL,A24684,3.23E+00,7.40E-04,18801,NULL,268,-0.02053
1791727,2026/8/13 02:49,MW2045B25594,A24,NULL,7,                    ,A03065,3.24E+00,9.80E-04,17720,NULL,268,-0.02053
1791726,2026/8/13 02:49,MW2044B14189,ANZ,NULL,18,NULL,A24684,3.24E+00,7.70E-04,18511,NULL,268,-0.02053
1791725,2026/8/13 02:49,MW2044B17106,A26,NULL,9,                    ,A03065,3.23E+00,9.40E-04,18344,NULL,268,-0.02053
1791724,2026/8/13 02:49,MW2044B14217,ANZ,NULL,18,NULL,A24684,3.24E+00,7.90E-04,18673,NULL,268,-0.02053
1791723,2026/8/13 02:48,MW2044B17105,A26,NULL,9,                    ,A03065,3.23E+00,9.10E-04,18361,NULL,268,-0.02053
1791722,2026/8/13 02:48,MW2044B14188,ANZ,NULL,18,NULL,A24684,3.24E+00,7.40E-04,18567,NULL,268,-0.02053
1791721,2026/8/13 02:48,MW2044B12673,A25,NULL,8,                    ,A03065,3.24E+00,9.50E-04,18149,NULL,268,-0.02053
1791720,2026/8/13 02:48,MW2044B09829,A24,NULL,7,NULL,A24684,3.24E+00,9.30E-04,18423,NULL,268,-0.02053
1791719,2026/8/13 02:48,MW2044B12671,A25,NULL,8,                    ,A03065,3.23E+00,9.50E-04,18447,NULL,268,-0.02053
1791718,2026/8/13 02:47,MW2044B14165,A25,NULL,8,NULL,A24684,3.24E+00,8.40E-04,18720,NULL,268,-0.02053
1791717,2026/8/13 02:47,MW2045B25557,B25,NULL,15,                    ,A03065,3.24E+00,9.80E-04,17932,NULL,268,-0.02053
1791716,2026/8/13 02:47,MW2045B28312,A24,NULL,7,                    ,A03065,3.24E+00,1.17E-03,18189,NULL,268,-0.02053
1791715,2026/8/13 02:47,MW2044B14164,A25,NULL,8,NULL,A24684,3.24E+00,8.20E-04,18641,NULL,268,-0.02053
1791714,2026/8/13 02:46,MW2044B14452,A26,NULL,9,                    ,A15289,3.24E+00,1.07E-03,18332,NULL,268,-0.02053
1791713,2026/8/13 02:46,MW2045B25693,A25,NULL,8,NULL,A13099,3.23E+00,9.70E-04,18445,NULL,268,-0.02053
1791712,2026/8/13 02:46,MW2045B25867,ANZ,NULL,18,NULL,A13099,3.24E+00,7.90E-04,18464,NULL,268,-0.02053
1791711,2026/8/13 02:45,MW2044B05876,A27,NULL,10,                    ,A15289,3.24E+00,8.40E-04,18347,NULL,268,-0.02053
1791710,2026/8/13 02:45,MW2045B25694,C24,NULL,24,NULL,A13099,3.24E+00,9.10E-04,18399,NULL,268,-0.02053
1791709,2026/8/13 02:44,MW2044B14453,A26,NULL,9,                    ,A15289,3.24E+00,1.06E-03,18175,NULL,268,-0.02053
1791708,2026/8/13 02:44,MW2045B25697,C24,NULL,24,NULL,A13099,3.23E+00,8.90E-04,18479,NULL,268,-0.02053
1791707,2026/8/13 02:44,MW2044B06139,A26,NULL,9,                    ,A15289,3.24E+00,8.70E-04,18259,NULL,268,-0.02053
1791706,2026/8/13 02:44,MW2045B25868,ANZ,NULL,18,NULL,A13099,3.24E+00,8.00E-04,18436,NULL,268,-0.02053
1791705,2026/8/13 02:43,MW2044B12523,A26,NULL,9,                    ,A15289,3.23E+00,9.70E-04,18316,NULL,268,-0.02053
1791704,2026/8/13 02:43,MW2045B25606,A23,NULL,6,NULL,A13099,3.24E+00,9.50E-04,18268,NULL,268,-0.02053
1791703,2026/8/13 02:43,MW2044B11027,A25,NULL,8,                    ,A15289,3.24E+00,8.60E-04,18033,NULL,268,-0.02053
1791702,2026/8/13 02:43,MW2045B35617,B25,NULL,15,NULL,A13099,3.24E+00,8.80E-04,18529,NULL,268,-0.02053
1791701,2026/8/13 02:43,MW2044B12524,A26,NULL,9,                    ,A15289,3.24E+00,1.01E-03,18222,NULL,268,-0.02053
1791700,2026/8/13 02:42,MW2045B28461,B23,NULL,13,NULL,A13099,3.24E+00,9.20E-04,18672,NULL,268,-0.02053
1791699,2026/8/13 02:42,MW2044B11026,A24,NULL,7,                    ,A15289,3.24E+00,1.14E-03,17939,NULL,268,-0.02053
1791698,2026/8/13 02:42,MW2045B28295,A24,NULL,7,NULL,A13099,3.24E+00,1.10E-03,18787,NULL,268,-0.02053
1791697,2026/8/13 02:42,MW2044B11038,A25,NULL,8,                    ,A15289,3.24E+00,9.70E-04,18306,NULL,268,-0.02053
1791696,2026/8/13 02:41,MW2045B28274,B26,NULL,16,NULL,A13099,3.23E+00,8.30E-04,18855,NULL,268,-0.02053
1791695,2026/8/13 02:41,MW2044B09681,A25,NULL,8,                    ,A15289,3.24E+00,1.09E-03,18078,NULL,268,-0.02053
1791694,2026/8/13 02:41,MW2044B05903,B26,NULL,16,                    ,A15289,3.24E+00,9.00E-04,18312,NULL,268,-0.02053
1791693,2026/8/13 02:41,MW2045B28269,C26,NULL,26,NULL,A13099,3.23E+00,8.20E-04,18755,NULL,268,-0.02053
1791692,2026/8/13 02:41,MW2044B14418,A26,NULL,9,                    ,A15289,3.23E+00,1.12E-03,18115,NULL,268,-0.02053
1791691,2026/8/13 02:41,MW2044B12658,A22,NULL,5,NULL,A13099,3.24E+00,8.80E-04,18448,NULL,268,-0.02053
1791690,2026/8/13 02:40,MW2044B12606,C25,NULL,25,                    ,A10779,3.23E+00,1.09E-03,18243,NULL,268,-0.02053
1791689,2026/8/13 02:40,MW2045B33374,B25,NULL,15,NULL,A24298,3.24E+00,9.20E-04,18213,NULL,268,-0.02053
1791688,2026/8/13 02:40,MW2044B14457,A25,NULL,8,                    ,A10779,3.23E+00,1.03E-03,18391,NULL,268,-0.02053
1791687,2026/8/13 02:40,MW2045B25590,A25,NULL,8,NULL,A24298,3.23E+00,8.90E-04,18339,NULL,268,-0.02053
1791686,2026/8/13 02:39,MW2044B14459,A26,NULL,9,                    ,A10779,3.24E+00,1.07E-03,18178,NULL,268,-0.02053
1791685,2026/8/13 02:39,MW2045B25876,A26,NULL,9,NULL,A24298,3.23E+00,8.40E-04,18282,NULL,268,-0.02053
1791684,2026/8/13 02:39,MW2044B02499,A27,NULL,10,                    ,A10779,3.23E+00,9.30E-04,18349,NULL,268,-0.02053
1791683,2026/8/13 02:39,MW2045B25591,A23,NULL,6,NULL,A24298,3.24E+00,1.02E-03,18376,NULL,268,-0.02053
1791682,2026/8/13 02:39,MW2044B02500,A27,NULL,10,                    ,A10779,3.23E+00,9.10E-04,18238,NULL,268,-0.02053
1791681,2026/8/13 02:38,MW2045B25592,A25,NULL,8,NULL,A24298,3.23E+00,8.60E-04,18280,NULL,268,-0.02053
1791680,2026/8/13 02:38,MW2044B02479,A27,NULL,10,                    ,A10779,3.23E+00,8.50E-04,18471,NULL,268,-0.02053
1791679,2026/8/13 02:38,MW2045B25593,A24,NULL,7,NULL,A24298,3.24E+00,8.30E-04,18362,NULL,268,-0.02053
1791678,2026/8/13 02:38,MW2044B02495,A27,NULL,10,                    ,A10779,3.23E+00,9.10E-04,18281,NULL,268,-0.02053
1791677,2026/8/13 02:37,MW2045B28344,A24,NULL,7,NULL,A24298,3.23E+00,9.60E-04,18604,NULL,268,-0.02053
1791676,2026/8/13 02:37,MW2044B14401,A26,NULL,9,                    ,A10779,3.23E+00,9.30E-04,18396,NULL,268,-0.02053
1791675,2026/8/13 02:37,MW2045B33348,A21,NULL,4,NULL,A24298,3.23E+00,9.90E-04,18098,NULL,268,-0.02053
1791674,2026/8/13 02:37,MW2044B14400,A27,NULL,10,                    ,A10779,3.23E+00,8.60E-04,18405,NULL,268,-0.02053
1791673,2026/8/13 02:37,MW2044B14399,B26,NULL,16,                    ,A10779,3.23E+00,8.80E-04,18461,NULL,268,-0.02053
1791672,2026/8/13 02:37,MW2045B33332,ANZ,NULL,18,NULL,A24298,3.24E+00,7.40E-04,18391,NULL,268,-0.02053
1791671,2026/8/13 02:36,MW2044B14451,A26,NULL,9,                    ,A10779,3.24E+00,1.10E-03,18172,NULL,268,-0.02053
1791670,2026/8/13 02:36,MW2045B33331,B25,NULL,15,NULL,A24298,3.24E+00,8.40E-04,18315,NULL,268,-0.02053
1791669,2026/8/13 02:36,MW2044B05911,A26,NULL,9,                    ,A10779,3.24E+00,8.70E-04,18232,NULL,268,-0.02053
1791668,2026/8/13 02:36,MW2045B33739,B23,NULL,13,NULL,A24298,3.24E+00,1.07E-03,18385,NULL,268,-0.02053
1791667,2026/8/13 02:35,MW2044B12491,A26,NULL,9,                    ,A07074,3.24E+00,9.80E-04,18225,NULL,268,-0.02053
1791666,2026/8/13 02:35,MW2045B28340,A25,NULL,8,NULL,A24298,3.23E+00,8.60E-04,18696,NULL,268,-0.02053
1791665,2026/8/13 02:35,MW2044B06903,A27,NULL,10,                    ,A07074,3.23E+00,9.60E-04,18550,NULL,268,-0.02053
1791664,2026/8/13 02:35,MW2045B33738,A23,NULL,6,NULL,A14881,3.24E+00,1.03E-03,18392,NULL,268,-0.02053
1791663,2026/8/13 02:35,MW2044B11057,C25,NULL,25,                    ,A07074,3.24E+00,1.15E-03,18115,NULL,268,-0.02053
1791662,2026/8/13 02:34,MW2045B33762,B22,NULL,12,NULL,A14881,3.24E+00,1.01E-03,18407,NULL,268,-0.02053
1791661,2026/8/13 02:34,MW2044B14408,A25,NULL,8,                    ,A07074,3.24E+00,1.01E-03,18417,NULL,268,-0.02053
1791660,2026/8/13 02:34,MW2045B25345,A25,NULL,8,NULL,A14881,3.23E+00,1.03E-03,18544,NULL,268,-0.02053
1791659,2026/8/13 02:34,MW2044B14407,A26,NULL,9,                    ,A07074,3.24E+00,8.60E-04,18413,NULL,268,-0.02053
1791658,2026/8/13 02:33,MW2044B14406,A25,NULL,8,                    ,A07074,3.24E+00,9.00E-04,18269,NULL,268,-0.02053
1791657,2026/8/13 02:33,MW2045B28449,A23,NULL,6,NULL,A14881,3.24E+00,9.50E-04,18767,NULL,268,-0.02053
1791656,2026/8/13 02:33,MW2044B14405,A26,NULL,9,                    ,A07074,3.24E+00,8.80E-04,18421,NULL,268,-0.02053
1791655,2026/8/13 02:33,MW2045B35685,A24,NULL,7,NULL,A14881,3.24E+00,9.90E-04,18320,NULL,268,-0.02053
1791654,2026/8/13 02:33,MW2044B14404,A26,NULL,9,                    ,A07074,3.23E+00,8.50E-04,18373,NULL,268,-0.02053
1791653,2026/8/13 02:32,MW2045B28202,A24,NULL,7,NULL,A14881,3.23E+00,8.50E-04,18804,NULL,268,-0.02053
1791652,2026/8/13 02:32,MW2044B14403,A26,NULL,9,                    ,A07074,3.23E+00,8.60E-04,18389,NULL,268,-0.02053
1791651,2026/8/13 02:32,MW2045B28451,A21,NULL,4,NULL,A14881,3.24E+00,1.27E-03,18736,NULL,268,-0.02053
1791650,2026/8/13 02:32,MW2044B14402,A26,NULL,9,                    ,A07074,3.23E+00,8.60E-04,18390,NULL,268,-0.02053
1791649,2026/8/13 02:31,MW2045B28517,A25,NULL,8,NULL,A14881,3.24E+00,8.60E-04,18705,NULL,268,-0.02053
1791648,2026/8/13 02:31,MW2044B06158,A27,NULL,10,                    ,A07074,3.24E+00,8.60E-04,18207,NULL,268,-0.02053
1791647,2026/8/13 02:31,MW2045B28186,A24,NULL,7,NULL,A14881,3.24E+00,8.60E-04,18639,NULL,268,-0.02053
1791646,2026/8/13 02:31,MW2044B14424,A25,NULL,8,                    ,A07074,3.24E+00,9.70E-04,18265,NULL,268,-0.02053
1791645,2026/8/13 02:31,MW2045B28185,A24,NULL,7,NULL,A14881,3.23E+00,9.00E-04,18914,NULL,268,-0.02053
1791644,2026/8/13 02:30,MW2044B14381,A27,NULL,10,                    ,A24443,3.24E+00,8.80E-04,18349,NULL,268,-0.02053
1791643,2026/8/13 02:30,MW2045B28477,C24,NULL,24,NULL,A14881,3.23E+00,8.50E-04,18804,NULL,268,-0.02053
1791642,2026/8/13 02:30,MW2044B14460,A25,NULL,8,                    ,A24443,3.24E+00,1.06E-03,18152,NULL,268,-0.02053
1791641,2026/8/13 02:30,MW2045B28521,A25,NULL,8,NULL,A14881,3.23E+00,8.60E-04,18671,NULL,268,-0.02053
1791640,2026/8/13 02:30,MW2044B14461,A25,NULL,8,                    ,A24443,3.24E+00,1.05E-03,18079,NULL,268,-0.02053
1791639,2026/8/13 02:29,MW2044B14462,A25,NULL,8,                    ,A24443,3.24E+00,1.05E-03,18299,NULL,268,-0.02053
1791638,2026/8/13 02:29,MW2045B28476,A25,NULL,8,NULL,A01760,3.23E+00,9.20E-04,18667,NULL,268,-0.02053
1791637,2026/8/13 02:29,MW2044B14463,A25,NULL,8,                    ,A24443,3.24E+00,9.90E-04,18042,NULL,268,-0.02053
1791636,2026/8/13 02:29,MW2045B25661,A23,NULL,6,NULL,A01760,3.23E+00,1.03E-03,18474,NULL,268,-0.02053
1791635,2026/8/13 02:29,MW2044B12447,A26,NULL,9,                    ,A24443,3.24E+00,9.50E-04,18269,NULL,268,-0.02053
1791634,2026/8/13 02:28,MW2045B25660,B24,NULL,14,NULL,A01760,3.24E+00,9.00E-04,18508,NULL,268,-0.02053
1791633,2026/8/13 02:28,MW2044B14464,A25,NULL,8,                    ,A24443,3.24E+00,1.01E-03,18192,NULL,268,-0.02053
1791632,2026/8/13 02:28,MW2045B25659,A24,NULL,7,NULL,A01760,3.24E+00,9.10E-04,18367,NULL,268,-0.02053
1791631,2026/8/13 02:28,MW2044B14479,A25,NULL,8,                    ,A24443,3.24E+00,1.11E-03,18242,NULL,268,-0.02053
1791630,2026/8/13 02:27,MW2045B25655,B24,NULL,14,NULL,A01760,3.24E+00,1.02E-03,18472,NULL,268,-0.02053
1791629,2026/8/13 02:27,MW2044B12449,A25,NULL,8,                    ,A24443,3.24E+00,9.90E-04,18181,NULL,268,-0.02053
1791628,2026/8/13 02:27,MW2045B25667,B25,NULL,15,NULL,A01760,3.24E+00,8.10E-04,18497,NULL,268,-0.02053
1791627,2026/8/13 02:27,MW2044B14480,A26,NULL,9,                    ,A24443,3.24E+00,9.40E-04,18298,NULL,268,-0.02053
1791626,2026/8/13 02:26,MW2045B25666,B24,NULL,14,NULL,A01760,3.24E+00,1.01E-03,18462,NULL,268,-0.02053
1791625,2026/8/13 02:26,MW2044B14465,A25,NULL,8,                    ,A24443,3.24E+00,1.07E-03,18346,NULL,268,-0.02053
1791624,2026/8/13 02:26,MW2044B12451,A26,NULL,9,                    ,A24443,3.24E+00,9.60E-04,18185,NULL,268,-0.02053
1791623,2026/8/13 02:26,MW2045B25665,B23,NULL,13,NULL,A01760,3.24E+00,9.50E-04,18455,NULL,268,-0.02053
1791622,2026/8/13 02:26,MW2044B06933,A26,NULL,9,                    ,A17992,3.23E+00,9.70E-04,18390,NULL,268,-0.02053
1791621,2026/8/13 02:26,MW2045B25664,B24,NULL,14,NULL,A01760,3.24E+00,9.20E-04,18582,NULL,268,-0.02053
1791620,2026/8/13 02:25,MW2044B06920,A26,NULL,9,                    ,A17992,3.23E+00,9.80E-04,18382,NULL,268,-0.02053
1791619,2026/8/13 02:25,MW2045B25663,B25,NULL,15,NULL,A01760,3.24E+00,8.40E-04,18514,NULL,268,-0.02053
1791618,2026/8/13 02:25,MW2044B06898,A26,NULL,9,                    ,A17992,3.23E+00,9.90E-04,18336,NULL,268,-0.02053
1791617,2026/8/13 02:25,MW2045B25662,A23,NULL,6,NULL,A01760,3.24E+00,9.00E-04,18398,NULL,268,-0.02053
1791616,2026/8/13 02:24,MW2044B06900,A26,NULL,9,                    ,A17992,3.24E+00,9.90E-04,18223,NULL,268,-0.02053
1791615,2026/8/13 02:24,MW2045B28248,B25,NULL,15,NULL,A01760,3.24E+00,1.01E-03,18710,NULL,268,-0.02053
1791614,2026/8/13 02:24,MW2044B06901,A27,NULL,10,                    ,A17992,3.23E+00,9.50E-04,18327,NULL,268,-0.02053
1791613,2026/8/13 02:24,MW2044B07744,A24,NULL,7,NULL,A20044,3.24E+00,1.05E-03,18547,NULL,268,-0.02053
1791612,2026/8/13 02:24,MW2044B14433,A25,NULL,8,                    ,A17992,3.24E+00,8.60E-04,18288,NULL,268,-0.02053
1791611,2026/8/13 02:23,MW2044B17695,A25,NULL,8,NULL,A20044,3.24E+00,1.03E-03,18580,NULL,268,-0.02053
1791610,2026/8/13 02:23,MW2044B06902,A27,NULL,10,                    ,A17992,3.24E+00,9.50E-04,18188,NULL,268,-0.02053
1791609,2026/8/13 02:23,MW2044B17751,A24,NULL,7,NULL,A20044,3.24E+00,9.80E-04,18394,NULL,268,-0.02053
1791608,2026/8/13 02:23,MW2044B14384,A26,NULL,9,                    ,A17992,3.24E+00,8.90E-04,18303,NULL,268,-0.02053
1791607,2026/8/13 02:22,MW2044B17572,C25,NULL,25,NULL,A20044,3.24E+00,9.20E-04,18613,NULL,268,-0.02053
1791606,2026/8/13 02:22,MW2044B11125,A24,NULL,7,                    ,A17992,3.24E+00,1.08E-03,18407,NULL,268,-0.02053
1791605,2026/8/13 02:22,MW2044B17574,C24,NULL,24,NULL,A20044,3.24E+00,9.30E-04,18638,NULL,268,-0.02053
1791604,2026/8/13 02:22,MW2044B14383,A26,NULL,9,                    ,A17992,3.24E+00,8.90E-04,18325,NULL,268,-0.02053
1791603,2026/8/13 02:22,MW2044B14205,A25,NULL,8,NULL,A20044,3.24E+00,8.40E-04,18665,NULL,268,-0.02053
1791602,2026/8/13 02:22,MW2044B11126,A24,NULL,7,                    ,A17992,3.24E+00,1.10E-03,18397,NULL,268,-0.02053
1791601,2026/8/13 02:21,MW2044B14382,A26,NULL,9,                    ,A17992,3.24E+00,8.90E-04,18283,NULL,268,-0.02053
1791600,2026/8/13 02:21,MW2044B14204,A25,NULL,8,NULL,A20044,3.24E+00,8.40E-04,18701,NULL,268,-0.02053
1791599,2026/8/13 02:21,MW2044B14395,A26,NULL,9,                    ,A23708,3.24E+00,8.70E-04,18174,NULL,268,-0.02053
1791598,2026/8/13 02:21,MW2044B14207,A25,NULL,8,NULL,A20044,3.24E+00,8.50E-04,18710,NULL,268,-0.02053
1791597,2026/8/13 02:20,MW2044B14396,A26,NULL,9,                    ,A23708,3.24E+00,8.90E-04,18263,NULL,268,-0.02053
1791596,2026/8/13 02:20,MW2044B14206,A25,NULL,8,NULL,A20044,3.24E+00,8.20E-04,18525,NULL,268,-0.02053
1791595,2026/8/13 02:20,MW2044B14373,A26,NULL,9,                    ,A23708,3.24E+00,9.00E-04,18223,NULL,268,-0.02053
1791594,2026/8/13 02:20,MW2044B14209,A25,NULL,8,NULL,A20044,3.24E+00,8.30E-04,18673,NULL,268,-0.02053
1791593,2026/8/13 02:19,MW2044B12605,A26,NULL,9,                    ,A23708,3.23E+00,1.06E-03,18298,NULL,268,-0.02053
1791592,2026/8/13 02:19,MW2044B14208,A25,NULL,8,NULL,A20044,3.24E+00,8.20E-04,18770,NULL,268,-0.02053
1791591,2026/8/13 02:19,MW2044B14374,A27,NULL,10,                    ,A23708,3.24E+00,8.80E-04,18219,NULL,268,-0.02053
1791590,2026/8/13 02:19,MW2044B14254,A25,NULL,8,NULL,A20044,3.24E+00,8.10E-04,18582,NULL,268,-0.02053
1791589,2026/8/13 02:19,MW2044B12604,A26,NULL,9,                    ,A23708,3.23E+00,1.09E-03,18357,NULL,268,-0.02053
1791588,2026/8/13 02:18,MW2044B14255,ANZ,NULL,18,NULL,A12262,3.24E+00,7.40E-04,18621,NULL,268,-0.02053
1791587,2026/8/13 02:18,MW2044B14375,A26,NULL,9,                    ,A23708,3.24E+00,8.70E-04,18264,NULL,268,-0.02053
1791586,2026/8/13 02:18,MW2044B12522,C25,NULL,25,NULL,A12262,3.24E+00,9.70E-04,18647,NULL,268,-0.02053
1791585,2026/8/13 02:18,MW2044B14377,A26,NULL,9,                    ,A23708,3.24E+00,9.00E-04,18188,NULL,268,-0.02053
1791584,2026/8/13 02:17,MW2044B12519,A25,NULL,8,NULL,A12262,3.24E+00,8.80E-04,18584,NULL,268,-0.02053
1791583,2026/8/13 02:17,MW2044B11107,A24,NULL,7,                    ,A23708,3.24E+00,1.06E-03,18336,NULL,268,-0.02053
1791582,2026/8/13 02:17,MW2044B12468,A25,NULL,8,NULL,A12262,3.24E+00,8.60E-04,18510,NULL,268,-0.02053
1791581,2026/8/13 02:17,MW2044B11106,A24,NULL,7,                    ,A23708,3.24E+00,1.07E-03,18479,NULL,268,-0.02053
1791580,2026/8/13 02:17,MW2044B12467,ANZ,NULL,18,NULL,A12262,3.24E+00,8.00E-04,18653,NULL,268,-0.02053
1791579,2026/8/13 02:17,MW2044B07688,A23,NULL,6,                    ,A23708,3.24E+00,1.18E-03,18225,NULL,268,-0.02053
1791578,2026/8/13 02:16,MW2044B14162,A25,NULL,8,                    ,A23708,3.24E+00,9.10E-04,18370,NULL,268,-0.02053
1791577,2026/8/13 02:16,MW2044B12465,A25,NULL,8,NULL,A12262,3.24E+00,8.50E-04,18562,NULL,268,-0.02053
1791576,2026/8/13 02:16,MW2044B14155,A25,NULL,8,                    ,A11514,3.24E+00,9.30E-04,18452,NULL,268,-0.02053
1791575,2026/8/13 02:16,MW2044B06106,A26,NULL,9,NULL,A12262,3.24E+00,8.70E-04,18555,NULL,268,-0.02053
1791574,2026/8/13 02:15,MW2044B17752,A25,NULL,8,                    ,A11514,3.24E+00,1.15E-03,18317,NULL,268,-0.02053
1791573,2026/8/13 02:15,MW2044B06105,A26,NULL,9,NULL,A12262,3.24E+00,8.50E-04,18558,NULL,268,-0.02053
1791572,2026/8/13 02:15,MW2044B17704,A24,NULL,7,                    ,A11514,3.24E+00,1.09E-03,18223,NULL,268,-0.02053
1791571,2026/8/13 02:15,MW2044B06104,A26,NULL,9,NULL,A12262,3.24E+00,8.50E-04,18577,NULL,268,-0.02053
1791570,2026/8/13 02:15,MW2044B12595,A26,NULL,9,                    ,A11514,3.24E+00,9.10E-04,18237,NULL,268,-0.02053
1791569,2026/8/13 02:14,MW2044B11081,A24,NULL,7,NULL,A12262,3.24E+00,9.60E-04,18266,NULL,268,-0.02053
1791568,2026/8/13 02:14,MW2044B12599,A26,NULL,9,                    ,A11514,3.24E+00,8.70E-04,18222,NULL,268,-0.02053
1791567,2026/8/13 02:14,MW2044B11080,A24,NULL,7,NULL,A12262,3.24E+00,9.80E-04,18410,NULL,268,-0.02053
1791566,2026/8/13 02:14,MW2044B12596,A24,NULL,7,                    ,A11514,3.24E+00,1.06E-03,18286,NULL,268,-0.02053
1791565,2026/8/13 02:13,MW2044B12521,A25,NULL,8,NULL,A12262,3.24E+00,9.80E-04,18801,NULL,268,-0.02053
1791564,2026/8/13 02:13,MW2044B12624,A24,NULL,7,                    ,A11514,3.23E+00,1.13E-03,18256,NULL,268,-0.02053
1791563,2026/8/13 02:13,MW2044B12517,A26,NULL,9,NULL,A12858,3.24E+00,8.80E-04,18624,NULL,268,-0.02053
1791562,2026/8/13 02:13,MW2044B12582,A24,NULL,7,                    ,A11514,3.24E+00,1.24E-03,18313,NULL,268,-0.02053
1791561,2026/8/13 02:13,MW2044B12515,A25,NULL,8,NULL,A12858,3.24E+00,1.06E-03,18677,NULL,268,-0.02053
1791560,2026/8/13 02:13,MW2044B11109,A24,NULL,7,                    ,A11514,3.24E+00,1.01E-03,18408,NULL,268,-0.02053
1791559,2026/8/13 02:12,MW2044B12652,ANZ,NULL,18,NULL,A12858,3.24E+00,7.70E-04,18537,NULL,268,-0.02053
1791558,2026/8/13 02:12,MW2044B11111,A25,NULL,8,                    ,A11514,3.24E+00,9.70E-04,18379,NULL,268,-0.02053
1791557,2026/8/13 02:12,MW2044B14446,ANZ,NULL,18,NULL,A12858,3.23E+00,7.70E-04,18586,NULL,268,-0.02053
1791556,2026/8/13 02:12,MW2044B14393,A26,NULL,9,                    ,A11514,3.23E+00,8.50E-04,18320,NULL,268,-0.02053
1791555,2026/8/13 02:11,MW2044B14447,ANZ,NULL,18,NULL,A12858,3.24E+00,7.80E-04,18767,NULL,268,-0.02053
1791554,2026/8/13 02:09,MW2044B14448,A26,NULL,9,NULL,A12858,3.24E+00,9.60E-04,18564,NULL,268,-0.02053
1791553,2026/8/13 02:09,MW2044B14449,A26,NULL,9,NULL,A12858,3.24E+00,9.50E-04,18645,NULL,268,-0.02053
1791552,2026/8/13 02:09,MW2044B14394,A26,NULL,9,                    ,A11514,3.23E+00,8.80E-04,18236,NULL,268,-0.02053
1791551,2026/8/13 02:08,MW2044B06088,CHH,NULL,20,                    ,A07083,3.23E+00,8.40E-04,18243,NULL,268,-0.02053
1791550,2026/8/13 02:08,MW2044B07676,A23,NULL,6,NULL,A12858,3.24E+00,1.07E-03,18510,NULL,268,-0.02053
1791549,2026/8/13 02:08,MW2044B06089,A27,NULL,10,                    ,A07083,3.23E+00,9.60E-04,18253,NULL,268,-0.02053
1791548,2026/8/13 02:08,MW2044B14450,A26,NULL,9,NULL,A12858,3.24E+00,9.60E-04,18526,NULL,268,-0.02053
1791547,2026/8/13 02:08,MW2044B06090,A27,NULL,10,                    ,A07083,3.23E+00,9.50E-04,18179,NULL,268,-0.02053
1791546,2026/8/13 02:07,MW2044B07675,A23,NULL,6,NULL,A12858,3.24E+00,1.09E-03,18512,NULL,268,-0.02053
1791545,2026/8/13 02:07,MW2044B11097,CHH,NULL,20,                    ,A07083,3.23E+00,8.40E-04,18338,NULL,268,-0.02053
1791544,2026/8/13 02:07,MW2044B12494,A26,NULL,9,NULL,A12858,3.24E+00,8.20E-04,18477,NULL,268,-0.02053
1791543,2026/8/13 02:07,MW2044B05042,A25,NULL,8,                    ,A07083,3.24E+00,9.00E-04,18151,NULL,268,-0.02053
1791542,2026/8/13 02:06,MW2044B07674,A24,NULL,7,NULL,A12858,3.24E+00,1.08E-03,18627,NULL,268,-0.02053
1791541,2026/8/13 02:06,MW2044B05043,A26,NULL,9,                    ,A07083,3.24E+00,8.80E-04,18344,NULL,268,-0.02053
1791540,2026/8/13 02:06,MW2044B12493,A26,NULL,9,NULL,A07373,3.23E+00,8.40E-04,18645,NULL,268,-0.02053
1791539,2026/8/13 02:06,MW2044B05039,A26,NULL,9,                    ,A07083,3.24E+00,8.30E-04,18309,NULL,268,-0.02053
1791538,2026/8/13 02:06,MW2044B07673,A23,NULL,6,NULL,A07373,3.24E+00,1.07E-03,18522,NULL,268,-0.02053
1791537,2026/8/13 02:05,MW2044B05041,A26,NULL,9,                    ,A07083,3.24E+00,8.50E-04,18401,NULL,268,-0.02053
1791536,2026/8/13 02:05,MW2044B12492,C26,NULL,26,NULL,A07373,3.24E+00,8.50E-04,18674,NULL,268,-0.02053
1791535,2026/8/13 02:05,MW2044B12545,A24,NULL,7,                    ,A07083,3.24E+00,9.20E-04,18255,NULL,268,-0.02053
1791534,2026/8/13 02:05,MW2044B07672,A24,NULL,7,NULL,A07373,3.24E+00,1.05E-03,18569,NULL,268,-0.02053
1791533,2026/8/13 02:05,MW2044B17569,C24,NULL,24,                    ,A07083,3.24E+00,1.14E-03,18167,NULL,268,-0.02053
1791532,2026/8/13 02:04,MW2044B07671,A23,NULL,6,NULL,A07373,3.24E+00,1.08E-03,18522,NULL,268,-0.02053
1791531,2026/8/13 02:04,MW2044B14156,A25,NULL,8,                    ,A07083,3.24E+00,9.30E-04,18331,NULL,268,-0.02053
1791530,2026/8/13 02:04,MW2044B07283,A26,NULL,9,                    ,A07083,3.23E+00,9.50E-04,18253,NULL,268,-0.02053
1791529,2026/8/13 02:04,MW2044B07670,A23,NULL,6,NULL,A07373,3.24E+00,1.07E-03,18635,NULL,268,-0.02053
1791528,2026/8/13 02:03,MW2044B07669,A23,NULL,6,NULL,A07373,3.24E+00,1.05E-03,18497,NULL,268,-0.02053
1791527,2026/8/13 02:03,MW2044B06329,ANZ,NULL,18,NULL,A07373,3.24E+00,7.30E-04,18516,NULL,268,-0.02053
1791526,2026/8/13 02:02,MW2044B17476,A25,NULL,8,                    ,A23923,3.24E+00,1.16E-03,18124,NULL,268,-0.02053
1791525,2026/8/13 02:02,MW2044B12537,A25,NULL,8,NULL,A07373,3.24E+00,9.20E-04,18617,NULL,268,-0.02053
1791524,2026/8/13 02:02,MW2044B11079,A24,NULL,7,                    ,A23923,3.24E+00,1.07E-03,18171,NULL,268,-0.02053
1791523,2026/8/13 02:02,MW2044B14415,ANZ,NULL,18,NULL,A07373,3.23E+00,7.80E-04,18519,NULL,268,-0.02053
1791522,2026/8/13 02:02,MW2044B17475,A23,NULL,6,                    ,A23923,3.24E+00,1.50E-03,18181,NULL,268,-0.02053
1791521,2026/8/13 02:01,MW2044B14414,ANZ,NULL,18,NULL,A07373,3.24E+00,7.60E-04,18643,NULL,268,-0.02053
1791520,2026/8/13 02:01,MW2044B11078,A25,NULL,8,                    ,A23923,3.24E+00,1.02E-03,17960,NULL,268,-0.02053
1791519,2026/8/13 02:01,MW2044B14413,ANZ,NULL,18,NULL,A07373,3.23E+00,7.40E-04,18579,NULL,268,-0.02053
1791518,2026/8/13 02:01,MW2044B17474,A24,NULL,7,                    ,A23923,3.24E+00,1.17E-03,18031,NULL,268,-0.02053
1791517,2026/8/13 02:00,MW2044B11072,A25,NULL,8,NULL,A22670,3.24E+00,8.80E-04,18444,NULL,268,-0.02053
1791516,2026/8/13 02:00,MW2044B11077,A24,NULL,7,                    ,A23923,3.24E+00,1.05E-03,18165,NULL,268,-0.02053
1791515,2026/8/13 02:00,MW2044B12496,A25,NULL,8,NULL,A22670,3.24E+00,1.01E-03,18691,NULL,268,-0.02053
1791514,2026/8/13 02:00,MW2044B17529,A25,NULL,8,                    ,A23923,3.24E+00,1.17E-03,18313,NULL,268,-0.02053
1791513,2026/8/13 01:59,MW2044B10693,A25,NULL,8,NULL,A22670,3.23E+00,9.10E-04,18596,NULL,268,-0.02053
1791512,2026/8/13 01:59,MW2044B11076,A24,NULL,7,                    ,A23923,3.24E+00,9.70E-04,18210,NULL,268,-0.02053
1791511,2026/8/13 01:59,MW2044B12441,A26,NULL,9,NULL,A22670,3.24E+00,8.70E-04,18636,NULL,268,-0.02053
1791510,2026/8/13 01:59,MW2044B17530,A24,NULL,7,                    ,A23923,3.24E+00,1.18E-03,18378,NULL,268,-0.02053
1791509,2026/8/13 01:59,MW2044B11075,A24,NULL,7,                    ,A23923,3.24E+00,1.18E-03,18378,NULL,268,-0.02053
1791508,2026/8/13 01:59,MW2044B10591,A25,NULL,8,NULL,A22670,3.24E+00,9.50E-04,18558,NULL,268,-0.02053
1791507,2026/8/13 01:58,MW2044B17504,A27,NULL,10,                    ,A23923,3.24E+00,9.50E-04,18296,NULL,268,-0.02053
1791506,2026/8/13 01:58,MW2044B12442,A26,NULL,9,NULL,A22670,3.24E+00,8.70E-04,18637,NULL,268,-0.02053
1791505,2026/8/13 01:58,MW2044B11074,A23,NULL,6,                    ,A23923,3.24E+00,1.24E-03,18303,NULL,268,-0.02053
1791504,2026/8/13 01:58,MW2044B10589,A25,NULL,8,NULL,A22670,3.24E+00,9.50E-04,18607,NULL,268,-0.02053
1791503,2026/8/13 01:57,MW2044B17535,A25,NULL,8,                    ,A10135,3.24E+00,1.14E-03,18275,NULL,268,-0.02053
1791502,2026/8/13 01:57,MW2044B12444,A26,NULL,9,NULL,A22670,3.24E+00,8.40E-04,18524,NULL,268,-0.02053
1791501,2026/8/13 01:57,MW2044B17473,A25,NULL,8,                    ,A10135,3.24E+00,1.15E-03,18179,NULL,268,-0.02053
1791500,2026/8/13 01:57,MW2044B10588,C25,NULL,25,NULL,A22670,3.24E+00,9.30E-04,18575,NULL,268,-0.02053
1791499,2026/8/13 01:57,MW2044B17533,A25,NULL,8,                    ,A10135,3.24E+00,1.17E-03,18289,NULL,268,-0.02053
1791498,2026/8/13 01:56,MW2044B12445,A26,NULL,9,NULL,A22670,3.24E+00,8.40E-04,18580,NULL,268,-0.02053
1791497,2026/8/13 01:56,MW2044B17534,A26,NULL,9,                    ,A10135,3.24E+00,1.18E-03,18304,NULL,268,-0.02053
1791496,2026/8/13 01:56,MW2044B14397,ANZ,NULL,18,NULL,A22670,3.23E+00,7.50E-04,18706,NULL,268,-0.02053
1791495,2026/8/13 01:56,MW2044B17531,A25,NULL,8,                    ,A10135,3.24E+00,1.18E-03,18334,NULL,268,-0.02053
1791494,2026/8/13 01:55,MW2044B17532,A26,NULL,9,                    ,A10135,3.24E+00,1.15E-03,18275,NULL,268,-0.02053
1791493,2026/8/13 01:55,MW2044B12514,A23,NULL,6,NULL,A22670,3.24E+00,8.90E-04,18518,NULL,268,-0.02053
1791492,2026/8/13 01:55,MW2044B06976,C22,NULL,22,                    ,A10135,3.24E+00,1.01E-03,18513,NULL,268,-0.02053
1791491,2026/8/13 01:55,MW2045B28523,A25,NULL,8,NULL,A00449,3.24E+00,8.80E-04,18753,NULL,268,-0.02053
1791490,2026/8/13 01:55,MW2044B12562,A24,NULL,7,                    ,A10135,3.24E+00,1.17E-03,18085,NULL,268,-0.02053
1791489,2026/8/13 01:54,MW2044B12661,A26,NULL,9,NULL,A00449,3.23E+00,8.70E-04,18702,NULL,268,-0.02053
1791488,2026/8/13 01:54,MW2044B17481,A25,NULL,8,                    ,A10135,3.24E+00,1.08E-03,18159,NULL,268,-0.02053
1791487,2026/8/13 01:54,MW2018B00426,ANZ,NULL,18,NULL,A00449,3.23E+00,7.90E-04,18502,NULL,268,-0.02053
1791486,2026/8/13 01:54,MW2044B17480,A25,NULL,8,                    ,A10135,3.24E+00,1.19E-03,18208,NULL,268,-0.02053
1791485,2026/8/13 01:54,MW2019B01140,A26,NULL,9,NULL,A00449,3.22E+00,9.10E-04,18699,NULL,268,-0.02053
1791484,2026/8/13 01:53,MW2044B17479,A25,NULL,8,                    ,A10135,3.24E+00,1.18E-03,18229,NULL,268,-0.02053
1791483,2026/8/13 01:53,MW2019B01185,C26,NULL,26,NULL,A00449,3.21E+00,8.70E-04,18643,NULL,268,-0.02053
1791482,2026/8/13 01:53,MW2044B17478,A25,NULL,8,                    ,A10135,3.24E+00,1.14E-03,18096,NULL,268,-0.02053
1791481,2026/8/13 01:53,MW2043B07946,O,NULL,1,NULL,A00449,0.00E+00,0.00E+00,18544,NULL,268,-0.02053
1791480,2026/8/13 01:53,MW2045B25096,O,NULL,1,                    ,A22302,0.00E+00,0.00E+00,17831,NULL,268,-0.02053
1791479,2026/8/13 01:50,MW2045B22904,A23,NULL,6,NULL,A00449,3.24E+00,9.40E-04,18710,NULL,268,-0.02053
1791478,2026/8/13 01:50,MW2045B23128,A25,NULL,8,NULL,A00449,3.24E+00,8.90E-04,18493,NULL,268,-0.02053
1791477,2026/8/13 01:49,MW2045B05016,A25,NULL,8,NULL,A00449,3.23E+00,8.20E-04,18437,NULL,268,-0.02053
1791476,2026/8/13 01:49,MW2045B04656,B22,NULL,12,NULL,A00449,3.24E+00,1.28E-03,18484,NULL,268,-0.02053
1791475,2026/8/13 01:48,MW2045B03200,A23,NULL,6,NULL,A00449,3.24E+00,8.30E-04,18601,NULL,268,-0.02053
1791474,2026/8/13 01:48,MW2045B28289,A24,NULL,7,NULL,A00449,3.24E+00,1.03E-03,18753,NULL,268,-0.02053
1791473,2026/8/13 01:47,MW2044B12659,ANZ,NULL,18,NULL,A16960,3.23E+00,8.00E-04,18655,NULL,268,-0.02053
1791472,2026/8/13 01:47,MW2045B25097,A24,NULL,7,                    ,A22302,3.24E+00,1.07E-03,17795,NULL,268,-0.02053
1791471,2026/8/13 01:47,MW2045B28464,B25,NULL,15,NULL,A16960,3.24E+00,8.60E-04,18788,NULL,268,-0.02053
1791470,2026/8/13 01:47,MW2045B25098,A24,NULL,7,                    ,A22302,3.23E+00,1.02E-03,17802,NULL,268,-0.02053
1791469,2026/8/13 01:46,MW2044B12660,B26,NULL,16,NULL,A16960,3.23E+00,8.70E-04,18428,NULL,268,-0.02053
1791468,2026/8/13 01:46,MW2045B28436,A26,NULL,9,                    ,A22302,3.24E+00,9.40E-04,18024,NULL,268,-0.02053
1791467,2026/8/13 01:46,MW2045B25099,ANZ,NULL,18,NULL,A16960,3.23E+00,7.90E-04,18344,NULL,268,-0.02053
1791466,2026/8/13 01:46,MW2045B28437,C24,NULL,24,                    ,A22302,3.23E+00,1.19E-03,18185,NULL,268,-0.02053
1791465,2026/8/13 01:46,MW2045B35757,B24,NULL,14,NULL,A16960,3.24E+00,9.20E-04,18665,NULL,268,-0.02053
1791464,2026/8/13 01:45,MW2045B28444,A24,NULL,7,                    ,A22302,3.24E+00,1.19E-03,18292,NULL,268,-0.02053
1791463,2026/8/13 01:45,MW2045B36068,ANZ,NULL,18,NULL,A16960,3.23E+00,7.80E-04,18334,NULL,268,-0.02053
1791462,2026/8/13 01:45,MW2045B28443,A25,NULL,8,                    ,A22302,3.24E+00,9.30E-04,18175,NULL,268,-0.02053
1791461,2026/8/13 01:45,MW2045B36069,C26,NULL,26,NULL,A16960,3.23E+00,8.50E-04,18311,NULL,268,-0.02053
1791460,2026/8/13 01:45,MW2045B18366,B23,NULL,13,                    ,A22302,3.24E+00,9.40E-04,18297,NULL,268,-0.02053
1791459,2026/8/13 01:44,MW2045B28172,A25,NULL,8,                    ,A22302,3.23E+00,1.01E-03,18244,NULL,268,-0.02053
1791458,2026/8/13 01:44,MW2045B36066,ANZ,NULL,18,NULL,A16960,3.24E+00,7.60E-04,18433,NULL,268,-0.02053
1791457,2026/8/13 01:44,MW2045B28319,A24,NULL,7,                    ,A22302,3.24E+00,1.19E-03,18232,NULL,268,-0.02053
1791456,2026/8/13 01:44,MW2045B36067,ANZ,NULL,18,NULL,A16960,3.24E+00,7.80E-04,18385,NULL,268,-0.02053
1791455,2026/8/13 01:43,MW2045B04653,A26,NULL,9,                    ,A22302,3.24E+00,9.60E-04,17988,NULL,268,-0.02053
1791454,2026/8/13 01:43,MW2045B36064,ANZ,NULL,18,NULL,A16960,3.24E+00,7.60E-04,18590,NULL,268,-0.02053
1791453,2026/8/13 01:43,MW2045B04649,A27,NULL,10,                    ,A22302,3.23E+00,9.60E-04,17977,NULL,268,-0.02053
1791452,2026/8/13 01:43,MW2045B28309,A24,NULL,7,NULL,A16960,3.24E+00,8.50E-04,18720,NULL,268,-0.02053
1791451,2026/8/13 01:42,MW2044B17069,A25,NULL,8,NULL,A16960,3.23E+00,8.90E-04,18540,NULL,268,-0.02053
1791450,2026/8/13 01:40,MW2045B25090,A24,NULL,7,                    ,A02287,3.24E+00,1.14E-03,17613,NULL,268,-0.02053
1791449,2026/8/13 01:40,MW2045B28330,A26,NULL,9,                    ,A02287,3.23E+00,9.50E-04,18294,NULL,268,-0.02053
1791448,2026/8/13 01:38,MW2045B28459,A25,NULL,8,                    ,A02287,3.23E+00,9.20E-04,18234,NULL,268,-0.02053
1791447,2026/8/13 01:38,MW2045B25481,A26,NULL,9,                    ,A02287,3.24E+00,9.80E-04,18119,NULL,268,-0.02053
1791446,2026/8/13 01:38,MW2045B25314,A24,NULL,7,NULL,A22869,3.24E+00,8.80E-04,18395,NULL,268,-0.02053
1791445,2026/8/13 01:37,MW2045B25487,A25,NULL,8,                    ,A02287,3.24E+00,9.60E-04,18257,NULL,268,-0.02053
1791444,2026/8/13 01:37,MW2045B25317,A23,NULL,6,NULL,A22869,3.24E+00,1.02E-03,18402,NULL,268,-0.02053
1791443,2026/8/13 01:37,MW2045B25725,C24,NULL,24,                    ,A02287,3.23E+00,9.00E-04,17896,NULL,268,-0.02053
1791442,2026/8/13 01:37,MW2045B25280,B23,NULL,13,NULL,A22869,3.24E+00,9.00E-04,18234,NULL,268,-0.02053
1791441,2026/8/13 01:37,MW2045B25485,B24,NULL,14,                    ,A02287,3.24E+00,1.02E-03,18173,NULL,268,-0.02053
1791440,2026/8/13 01:37,MW2045B25350,C24,NULL,24,NULL,A22869,3.23E+00,9.50E-04,18597,NULL,268,-0.02053
1791439,2026/8/13 01:36,MW2045B25486,A24,NULL,7,                    ,A02287,3.24E+00,9.90E-04,18091,NULL,268,-0.02053
1791438,2026/8/13 01:36,MW2045B25276,A23,NULL,6,NULL,A22869,3.23E+00,1.00E-03,18354,NULL,268,-0.02053
1791437,2026/8/13 01:36,MW2045B25490,B24,NULL,14,                    ,A02287,3.24E+00,1.00E-03,18209,NULL,268,-0.02053
1791436,2026/8/13 01:36,MW2045B25279,A23,NULL,6,NULL,A22869,3.24E+00,9.80E-04,18277,NULL,268,-0.02053
1791435,2026/8/13 01:35,MW2045B25491,B24,NULL,14,                    ,A02287,3.24E+00,1.02E-03,18190,NULL,268,-0.02053
1791434,2026/8/13 01:35,MW2045B25129,A24,NULL,7,NULL,A22869,3.24E+00,8.20E-04,18552,NULL,268,-0.02053
1791433,2026/8/13 01:35,MW2045B25155,A24,NULL,7,                    ,A02287,3.24E+00,1.01E-03,17936,NULL,268,-0.02053
1791432,2026/8/13 01:35,MW2045B25344,B24,NULL,14,NULL,A22869,3.24E+00,9.40E-04,18557,NULL,268,-0.02053
1791431,2026/8/13 01:35,MW2045B25247,B24,NULL,14,                    ,A02287,3.24E+00,1.17E-03,18019,NULL,268,-0.02053
1791430,2026/8/13 01:34,MW2045B25274,B23,NULL,13,NULL,A22869,3.24E+00,9.30E-04,18267,NULL,268,-0.02053
1791429,2026/8/13 01:34,MW2044B13266,A26,NULL,9,                    ,A18090,3.24E+00,9.90E-04,18181,NULL,268,-0.02053
1791428,2026/8/13 01:34,MW2045B25196,A24,NULL,7,NULL,A22869,3.24E+00,8.30E-04,18113,NULL,268,-0.02053
1791427,2026/8/13 01:34,MW2044B13269,A25,NULL,8,                    ,A18090,3.24E+00,1.08E-03,18198,NULL,268,-0.02053
1791426,2026/8/13 01:33,MW2045B25442,ANZ,NULL,18,NULL,A22869,3.24E+00,7.70E-04,18606,NULL,268,-0.02053
1791425,2026/8/13 01:33,MW2045B25192,A22,NULL,5,                    ,A18090,3.24E+00,1.12E-03,17893,NULL,268,-0.02053
1791424,2026/8/13 01:33,MW2045B25214,A22,NULL,5,NULL,A22869,3.24E+00,1.08E-03,18360,NULL,268,-0.02053
1791423,2026/8/13 01:32,MW2045B33360,ANZ,NULL,18,NULL,A15105,3.24E+00,8.00E-04,18410,NULL,268,-0.02053
1791422,2026/8/13 01:32,MW2045B25110,C24,NULL,24,NULL,A15105,3.23E+00,1.00E-03,18191,NULL,268,-0.02053
1791421,2026/8/13 01:32,MW2045B25749,B24,NULL,14,                    ,A18090,3.24E+00,9.60E-04,17987,NULL,268,-0.02053
1791420,2026/8/13 01:31,MW2045B25103,A24,NULL,7,NULL,A15105,3.23E+00,1.03E-03,18165,NULL,268,-0.02053
1791419,2026/8/13 01:31,MW2045B25174,A24,NULL,7,                    ,A18090,3.24E+00,9.70E-04,17934,NULL,268,-0.02053
1791418,2026/8/13 01:31,MW2045B25112,C23,NULL,23,NULL,A15105,3.23E+00,1.03E-03,18104,NULL,268,-0.02053
1791417,2026/8/13 01:30,MW2044B13271,A26,NULL,9,                    ,A18090,3.23E+00,1.07E-03,18166,NULL,268,-0.02053
1791416,2026/8/13 01:30,MW2045B25101,C25,NULL,25,NULL,A15105,3.23E+00,8.90E-04,18171,NULL,268,-0.02053
1791415,2026/8/13 01:30,MW2044B13270,A26,NULL,9,                    ,A18090,3.24E+00,1.02E-03,18229,NULL,268,-0.02053
1791414,2026/8/13 01:30,MW2045B33359,ANZ,NULL,18,NULL,A15105,3.23E+00,8.00E-04,18510,NULL,268,-0.02053
1791413,2026/8/13 01:30,MW2044B13273,A25,NULL,8,                    ,A18090,3.24E+00,1.11E-03,18130,NULL,268,-0.02053
1791412,2026/8/13 01:29,MW2045B33358,A25,NULL,8,NULL,A15105,3.24E+00,8.80E-04,18432,NULL,268,-0.02053
1791411,2026/8/13 01:29,MW2044B13275,A25,NULL,8,                    ,A18090,3.24E+00,1.10E-03,18206,NULL,268,-0.02053
1791410,2026/8/13 01:29,MW2045B25577,A24,NULL,7,NULL,A15105,3.23E+00,8.80E-04,18227,NULL,268,-0.02053
1791409,2026/8/13 01:29,MW2045B25208,A23,NULL,6,                    ,A18090,3.24E+00,1.05E-03,17869,NULL,268,-0.02053
1791408,2026/8/13 01:28,MW2045B33350,ANZ,NULL,18,NULL,A15105,3.24E+00,7.60E-04,18408,NULL,268,-0.02053
1791407,2026/8/13 01:28,MW2044B13272,A25,NULL,8,                    ,A18090,3.24E+00,1.03E-03,18244,NULL,268,-0.02053
1791406,2026/8/13 01:28,MW2045B28267,A24,NULL,7,NULL,A15105,3.24E+00,1.06E-03,18663,NULL,268,-0.02053
1791405,2026/8/13 01:28,MW2045B25209,A22,NULL,5,                    ,A18090,3.24E+00,1.14E-03,17761,NULL,268,-0.02053
1791404,2026/8/13 01:27,MW2045B28182,A24,NULL,7,NULL,A15105,3.24E+00,8.90E-04,18753,NULL,268,-0.02053
1791403,2026/8/13 01:27,MW2045B25271,C24,NULL,24,                    ,A05023,3.23E+00,1.09E-03,17912,NULL,268,-0.02053
1791402,2026/8/13 01:27,MW2045B28421,A25,NULL,8,NULL,A15105,3.23E+00,8.10E-04,18747,NULL,268,-0.02053
1791401,2026/8/13 01:27,MW2045B25282,B22,NULL,12,                    ,A05023,3.23E+00,1.16E-03,17658,NULL,268,-0.02053
1791400,2026/8/13 01:27,MW2044B12668,A25,NULL,8,                    ,A05023,3.24E+00,9.80E-04,18231,NULL,268,-0.02053
1791399,2026/8/13 01:27,MW2045B25268,B24,NULL,14,NULL,A10761,3.24E+00,9.30E-04,18249,NULL,268,-0.02053
1791398,2026/8/13 01:26,MW2045B35627,B26,NULL,16,                    ,A05023,3.24E+00,9.40E-04,17979,NULL,268,-0.02053
1791397,2026/8/13 01:26,MW2045B25269,B23,NULL,13,NULL,A10761,3.24E+00,9.80E-04,18367,NULL,268,-0.02053
1791396,2026/8/13 01:26,MW2045B35656,C25,NULL,25,NULL,A10761,3.23E+00,9.00E-04,18356,NULL,268,-0.02053
1791395,2026/8/13 01:26,MW2045B28415,B24,NULL,14,                    ,A05023,3.24E+00,9.80E-04,18225,NULL,268,-0.02053
1791394,2026/8/13 01:25,MW2045B25266,C22,NULL,22,NULL,A10761,3.23E+00,1.02E-03,18420,NULL,268,-0.02053
1791393,2026/8/13 01:24,MW2045B25264,B24,NULL,14,NULL,A10761,3.24E+00,8.80E-04,18306,NULL,268,-0.02053
1791392,2026/8/13 01:24,MW2045B28453,C23,NULL,23,                    ,A05023,3.23E+00,1.24E-03,18265,NULL,268,-0.02053
1791391,2026/8/13 01:23,MW2045B25265,B24,NULL,14,NULL,A10761,3.24E+00,9.10E-04,18306,NULL,268,-0.02053
1791390,2026/8/13 01:23,MW2045B28414,B25,NULL,15,                    ,A05023,3.24E+00,9.60E-04,18123,NULL,268,-0.02053
1791389,2026/8/13 01:23,MW2045B28316,A23,NULL,6,NULL,A10761,3.24E+00,1.09E-03,18686,NULL,268,-0.02053
1791388,2026/8/13 01:23,MW2045B28452,A24,NULL,7,                    ,A05023,3.24E+00,9.80E-04,18182,NULL,268,-0.02053
1791387,2026/8/13 01:22,MW2045B28501,A25,NULL,8,NULL,A10761,3.23E+00,1.08E-03,18461,NULL,268,-0.02053
1791386,2026/8/13 01:22,MW2045B28442,A24,NULL,7,                    ,A05023,3.24E+00,9.60E-04,18110,NULL,268,-0.02053
1791385,2026/8/13 01:22,MW2045B28488,A25,NULL,8,NULL,A10761,3.23E+00,8.90E-04,18559,NULL,268,-0.02053
1791384,2026/8/13 01:22,MW2045B28233,B26,NULL,16,                    ,A05023,3.23E+00,8.50E-04,18227,NULL,268,-0.02053
1791383,2026/8/13 01:22,MW2045B33399,B26,NULL,16,                    ,A05023,3.24E+00,9.90E-04,17908,NULL,268,-0.02053
1791382,2026/8/13 01:21,MW2045B28499,A26,NULL,9,NULL,A10761,3.23E+00,9.00E-04,18455,NULL,268,-0.02053
1791381,2026/8/13 01:21,MW2045B33400,A25,NULL,8,                    ,A05023,3.24E+00,1.01E-03,17750,NULL,268,-0.02053
1791380,2026/8/13 01:21,MW2045B28500,A25,NULL,8,NULL,A10761,3.24E+00,8.40E-04,18501,NULL,268,-0.02053
1791379,2026/8/13 01:21,MW2045B25583,B25,NULL,15,                    ,A00408,3.24E+00,9.80E-04,17817,NULL,268,-0.02053
1791378,2026/8/13 01:21,MW2045B28413,A25,NULL,8,NULL,A10761,3.24E+00,1.03E-03,18367,NULL,268,-0.02053
1791377,2026/8/13 01:20,MW2044B12666,C25,NULL,25,                    ,A00408,3.23E+00,9.80E-04,18318,NULL,268,-0.02053
1791376,2026/8/13 01:20,MW2045B36273,ANZ,NULL,18,NULL,A23707,3.23E+00,7.30E-04,18354,NULL,268,-0.02053
1791375,2026/8/13 01:20,MW2045B25581,B23,NULL,13,                    ,A00408,3.24E+00,1.07E-03,17824,NULL,268,-0.02053
1791374,2026/8/13 01:20,MW2045B28285,A24,NULL,7,NULL,A23707,3.24E+00,9.70E-04,18703,NULL,268,-0.02053
1791373,2026/8/13 01:19,MW2045B28456,A25,NULL,8,                    ,A00408,3.24E+00,1.04E-03,18128,NULL,268,-0.02053
1791372,2026/8/13 01:19,MW2045B28176,A24,NULL,7,NULL,A23707,3.24E+00,9.30E-04,18769,NULL,268,-0.02053
1791371,2026/8/13 01:19,MW2045B25607,C22,NULL,22,                    ,A00408,3.23E+00,1.13E-03,17740,NULL,268,-0.02053
1791370,2026/8/13 01:19,MW2045B28518,ANZ,NULL,18,NULL,A23707,3.23E+00,7.80E-04,18636,NULL,268,-0.02053
1791369,2026/8/13 01:19,MW2045B25787,A23,NULL,6,                    ,A00408,3.24E+00,8.70E-04,17628,NULL,268,-0.02053
1791368,2026/8/13 01:18,MW2045B28538,A25,NULL,8,NULL,A23707,3.24E+00,8.40E-04,18574,NULL,268,-0.02053
1791367,2026/8/13 01:18,MW2045B33764,A25,NULL,8,                    ,A00408,3.23E+00,9.60E-04,17801,NULL,268,-0.02053
1791366,2026/8/13 01:18,MW2045B28537,A25,NULL,8,NULL,A23707,3.24E+00,9.90E-04,18701,NULL,268,-0.02053
1791365,2026/8/13 01:18,MW2045B25786,A23,NULL,6,                    ,A00408,3.23E+00,1.03E-03,17811,NULL,268,-0.02053
1791364,2026/8/13 01:17,MW2045B28536,A24,NULL,7,NULL,A23707,3.24E+00,8.60E-04,18755,NULL,268,-0.02053
1791363,2026/8/13 01:17,MW2045B25494,B24,NULL,14,                    ,A00408,3.24E+00,9.80E-04,17929,NULL,268,-0.02053
1791362,2026/8/13 01:17,MW2045B33763,A24,NULL,7,                    ,A00408,3.24E+00,1.03E-03,17961,NULL,268,-0.02053
1791361,2026/8/13 01:17,MW2045B36043,ANZ,NULL,18,NULL,A23707,3.23E+00,7.60E-04,18398,NULL,268,-0.02053
1791360,2026/8/13 01:17,MW2045B25493,A23,NULL,6,                    ,A00408,3.24E+00,9.70E-04,17875,NULL,268,-0.02053
1791359,2026/8/13 01:16,MW2045B36040,ANZ,NULL,18,NULL,A23707,3.24E+00,7.60E-04,18649,NULL,268,-0.02053
1791358,2026/8/13 01:16,MW2045B25495,A23,NULL,6,                    ,A00408,3.24E+00,9.90E-04,17902,NULL,268,-0.02053
1791357,2026/8/13 01:16,MW2045B36041,ANZ,NULL,18,NULL,A23707,3.23E+00,7.70E-04,18352,NULL,268,-0.02053
1791356,2026/8/13 01:16,MW2045B25498,B24,NULL,14,                    ,A00237,3.24E+00,9.30E-04,17890,NULL,268,-0.02053
1791355,2026/8/13 01:16,MW2045B36029,ANZ,NULL,18,NULL,A23707,3.24E+00,7.50E-04,18542,NULL,268,-0.02053
1791354,2026/8/13 01:15,MW2045B28457,A24,NULL,7,                    ,A00237,3.24E+00,9.80E-04,18197,NULL,268,-0.02053
1791353,2026/8/13 01:15,MW2045B36361,ANZ,NULL,18,NULL,A23707,3.23E+00,7.30E-04,18352,NULL,268,-0.02053
1791352,2026/8/13 01:15,MW2045B25254,A22,NULL,5,                    ,A00237,3.24E+00,1.23E-03,17570,NULL,268,-0.02053
1791351,2026/8/13 01:15,MW2045B25588,ANZ,NULL,18,NULL,A13476,3.24E+00,7.90E-04,18329,NULL,268,-0.02053
1791350,2026/8/13 01:15,MW2045B33363,C25,NULL,25,                    ,A00237,3.22E+00,1.01E-03,17496,NULL,268,-0.02053
1791349,2026/8/13 01:14,MW2045B28417,ANZ,NULL,18,NULL,A13476,3.24E+00,8.00E-04,18712,NULL,268,-0.02053
1791348,2026/8/13 01:14,MW2045B25253,B22,NULL,12,                    ,A00237,3.24E+00,1.18E-03,17697,NULL,268,-0.02053
1791347,2026/8/13 01:14,MW2045B25252,B24,NULL,14,                    ,A00237,3.24E+00,1.15E-03,17796,NULL,268,-0.02053
1791346,2026/8/13 01:14,MW2045B28418,A22,NULL,5,NULL,A13476,3.24E+00,1.23E-03,18758,NULL,268,-0.02053
1791345,2026/8/13 01:13,MW2045B33361,A25,NULL,8,                    ,A00237,3.24E+00,1.01E-03,17844,NULL,268,-0.02053
1791344,2026/8/13 01:13,MW2045B28419,A24,NULL,7,NULL,A13476,3.24E+00,8.10E-04,18775,NULL,268,-0.02053
1791343,2026/8/13 01:13,MW2044B17064,A26,NULL,9,                    ,A00237,3.24E+00,1.01E-03,18308,NULL,268,-0.02053
1791342,2026/8/13 01:13,MW2045B28292,A24,NULL,7,NULL,A13476,3.24E+00,1.07E-03,18683,NULL,268,-0.02053
1791341,2026/8/13 01:13,MW2045B28475,A24,NULL,7,                    ,A00237,3.24E+00,9.90E-04,18167,NULL,268,-0.02053
1791340,2026/8/13 01:12,MW2045B25881,C26,NULL,26,NULL,A13476,3.23E+00,8.40E-04,18572,NULL,268,-0.02053
1791339,2026/8/13 01:12,MW2045B28467,A23,NULL,6,                    ,A00237,3.24E+00,1.27E-03,18303,NULL,268,-0.02053
1791338,2026/8/13 01:12,MW2045B25883,ANZ,NULL,18,NULL,A13476,3.24E+00,7.50E-04,18296,NULL,268,-0.02053
1791337,2026/8/13 01:12,MW2045B28468,A25,NULL,8,                    ,A00237,3.23E+00,1.00E-03,18135,NULL,268,-0.02053
1791336,2026/8/13 01:11,MW2045B25878,ANZ,NULL,18,NULL,A13476,3.24E+00,7.70E-04,18293,NULL,268,-0.02053
1791335,2026/8/13 01:11,MW2045B28420,A24,NULL,7,                    ,A00237,3.24E+00,1.22E-03,18293,NULL,268,-0.02053
1791334,2026/8/13 01:11,MW2045B25879,A25,NULL,8,NULL,A13476,3.24E+00,9.20E-04,18314,NULL,268,-0.02053
1791333,2026/8/13 01:11,MW2045B25197,B23,NULL,13,                    ,A11294,3.24E+00,1.09E-03,17737,NULL,268,-0.02053
1791332,2026/8/13 01:11,MW2045B25880,ANZ,NULL,18,NULL,A13476,3.23E+00,8.00E-04,18250,NULL,268,-0.02053
1791331,2026/8/13 01:11,MW2045B25198,B22,NULL,12,                    ,A11294,3.24E+00,1.26E-03,17839,NULL,268,-0.02053
1791330,2026/8/13 01:10,MW2045B28272,A24,NULL,7,NULL,A13476,3.24E+00,1.06E-03,18701,NULL,268,-0.02053
1791329,2026/8/13 01:10,MW2044B17021,A23,NULL,6,                    ,A11294,3.24E+00,1.18E-03,18253,NULL,268,-0.02053
1791328,2026/8/13 01:10,MW2045B25199,A24,NULL,7,                    ,A11294,3.24E+00,1.24E-03,17820,NULL,268,-0.02053
1791327,2026/8/13 01:10,MW2045B25643,C24,NULL,24,NULL,A13476,3.23E+00,9.30E-04,18338,NULL,268,-0.02053
1791326,2026/8/13 01:09,MW2045B28480,A24,NULL,7,                    ,A11294,3.24E+00,1.05E-03,18271,NULL,268,-0.02053
1791325,2026/8/13 01:09,MW2045B25644,A24,NULL,7,NULL,A20090,3.24E+00,8.60E-04,18298,NULL,268,-0.02053
1791324,2026/8/13 01:09,MW2045B25200,B23,NULL,13,                    ,A11294,3.24E+00,1.14E-03,17879,NULL,268,-0.02053
1791323,2026/8/13 01:09,MW2045B25657,A25,NULL,8,NULL,A20090,3.24E+00,8.30E-04,18289,NULL,268,-0.02053
1791322,2026/8/13 01:08,MW2045B25201,A25,NULL,8,                    ,A11294,3.24E+00,9.50E-04,17818,NULL,268,-0.02053
1791321,2026/8/13 01:08,MW2045B25595,A25,NULL,8,NULL,A20090,3.23E+00,8.70E-04,18461,NULL,268,-0.02053
1791320,2026/8/13 01:08,MW2045B25597,B23,NULL,13,NULL,A20090,3.24E+00,1.01E-03,18497,NULL,268,-0.02053
1791319,2026/8/13 01:08,MW2045B28174,A24,NULL,7,                    ,A11294,3.24E+00,9.60E-04,18111,NULL,268,-0.02053
1791318,2026/8/13 01:07,MW2045B25596,B25,NULL,15,NULL,A20090,3.24E+00,8.30E-04,18313,NULL,268,-0.02053
1791317,2026/8/13 01:07,MW2045B25202,B22,NULL,12,                    ,A11294,3.24E+00,1.19E-03,17829,NULL,268,-0.02053
1791316,2026/8/13 01:07,MW2045B25598,B24,NULL,14,NULL,A20090,3.24E+00,9.00E-04,18394,NULL,268,-0.02053
1791315,2026/8/13 00:47,MW2045B25851,B24,NULL,14,NULL,A20090,3.24E+00,9.20E-04,18487,NULL,268,-0.02053
1791314,2026/8/13 00:47,MW2045B28416,A24,NULL,7,                    ,A11294,3.24E+00,1.14E-03,18237,NULL,268,-0.02053
1791313,2026/8/13 00:47,MW2045B25855,B24,NULL,14,NULL,A20090,3.24E+00,9.40E-04,18376,NULL,268,-0.02053
1791312,2026/8/13 00:47,MW2045B25586,A24,NULL,7,                    ,A11294,3.24E+00,1.08E-03,17980,NULL,268,-0.02053
1791311,2026/8/13 00:46,MW2045B25856,ANZ,NULL,18,NULL,A20090,3.23E+00,7.80E-04,18510,NULL,268,-0.02053
1791310,2026/8/13 00:46,MW2045B25582,C25,NULL,25,                    ,A11294,3.23E+00,9.80E-04,17782,NULL,268,-0.02053
1791309,2026/8/13 00:46,MW2045B28424,ANZ,NULL,18,NULL,A20090,3.25E+00,7.60E-04,18325,NULL,268,-0.02053
1791308,2026/8/13 00:46,MW2044B17070,A25,NULL,8,                    ,A11972,3.23E+00,9.70E-04,18227,NULL,268,-0.02053
1791307,2026/8/13 00:46,MW2045B28422,ANZ,NULL,18,NULL,A20090,3.25E+00,7.80E-04,18577,NULL,268,-0.02053
1791306,2026/8/13 00:45,MW2045B25195,B22,NULL,12,                    ,A11972,3.23E+00,1.24E-03,17872,NULL,268,-0.02053
1791305,2026/8/13 00:45,MW2045B25724,A24,NULL,7,NULL,A20090,3.24E+00,8.60E-04,18228,NULL,268,-0.02053
1791304,2026/8/13 00:45,MW2045B28481,A26,NULL,9,                    ,A11972,3.23E+00,9.60E-04,18151,NULL,268,-0.02053
1791303,2026/8/13 00:45,MW2044B13209,A25,NULL,8,NULL,A16799,3.23E+00,8.30E-04,18494,NULL,268,-0.02053
1791302,2026/8/13 00:45,MW2045B25104,B24,NULL,14,                    ,A11972,3.24E+00,8.90E-04,18184,NULL,268,-0.02053
1791301,2026/8/13 00:44,MW2045B28447,A24,NULL,7,                    ,A11972,3.23E+00,9.40E-04,18245,NULL,268,-0.02053
1791300,2026/8/13 00:44,MW2044B13207,A25,NULL,8,NULL,A16799,3.24E+00,8.30E-04,18364,NULL,268,-0.02053
1791299,2026/8/13 00:44,MW2045B28406,A25,NULL,8,                    ,A11972,3.24E+00,1.22E-03,18257,NULL,268,-0.02053
1791298,2026/8/13 00:44,MW2045B28470,B22,NULL,12,NULL,A16799,3.24E+00,8.50E-04,18306,NULL,268,-0.02053
1791297,2026/8/13 00:43,MW2045B28448,A23,NULL,6,                    ,A11972,3.24E+00,1.25E-03,18319,NULL,268,-0.02053
1791296,2026/8/13 00:43,MW2045B28385,A23,NULL,6,NULL,A16799,3.24E+00,9.60E-04,18710,NULL,268,-0.02053
1791295,2026/8/13 00:43,MW2045B28407,A24,NULL,7,                    ,A11972,3.24E+00,1.22E-03,18339,NULL,268,-0.02053
1791294,2026/8/13 00:43,MW2045B25840,B24,NULL,14,NULL,A16799,3.24E+00,8.30E-04,18797,NULL,268,-0.02053
1791293,2026/8/13 00:43,MW2045B28408,C24,NULL,24,                    ,A11972,3.24E+00,1.23E-03,18270,NULL,268,-0.02053
1791292,2026/8/13 00:42,MW2044B17951,A22,NULL,5,NULL,A16799,3.24E+00,1.23E-03,18759,NULL,268,-0.02053
1791291,2026/8/13 00:42,MW2045B25218,B23,NULL,13,                    ,A11972,3.24E+00,1.12E-03,17641,NULL,268,-0.02053
1791290,2026/8/13 00:42,MW2045B28391,A25,NULL,8,NULL,A16799,3.23E+00,8.30E-04,18694,NULL,268,-0.02053
1791289,2026/8/13 00:42,MW2045B25219,B24,NULL,14,                    ,A11972,3.24E+00,9.90E-04,17674,NULL,268,-0.02053
1791288,2026/8/13 00:41,MW2045B28390,ANZ,NULL,18,NULL,A16799,3.23E+00,7.90E-04,18770,NULL,268,-0.02053
1791287,2026/8/13 00:41,MW2044B17024,A23,NULL,6,                    ,A11972,3.24E+00,1.21E-03,18262,NULL,268,-0.02053
1791286,2026/8/13 00:41,MW2044B17393,A25,NULL,8,NULL,A16799,3.24E+00,1.03E-03,18694,NULL,268,-0.02053
1791285,2026/8/13 00:41,MW2045B28462,A26,NULL,9,                    ,A24405,3.23E+00,1.00E-03,18224,NULL,268,-0.02053
1791284,2026/8/13 00:41,MW2045B28463,A25,NULL,8,                    ,A24405,3.24E+00,1.25E-03,18256,NULL,268,-0.02053
1791283,2026/8/13 00:41,MW2044B17948,A21,NULL,4,NULL,A16799,3.24E+00,1.36E-03,18689,NULL,268,-0.02053
1791282,2026/8/13 00:40,MW2045B25884,B25,NULL,15,                    ,A24405,3.24E+00,9.20E-04,18030,NULL,268,-0.02053
1791281,2026/8/13 00:40,MW2044B17355,A24,NULL,7,NULL,A16799,3.24E+00,1.10E-03,18528,NULL,268,-0.02053
1791280,2026/8/13 00:40,MW2045B25669,A24,NULL,7,                    ,A24405,3.23E+00,1.05E-03,17885,NULL,268,-0.02053
1791279,2026/8/13 00:40,MW2044B17924,A24,NULL,7,NULL,A16799,3.24E+00,1.08E-03,18723,NULL,268,-0.02053
1791278,2026/8/13 00:39,MW2045B25625,B23,NULL,13,                    ,A24405,3.24E+00,1.14E-03,17961,NULL,268,-0.02053
1791277,2026/8/13 00:39,MW2044B13267,A26,NULL,9,NULL,A01321,3.24E+00,8.80E-04,18390,NULL,268,-0.02053
1791276,2026/8/13 00:39,MW2045B25584,A25,NULL,8,                    ,A24405,3.24E+00,1.01E-03,17935,NULL,268,-0.02053
1791275,2026/8/13 00:39,MW2044B13274,A25,NULL,8,NULL,A01321,3.24E+00,1.06E-03,18454,NULL,268,-0.02053
1791274,2026/8/13 00:39,MW2045B28386,A25,NULL,8,                    ,A24405,3.23E+00,8.50E-04,18124,NULL,268,-0.02053
1791273,2026/8/13 00:38,MW2044B13264,A25,NULL,8,NULL,A01321,3.24E+00,9.20E-04,18416,NULL,268,-0.02053
1791272,2026/8/13 00:38,MW2045B28237,A25,NULL,8,                    ,A24405,3.23E+00,8.90E-04,18265,NULL,268,-0.02053
1791271,2026/8/13 00:38,MW2044B17394,A25,NULL,8,NULL,A01321,3.24E+00,1.07E-03,18592,NULL,268,-0.02053
1791270,2026/8/13 00:38,MW2045B28466,A23,NULL,6,                    ,A24405,3.24E+00,1.01E-03,18156,NULL,268,-0.02053
1791269,2026/8/13 00:37,MW2044B17386,A24,NULL,7,NULL,A01321,3.24E+00,1.06E-03,18530,NULL,268,-0.02053
1791268,2026/8/13 00:37,MW2045B19939,D22,NULL,28,                    ,A24405,3.24E+00,1.11E-03,18388,NULL,268,-0.02053
1791267,2026/8/13 00:37,MW2045B25443,A25,NULL,8,                    ,A24405,3.23E+00,9.50E-04,18172,NULL,268,-0.02053
1791266,2026/8/13 00:37,MW2044B17385,A25,NULL,8,NULL,A01321,3.24E+00,1.01E-03,18634,NULL,268,-0.02053
1791265,2026/8/13 00:37,MW2045B07892,B25,NULL,15,                    ,A24405,3.24E+00,1.00E-03,18152,NULL,268,-0.02053
1791264,2026/8/13 00:36,MW2044B13215,ANZ,NULL,18,NULL,A01321,3.25E+00,7.90E-04,18290,NULL,268,-0.02053
1791263,2026/8/13 00:36,MW2045B25714,A23,NULL,6,                    ,A11234,3.24E+00,1.01E-03,17930,NULL,268,-0.02053
1791262,2026/8/13 00:36,MW2044B13214,A26,NULL,9,NULL,A01321,3.25E+00,9.10E-04,18191,NULL,268,-0.02053
1791261,2026/8/13 00:36,MW2045B25712,A24,NULL,7,                    ,A11234,3.23E+00,1.05E-03,18015,NULL,268,-0.02053
1791260,2026/8/13 00:36,MW2044B13213,A26,NULL,9,NULL,A01321,3.25E+00,8.20E-04,18405,NULL,268,-0.02053
1791259,2026/8/13 00:35,MW2045B25720,A23,NULL,6,                    ,A11234,3.24E+00,1.16E-03,17791,NULL,268,-0.02053
1791258,2026/8/13 00:35,MW2044B13280,A26,NULL,9,NULL,A01321,3.25E+00,8.20E-04,18384,NULL,268,-0.02053
1791257,2026/8/13 00:35,MW2045B25718,A23,NULL,6,                    ,A11234,3.24E+00,1.05E-03,17897,NULL,268,-0.02053
1791256,2026/8/13 00:35,MW2044B13279,A26,NULL,9,NULL,A01321,3.25E+00,8.30E-04,18439,NULL,268,-0.02053
1791255,2026/8/13 00:35,MW2045B28178,A23,NULL,6,                    ,A11234,3.24E+00,1.21E-03,18268,NULL,268,-0.02053
1791254,2026/8/13 00:34,MW2045B28487,B23,NULL,13,NULL,A01321,3.22E+00,9.80E-04,18587,NULL,268,-0.02053
1791253,2026/8/13 00:34,MW2045B36322,A26,NULL,9,                    ,A11234,3.24E+00,8.80E-04,18127,NULL,268,-0.02053
1791252,2026/8/13 00:34,MW2045B36325,B26,NULL,16,                    ,A11234,3.24E+00,8.50E-04,18035,NULL,268,-0.02053
1791251,2026/8/13 00:34,MW2044B17407,A25,NULL,8,NULL,A17655,3.24E+00,1.06E-03,18771,NULL,268,-0.02053
1791250,2026/8/13 00:33,MW2045B36326,A26,NULL,9,                    ,A11234,3.23E+00,9.10E-04,17854,NULL,268,-0.02053
1791249,2026/8/13 00:33,MW2044B17923,A24,NULL,7,NULL,A17655,3.24E+00,1.05E-03,18716,NULL,268,-0.02053
1791248,2026/8/13 00:33,MW2045B25361,A21,NULL,4,                    ,A11234,3.24E+00,1.26E-03,17747,NULL,268,-0.02053
1791247,2026/8/13 00:33,MW2044B17406,A25,NULL,8,NULL,A17655,3.24E+00,1.03E-03,18802,NULL,268,-0.02053
1791246,2026/8/13 00:33,MW2044B17073,A25,NULL,8,                    ,A11234,3.23E+00,1.03E-03,18380,NULL,268,-0.02053
1791245,2026/8/13 00:32,MW2044B17949,A21,NULL,4,NULL,A17655,3.24E+00,1.22E-03,18676,NULL,268,-0.02053
1791244,2026/8/13 00:32,MW2044B17072,A21,NULL,4,                    ,A11234,3.24E+00,1.69E-03,18323,NULL,268,-0.02053
1791243,2026/8/13 00:32,MW2044B17405,A25,NULL,8,NULL,A17655,3.24E+00,1.02E-03,18685,NULL,268,-0.02053
1791242,2026/8/13 00:32,MW2045B36333,C25,NULL,25,                    ,A11234,3.23E+00,9.60E-04,17834,NULL,268,-0.02053
1791241,2026/8/13 00:32,MW2044B13268,A26,NULL,9,NULL,A17655,3.24E+00,9.40E-04,18528,NULL,268,-0.02053
1791240,2026/8/13 00:31,MW2044B17320,A23,NULL,6,                    ,A00233,3.24E+00,1.13E-03,18014,NULL,268,-0.02053
1791239,2026/8/13 00:31,MW2044B18050,A24,NULL,7,NULL,A17655,3.24E+00,9.40E-04,18640,NULL,268,-0.02053
1791238,2026/8/13 00:31,MW2044B13260,B25,NULL,15,                    ,A00233,3.24E+00,9.70E-04,18218,NULL,268,-0.02053
1791237,2026/8/13 00:31,MW2044B17390,A24,NULL,7,NULL,A17655,3.24E+00,1.12E-03,18618,NULL,268,-0.02053
1791236,2026/8/13 00:31,MW2045B28362,A23,NULL,6,                    ,A00233,3.24E+00,1.18E-03,18139,NULL,268,-0.02053
1791235,2026/8/13 00:30,MW2044B18045,C21,NULL,21,NULL,A17655,3.24E+00,1.13E-03,18549,NULL,268,-0.02053
1791234,2026/8/13 00:30,MW2045B25368,B22,NULL,12,                    ,A00233,3.24E+00,1.15E-03,17817,NULL,268,-0.02053
1791233,2026/8/13 00:30,MW2044B17389,A24,NULL,7,NULL,A17655,3.24E+00,1.10E-03,18574,NULL,268,-0.02053
1791232,2026/8/13 00:29,MW2044B17388,A24,NULL,7,NULL,A17655,3.24E+00,1.14E-03,18570,NULL,268,-0.02053
1791231,2026/8/13 00:29,MW2044B17387,A21,NULL,4,NULL,A17655,3.24E+00,1.59E-03,18620,NULL,268,-0.02053
1791230,2026/8/13 00:29,MW2045B25366,A23,NULL,6,                    ,A00233,3.23E+00,1.07E-03,17995,NULL,268,-0.02053
1791229,2026/8/13 00:28,MW2044B17321,C24,NULL,24,NULL,A14108,3.23E+00,1.00E-03,18452,NULL,268,-0.02053
1791228,2026/8/13 00:28,MW2044B09859,A24,NULL,7,                    ,A00233,3.24E+00,1.05E-03,18297,NULL,268,-0.02053
1791227,2026/8/13 00:28,MW2044B17322,A24,NULL,7,NULL,A14108,3.24E+00,9.90E-04,18425,NULL,268,-0.02053
1791226,2026/8/13 00:28,MW2044B09858,A25,NULL,8,                    ,A00233,3.24E+00,1.04E-03,18223,NULL,268,-0.02053
1791225,2026/8/13 00:27,MW2045B25744,A24,NULL,7,NULL,A14108,3.23E+00,9.50E-04,18444,NULL,268,-0.02053
1791224,2026/8/13 00:27,MW2044B09857,A25,NULL,8,                    ,A00233,3.24E+00,1.06E-03,18205,NULL,268,-0.02053
1791223,2026/8/13 00:27,MW2045B36103,B26,NULL,16,                    ,A00233,3.23E+00,9.30E-04,17757,NULL,268,-0.02053
1791222,2026/8/13 00:27,MW2045B25748,A24,NULL,7,NULL,A14108,3.24E+00,9.40E-04,18407,NULL,268,-0.02053
1791221,2026/8/13 00:27,MW2044B13211,B25,NULL,15,                    ,A00233,3.24E+00,1.02E-03,18009,NULL,268,-0.02053
1791220,2026/8/13 00:26,MW2045B25747,A23,NULL,6,NULL,A14108,3.23E+00,1.08E-03,18376,NULL,268,-0.02053
1791219,2026/8/13 00:26,MW2044B13210,A25,NULL,8,                    ,A00233,3.24E+00,1.14E-03,18049,NULL,268,-0.02053
1791218,2026/8/13 00:26,MW2045B28382,A23,NULL,6,NULL,A14108,3.24E+00,9.90E-04,18524,NULL,268,-0.02053
1791217,2026/8/13 00:26,MW2044B18053,A23,NULL,6,                    ,A00233,3.24E+00,1.00E-03,17875,NULL,268,-0.02053
1791216,2026/8/13 00:26,MW2045B25707,A23,NULL,6,NULL,A14108,3.24E+00,9.50E-04,18315,NULL,268,-0.02053
1791215,2026/8/13 00:25,MW2045B25843,A24,NULL,7,                    ,A17785,3.23E+00,1.02E-03,18214,NULL,268,-0.02053
1791214,2026/8/13 00:25,MW2045B25504,B24,NULL,14,NULL,A14108,3.23E+00,9.00E-04,18627,NULL,268,-0.02053
1791213,2026/8/13 00:25,MW2045B25837,A24,NULL,7,                    ,A17785,3.23E+00,9.70E-04,18110,NULL,268,-0.02053
1791212,2026/8/13 00:25,MW2044B17378,A24,NULL,7,NULL,A14108,3.24E+00,1.10E-03,18558,NULL,268,-0.02053
1791211,2026/8/13 00:25,MW2045B25507,A25,NULL,8,                    ,A17785,3.24E+00,9.70E-04,18137,NULL,268,-0.02053
1791210,2026/8/13 00:24,MW2044B17377,A25,NULL,8,NULL,A14108,3.24E+00,1.06E-03,18586,NULL,268,-0.02053
1791209,2026/8/13 00:24,MW2044B18060,A24,NULL,7,                    ,A17785,3.24E+00,9.80E-04,18195,NULL,268,-0.02053
1791208,2026/8/13 00:24,MW2044B17376,A25,NULL,8,NULL,A14108,3.24E+00,1.09E-03,18523,NULL,268,-0.02053
1791207,2026/8/13 00:24,MW2044B17926,A25,NULL,8,                    ,A17785,3.24E+00,1.19E-03,18304,NULL,268,-0.02053
1791206,2026/8/13 00:23,MW2044B17375,A24,NULL,7,NULL,A14108,3.24E+00,1.16E-03,18527,NULL,268,-0.02053
1791205,2026/8/13 00:23,MW2044B17925,A25,NULL,8,                    ,A17785,3.24E+00,1.16E-03,18281,NULL,268,-0.02053
1791204,2026/8/13 00:23,MW2044B10249,A26,NULL,9,NULL,A00042,3.24E+00,8.70E-04,18526,NULL,268,-0.02053
1791203,2026/8/13 00:23,MW2045B36093,B24,NULL,14,                    ,A17785,3.24E+00,1.08E-03,17803,NULL,268,-0.02053
1791202,2026/8/13 00:23,MW2045B36092,A25,NULL,8,                    ,A17785,3.23E+00,9.50E-04,17739,NULL,268,-0.02053
1791201,2026/8/13 00:22,MW2045B25193,A23,NULL,6,NULL,A00042,3.24E+00,9.50E-04,18274,NULL,268,-0.02053
1791200,2026/8/13 00:22,MW2045B25511,A24,NULL,7,                    ,A17785,3.23E+00,1.07E-03,18239,NULL,268,-0.02053
1791199,2026/8/13 00:22,MW2045B25191,ANZ,NULL,18,NULL,A00042,3.24E+00,7.90E-04,18370,NULL,268,-0.02053
1791198,2026/8/13 00:22,MW2044B17379,C24,NULL,24,                    ,A17785,3.24E+00,1.23E-03,18195,NULL,268,-0.02053
1791197,2026/8/13 00:22,MW2044B13344,ANZ,NULL,18,NULL,A00042,3.24E+00,7.70E-04,18630,NULL,268,-0.02053
1791196,2026/8/13 00:21,MW2044B17369,A25,NULL,8,                    ,A17785,3.24E+00,1.14E-03,18213,NULL,268,-0.02053
1791195,2026/8/13 00:21,MW2045B19374,ANZ,NULL,18,NULL,A00042,3.24E+00,7.40E-04,18587,NULL,268,-0.02053
1791194,2026/8/13 00:21,MW2044B17370,A24,NULL,7,                    ,A17785,3.24E+00,1.15E-03,18113,NULL,268,-0.02053
1791193,2026/8/13 00:21,MW2045B25532,A23,NULL,6,NULL,A00042,3.24E+00,9.90E-04,18575,NULL,268,-0.02053
1791192,2026/8/13 00:21,MW2045B25181,B23,NULL,13,                    ,A18404,3.24E+00,1.07E-03,18064,NULL,268,-0.02053
1791191,2026/8/13 00:20,MW2045B25250,B24,NULL,14,NULL,A00042,3.24E+00,9.20E-04,18274,NULL,268,-0.02053
1791190,2026/8/13 00:20,MW2045B25177,A23,NULL,6,                    ,A18404,3.24E+00,1.05E-03,18080,NULL,268,-0.02053
1791189,2026/8/13 00:20,MW2045B25259,A23,NULL,6,NULL,A00042,3.24E+00,1.04E-03,18394,NULL,268,-0.02053
1791188,2026/8/13 00:20,MW2045B25176,A23,NULL,6,                    ,A18404,3.24E+00,1.10E-03,18131,NULL,268,-0.02053
1791187,2026/8/13 00:19,MW2045B25260,A24,NULL,7,NULL,A00042,3.23E+00,9.40E-04,18241,NULL,268,-0.02053
1791186,2026/8/13 00:19,MW2045B25175,C23,NULL,23,                    ,A18404,3.23E+00,1.03E-03,17877,NULL,268,-0.02053
1791185,2026/8/13 00:19,MW2045B25257,A22,NULL,5,NULL,A00042,3.24E+00,1.09E-03,18379,NULL,268,-0.02053
1791184,2026/8/13 00:19,MW2045B25331,A23,NULL,6,                    ,A18404,3.23E+00,1.12E-03,18159,NULL,268,-0.02053
1791183,2026/8/13 00:18,MW2045B25258,B24,NULL,14,NULL,A00042,3.23E+00,9.10E-04,18207,NULL,268,-0.02053
1791182,2026/8/13 00:18,MW2044B05014,B22,NULL,12,                    ,A18404,3.24E+00,8.70E-04,18135,NULL,268,-0.02053
1791181,2026/8/13 00:18,MW2045B25256,A24,NULL,7,NULL,A00042,3.23E+00,1.01E-03,18181,NULL,268,-0.02053
1791180,2026/8/13 00:18,MW2044B05015,B22,NULL,12,                    ,A18404,3.24E+00,9.10E-04,18238,NULL,268,-0.02053
1791179,2026/8/13 00:18,MW2044B05016,B22,NULL,12,                    ,A18404,3.24E+00,8.70E-04,18264,NULL,268,-0.02053
1791178,2026/8/13 00:18,MW2045B25182,B23,NULL,13,NULL,A07036,3.24E+00,9.20E-04,18397,NULL,268,-0.02053
1791177,2026/8/13 00:17,MW2044B05018,A23,NULL,6,                    ,A18404,3.24E+00,8.80E-04,18237,NULL,268,-0.02053
1791176,2026/8/13 00:17,MW2045B25183,A23,NULL,6,NULL,A07036,3.24E+00,9.60E-04,18509,NULL,268,-0.02053
1791175,2026/8/13 00:17,MW2044B05019,B23,NULL,13,                    ,A18404,3.24E+00,8.60E-04,18199,NULL,268,-0.02053
1791174,2026/8/13 00:17,MW2045B25537,A24,NULL,7,NULL,A07036,3.23E+00,9.00E-04,18515,NULL,268,-0.02053
1791173,2026/8/13 00:16,MW2044B05020,B24,NULL,14,                    ,A18404,3.24E+00,8.70E-04,18181,NULL,268,-0.02053
1791172,2026/8/13 00:16,MW2045B25351,A24,NULL,7,NULL,A07036,3.24E+00,9.40E-04,18591,NULL,268,-0.02053
1791171,2026/8/13 00:16,MW2044B12332,A23,NULL,6,                    ,A18404,3.24E+00,9.00E-04,18115,NULL,268,-0.02053
1791170,2026/8/13 00:16,MW2045B25534,C24,NULL,24,NULL,A07036,3.23E+00,8.50E-04,18460,NULL,268,-0.02053
1791169,2026/8/13 00:15,MW2044B18338,A23,NULL,6,                    ,A10754,3.24E+00,1.49E-03,18253,NULL,268,-0.02053
1791168,2026/8/13 00:15,MW2045B25242,A24,NULL,7,NULL,A07036,3.24E+00,8.90E-04,18358,NULL,268,-0.02053
1791167,2026/8/13 00:15,MW2044B18339,A24,NULL,7,                    ,A10754,3.24E+00,1.24E-03,18211,NULL,268,-0.02053
1791166,2026/8/13 00:15,MW2045B25405,B24,NULL,14,NULL,A07036,3.24E+00,9.80E-04,18593,NULL,268,-0.02053
1791165,2026/8/13 00:15,MW2044B17986,C24,NULL,24,                    ,A10754,3.24E+00,1.08E-03,18137,NULL,268,-0.02053
1791164,2026/8/13 00:14,MW2045B25406,B25,NULL,15,NULL,A07036,3.24E+00,1.01E-03,18536,NULL,268,-0.02053
1791163,2026/8/13 00:14,MW2044B16907,A23,NULL,6,                    ,A10754,3.24E+00,1.09E-03,18195,NULL,268,-0.02053
1791162,2026/8/13 00:14,MW2045B25347,B24,NULL,14,NULL,A07036,3.24E+00,9.40E-04,18413,NULL,268,-0.02053
1791161,2026/8/13 00:14,MW2044B16951,A25,NULL,8,                    ,A10754,3.24E+00,1.05E-03,18021,NULL,268,-0.02053
1791160,2026/8/13 00:13,MW2045B25404,ANZ,NULL,18,NULL,A07036,3.24E+00,7.40E-04,18403,NULL,268,-0.02053
1791159,2026/8/13 00:13,MW2044B16906,A24,NULL,7,                    ,A10754,3.24E+00,1.24E-03,18414,NULL,268,-0.02053
1791158,2026/8/13 00:13,MW2045B25403,A24,NULL,7,NULL,A07036,3.23E+00,1.05E-03,18552,NULL,268,-0.02053
1791157,2026/8/13 00:13,MW2044B16928,A26,NULL,9,                    ,A10754,3.24E+00,9.90E-04,18109,NULL,268,-0.02053
1791156,2026/8/13 00:13,MW2045B25376,A23,NULL,6,NULL,A07036,3.24E+00,1.03E-03,18330,NULL,268,-0.02053
1791155,2026/8/13 00:12,MW2044B16905,A24,NULL,7,                    ,A10754,3.24E+00,1.25E-03,18392,NULL,268,-0.02053
1791154,2026/8/13 00:12,MW2045B25107,A25,NULL,8,NULL,A01312,3.24E+00,8.70E-04,18415,NULL,268,-0.02053
1791153,2026/8/13 00:12,MW2044B16904,A24,NULL,7,                    ,A10754,3.24E+00,1.28E-03,18310,NULL,268,-0.02053
1791152,2026/8/13 00:12,MW2044B16901,A22,NULL,5,NULL,A01312,3.24E+00,1.19E-03,18589,NULL,268,-0.02053
1791151,2026/8/13 00:12,MW2045B25118,B26,NULL,16,                    ,A10754,3.23E+00,9.20E-04,18157,NULL,268,-0.02053
1791150,2026/8/13 00:11,MW2045B25108,ANZ,NULL,18,NULL,A01312,3.24E+00,7.80E-04,18568,NULL,268,-0.02053
1791149,2026/8/13 00:11,MW2044B16931,A25,NULL,8,                    ,A10754,3.24E+00,1.01E-03,18201,NULL,268,-0.02053
1791148,2026/8/13 00:11,MW2045B25399,A23,NULL,6,                    ,A10754,3.23E+00,1.23E-03,17759,NULL,268,-0.02053
1791147,2026/8/13 00:11,MW2045B25332,A23,NULL,6,NULL,A01312,3.24E+00,1.08E-03,18416,NULL,268,-0.02053
1791146,2026/8/13 00:10,MW2044B16902,A22,NULL,5,                    ,A01548,3.24E+00,1.20E-03,18128,NULL,268,-0.02053
1791145,2026/8/13 00:10,MW2045B25333,ANZ,NULL,18,NULL,A01312,3.24E+00,7.90E-04,18533,NULL,268,-0.02053
1791144,2026/8/13 00:10,MW2045B25106,A24,NULL,7,                    ,A01548,3.24E+00,1.01E-03,17925,NULL,268,-0.02053
1791143,2026/8/13 00:10,MW2045B25395,A25,NULL,8,NULL,A01312,3.23E+00,1.00E-03,18470,NULL,268,-0.02053
1791142,2026/8/13 00:10,MW2044B16903,A22,NULL,5,                    ,A01548,3.24E+00,1.20E-03,18274,NULL,268,-0.02053
1791141,2026/8/13 00:09,MW2045B25449,B25,NULL,15,NULL,A01312,3.24E+00,9.20E-04,18636,NULL,268,-0.02053
1791140,2026/8/13 00:09,MW2044B18341,A24,NULL,7,                    ,A01548,3.24E+00,1.07E-03,18333,NULL,268,-0.02053
1791139,2026/8/13 00:09,MW2045B25446,B25,NULL,15,NULL,A01312,3.24E+00,8.50E-04,18649,NULL,268,-0.02053
1791138,2026/8/13 00:09,MW2045B25105,A24,NULL,7,                    ,A01548,3.24E+00,1.06E-03,17844,NULL,268,-0.02053
1791137,2026/8/13 00:09,MW2045B02215,A25,NULL,8,NULL,A01312,3.23E+00,9.00E-04,18513,NULL,268,-0.02053
1791136,2026/8/13 00:08,MW2045B25408,A24,NULL,7,                    ,A01548,3.24E+00,8.40E-04,17886,NULL,268,-0.02053
1791135,2026/8/13 00:08,MW2045B25448,ANZ,NULL,18,NULL,A01312,3.24E+00,7.90E-04,18475,NULL,268,-0.02053
1791134,2026/8/13 00:08,MW2045B25217,A22,NULL,5,                    ,A01548,3.24E+00,1.12E-03,17647,NULL,268,-0.02053
1791133,2026/8/13 00:08,MW2045B25386,B24,NULL,14,NULL,A01312,3.24E+00,9.60E-04,18559,NULL,268,-0.02053
1791132,2026/8/13 00:08,MW2045B25221,A22,NULL,5,                    ,A01548,3.24E+00,1.14E-03,17767,NULL,268,-0.02053
1791131,2026/8/13 00:07,MW2045B25385,B24,NULL,14,NULL,A01312,3.24E+00,1.01E-03,18553,NULL,268,-0.02053
1791130,2026/8/13 00:07,MW2044B16898,A23,NULL,6,                    ,A01548,3.24E+00,1.27E-03,18345,NULL,268,-0.02053
1791129,2026/8/13 00:07,MW2044B16899,A23,NULL,6,                    ,A01548,3.24E+00,1.29E-03,18232,NULL,268,-0.02053
1791128,2026/8/13 00:07,MW2044B18030,C22,NULL,22,NULL,A05239,3.23E+00,1.52E-03,18441,NULL,268,-0.02053
1791127,2026/8/13 00:06,MW2045B25216,A23,NULL,6,                    ,A01548,3.24E+00,1.09E-03,17679,NULL,268,-0.02053
1791126,2026/8/13 00:06,MW2044B16900,A24,NULL,7,                    ,A01548,3.24E+00,1.21E-03,18263,NULL,268,-0.02053
1791125,2026/8/13 00:06,MW2045B25122,A25,NULL,8,                    ,A12068,3.23E+00,1.06E-03,17922,NULL,268,-0.02053
1791124,2026/8/13 00:05,MW2044B18005,A23,NULL,6,                    ,A12068,3.24E+00,1.52E-03,18113,NULL,268,-0.02053
1791123,2026/8/13 00:05,MW2044B18032,C23,NULL,23,                    ,A12068,3.24E+00,1.38E-03,17981,NULL,268,-0.02053
1791122,2026/8/13 00:04,MW2045B25384,A23,NULL,6,                    ,A12068,3.23E+00,1.16E-03,17934,NULL,268,-0.02053
1791121,2026/8/13 00:04,MW2044B18049,C24,NULL,24,                    ,A12068,3.24E+00,1.15E-03,18010,NULL,268,-0.02053
1791120,2026/8/13 00:04,MW2045B25383,A24,NULL,7,                    ,A12068,3.24E+00,1.12E-03,17836,NULL,268,-0.02053
1791119,2026/8/13 00:03,MW2045B25467,A25,NULL,8,                    ,A12068,3.23E+00,9.90E-04,17833,NULL,268,-0.02053
1791118,2026/8/13 00:03,MW2044B09600,A27,NULL,10,                    ,A12068,3.23E+00,8.90E-04,18332,NULL,268,-0.02053
1791117,2026/8/13 00:02,MW2044B18047,C23,NULL,23,                    ,A12068,3.24E+00,1.24E-03,18055,NULL,268,-0.02053
1791116,2026/8/13 00:02,MW2044B18048,A25,NULL,8,                    ,A12068,3.23E+00,9.90E-04,18336,NULL,268,-0.02053
1791115,2026/8/13 00:02,MW2045B25438,A25,NULL,8,                    ,A12068,3.23E+00,9.60E-04,17811,NULL,268,-0.02053
1791114,2026/8/13 00:01,MW2045B25121,A25,NULL,8,                    ,A12068,3.23E+00,9.10E-04,18086,NULL,268,-0.02053
1791113,2026/8/13 00:01,MW2045B25172,A24,NULL,7,NULL,A05239,3.23E+00,1.05E-03,18535,NULL,268,-0.02053
1791112,2026/8/13 00:01,MW2045B25305,A22,NULL,5,                    ,A04907,3.24E+00,1.10E-03,17978,NULL,268,-0.02053
1791111,2026/8/13 00:00,MW2044B18029,A23,NULL,6,NULL,A05239,3.24E+00,1.36E-03,18588,NULL,268,-0.02053
1791110,2026/8/13 00:00,MW2045B35756,B25,NULL,15,                    ,A04907,3.24E+00,1.06E-03,18308,NULL,268,-0.02053
1791109,2026/8/13 00:00,MW2045B25353,A24,NULL,7,NULL,A05239,3.24E+00,1.01E-03,18537,NULL,268,-0.02053
1791108,2026/8/13 00:00,MW2045B36332,B26,NULL,16,                    ,A04907,3.24E+00,8.80E-04,17873,NULL,268,-0.02053
