ID,Time,PLCCellID_CE,PLCCellIDClass_CE,BacirEchk_CE,MESSENDOUTCELLPOS,MESSENDOUTCELLID,PLCTrayID_CE,acirVP12_CE,acirRP12_CE,CellThicknessP12_CE,PLCStartTime_CE,PLCCompleteTme_CE,mOhm
1789750,2026/8/12 16:50,MW2045B34043,A23,NULL,6,NULL,A10117,3.24E+00,9.40E-04,18743,NULL,268,0.00089
1789749,2026/8/12 16:50,MW2045B30148,A25,NULL,8,                    ,A07195,3.24E+00,1.01E-03,18023,NULL,268,0.00001
1789748,2026/8/12 16:50,MW2045B33961,A23,NULL,6,                    ,A07195,3.24E+00,1.28E-03,18146,NULL,268,0.00058
1789747,2026/8/12 16:49,MW2045B34047,A24,NULL,7,NULL,A10117,3.24E+00,1.04E-03,18609,NULL,268,0.00095
1789746,2026/8/12 16:49,MW2045B34480,A24,NULL,7,                    ,A07195,3.23E+00,1.02E-03,18331,NULL,268,0.00099
1789745,2026/8/12 16:49,MW2045B32798,A23,NULL,6,NULL,A10117,3.24E+00, ,18671,NULL,268,0.00044
1789744,2026/8/12 16:49,MW2045B34038,C24,NULL,24,                    ,A07195,3.23E+00,9.70E-04,18241,NULL,268,0.00065
1789743,2026/8/12 16:49,MW2045B34045,A24,NULL,7,NULL,A10117,3.23E+00,9.60E-04,18771,NULL,268,0.00083
1789742,2026/8/12 16:48,MW2045B34475,A26,NULL,9,                    ,A07195,3.23E+00,9.50E-04,18364,NULL,268,0.00036
1789741,2026/8/12 16:48,MW2045B33962,A24,NULL,7,NULL,A10117,3.24E+00,9.70E-04,18608,NULL,268,0.00065
1789740,2026/8/12 16:48,MW2045B06801,A26,NULL,9,                    ,A07195,3.23E+00,8.30E-04,18142,NULL,268,0.00015
1789739,2026/8/12 16:48,MW2045B26911,ANZ,NULL,18,NULL,A10117,3.24E+00,7.60E-04,18602,NULL,268,0.00026
1789738,2026/8/12 16:48,MW2045B06906,A26,NULL,9,                    ,A07195,3.23E+00,8.70E-04,18315,NULL,268,0.00026
1789737,2026/8/12 16:47,MW2045B26912,ANZ,NULL,18,NULL,A10117,3.24E+00,7.90E-04,18629,NULL,268,0.00068
1789736,2026/8/12 16:47,MW2045B31918,A24,NULL,7,NULL,A10117,3.24E+00, ,18547,NULL,268,0.00038
1789735,2026/8/12 16:47,MW2045B31853,C25,NULL,25,                    ,A07195,3.24E+00, ,18250,NULL,268,0.00041
1789734,2026/8/12 16:46,MW2045B31915,ANZ,NULL,18,NULL,A10117,3.24E+00, ,18623,NULL,268,0.00001
1789733,2026/8/12 16:46,MW2045B06904,B26,NULL,16,                    ,A07195,3.23E+00, ,18247,NULL,268,0.0004
1789732,2026/8/12 16:46,MW2045B31269,ANZ,NULL,18,NULL,A10117,3.24E+00, ,18663,NULL,268,0.00015
1789731,2026/8/12 16:46,MW2045B31856,A26,NULL,9,                    ,A07195,3.24E+00, ,18178,NULL,268,0.00086
1789730,2026/8/12 16:46,MW2045B33844,C24,NULL,24,                    ,A21937,3.24E+00,1.04E-03,18269,NULL,268,0.00073
1789729,2026/8/12 16:45,MW2045B32804,ANZ,NULL,18,NULL,A10117,3.24E+00,8.00E-04,18888,NULL,268,0.00031
1789728,2026/8/12 16:45,MW2045B33852,A24,NULL,7,                    ,A21937,3.24E+00,1.12E-03,18222,NULL,268,0.00034
1789727,2026/8/12 16:45,MW2045B31818,ANZ,NULL,18,NULL,A22886,3.24E+00,8.00E-04,18796,NULL,268,0.00027
1789726,2026/8/12 16:45,MW2045B33846,A25,NULL,8,                    ,A21937,3.24E+00,1.04E-03,18423,NULL,268,0.00058
1789725,2026/8/12 16:45,MW2045B33959,A22,NULL,5,NULL,A22886,3.24E+00,1.25E-03,18680,NULL,268,0.00034
1789724,2026/8/12 16:44,MW2045B32801,A24,NULL,7,                    ,A21937,3.24E+00,1.00E-03,18239,NULL,268,0.00065
1789723,2026/8/12 16:44,MW2045B33956,A23,NULL,6,NULL,A22886,3.24E+00,1.21E-03,18689,NULL,268,0.00067
1789722,2026/8/12 16:44,MW2045B32800,C23,NULL,23,                    ,A21937,3.23E+00,1.06E-03,17969,NULL,268,0.00015
1789721,2026/8/12 16:44,MW2045B31913,A24,NULL,7,NULL,A22886,3.24E+00,9.10E-04,18718,NULL,268,0.00071
1789720,2026/8/12 16:43,MW2045B33849,C23,NULL,23,                    ,A21937,3.24E+00,1.05E-03,18189,NULL,268,0.00057
1789719,2026/8/12 16:43,MW2045B31901,A24,NULL,7,NULL,A22886,3.24E+00,8.50E-04,18620,NULL,268,0.00064
1789718,2026/8/12 16:43,MW2045B32803,C23,NULL,23,                    ,A21937,3.23E+00,1.08E-03,18207,NULL,268,0.00053
1789717,2026/8/12 16:43,MW2044B24259,ANZ,NULL,18,NULL,A22886,3.24E+00,7.80E-04,18665,NULL,268,0.00008
1789716,2026/8/12 16:43,MW2045B33851,C23,NULL,23,                    ,A21937,3.24E+00,1.05E-03,18243,NULL,268,0.00089
1789715,2026/8/12 16:42,MW2044B23232,ANZ,NULL,18,NULL,A22886,3.24E+00,7.50E-04,18611,NULL,268,0.00087
1789714,2026/8/12 16:42,MW2045B32802,A24,NULL,7,                    ,A21937,3.24E+00,1.03E-03,18345,NULL,268,0.00024
1789713,2026/8/12 16:42,MW2044B23284,ANZ,NULL,18,NULL,A22886,3.24E+00,7.70E-04,18706,NULL,268,0.00003
1789712,2026/8/12 16:42,MW2045B26806,A24,NULL,7,                    ,A21937,3.24E+00, ,18075,NULL,268,0.00072
1789711,2026/8/12 16:41,MW2045B35401,C24,NULL,24,NULL,A22886,3.23E+00,9.80E-04,18539,NULL,268,0.00094
1789710,2026/8/12 16:41,MW2045B31267,A24,NULL,7,                    ,A21937,3.24E+00,8.70E-04,18390,NULL,268,0.00028
1789709,2026/8/12 16:41,MW2045B30109,A23,NULL,6,                    ,A21937,3.24E+00,1.08E-03,18007,NULL,268,0.00075
1789708,2026/8/12 16:41,MW2044B23285,ANZ,NULL,18,NULL,A22886,3.24E+00,7.60E-04,18695,NULL,268,0.00013
1789707,2026/8/12 16:41,MW2045B30128,A23,NULL,6,                    ,A14761,3.24E+00,1.05E-03,18020,NULL,268,0.00062
1789706,2026/8/12 16:40,MW2044B23286,ANZ,NULL,18,NULL,A22886,3.24E+00,7.50E-04,18679,NULL,268,0.00012
1789705,2026/8/12 16:40,MW2045B33955,A24,NULL,7,                    ,A14761,3.24E+00,1.17E-03,18238,NULL,268,0.00088
1789704,2026/8/12 16:40,MW2044B23287,ANZ,NULL,18,NULL,A22886,3.24E+00,7.60E-04,18664,NULL,268,0.00021
1789703,2026/8/12 16:40,MW2045B33952,A25,NULL,8,                    ,A14761,3.24E+00,1.04E-03,18139,NULL,268,0.00075
1789702,2026/8/12 16:39,MW2045B30131,B23,NULL,13,NULL,A16065,3.24E+00,8.30E-04,18668,NULL,268,0.00004
1789701,2026/8/12 16:39,MW2045B30126,B23,NULL,13,                    ,A14761,3.24E+00,9.90E-04,18131,NULL,268,0.00047
1789700,2026/8/12 16:39,MW2045B33588,A25,NULL,8,NULL,A16065,3.23E+00,9.30E-04,18651,NULL,268,0.00085
1789699,2026/8/12 16:39,MW2045B33953,A24,NULL,7,                    ,A14761,3.24E+00,9.80E-04,18226,NULL,268,0.00014
1789698,2026/8/12 16:39,MW2045B33587,C24,NULL,24,NULL,A16065,3.23E+00,8.20E-04,18677,NULL,268,0.00091
1789697,2026/8/12 16:38,MW2045B33950,A24,NULL,7,                    ,A14761,3.24E+00,1.16E-03,18324,NULL,268,0.00026
1789696,2026/8/12 16:38,MW2045B33958,A23,NULL,6,NULL,A16065,3.24E+00,9.10E-04,18684,NULL,268,0.00068
1789695,2026/8/12 16:38,MW2045B33951,C24,NULL,24,                    ,A14761,3.24E+00,1.22E-03,18160,NULL,268,0.00069
1789694,2026/8/12 16:38,MW2045B29614,B24,NULL,14,NULL,A16065,3.24E+00,8.60E-04,18559,NULL,268,0.00075
1789693,2026/8/12 16:38,MW2045B31916,A25,NULL,8,                    ,A14761,3.23E+00,9.70E-04,18103,NULL,268,0.00045
1789692,2026/8/12 16:37,MW2045B33058,B24,NULL,14,NULL,A16065,3.24E+00,1.00E-03,18650,NULL,268,0.00057
1789691,2026/8/12 16:37,MW2045B30122,B23,NULL,13,                    ,A14761,3.24E+00,9.90E-04,18184,NULL,268,0.00072
1789690,2026/8/12 16:37,MW2045B33949,A24,NULL,7,                    ,A14761,3.24E+00,9.70E-04,18203,NULL,268,0.00007
1789689,2026/8/12 16:37,MW2045B33057,D23,NULL,29,NULL,A16065,3.24E+00,8.90E-04,18687,NULL,268,0.00011
1789688,2026/8/12 16:36,MW2044B23289,C23,NULL,23,                    ,A14761,3.24E+00,8.70E-04,18197,NULL,268,0.00017
1789687,2026/8/12 16:36,MW2045B29615,B24,NULL,14,NULL,A16065,3.24E+00,8.60E-04,18551,NULL,268,0.00046
1789686,2026/8/12 16:36,MW2044B23288,C23,NULL,23,                    ,A14761,3.24E+00,8.70E-04,18154,NULL,268,0.00023
1789685,2026/8/12 16:36,MW2045B33056,B23,NULL,13,NULL,A16065,3.24E+00,9.60E-04,18608,NULL,268,0.00055
1789684,2026/8/12 16:35,MW2045B33055,D23,NULL,29,NULL,A16065,3.24E+00,9.90E-04,18662,NULL,268,0.0009
1789683,2026/8/12 16:35,MW2045B33054,D24,NULL,30,NULL,A16065,3.24E+00,9.30E-04,18812,NULL,268,0.00018
1789682,2026/8/12 16:35,MW2045B30107,B22,NULL,12,                    ,A25131,3.24E+00,1.08E-03,18089,NULL,268,0.00052
1789681,2026/8/12 16:35,MW2045B29710,A21,NULL,4,NULL,A16065,3.24E+00,1.01E-03,18555,NULL,268,0.00068
1789680,2026/8/12 16:35,MW2045B30060,B25,NULL,15,                    ,A25131,3.24E+00,9.60E-04,18219,NULL,268,0.00039
1789679,2026/8/12 16:34,MW2045B30108,B22,NULL,12,NULL,A07490,3.24E+00,9.40E-04,18487,NULL,268,0.00053
1789678,2026/8/12 16:34,MW2045B30059,A24,NULL,7,                    ,A25131,3.24E+00,8.70E-04,18024,NULL,268,0.00082
1789677,2026/8/12 16:34,MW2045B30095,B23,NULL,13,NULL,A07490,3.24E+00,8.90E-04,18611,NULL,268,0.00011
1789676,2026/8/12 16:34,MW2045B30057,B24,NULL,14,                    ,A25131,3.24E+00,9.50E-04,18169,NULL,268,0.00009
1789675,2026/8/12 16:33,MW2045B30056,B26,NULL,16,                    ,A25131,3.23E+00,8.20E-04,18052,NULL,268,0.00006
1789674,2026/8/12 16:33,MW2045B30076,B23,NULL,13,NULL,A07490,3.24E+00,8.70E-04,18529,NULL,268,0.00075
1789673,2026/8/12 16:33,MW2045B30055,B25,NULL,15,                    ,A25131,3.24E+00, ,18185,NULL,268,0.00029
1789672,2026/8/12 16:33,MW2045B43435,A26,NULL,9,NULL,A07490,3.24E+00, ,18888,NULL,268,0.0001
1789671,2026/8/12 16:32,MW2045B30054,A24,NULL,7,                    ,A25131,3.24E+00, ,18166,NULL,268,0.00048
1789670,2026/8/12 16:32,MW2045B26790,B25,NULL,15,NULL,A07490,3.24E+00, ,18465,NULL,268,0.00018
1789669,2026/8/12 16:32,MW2045B26777,A25,NULL,8,                    ,A25131,3.23E+00,1.01E-03,18108,NULL,268,0.00033
1789668,2026/8/12 16:32,MW2045B43436,A25,NULL,8,NULL,A07490,3.24E+00,8.70E-04,18778,NULL,268,0.00089
1789667,2026/8/12 16:32,MW2045B26776,B25,NULL,15,                    ,A25131,3.24E+00,1.00E-03,18012,NULL,268,0.00059
1789666,2026/8/12 16:31,MW2045B43439,C25,NULL,25,NULL,A07490,3.24E+00,1.12E-03,18842,NULL,268,0.00082
1789665,2026/8/12 16:31,MW2045B26803,B25,NULL,15,                    ,A25131,3.24E+00,1.00E-03,18169,NULL,268,0.00057
1789664,2026/8/12 16:31,MW2045B43438,A26,NULL,9,NULL,A07490,3.24E+00, ,18834,NULL,268,0.00076
1789663,2026/8/12 16:31,MW2045B26864,B23,NULL,13,                    ,A25131,3.24E+00,1.01E-03,18161,NULL,268,0.00007
1789662,2026/8/12 16:30,MW2045B43437,C26,NULL,26,NULL,A07490,3.24E+00,9.10E-04,18761,NULL,268,0.00012
1789661,2026/8/12 16:30,MW2045B34017,A24,NULL,7,                    ,A25131,3.24E+00,1.08E-03,18106,NULL,268,0.00001
1789660,2026/8/12 16:30,MW2045B07095,B24,NULL,14,NULL,A07490,3.24E+00,8.70E-04,18585,NULL,268,0.0001
1789659,2026/8/12 16:30,MW2045B31068,A25,NULL,8,                    ,A05672,3.24E+00,9.70E-04,18109,NULL,268,0.0003
1789658,2026/8/12 16:30,MW2045B30100,B24,NULL,14,NULL,A07490,3.24E+00,8.30E-04,18593,NULL,268,0.00061
1789657,2026/8/12 16:30,MW2045B34513,A24,NULL,7,                    ,A05672,3.23E+00,1.15E-03,18355,NULL,268,0.0006
1789656,2026/8/12 16:29,MW2045B34489,A24,NULL,7,                    ,A05672,3.23E+00,1.10E-03,18248,NULL,268,0.00068
1789655,2026/8/12 16:29,MW2045B30350,B23,NULL,13,NULL,A07490,3.24E+00,8.50E-04,18546,NULL,268,0.0002
1789654,2026/8/12 16:29,MW2045B34485,A24,NULL,7,                    ,A05672,3.24E+00,1.08E-03,18236,NULL,268,0.00019
1789653,2026/8/12 16:29,MW2045B33982,A24,NULL,7,NULL,A10302,3.24E+00,1.05E-03,18665,NULL,268,0.00004
1789652,2026/8/12 16:28,MW2045B34484,A24,NULL,7,                    ,A05672,3.23E+00,1.09E-03,18248,NULL,268,0.00099
1789651,2026/8/12 16:28,MW2045B33984,C26,NULL,26,NULL,A10302,3.23E+00,9.20E-04,18728,NULL,268,0.00055
1789650,2026/8/12 16:28,MW2045B34535,C25,NULL,25,                    ,A05672,3.23E+00,1.00E-03,18356,NULL,268,0.00066
1789649,2026/8/12 16:28,MW2045B33983,C24,NULL,24,NULL,A10302,3.24E+00,1.10E-03,18638,NULL,268,0.00029
1789648,2026/8/12 16:27,MW2045B34519,A24,NULL,7,                    ,A05672,3.23E+00,1.02E-03,18309,NULL,268,0.00056
1789647,2026/8/12 16:27,MW2045B24444,ANZ,NULL,18,NULL,A10302,3.24E+00,7.60E-04,18616,NULL,268,0.00013
1789646,2026/8/12 16:27,MW2045B34520,A23,NULL,6,                    ,A05672,3.23E+00,1.13E-03,18296,NULL,268,0.00032
1789645,2026/8/12 16:27,MW2045B10437,ANZ,NULL,18,NULL,A10302,3.24E+00,7.90E-04,18646,NULL,268,0.00084
1789644,2026/8/12 16:27,MW2045B30105,B23,NULL,13,                    ,A05672,3.24E+00,1.09E-03,18126,NULL,268,0.00031
1789643,2026/8/12 16:26,MW2045B24443,A24,NULL,7,NULL,A10302,3.24E+00,9.60E-04,18404,NULL,268,0.00058
1789642,2026/8/12 16:26,MW2045B30375,A24,NULL,7,                    ,A05672,3.24E+00,9.20E-04,18247,NULL,268,0.00033
1789641,2026/8/12 16:26,MW2045B24441,A25,NULL,8,NULL,A10302,3.24E+00,9.30E-04,18608,NULL,268,0.00044
1789640,2026/8/12 16:26,MW2045B19585,A23,NULL,6,                    ,A05672,3.24E+00,1.08E-03,18178,NULL,268,0.00015
1789639,2026/8/12 16:25,MW2045B33073,O,NULL,1,NULL,A10302,0.00E+00,0.00E+00,18512,NULL,268,0.00048
1789638,2026/8/12 16:25,MW2045B30099,A22,NULL,5,                    ,A05672,3.23E+00,1.03E-03,18116,NULL,268,0.00069
1789637,2026/8/12 16:24,MW2045B32928,B23,NULL,13,                    ,A16967,3.24E+00,1.05E-03,18253,NULL,268,0.00097
1789636,2026/8/12 16:23,MW2045B31069,B25,NULL,15,                    ,A16967,3.24E+00,1.01E-03,18178,NULL,268,0.00022
1789635,2026/8/12 16:23,MW2045B31066,B26,NULL,16,                    ,A16967,3.24E+00,8.70E-04,18110,NULL,268,0.00074
1789634,2026/8/12 16:22,MW2045B32929,B23,NULL,13,                    ,A16967,3.24E+00,9.90E-04,18066,NULL,268,0.00054
1789633,2026/8/12 16:22,MW2045B31067,B25,NULL,15,                    ,A16967,3.24E+00,9.70E-04,18090,NULL,268,0.00006
1789632,2026/8/12 16:22,MW2045B32951,B23,NULL,13,                    ,A16967,3.24E+00,9.80E-04,18257,NULL,268,0.0003
1789631,2026/8/12 16:21,MW2045B34506,A24,NULL,7,                    ,A16967,3.23E+00,1.13E-03,18263,NULL,268,0.00009
1789630,2026/8/12 16:21,MW2045B07099,A26,NULL,9,                    ,A16967,3.24E+00,9.50E-04,17923,NULL,268,0.00039
1789629,2026/8/12 16:21,MW2045B34505,A25,NULL,8,                    ,A16967,3.23E+00,1.01E-03,18306,NULL,268,0.00097
1789628,2026/8/12 16:20,MW2045B34504,C24,NULL,24,                    ,A16967,3.23E+00,1.12E-03,18209,NULL,268,0.00041
1789627,2026/8/12 16:20,MW2045B33998,A23,NULL,6,                    ,A16967,3.24E+00,1.24E-03,18059,NULL,268,0.00051
1789626,2026/8/12 16:19,MW2045B34020,A25,NULL,8,                    ,A16967,3.24E+00,8.90E-04,18255,NULL,268,0.00089
1789625,2026/8/12 16:19,MW2045B32952,B24,NULL,14,                    ,A16368,3.24E+00,1.04E-03,18109,NULL,268,0.00098
1789624,2026/8/12 16:19,MW2045B26870,B23,NULL,13,                    ,A16368,3.24E+00,1.07E-03,18072,NULL,268,0.00047
1789623,2026/8/12 16:18,MW2045B26869,B23,NULL,13,                    ,A16368,3.24E+00,9.80E-04,18107,NULL,268,0.0005
1789622,2026/8/12 16:18,MW2045B20644,A26,NULL,9,                    ,A16368,3.24E+00,8.20E-04,18327,NULL,268,0.0006
1789621,2026/8/12 16:17,MW2045B26867,C23,NULL,23,                    ,A16368,3.23E+00,1.00E-03,18067,NULL,268,0.00077
1789620,2026/8/12 16:17,MW2045B26866,B23,NULL,13,                    ,A16368,3.24E+00,1.04E-03,18146,NULL,268,0.00093
1789619,2026/8/12 16:17,MW2045B32933,B23,NULL,13,                    ,A16368,3.24E+00,1.08E-03,18143,NULL,268,0.00004
1789618,2026/8/12 16:16,MW2045B34511,C25,NULL,25,                    ,A16368,3.23E+00,1.03E-03,18323,NULL,268,0.00048
1789617,2026/8/12 16:16,MW2045B32930,B24,NULL,14,                    ,A16368,3.24E+00,1.00E-03,18053,NULL,268,0.00089
1789616,2026/8/12 16:15,MW2045B34510,A24,NULL,7,                    ,A16368,3.23E+00,1.09E-03,18176,NULL,268,0.00096
1789615,2026/8/12 16:15,MW2045B32931,B23,NULL,13,                    ,A16368,3.24E+00,1.06E-03,18114,NULL,268,0.00031
1789614,2026/8/12 16:14,MW2045B34502,A25,NULL,8,                    ,A16368,3.23E+00,9.60E-04,18340,NULL,268,0.00011
1789613,2026/8/12 16:14,MW2045B43489,C26,NULL,26,                    ,A05153,3.24E+00,1.28E-03,18378,NULL,268,0.00031
1789612,2026/8/12 16:14,MW2045B43458,A25,NULL,8,                    ,A05153,3.23E+00,1.20E-03,18181,NULL,268,0.00029
1789611,2026/8/12 16:13,MW2045B20535,CHH,NULL,20,                    ,A05153,3.23E+00,8.40E-04,18393,NULL,268,0.00077
1789610,2026/8/12 16:13,MW2041B16903,CHH,NULL,20,                    ,A05153,3.22E+00,8.60E-04,18404,NULL,268,0.00052
1789609,2026/8/12 16:12,MW2040B03580,A22,NULL,5,                    ,A05153,3.23E+00,1.16E-03,18202,NULL,268,0.00042
1789608,2026/8/12 16:12,MW2045B33197,A25,NULL,8,                    ,A05153,3.24E+00,1.04E-03,18282,NULL,268,0.00001
1789607,2026/8/12 16:12,MW2045B33036,B22,NULL,12,                    ,A05153,3.24E+00,1.05E-03,18104,NULL,268,0.00066
1789606,2026/8/12 16:11,MW2045B33037,A23,NULL,6,                    ,A05153,3.24E+00,1.05E-03,18447,NULL,268,0.00072
1789605,2026/8/12 16:11,MW2045B33062,B23,NULL,13,                    ,A05153,3.24E+00,1.09E-03,18090,NULL,268,0.00092
1789604,2026/8/12 16:10,MW2045B33063,D24,NULL,30,                    ,A05153,3.24E+00,1.08E-03,18143,NULL,268,0.00044
1789603,2026/8/12 16:10,MW2045B33064,B23,NULL,13,                    ,A05153,3.24E+00,1.13E-03,18083,NULL,268,0.00001
1789602,2026/8/12 16:10,MW2045B33065,D24,NULL,30,                    ,A05153,3.24E+00,1.08E-03,18067,NULL,268,0.00007
1789601,2026/8/12 16:09,MW2045B33047,B24,NULL,14,                    ,A02172,3.24E+00,1.09E-03,18036,NULL,268,0.0008
1789600,2026/8/12 16:09,MW2045B33072,B24,NULL,14,                    ,A02172,3.24E+00,1.08E-03,18124,NULL,268,0.00046
1789599,2026/8/12 16:08,MW2044B23291,A25,NULL,8,                    ,A02172,3.24E+00,8.70E-04,18124,NULL,268,0.00036
1789598,2026/8/12 16:08,MW2045B26842,A25,NULL,8,                    ,A02172,3.24E+00,1.02E-03,18115,NULL,268,0.00098
1789597,2026/8/12 16:07,MW2045B42507,A26,NULL,9,                    ,A02172,3.24E+00,1.26E-03,18338,NULL,268,0.00084
1789596,2026/8/12 16:07,MW2045B26843,A25,NULL,8,                    ,A02172,3.24E+00,9.80E-04,18028,NULL,268,0.00045
1789595,2026/8/12 16:07,MW2045B42472,A25,NULL,8,                    ,A02172,3.24E+00,1.20E-03,18252,NULL,268,0.00009
1789594,2026/8/12 16:06,MW2045B42471,A25,NULL,8,                    ,A02172,3.24E+00,1.18E-03,18394,NULL,268,0.00052
1789593,2026/8/12 16:06,MW2045B56210,C22,NULL,22,                    ,A02172,3.24E+00,9.10E-04,18217,NULL,268,0.00031
1789592,2026/8/12 16:05,MW2045B42476,A21,NULL,4,                    ,A02172,3.24E+00,1.15E-03,18400,NULL,268,0.00041
1789591,2026/8/12 16:05,MW2045B27274,A23,NULL,6,                    ,A02172,3.21E+00,1.05E-03,18170,NULL,268,0.00053
1789590,2026/8/12 16:05,MW2045B20647,CHH,NULL,20,                    ,A02172,3.23E+00,8.30E-04,18325,NULL,268,0.00075
1789589,2026/8/12 16:04,MW2045B24440,ANZ,NULL,18,NULL,A10302,3.24E+00,7.60E-04,18591,NULL,268,0.00084
1789588,2026/8/12 16:04,MW2045B31360,B26,NULL,16,                    ,A19834,3.23E+00,9.20E-04,18091,NULL,268,0.00037
1789587,2026/8/12 16:04,MW2045B33048,B24,NULL,14,                    ,A19834,3.24E+00,1.14E-03,18236,NULL,268,0.00046
1789586,2026/8/12 16:04,MW2045B24439,A23,NULL,6,NULL,A10302,3.24E+00,9.80E-04,18518,NULL,268,0.00067
1789585,2026/8/12 16:03,MW2045B30847,B25,NULL,15,                    ,A19834,3.23E+00,8.50E-04,18234,NULL,268,0.00085
1789584,2026/8/12 16:03,MW2045B30827,ANZ,NULL,18,NULL,A10302,3.23E+00,7.40E-04,18554,NULL,268,0.00067
1789583,2026/8/12 16:03,MW2043B03129,C25,NULL,25,                    ,A19834,3.23E+00,9.40E-04,18337,NULL,268,0.00088
1789582,2026/8/12 16:03,MW2045B29483,ANZ,NULL,18,NULL,A10302,3.24E+00,7.50E-04,18572,NULL,268,0.00029
1789581,2026/8/12 16:03,MW2045B29475,B25,NULL,15,                    ,A19834,3.24E+00,9.00E-04,18137,NULL,268,0.00072
1789580,2026/8/12 16:02,MW2045B27315,C24,NULL,24,NULL,A05164,3.24E+00,9.60E-04,18746,NULL,268,0.00086
1789579,2026/8/12 16:02,MW2045B29476,B25,NULL,15,                    ,A19834,3.24E+00,8.60E-04,18020,NULL,268,0.00063
1789578,2026/8/12 16:02,MW2045B33154,A25,NULL,8,NULL,A05164,3.23E+00,9.60E-04,18640,NULL,268,0.00089
1789577,2026/8/12 16:02,MW2045B29477,D25,NULL,31,                    ,A19834,3.24E+00,9.40E-04,18085,NULL,268,0.00025
1789576,2026/8/12 16:01,MW2045B33160,C25,NULL,25,NULL,A05164,3.23E+00,9.60E-04,18664,NULL,268,0.00035
1789575,2026/8/12 16:01,MW2045B29478,B26,NULL,16,                    ,A19834,3.24E+00,8.30E-04,18062,NULL,268,0.00041
1789574,2026/8/12 16:01,MW2045B33172,A25,NULL,8,NULL,A05164,3.24E+00,1.02E-03,18650,NULL,268,0.00087
1789573,2026/8/12 16:01,MW2045B29479,B25,NULL,15,                    ,A19834,3.24E+00,9.20E-04,18110,NULL,268,0.00016
1789572,2026/8/12 16:01,MW2045B34048,A24,NULL,7,NULL,A05164,3.23E+00,9.90E-04,18721,NULL,268,0.00006
1789571,2026/8/12 16:00,MW2045B29480,B25,NULL,15,                    ,A19834,3.24E+00,9.60E-04,18134,NULL,268,0.00035
1789570,2026/8/12 16:00,MW2045B06748,ANZ,NULL,18,NULL,A05164,3.23E+00,7.10E-04,18557,NULL,268,0.00031
1789569,2026/8/12 16:00,MW2045B29481,B25,NULL,15,                    ,A19834,3.24E+00,9.60E-04,18090,NULL,268,0.00028
1789568,2026/8/12 16:00,MW2045B19761,ANZ,NULL,18,NULL,A05164,3.23E+00,7.60E-04,18874,NULL,268,0.00063
1789567,2026/8/12 16:00,MW2045B29482,B26,NULL,16,                    ,A19834,3.24E+00,8.30E-04,18062,NULL,268,0.00074
1789566,2026/8/12 15:59,MW2045B10760,A24,NULL,7,                    ,A10715,3.23E+00,9.50E-04,18237,NULL,268,0.00071
1789565,2026/8/12 15:59,MW2045B19792,ANZ,NULL,18,NULL,A05164,3.23E+00,7.70E-04,18802,NULL,268,0.00064
1789564,2026/8/12 15:59,MW2045B23122,A25,NULL,8,                    ,A10715,3.24E+00,1.03E-03,18201,NULL,268,0.00001
1789563,2026/8/12 15:59,MW2045B29692,B23,NULL,13,NULL,A05164,3.24E+00,9.50E-04,18786,NULL,268,0.00098
1789562,2026/8/12 15:59,MW2045B23014,A25,NULL,8,                    ,A10715,3.24E+00,8.70E-04,18290,NULL,268,0.00071
1789561,2026/8/12 15:58,MW2045B19791,ANZ,NULL,18,NULL,A05164,3.23E+00,7.60E-04,18882,NULL,268,0.00001
1789560,2026/8/12 15:58,MW2045B23017,A26,NULL,9,                    ,A10715,3.24E+00,9.20E-04,18248,NULL,268,0.0009
1789559,2026/8/12 15:58,MW2045B26937,A25,NULL,8,NULL,A05164,3.23E+00,8.30E-04,18615,NULL,268,0.00098
1789558,2026/8/12 15:58,MW2045B23016,A25,NULL,8,                    ,A10715,3.24E+00,9.70E-04,18319,NULL,268,0.00026
1789557,2026/8/12 15:58,MW2045B22266,ANZ,NULL,18,NULL,A05164,3.23E+00,8.00E-04,18577,NULL,268,0.00056
1789556,2026/8/12 15:57,MW2045B23018,A25,NULL,8,                    ,A10715,3.24E+00,9.80E-04,18360,NULL,268,0.00025
1789555,2026/8/12 15:57,MW2045B24124,A24,NULL,7,NULL,A24734,3.23E+00,8.50E-04,18681,NULL,268,0.00095
1789554,2026/8/12 15:57,MW2045B23020,A25,NULL,8,                    ,A10715,3.24E+00,9.60E-04,18248,NULL,268,0.00077
1789553,2026/8/12 15:57,MW2045B24125,A22,NULL,5,NULL,A24734,3.24E+00,9.60E-04,18634,NULL,268,0.00073
1789552,2026/8/12 15:56,MW2045B30459,A25,NULL,8,                    ,A10715,3.24E+00,1.05E-03,18261,NULL,268,0.0004
1789551,2026/8/12 15:56,MW2045B26924,ANZ,NULL,18,NULL,A24734,3.23E+00,7.60E-04,18715,NULL,268,0.00012
1789550,2026/8/12 15:56,MW2045B23026,A26,NULL,9,                    ,A10715,3.23E+00,8.90E-04,18238,NULL,268,0.00011
1789549,2026/8/12 15:56,MW2045B21036,A22,NULL,5,NULL,A24734,3.24E+00,1.01E-03,18842,NULL,268,0.00046
1789548,2026/8/12 15:56,MW2045B30449,A25,NULL,8,                    ,A10715,3.23E+00,9.60E-04,18315,NULL,268,0.00041
1789547,2026/8/12 15:55,MW2045B30421,A25,NULL,8,NULL,A24734,3.24E+00,8.50E-04,18619,NULL,268,0.0007
1789546,2026/8/12 15:55,MW2045B30452,A25,NULL,8,                    ,A10715,3.24E+00,1.12E-03,18359,NULL,268,0.00098
1789545,2026/8/12 15:55,MW2045B21020,A23,NULL,6,NULL,A24734,3.24E+00,9.70E-04,18825,NULL,268,0.00026
1789544,2026/8/12 15:55,MW2045B23183,A23,NULL,6,                    ,A10715,3.24E+00,1.01E-03,18219,NULL,268,0.00031
1789543,2026/8/12 15:54,MW2045B30424,A25,NULL,8,NULL,A24734,3.24E+00,9.30E-04,18679,NULL,268,0.00059
1789542,2026/8/12 15:54,MW2045B56304,B26,NULL,16,                    ,A13598,3.24E+00,9.70E-04,18107,NULL,268,0.00039
1789541,2026/8/12 15:54,MW2045B35936,A25,NULL,8,                    ,A13598,3.23E+00,8.70E-04,18205,NULL,268,0.00009
1789540,2026/8/12 15:54,MW2045B21044,A22,NULL,5,NULL,A24734,3.24E+00,9.80E-04,18767,NULL,268,0.00075
1789539,2026/8/12 15:54,MW2045B35939,A25,NULL,8,                    ,A13598,3.23E+00,8.90E-04,18272,NULL,268,0.00076
1789538,2026/8/12 15:53,MW2045B30423,A25,NULL,8,NULL,A24734,3.24E+00,8.40E-04,18702,NULL,268,0.00097
1789537,2026/8/12 15:53,MW2045B28954,D23,NULL,29,                    ,A13598,3.24E+00,9.40E-04,18213,NULL,268,0.00076
1789536,2026/8/12 15:53,MW2045B30098,A26,NULL,9,NULL,A24734,3.24E+00,8.40E-04,18615,NULL,268,0.00045
1789535,2026/8/12 15:53,MW2045B35941,A24,NULL,7,                    ,A13598,3.24E+00,1.03E-03,18302,NULL,268,0.00049
1789534,2026/8/12 15:53,MW2045B33603,A24,NULL,7,NULL,A24734,3.23E+00,9.30E-04,18711,NULL,268,0.00031
1789533,2026/8/12 15:52,MW2045B33042,D24,NULL,30,                    ,A13598,3.24E+00,1.04E-03,18083,NULL,268,0.00039
1789532,2026/8/12 15:52,MW2045B33604,A23,NULL,6,NULL,A24734,3.23E+00,1.09E-03,18730,NULL,268,0.00012
1789531,2026/8/12 15:52,MW2045B28994,B22,NULL,12,                    ,A13598,3.24E+00,1.08E-03,18074,NULL,268,0.00053
1789530,2026/8/12 15:52,MW2045B33605,C23,NULL,23,NULL,A11223,3.23E+00,1.02E-03,18627,NULL,268,0.0006
1789529,2026/8/12 15:52,MW2045B33043,B24,NULL,14,                    ,A13598,3.24E+00,1.07E-03,18073,NULL,268,0.00088
1789528,2026/8/12 15:51,MW2045B33606,A24,NULL,7,NULL,A11223,3.23E+00,9.90E-04,18889,NULL,268,0.00024
1789527,2026/8/12 15:51,MW2045B33044,B23,NULL,13,                    ,A13598,3.24E+00,1.10E-03,18129,NULL,268,0.00083
1789526,2026/8/12 15:51,MW2045B26816,D24,NULL,30,NULL,A11223,3.24E+00,9.30E-04,18511,NULL,268,0.00097
1789525,2026/8/12 15:51,MW2045B33045,D24,NULL,30,                    ,A13598,3.24E+00,1.05E-03,17948,NULL,268,0.0007
1789524,2026/8/12 15:50,MW2045B33046,B24,NULL,14,                    ,A13598,3.24E+00,1.08E-03,18048,NULL,268,0.00061
1789523,2026/8/12 15:50,MW2045B33607,O,NULL,1,NULL,A11223,0.00E+00,0.00E+00,18662,NULL,268,0.0001
1789522,2026/8/12 15:50,MW2044B23293,A27,NULL,10,                    ,A13598,3.24E+00,8.90E-04,18146,NULL,268,0.00039
1789521,2026/8/12 15:50,MW2045B33204,A24,NULL,7,                    ,A22794,3.24E+00,1.02E-03,18451,NULL,268,0.00022
1789520,2026/8/12 15:49,MW2045B33453,C25,NULL,25,                    ,A22794,3.24E+00,1.06E-03,18177,NULL,268,0.00007
1789519,2026/8/12 15:49,MW2045B31357,B26,NULL,16,                    ,A22794,3.23E+00,9.20E-04,18269,NULL,268,0.00037
1789518,2026/8/12 15:48,MW2045B31358,C26,NULL,26,                    ,A22794,3.22E+00,9.00E-04,18148,NULL,268,0.00003
1789517,2026/8/12 15:48,MW2045B33456,A25,NULL,8,                    ,A22794,3.23E+00,1.01E-03,18223,NULL,268,0.00014
1789516,2026/8/12 15:48,MW2045B33053,D24,NULL,30,                    ,A22794,3.24E+00,1.08E-03,18079,NULL,268,0.00026
1789515,2026/8/12 15:47,MW2045B31271,B26,NULL,16,                    ,A22794,3.23E+00,8.90E-04,18439,NULL,268,0.00046
1789514,2026/8/12 15:47,MW2045B33052,B23,NULL,13,                    ,A22794,3.24E+00,1.14E-03,18362,NULL,268,0.00046
1789513,2026/8/12 15:46,MW2045B33051,D24,NULL,30,                    ,A22794,3.24E+00,1.04E-03,18015,NULL,268,0.00097
1789512,2026/8/12 15:46,MW2045B33050,D24,NULL,30,                    ,A22794,3.24E+00,1.09E-03,17840,NULL,268,0.00013
1789511,2026/8/12 15:46,MW2045B26907,B26,NULL,16,                    ,A22794,3.23E+00,9.20E-04,18285,NULL,268,0.00086
1789510,2026/8/12 15:45,MW2045B33049,B25,NULL,15,                    ,A22794,3.24E+00,1.10E-03,18024,NULL,268,0.00081
1789509,2026/8/12 15:45,MW2045B33608,A24,NULL,7,NULL,A11223,3.23E+00,9.60E-04,18591,NULL,268,0.00094
1789508,2026/8/12 15:45,MW2045B22749,B24,NULL,14,                    ,A12750,3.24E+00,1.06E-03,18321,NULL,268,0.00034
1789507,2026/8/12 15:45,MW2045B30140,D23,NULL,29,NULL,A11223,3.24E+00,1.04E-03,18453,NULL,268,0.00052
1789506,2026/8/12 15:44,MW2045B33142,A25,NULL,8,                    ,A12750,3.23E+00,1.10E-03,18223,NULL,268,0.00025
1789505,2026/8/12 15:44,MW2045B30137,B23,NULL,13,NULL,A11223,3.24E+00,1.07E-03,18376,NULL,268,0.00045
1789504,2026/8/12 15:44,MW2045B33140,A24,NULL,7,                    ,A12750,3.24E+00,1.05E-03,18365,NULL,268,0.00091
1789503,2026/8/12 15:44,MW2045B35965,A25,NULL,8,NULL,A11223,3.23E+00,8.30E-04,18638,NULL,268,0.00062
1789502,2026/8/12 15:43,MW2045B33616,A24,NULL,7,                    ,A12750,3.23E+00,1.02E-03,18263,NULL,268,0.00068
1789501,2026/8/12 15:43,MW2045B30138,D24,NULL,30,NULL,A11223,3.24E+00,9.50E-04,18457,NULL,268,0.00025
1789500,2026/8/12 15:43,MW2045B30597,B23,NULL,13,                    ,A12750,3.24E+00,9.60E-04,18053,NULL,268,0.00067
1789499,2026/8/12 15:43,MW2045B35966,ANZ,NULL,18,NULL,A11223,3.23E+00,7.90E-04,18732,NULL,268,0.00042
1789498,2026/8/12 15:43,MW2045B26938,A26,NULL,9,                    ,A12750,3.23E+00,8.60E-04,18028,NULL,268,0.00059
1789497,2026/8/12 15:42,MW2045B33615,A24,NULL,7,NULL,A11223,3.23E+00,9.70E-04,18689,NULL,268,0.00063
1789496,2026/8/12 15:42,MW2045B29131,C21,NULL,21,                    ,A12750,3.24E+00,1.00E-03,18047,NULL,268,0.00002
1789495,2026/8/12 15:42,MW2045B33167,A25,NULL,8,NULL,A11223,3.24E+00,9.60E-04,18692,NULL,268,0.00092
1789494,2026/8/12 15:42,MW2045B33478,A25,NULL,8,                    ,A12750,3.23E+00,1.03E-03,18249,NULL,268,0.00024
1789493,2026/8/12 15:41,MW2045B33141,A25,NULL,8,NULL,A14766,3.24E+00,9.80E-04,18660,NULL,268,0.00055
1789492,2026/8/12 15:41,MW2045B33481,A25,NULL,8,                    ,A12750,3.23E+00,1.13E-03,18458,NULL,268,0.00079
1789491,2026/8/12 15:41,MW2045B33252,A26,NULL,9,NULL,A14766,3.23E+00,9.10E-04,18769,NULL,268,0.00088
1789490,2026/8/12 15:41,MW2045B33461,A25,NULL,8,                    ,A12750,3.24E+00,1.04E-03,18161,NULL,268,0.00002
1789489,2026/8/12 15:41,MW2045B33228,A25,NULL,8,                    ,A12750,3.24E+00,1.09E-03,18316,NULL,268,0.00008
1789488,2026/8/12 15:41,MW2045B33251,A26,NULL,9,NULL,A14766,3.24E+00,1.03E-03,18786,NULL,268,0.0008
1789487,2026/8/12 15:40,MW2045B33229,A24,NULL,7,                    ,A12750,3.24E+00,9.30E-04,18174,NULL,268,0.0008
1789486,2026/8/12 15:40,MW2045B33144,A25,NULL,8,NULL,A14766,3.24E+00,1.03E-03,18723,NULL,268,0.00023
1789485,2026/8/12 15:40,MW2045B42505,A25,NULL,8,                    ,A01724,3.24E+00,1.15E-03,18274,NULL,268,0.00045
1789484,2026/8/12 15:40,MW2045B33168,A25,NULL,8,NULL,A14766,3.23E+00,9.70E-04,18731,NULL,268,0.00052
1789483,2026/8/12 15:39,MW2045B33059,D23,NULL,29,                    ,A01724,3.24E+00,1.10E-03,18123,NULL,268,0.00099
1789482,2026/8/12 15:39,MW2045B19660,B25,NULL,15,NULL,A14766,3.23E+00,9.20E-04,18670,NULL,268,0.00089
1789481,2026/8/12 15:39,MW2045B42349,A23,NULL,6,                    ,A01724,3.24E+00,8.80E-04,18280,NULL,268,0.00043
1789480,2026/8/12 15:39,MW2045B20616,ANZ,NULL,18,NULL,A14766,3.23E+00,7.50E-04,18826,NULL,268,0.00005
1789479,2026/8/12 15:39,MW2045B42351,A25,NULL,8,                    ,A01724,3.24E+00,1.11E-03,18187,NULL,268,0.00066
1789478,2026/8/12 15:38,MW2045B10507,ANZ,NULL,18,NULL,A14766,3.24E+00,7.60E-04,18613,NULL,268,0.00015
1789477,2026/8/12 15:38,MW2045B42504,A24,NULL,7,                    ,A01724,3.24E+00,1.14E-03,18184,NULL,268,0.00066
1789476,2026/8/12 15:38,MW2045B29862,A25,NULL,8,NULL,A14766,3.24E+00,8.20E-04,18689,NULL,268,0.00023
1789475,2026/8/12 15:38,MW2045B42352,A26,NULL,9,                    ,A01724,3.24E+00,1.11E-03,18253,NULL,268,0.0003
1789474,2026/8/12 15:37,MW2045B27331,A25,NULL,8,NULL,A14766,3.23E+00,9.30E-04,18720,NULL,268,0.00027
1789473,2026/8/12 15:37,MW2045B42500,A24,NULL,7,                    ,A01724,3.24E+00,1.18E-03,18292,NULL,268,0.0003
1789472,2026/8/12 15:37,MW2045B27324,A24,NULL,7,NULL,A14766,3.23E+00,9.80E-04,18822,NULL,268,0.00093
1789471,2026/8/12 15:37,MW2045B56206,A26,NULL,9,                    ,A01724,3.24E+00,9.20E-04,18272,NULL,268,0.00084
1789470,2026/8/12 15:37,MW2045B27325,A25,NULL,8,NULL,A14766,3.24E+00,9.80E-04,18721,NULL,268,0.00046
1789469,2026/8/12 15:37,MW2045B56207,A26,NULL,9,                    ,A01724,3.24E+00,9.20E-04,18327,NULL,268,0.00035
1789468,2026/8/12 15:36,MW2045B42381,A21,NULL,4,                    ,A01724,3.24E+00,1.03E-03,18324,NULL,268,0.00077
1789467,2026/8/12 15:36,MW2045B33620,A25,NULL,8,NULL,A15512,3.23E+00,9.10E-04,18670,NULL,268,0.00029
1789466,2026/8/12 15:36,MW2045B56303,A27,NULL,10,                    ,A01724,3.23E+00,9.80E-04,18342,NULL,268,0.00077
1789465,2026/8/12 15:36,MW2045B27322,A24,NULL,7,NULL,A15512,3.24E+00,9.70E-04,18747,NULL,268,0.00089
1789464,2026/8/12 15:35,MW2045B56298,A25,NULL,8,                    ,A01724,3.24E+00,9.50E-04,18191,NULL,268,0.00079
1789463,2026/8/12 15:35,MW2045B33619,A24,NULL,7,NULL,A15512,3.23E+00,9.70E-04,18770,NULL,268,0.00074
1789462,2026/8/12 15:35,MW2045B35957,C24,NULL,24,                    ,A06296,3.23E+00,9.50E-04,18287,NULL,268,0.00014
1789461,2026/8/12 15:35,MW2045B33618,A24,NULL,7,NULL,A15512,3.24E+00,1.00E-03,18776,NULL,268,0.00095
1789460,2026/8/12 15:35,MW2045B33599,A26,NULL,9,                    ,A06296,3.23E+00,9.70E-04,18382,NULL,268,0.00015
1789459,2026/8/12 15:34,MW2045B33617,A24,NULL,7,NULL,A15512,3.23E+00,9.90E-04,18792,NULL,268,0.00024
1789458,2026/8/12 15:34,MW2045B33598,A25,NULL,8,                    ,A06296,3.24E+00,1.07E-03,18236,NULL,268,0.00096
1789457,2026/8/12 15:34,MW2045B35724,A25,NULL,8,NULL,A15512,3.24E+00,8.70E-04,18649,NULL,268,0.00062
1789456,2026/8/12 15:34,MW2045B20532,C21,NULL,21,                    ,A06296,3.23E+00,1.30E-03,18245,NULL,268,0.00021
1789455,2026/8/12 15:33,MW2045B22212,A26,NULL,9,NULL,A15512,3.24E+00,8.50E-04,18730,NULL,268,0.00015
1789454,2026/8/12 15:33,MW2045B33596,A24,NULL,7,                    ,A06296,3.24E+00,1.18E-03,18219,NULL,268,0.00092
1789453,2026/8/12 15:33,MW2045B28686,A22,NULL,5,NULL,A15512,3.24E+00,8.40E-04,18720,NULL,268,0.0007
1789452,2026/8/12 15:33,MW2045B35947,C24,NULL,24,                    ,A06296,3.23E+00,9.40E-04,18294,NULL,268,0.00087
1789451,2026/8/12 15:32,MW2045B35564,ANZ,NULL,18,NULL,A15512,3.23E+00,7.60E-04,18728,NULL,268,0.00031
1789450,2026/8/12 15:32,MW2045B35948,C24,NULL,24,                    ,A06296,3.23E+00,8.90E-04,18319,NULL,268,0.00001
1789449,2026/8/12 15:32,MW2045B35394,A24,NULL,7,NULL,A15512,3.23E+00,9.90E-04,18731,NULL,268,0.00015
1789448,2026/8/12 15:32,MW2045B35949,C25,NULL,25,                    ,A06296,3.23E+00,9.20E-04,18326,NULL,268,0.00015
1789447,2026/8/12 15:32,MW2045B35560,A26,NULL,9,NULL,A15512,3.23E+00,8.90E-04,18769,NULL,268,0.0003
1789446,2026/8/12 15:32,MW2045B36017,C25,NULL,25,                    ,A06296,3.23E+00,9.00E-04,18373,NULL,268,0.00092
1789445,2026/8/12 15:31,MW2045B36016,C25,NULL,25,                    ,A06296,3.23E+00,8.90E-04,18280,NULL,268,0.0006
1789444,2026/8/12 15:31,MW2045B20524,C21,NULL,21,NULL,A15512,3.23E+00,1.17E-03,18712,NULL,268,0.00041
1789443,2026/8/12 15:31,MW2045B33493,C25,NULL,25,                    ,A06296,3.23E+00,1.03E-03,18340,NULL,268,0.00027
1789442,2026/8/12 15:31,MW2045B33482,C25,NULL,25,NULL,A07475,3.24E+00,9.80E-04,18729,NULL,268,0.00044
1789441,2026/8/12 15:30,MW2045B33494,C26,NULL,26,                    ,A06296,3.23E+00,9.90E-04,18248,NULL,268,0.00025
1789440,2026/8/12 15:30,MW2045B33203,A25,NULL,8,NULL,A07475,3.23E+00,9.20E-04,18736,NULL,268,0.00053
1789439,2026/8/12 15:30,MW2045B31229,D25,NULL,31,                    ,A14048,3.23E+00,8.40E-04,18164,NULL,268,0.00005
1789438,2026/8/12 15:30,MW2045B33483,A24,NULL,7,NULL,A07475,3.24E+00,1.03E-03,18705,NULL,268,0.00024
1789437,2026/8/12 15:30,MW2045B31230,B25,NULL,15,                    ,A14048,3.24E+00,9.10E-04,18186,NULL,268,0.00045
1789436,2026/8/12 15:29,MW2045B33201,ANZ,NULL,18,NULL,A07475,3.24E+00,7.80E-04,18715,NULL,268,0.00041
1789435,2026/8/12 15:29,MW2045B31231,B25,NULL,15,                    ,A14048,3.23E+00,8.70E-04,18164,NULL,268,0.00012
1789434,2026/8/12 15:29,MW2045B33200,ANZ,NULL,18,NULL,A07475,3.24E+00,7.70E-04,18679,NULL,268,0.00081
1789433,2026/8/12 15:29,MW2045B28957,D24,NULL,30,                    ,A14048,3.24E+00,9.50E-04,18184,NULL,268,0.00016
1789432,2026/8/12 15:28,MW2045B33071,D23,NULL,29,NULL,A07475,3.24E+00,1.00E-03,18456,NULL,268,0.00042
1789431,2026/8/12 15:28,MW2045B33041,A24,NULL,7,                    ,A14048,3.23E+00,1.03E-03,18342,NULL,268,0.00099
1789430,2026/8/12 15:28,MW2045B33199,A24,NULL,7,NULL,A07475,3.24E+00,9.20E-04,18797,NULL,268,0.00095
1789429,2026/8/12 15:28,MW2045B42502,A24,NULL,7,                    ,A14048,3.24E+00,1.21E-03,18389,NULL,268,0.00049
1789428,2026/8/12 15:28,MW2045B24453,A23,NULL,6,NULL,A07475,3.24E+00,9.20E-04,18400,NULL,268,0.00065
1789427,2026/8/12 15:27,MW2045B33040,B24,NULL,14,                    ,A14048,3.24E+00,1.08E-03,18056,NULL,268,0.00079
1789426,2026/8/12 15:27,MW2045B33198,C24,NULL,24,NULL,A07475,3.24E+00,9.70E-04,18741,NULL,268,0.00071
1789425,2026/8/12 15:27,MW2045B42503,A25,NULL,8,                    ,A14048,3.24E+00,1.20E-03,18305,NULL,268,0.00084
1789424,2026/8/12 15:27,MW2045B24452,A23,NULL,6,NULL,A07475,3.24E+00,9.10E-04,18354,NULL,268,0.00039
1789423,2026/8/12 15:27,MW2045B33039,D24,NULL,30,                    ,A14048,3.24E+00,1.06E-03,18018,NULL,268,0.00052
1789422,2026/8/12 15:26,MW2045B33038,B24,NULL,14,                    ,A14048,3.24E+00,1.07E-03,18090,NULL,268,0.00006
1789421,2026/8/12 15:26,MW2045B30599,A23,NULL,6,NULL,A07475,3.23E+00,8.50E-04,18413,NULL,268,0.00035
1789420,2026/8/12 15:26,MW2045B33069,B24,NULL,14,                    ,A14048,3.24E+00,1.09E-03,18266,NULL,268,0.00069
1789419,2026/8/12 15:26,MW2045B35008,A25,NULL,8,NULL,A07475,3.23E+00,8.30E-04,18698,NULL,268,0.00044
1789418,2026/8/12 15:25,MW2045B33068,D23,NULL,29,                    ,NULL,3.24E+00,1.08E-03,18184,NULL,268,0.00098
1789417,2026/8/12 15:25,MW2045B34993,ANZ,NULL,18,NULL,A11801,3.23E+00,7.80E-04,18710,NULL,268,0.00086
1789416,2026/8/12 15:24,MW2045B24449,A23,NULL,6,NULL,A11801,3.24E+00,8.70E-04,18440,NULL,268,0.00049
1789415,2026/8/12 15:24,MW2045B24446,A23,NULL,6,NULL,A11801,3.24E+00,8.80E-04,18442,NULL,268,0.00053
1789414,2026/8/12 15:23,MW2045B33957,A24,NULL,7,NULL,A11801,3.24E+00,9.30E-04,18623,NULL,268,0.00099
1789413,2026/8/12 15:23,MW2045B33954,A22,NULL,5,NULL,A11801,3.23E+00,1.14E-03,18586,NULL,268,0.00062
1789412,2026/8/12 15:22,MW2045B33081,A25,NULL,8,NULL,A11801,3.24E+00,9.60E-04,18565,NULL,268,0.00038
1789411,2026/8/12 15:22,MW2045B33078,A25,NULL,8,NULL,A11801,3.24E+00,9.70E-04,18549,NULL,268,0.00044
1789410,2026/8/12 15:21,MW2045B33079,A25,NULL,8,NULL,A11801,3.24E+00,1.01E-03,18557,NULL,268,0.00027
1789409,2026/8/12 15:21,MW2045B33076,A25,NULL,8,NULL,A11801,3.23E+00,1.01E-03,18516,NULL,268,0.00063
1789408,2026/8/12 15:20,MW2041B17220,ANZ,NULL,18,NULL,A11801,3.23E+00,7.30E-04,18632,NULL,268,0.0001
1789407,2026/8/12 15:20,MW2045B32765,B23,NULL,13,NULL,A11801,3.24E+00,9.40E-04,18701,NULL,268,0.00065
1789406,2026/8/12 15:20,MW2045B32766,A22,NULL,5,NULL,A11801,3.24E+00,1.00E-03,18628,NULL,268,0.0004
1789405,2026/8/12 15:19,MW2045B35943,A25,NULL,8,                    ,A22596,3.23E+00,9.00E-04,18135,NULL,268,0.00058
1789404,2026/8/12 15:19,MW2045B35942,ANZ,NULL,18,NULL,A00826,3.23E+00,7.90E-04,18795,NULL,268,0.00091
1789403,2026/8/12 15:19,MW2045B34032,A24,NULL,7,NULL,A00826,3.24E+00,1.01E-03,18658,NULL,268,0.00094
1789402,2026/8/12 15:19,MW2045B56302,B25,NULL,15,                    ,A22596,3.24E+00,9.30E-04,18265,NULL,268,0.0009
1789401,2026/8/12 15:18,MW2045B56301,B26,NULL,16,                    ,A22596,3.24E+00,9.80E-04,18393,NULL,268,0.00094
1789400,2026/8/12 15:18,MW2045B31391,ANZ,NULL,18,NULL,A00826,3.24E+00,7.80E-04,18590,NULL,268,0.0005
1789399,2026/8/12 15:18,MW2045B34023,C24,NULL,24,                    ,A22596,3.23E+00,1.14E-03,18252,NULL,268,0.00026
1789398,2026/8/12 15:18,MW2045B34056,A25,NULL,8,NULL,A00826,3.23E+00,1.01E-03,18590,NULL,268,0.00059
1789397,2026/8/12 15:18,MW2045B56704,B24,NULL,14,                    ,A22596,3.24E+00,8.90E-04,18302,NULL,268,0.00068
1789396,2026/8/12 15:17,MW2045B34053,A24,NULL,7,NULL,A00826,3.23E+00,1.09E-03,18760,NULL,268,0.00008
1789395,2026/8/12 15:17,MW2040B03632,A23,NULL,6,                    ,A22596,3.23E+00,1.26E-03,18418,NULL,268,0.00061
1789394,2026/8/12 15:17,MW2045B28990,ANZ,NULL,18,NULL,A00826,3.23E+00,7.40E-04,18700,NULL,268,0.00085
1789393,2026/8/12 15:17,MW2045B33006,B24,NULL,14,                    ,A22596,3.24E+00,9.70E-04,18188,NULL,268,0.00005
1789392,2026/8/12 15:16,MW2045B34051,A25,NULL,8,NULL,A00826,3.24E+00,1.03E-03,18615,NULL,268,0.0009
1789391,2026/8/12 15:16,MW2045B33007,B25,NULL,15,                    ,A22596,3.24E+00,1.04E-03,18353,NULL,268,0.00052
1789390,2026/8/12 15:16,MW2045B34052,C25,NULL,25,NULL,A00826,3.23E+00,9.20E-04,18845,NULL,268,0.00061
1789389,2026/8/12 15:16,MW2045B34027,A25,NULL,8,                    ,A22596,3.24E+00,1.14E-03,18218,NULL,268,0.0008
1789388,2026/8/12 15:15,MW2045B36003,A24,NULL,7,NULL,A00826,3.24E+00,8.10E-04,18782,NULL,268,0.00032
1789387,2026/8/12 15:15,MW2045B34029,A25,NULL,8,                    ,A22596,3.23E+00,1.02E-03,18324,NULL,268,0.00029
1789386,2026/8/12 15:15,MW2045B31183,B25,NULL,15,                    ,A22596,3.23E+00,8.80E-04,18259,NULL,268,0.00022
1789385,2026/8/12 15:15,MW2045B29472,B25,NULL,15,NULL,A00826,3.24E+00,8.30E-04,18558,NULL,268,0.00061
1789384,2026/8/12 15:15,MW2045B31182,D25,NULL,31,                    ,A22596,3.24E+00,8.20E-04,18299,NULL,268,0.00095
1789383,2026/8/12 15:15,MW2045B33590,ANZ,NULL,18,NULL,A00826,3.23E+00,7.40E-04,18705,NULL,268,0.00025
1789382,2026/8/12 15:14,MW2045B33074,A25,NULL,8,                    ,A01946,3.23E+00,9.70E-04,18300,NULL,268,0.00071
1789381,2026/8/12 15:14,MW2045B06877,ANZ,NULL,18,NULL,A00826,3.24E+00,7.40E-04,18632,NULL,268,0.00043
1789380,2026/8/12 15:14,MW2045B30845,B25,NULL,15,                    ,A01946,3.24E+00,9.00E-04,18219,NULL,268,0.00028
1789379,2026/8/12 15:14,MW2045B31017,B24,NULL,14,NULL,A04888,3.24E+00,8.60E-04,18714,NULL,268,0.00049
1789378,2026/8/12 15:13,MW2045B33075,A24,NULL,7,                    ,A01946,3.24E+00,1.13E-03,18130,NULL,268,0.00005
1789377,2026/8/12 15:13,MW2045B33077,A25,NULL,8,NULL,A04888,3.24E+00,9.70E-04,18468,NULL,268,0.0002
1789376,2026/8/12 15:13,MW2045B06924,A27,NULL,10,                    ,A01946,3.23E+00,8.20E-04,18042,NULL,268,0.00022
1789375,2026/8/12 15:12,MW2045B31220,ANZ,NULL,18,NULL,A04888,3.23E+00,7.20E-04,18616,NULL,268,0.0003
1789374,2026/8/12 15:12,MW2045B29715,A21,NULL,4,                    ,A01946,3.24E+00,1.14E-03,18191,NULL,268,0.0009
1789373,2026/8/12 15:11,MW2045B31218,ANZ,NULL,18,NULL,A04888,3.24E+00,7.60E-04,18798,NULL,268,0.00081
1789372,2026/8/12 15:11,MW2045B29864,B26,NULL,16,                    ,A01946,3.23E+00,9.10E-04,18332,NULL,268,0.00011
1789371,2026/8/12 15:11,MW2045B31215,ANZ,NULL,18,NULL,A04888,3.24E+00,7.30E-04,18397,NULL,268,0.00031
1789370,2026/8/12 15:11,MW2045B29863,B21,NULL,11,                    ,A01946,3.24E+00,1.19E-03,18275,NULL,268,0.00086
1789369,2026/8/12 15:11,MW2045B31214,ANZ,NULL,18,NULL,A04888,3.24E+00,7.60E-04,18737,NULL,268,0.00046
1789368,2026/8/12 15:11,MW2045B29866,A21,NULL,4,                    ,A01946,3.24E+00,1.24E-03,18267,NULL,268,0.00029
1789367,2026/8/12 15:10,MW2045B31213,ANZ,NULL,18,NULL,A04888,3.24E+00,7.70E-04,18736,NULL,268,0.00062
1789366,2026/8/12 15:10,MW2045B29865,B26,NULL,16,                    ,A01946,3.24E+00,9.50E-04,18231,NULL,268,0.00089
1789365,2026/8/12 15:10,MW2045B31211,ANZ,NULL,18,NULL,A04888,3.23E+00,7.30E-04,18649,NULL,268,0.00019
1789364,2026/8/12 15:08,MW2045B26885,CHH,NULL,20,                    ,A01946,3.23E+00,8.50E-04,18235,NULL,268,0.00095
1789363,2026/8/12 15:08,MW2045B19793,ANZ,NULL,18,NULL,A04888,3.23E+00,7.60E-04,18753,NULL,268,0.00067
1789362,2026/8/12 15:08,MW2045B26886,A26,NULL,9,                    ,A01946,3.23E+00,8.40E-04,18115,NULL,268,0.00012
1789361,2026/8/12 15:08,MW2045B28944,D23,NULL,29,NULL,A04888,3.24E+00,8.50E-04,18544,NULL,268,0.00059
1789360,2026/8/12 15:08,MW2045B31850,C26,NULL,26,                    ,A01946,3.23E+00,8.50E-04,18250,NULL,268,0.00021
1789359,2026/8/12 15:07,MW2045B30859,A25,NULL,8,NULL,A04888,3.24E+00,8.70E-04,18728,NULL,268,0.00089
1789358,2026/8/12 15:07,MW2045B35398,A24,NULL,7,                    ,A20375,3.24E+00,1.11E-03,18134,NULL,268,0.00055
1789357,2026/8/12 15:07,MW2045B30890,C25,NULL,25,NULL,A04888,3.23E+00,8.80E-04,18827,NULL,268,0.00057
1789356,2026/8/12 15:07,MW2045B30858,A25,NULL,8,                    ,A20375,3.24E+00,1.12E-03,18221,NULL,268,0.0005
1789355,2026/8/12 15:06,MW2044B11493,A26,NULL,9,NULL,A20595,3.24E+00,9.70E-04,18569,NULL,268,0.00084
1789354,2026/8/12 15:06,MW2045B22216,A26,NULL,9,                    ,A20375,3.23E+00,9.20E-04,18256,NULL,268,0.00082
1789353,2026/8/12 15:06,MW2044B11322,A25,NULL,8,NULL,A20595,3.24E+00,1.06E-03,18340,NULL,268,0.00079
1789352,2026/8/12 15:06,MW2045B22215,A26,NULL,9,                    ,A20375,3.23E+00,9.50E-04,18323,NULL,268,0.00005
1789351,2026/8/12 15:05,MW2044B11321,C26,NULL,26,NULL,A20595,3.24E+00,9.30E-04,18528,NULL,268,0.00087
1789350,2026/8/12 15:05,MW2045B30856,A25,NULL,8,                    ,A20375,3.24E+00,1.10E-03,18201,NULL,268,0.00098
1789349,2026/8/12 15:05,MW2045B24115,A23,NULL,6,                    ,A20375,3.24E+00,1.12E-03,18248,NULL,268,0.00055
1789348,2026/8/12 15:05,MW2045B43791,B25,NULL,15,NULL,A20595,3.24E+00,1.01E-03,18858,NULL,268,0.00028
1789347,2026/8/12 15:05,MW2045B24114,A23,NULL,6,                    ,A20375,3.24E+00,1.10E-03,17967,NULL,268,0.0003
1789346,2026/8/12 15:04,MW2044B11323,A25,NULL,8,NULL,A20595,3.24E+00,8.10E-04,18489,NULL,268,0.00093
1789345,2026/8/12 15:04,MW2045B29130,A25,NULL,8,                    ,A20375,3.23E+00,9.40E-04,18219,NULL,268,0.00025
1789344,2026/8/12 15:04,MW2045B43202,A25,NULL,8,NULL,A20595,3.24E+00,1.03E-03,18585,NULL,268,0.00005
1789343,2026/8/12 15:04,MW2045B27316,A25,NULL,8,                    ,A20375,3.23E+00,9.60E-04,18283,NULL,268,0.00084
1789342,2026/8/12 15:04,MW2044B11513,ANZ,NULL,18,NULL,A20595,3.24E+00,8.00E-04,18479,NULL,268,0.00079
1789341,2026/8/12 15:03,MW2045B27317,A25,NULL,8,                    ,A20375,3.23E+00,1.09E-03,18295,NULL,268,0.00059
1789340,2026/8/12 15:03,MW2044B11508,A26,NULL,9,NULL,A20595,3.24E+00,8.20E-04,18515,NULL,268,0.00042
1789339,2026/8/12 15:03,MW2045B22254,A25,NULL,8,                    ,A20375,3.23E+00,8.70E-04,18252,NULL,268,0.00068
1789338,2026/8/12 15:03,MW2044B20001,ANZ,NULL,18,NULL,A20595,3.24E+00,7.70E-04,18432,NULL,268,0.00074
1789337,2026/8/12 15:03,MW2045B27320,A24,NULL,7,                    ,A20375,3.24E+00,1.12E-03,18295,NULL,268,0.00031
1789336,2026/8/12 15:02,MW2044B19779,A23,NULL,6,NULL,A20595,3.24E+00,1.04E-03,18593,NULL,268,0.00009
1789335,2026/8/12 15:02,MW2045B33979,C25,NULL,25,                    ,A22968,3.23E+00,9.80E-04,18380,NULL,268,0.00097
1789334,2026/8/12 15:02,MW2044B11161,ANZ,NULL,18,NULL,A20595,3.24E+00,8.00E-04,18650,NULL,268,0.00085
1789333,2026/8/12 15:02,MW2045B33980,C24,NULL,24,                    ,A22968,3.24E+00,1.04E-03,18298,NULL,268,0.00037
1789332,2026/8/12 15:01,MW2044B11162,A25,NULL,8,NULL,A20595,3.24E+00,8.20E-04,18675,NULL,268,0.00088
1789331,2026/8/12 15:01,MW2045B23112,A25,NULL,8,                    ,A22968,3.24E+00,1.01E-03,18193,NULL,268,0.00055
1789330,2026/8/12 15:01,MW2045B33978,C23,NULL,23,                    ,A22968,3.24E+00,1.18E-03,18087,NULL,268,0.00014
1789329,2026/8/12 15:01,MW2044B11163,A26,NULL,9,NULL,A18219,3.24E+00,8.20E-04,18606,NULL,268,0.00029
1789328,2026/8/12 15:01,MW2045B33975,C24,NULL,24,                    ,A22968,3.24E+00,1.08E-03,18155,NULL,268,0.00076
1789327,2026/8/12 15:00,MW2044B12082,O,NULL,1,NULL,A18219,0.00E+00,0.00E+00,18425,NULL,268,0.00031
1789326,2026/8/12 15:00,MW2045B24436,A24,NULL,7,                    ,A22968,3.24E+00,1.04E-03,17986,NULL,268,0.00086
1789325,2026/8/12 15:00,MW2040B03575,A22,NULL,5,                    ,A22968,3.23E+00,1.17E-03,18278,NULL,268,0.00073
1789324,2026/8/12 14:59,MW2045B31212,B25,NULL,15,                    ,A22968,3.24E+00,8.50E-04,18220,NULL,268,0.00001
1789323,2026/8/12 14:59,MW2045B43494,A25,NULL,8,                    ,A22968,3.24E+00,1.27E-03,18302,NULL,268,0.00027
1789322,2026/8/12 14:58,MW2045B06922,B26,NULL,16,                    ,A22968,3.23E+00,8.30E-04,18178,NULL,268,0.00062
1789321,2026/8/12 14:58,MW2045B06873,A26,NULL,9,                    ,A22968,3.23E+00,8.60E-04,18187,NULL,268,0.00069
1789320,2026/8/12 14:58,MW2045B0687 ,O,NULL,1,                    ,NULL,3.24E+00,8.40E-04,18205,NULL,268,0.00069
1789319,2026/8/12 14:55,MW2044B07939,C25,NULL,25,                    ,A15016,3.24E+00,1.06E-03,18283,NULL,268,0.00088
1789318,2026/8/12 14:55,MW2044B11232,A24,NULL,7,                    ,A15016,3.24E+00,1.03E-03,18354,NULL,268,0.00056
1789317,2026/8/12 14:54,MW2044B07940,A25,NULL,8,                    ,A15016,3.24E+00,1.06E-03,18292,NULL,268,0.00034
1789316,2026/8/12 14:54,MW2044B11231,A24,NULL,7,                    ,A15016,3.23E+00,9.90E-04,18097,NULL,268,0.00034
1789315,2026/8/12 14:54,MW2044B07941,A26,NULL,9,                    ,A15016,3.24E+00,1.03E-03,18265,NULL,268,0.00009
1789314,2026/8/12 14:53,MW2045B45101,A21,NULL,4,                    ,A15016,3.24E+00,1.45E-03,18002,NULL,268,0.0008
1789313,2026/8/12 14:53,MW2044B08144,A24,NULL,7,                    ,A15016,3.24E+00,1.08E-03,18390,NULL,268,0.00056
1789312,2026/8/12 14:52,MW2044B08143,A24,NULL,7,                    ,A15016,3.24E+00,1.10E-03,18297,NULL,268,0.00033
1789311,2026/8/12 14:52,MW2045B45147,A22,NULL,5,                    ,A15016,3.24E+00,1.34E-03,18143,NULL,268,0.0002
1789310,2026/8/12 14:52,MW2044B08139,A24,NULL,7,                    ,A15016,3.24E+00,1.06E-03,18289,NULL,268,0.00027
1789309,2026/8/12 14:51,MW2045B43852,ANZ,NULL,18,NULL,A18219,3.24E+00,7.80E-04,18633,NULL,268,0.00004
1789308,2026/8/12 14:51,MW2044B08140,A23,NULL,6,                    ,A15016,3.24E+00,1.14E-03,18325,NULL,268,0.00027
1789307,2026/8/12 14:51,MW2045B43853,A24,NULL,7,NULL,A18219,3.24E+00,1.04E-03,18755,NULL,268,0.00029
1789306,2026/8/12 14:51,MW2044B20788,A23,NULL,6,                    ,A15016,3.24E+00,1.21E-03,18267,NULL,268,0.00063
1789305,2026/8/12 14:50,MW2045B43789,A25,NULL,8,NULL,A18219,3.24E+00,9.90E-04,18846,NULL,268,0.00046
1789304,2026/8/12 14:50,MW2044B07846,A23,NULL,6,                    ,A17327,3.24E+00,1.15E-03,18226,NULL,268,0.00037
1789303,2026/8/12 14:50,MW2045B48395,A25,NULL,8,                    ,A17327,3.24E+00,9.00E-04,18182,NULL,268,0.00038
1789302,2026/8/12 14:50,MW2045B43201,A24,NULL,7,NULL,A18219,3.24E+00,1.03E-03,18793,NULL,268,0.00032
1789301,2026/8/12 14:50,MW2044B19495,A26,NULL,9,                    ,A17327,3.24E+00,1.04E-03,18332,NULL,268,0.00026
1789300,2026/8/12 14:50,MW2045B43199,A25,NULL,8,NULL,A18219,3.24E+00,1.06E-03,18687,NULL,268,0.00096
1789299,2026/8/12 14:49,MW2044B07847,A23,NULL,6,                    ,A17327,3.24E+00,1.13E-03,18218,NULL,268,0.00059
1789298,2026/8/12 14:49,MW2045B43198,A24,NULL,7,NULL,A18219,3.24E+00,1.07E-03,18852,NULL,268,0.00033
1789297,2026/8/12 14:49,MW2044B07845,A23,NULL,6,                    ,A17327,3.24E+00,1.08E-03,18222,NULL,268,0.00042
1789296,2026/8/12 14:49,MW2045B43197,A25,NULL,8,NULL,A18219,3.24E+00,1.02E-03,18806,NULL,268,0.00003
1789295,2026/8/12 14:48,MW2044B07844,A23,NULL,6,                    ,A17327,3.24E+00,1.08E-03,18249,NULL,268,0.00075
1789294,2026/8/12 14:48,MW2045B43608,A24,NULL,7,NULL,A18219,3.24E+00,1.09E-03,18760,NULL,268,0.00056
1789293,2026/8/12 14:48,MW2045B30530,A25,NULL,8,NULL,A18219,3.24E+00,9.00E-04,18668,NULL,268,0.00034
1789292,2026/8/12 14:48,MW2044B08152,A23,NULL,6,                    ,A17327,3.24E+00,1.06E-03,18082,NULL,268,0.00003
1789291,2026/8/12 14:47,MW2045B43195,A25,NULL,8,NULL,A18219,3.24E+00,9.60E-04,18780,NULL,268,0.00046
1789290,2026/8/12 14:47,MW2044B07862,A23,NULL,6,                    ,A17327,3.24E+00,1.10E-03,18335,NULL,268,0.00013
1789289,2026/8/12 14:47,MW2045B48393,ANZ,NULL,18,NULL,A01273,3.23E+00,7.80E-04,18570,NULL,268,0.00047
1789288,2026/8/12 14:47,MW2044B07856,A24,NULL,7,                    ,A17327,3.23E+00,9.90E-04,18303,NULL,268,0.00084
1789287,2026/8/12 14:46,MW2044B07848,A24,NULL,7,NULL,A01273,3.24E+00,9.00E-04,18501,NULL,268,0.00006
1789286,2026/8/12 14:46,MW2044B07857,A23,NULL,6,                    ,A17327,3.24E+00,1.10E-03,18348,NULL,268,0.00039
1789285,2026/8/12 14:46,MW2044B07858,A23,NULL,6,                    ,A17327,3.24E+00,1.10E-03,18299,NULL,268,0.00022
1789284,2026/8/12 14:46,MW2045B48394,ANZ,NULL,18,NULL,A01273,3.24E+00,7.80E-04,18673,NULL,268,0.0002
1789283,2026/8/12 14:45,MW2045B43194,A25,NULL,8,                    ,A17327,3.24E+00,1.18E-03,18280,NULL,268,0.00059
1789282,2026/8/12 14:45,MW2044B07850,A25,NULL,8,NULL,A01273,3.24E+00,8.60E-04,18453,NULL,268,0.00008
1789281,2026/8/12 14:45,MW2044B07838,A24,NULL,7,                    ,A11087,3.23E+00,1.00E-03,18347,NULL,268,0.00065
1789280,2026/8/12 14:45,MW2045B48391,ANZ,NULL,18,NULL,A01273,3.24E+00,7.80E-04,18631,NULL,268,0.00003
1789279,2026/8/12 14:45,MW2044B07839,A25,NULL,8,                    ,A11087,3.24E+00,1.01E-03,18294,NULL,268,0.00035
1789278,2026/8/12 14:44,MW2044B07864,A23,NULL,6,NULL,A01273,3.24E+00,9.70E-04,18266,NULL,268,0.00022
1789277,2026/8/12 14:44,MW2044B07835,A23,NULL,6,                    ,A11087,3.24E+00,1.25E-03,18391,NULL,268,0.00052
1789276,2026/8/12 14:44,MW2044B07869,A24,NULL,7,NULL,A01273,3.24E+00,9.80E-04,18430,NULL,268,0.00026
1789275,2026/8/12 14:44,MW2045B45090,A21,NULL,4,                    ,A11087,3.24E+00,1.56E-03,18149,NULL,268,0.00046
1789274,2026/8/12 14:44,MW2044B20719,A21,NULL,4,NULL,A01273,3.24E+00,9.20E-04,18665,NULL,268,0.00091
1789273,2026/8/12 14:43,MW2044B08107,A23,NULL,6,                    ,A11087,3.24E+00,1.12E-03,18331,NULL,268,0.00039
1789272,2026/8/12 14:43,MW2044B20721,A22,NULL,5,NULL,A01273,3.24E+00,1.07E-03,18616,NULL,268,0.00066
1789271,2026/8/12 14:43,MW2044B08108,C23,NULL,23,                    ,A11087,3.23E+00,1.14E-03,18397,NULL,268,0.00037
1789270,2026/8/12 14:43,MW2044B20772,A24,NULL,7,NULL,A01273,3.24E+00,9.50E-04,18499,NULL,268,0.00038
1789269,2026/8/12 14:43,MW2044B07966,A24,NULL,7,                    ,A11087,3.24E+00,9.80E-04,18264,NULL,268,0.00001
1789268,2026/8/12 14:42,MW2045B48389,ANZ,NULL,18,NULL,A01273,3.24E+00,7.70E-04,18688,NULL,268,0.0008
1789267,2026/8/12 14:42,MW2044B07967,A25,NULL,8,                    ,A11087,3.24E+00,1.04E-03,18240,NULL,268,0.00066
1789266,2026/8/12 14:42,MW2044B19752,A23,NULL,6,NULL,A01273,3.24E+00,1.31E-03,18673,NULL,268,0.00034
1789265,2026/8/12 14:42,MW2044B07968,A25,NULL,8,                    ,A11087,3.24E+00,1.01E-03,18292,NULL,268,0.00047
1789264,2026/8/12 14:41,MW2044B08149,C23,NULL,23,                    ,A11087,3.23E+00,1.06E-03,18382,NULL,268,0.0002
1789263,2026/8/12 14:41,MW2044B11325,A23,NULL,6,                    ,A11087,3.24E+00,1.04E-03,18220,NULL,268,0.00073
1789262,2026/8/12 14:40,MW2044B07938,C25,NULL,25,                    ,A11087,3.24E+00,1.10E-03,18255,NULL,268,0.00048
1789261,2026/8/12 14:40,MW2045B45157,A22,NULL,5,NULL,A07087,3.24E+00,1.42E-03,18541,NULL,268,0.00064
1789260,2026/8/12 14:40,MW2044B11356,A26,NULL,9,                    ,A07640,3.24E+00,1.02E-03,18209,NULL,268,0.00026
1789259,2026/8/12 14:40,MW2044B07836,A22,NULL,5,NULL,A07087,3.24E+00,1.05E-03,18352,NULL,268,0.00062
1789258,2026/8/12 14:40,MW2044B11357,A21,NULL,4,                    ,A07640,3.24E+00,1.31E-03,18004,NULL,268,0.00071
1789257,2026/8/12 14:39,MW2044B07886,A23,NULL,6,NULL,A07087,3.24E+00,9.70E-04,18530,NULL,268,0.0003
1789256,2026/8/12 14:39,MW2044B19188,A25,NULL,8,                    ,A07640,3.24E+00,1.01E-03,18271,NULL,268,0.00057
1789255,2026/8/12 14:39,MW2045B45154,A21,NULL,4,NULL,A07087,3.24E+00,1.20E-03,18726,NULL,268,0.00039
1789254,2026/8/12 14:39,MW2044B11349,A25,NULL,8,                    ,A07640,3.24E+00,1.06E-03,18332,NULL,268,0.00003
1789253,2026/8/12 14:39,MW2045B45155,A22,NULL,5,NULL,A07087,3.24E+00,1.48E-03,18615,NULL,268,0.00007
1789252,2026/8/12 14:38,MW2044B11350,A21,NULL,4,                    ,A07640,3.24E+00,1.22E-03,18342,NULL,268,0.00079
1789251,2026/8/12 14:38,MW2044B07887,A24,NULL,7,NULL,A07087,3.23E+00,8.60E-04,18430,NULL,268,0.00018
1789250,2026/8/12 14:38,MW2044B11351,A22,NULL,5,                    ,A07640,3.24E+00,1.26E-03,18103,NULL,268,0.00081
1789249,2026/8/12 14:38,MW2045B45156,A21,NULL,4,NULL,A07087,3.24E+00,1.19E-03,18765,NULL,268,0.00076
1789248,2026/8/12 14:38,MW2044B20866,A25,NULL,8,                    ,A07640,3.24E+00,1.09E-03,18412,NULL,268,0.00087
1789247,2026/8/12 14:37,MW2044B07921,A25,NULL,8,NULL,A07087,3.24E+00,9.30E-04,18491,NULL,268,0.00084
1789246,2026/8/12 14:37,MW2045B45149,B23,NULL,13,                    ,A07640,3.24E+00,1.21E-03,18094,NULL,268,0.00087
1789245,2026/8/12 14:37,MW2045B45153,B22,NULL,12,NULL,A07087,3.24E+00,1.36E-03,18739,NULL,268,0.00034
1789244,2026/8/12 14:37,MW2045B45150,A21,NULL,4,                    ,A07640,3.24E+00,1.33E-03,18231,NULL,268,0.0006
1789243,2026/8/12 14:36,MW2044B20395,A25,NULL,8,                    ,A07640,3.24E+00,8.80E-04,18204,NULL,268,0.00007
1789242,2026/8/12 14:36,MW2044B08003,A23,NULL,6,NULL,A07087,3.23E+00,9.30E-04,18607,NULL,268,0.00046
1789241,2026/8/12 14:36,MW2044B08141,A23,NULL,6,                    ,A07640,3.23E+00,1.11E-03,18344,NULL,268,0.00081
1789240,2026/8/12 14:36,MW2045B45152,A22,NULL,5,NULL,A07087,3.24E+00,1.23E-03,18887,NULL,268,0.00018
1789239,2026/8/12 14:35,MW2044B08142,A24,NULL,7,NULL,A07087,3.24E+00,9.70E-04,18575,NULL,268,0.00048
1789238,2026/8/12 14:35,MW2045B45151,A21,NULL,4,                    ,A07640,3.24E+00,1.58E-03,18085,NULL,268,0.00007
1789237,2026/8/12 14:35,MW2044B19753,A23,NULL,6,NULL,A06628,3.24E+00,1.06E-03,18644,NULL,268,0.00071
1789236,2026/8/12 14:35,MW2044B19558,A23,NULL,6,                    ,A10136,3.24E+00,1.45E-03,18190,NULL,268,0.00095
1789235,2026/8/12 14:35,MW2045B48388,ANZ,NULL,18,NULL,A06628,3.24E+00,7.80E-04,18665,NULL,268,0.00023
1789234,2026/8/12 14:34,MW2044B19830,A26,NULL,9,                    ,A10136,3.24E+00,8.70E-04,18297,NULL,268,0.00037
1789233,2026/8/12 14:34,MW2044B19754,A23,NULL,6,NULL,A06628,3.24E+00,1.04E-03,18647,NULL,268,0.00055
1789232,2026/8/12 14:32,MW2044B19762,A23,NULL,6,NULL,A06628,3.24E+00,1.02E-03,18561,NULL,268,0.00086
1789231,2026/8/12 14:32,MW2044B19557,A23,NULL,6,                    ,A10136,3.24E+00,1.30E-03,18268,NULL,268,0.00037
1789230,2026/8/12 14:32,MW2044B19254,C23,NULL,23,NULL,A06628,3.24E+00,9.80E-04,18607,NULL,268,0.00021
1789229,2026/8/12 14:32,MW2044B19555,A23,NULL,6,                    ,A10136,3.24E+00,1.28E-03,18285,NULL,268,0.00021
1789228,2026/8/12 14:31,MW2044B19190,ANZ,NULL,18,NULL,A06628,3.24E+00,7.20E-04,18462,NULL,268,0.00036
1789227,2026/8/12 14:31,MW2044B11193,A24,NULL,7,                    ,A10136,3.24E+00,1.16E-03,18257,NULL,268,0.00045
1789226,2026/8/12 14:31,MW2044B18583,C25,NULL,25,NULL,A06628,3.24E+00,1.02E-03,18629,NULL,268,0.00017
1789225,2026/8/12 14:31,MW2044B19355,A22,NULL,5,                    ,A10136,3.24E+00,1.12E-03,18096,NULL,268,0.00031
1789224,2026/8/12 14:31,MW2044B11192,A25,NULL,8,                    ,A10136,3.24E+00,1.11E-03,18168,NULL,268,0.0005
1789223,2026/8/12 14:31,MW2044B21022,A21,NULL,4,NULL,A06628,3.24E+00,1.11E-03,18574,NULL,268,0.00099
1789222,2026/8/12 14:30,MW2044B07781,A24,NULL,7,                    ,A10136,3.24E+00,9.70E-04,18220,NULL,268,0.00008
1789221,2026/8/12 14:30,MW2044B07763,A24,NULL,7,NULL,A06628,3.24E+00,8.90E-04,18479,NULL,268,0.00019
1789220,2026/8/12 14:30,MW2044B11197,A25,NULL,8,                    ,A10136,3.24E+00,1.09E-03,18363,NULL,268,0.00003
1789219,2026/8/12 14:30,MW2045B49845,ANZ,NULL,18,NULL,A06628,3.24E+00,7.70E-04,18532,NULL,268,0.00011
1789218,2026/8/12 14:29,MW2044B07788,A24,NULL,7,                    ,A10136,3.24E+00,1.02E-03,18241,NULL,268,0.00059
1789217,2026/8/12 14:29,MW2044B07786,A24,NULL,7,NULL,A06628,3.24E+00,9.10E-04,18487,NULL,268,0.00001
1789216,2026/8/12 14:29,MW2044B11196,A25,NULL,8,                    ,A10136,3.24E+00,1.11E-03,18286,NULL,268,0.00043
1789215,2026/8/12 14:29,MW2045B43738,A25,NULL,8,NULL,A06628,3.24E+00,9.80E-04,18829,NULL,268,0.00042
1789214,2026/8/12 14:29,MW2044B07787,A23,NULL,6,                    ,A10136,3.24E+00,1.10E-03,18058,NULL,268,0.00013
1789213,2026/8/12 14:28,MW2044B11355,A25,NULL,8,NULL,A18209,3.24E+00,9.10E-04,18509,NULL,268,0.00068
1789212,2026/8/12 14:28,MW2044B20320,A26,NULL,9,                    ,A03233,3.23E+00,8.70E-04,18235,NULL,268,0.00036
1789211,2026/8/12 14:28,MW2044B11358,A25,NULL,8,NULL,A18209,3.24E+00,9.00E-04,18442,NULL,268,0.00071
1789210,2026/8/12 14:28,MW2044B09467,A24,NULL,7,                    ,A03233,3.24E+00,1.04E-03,18302,NULL,268,0.00044
1789209,2026/8/12 14:27,MW2044B11437,ANZ,NULL,18,NULL,A18209,3.24E+00,7.70E-04,18549,NULL,268,0.00077
1789208,2026/8/12 14:27,MW2044B20317,A26,NULL,9,                    ,A03233,3.24E+00,8.70E-04,18168,NULL,268,0.0002
1789207,2026/8/12 14:27,MW2044B11447,A26,NULL,9,NULL,A18209,3.24E+00,9.00E-04,18442,NULL,268,0.00076
1789206,2026/8/12 14:27,MW2044B09468,A24,NULL,7,                    ,A03233,3.24E+00,1.01E-03,18256,NULL,268,0.00048
1789205,2026/8/12 14:27,MW2044B20318,A25,NULL,8,                    ,A03233,3.24E+00,9.30E-04,18231,NULL,268,0.00081
1789204,2026/8/12 14:27,MW2044B11431,ANZ,NULL,18,NULL,A18209,3.24E+00,7.40E-04,18468,NULL,268,0.00059
1789203,2026/8/12 14:26,MW2044B07785,C24,NULL,24,NULL,A18209,3.24E+00,9.20E-04,18411,NULL,268,0.00095
1789202,2026/8/12 14:26,MW2044B07791,A25,NULL,8,NULL,A18209,3.24E+00,8.70E-04,18340,NULL,268,0.00019
1789201,2026/8/12 14:25,MW2044B19039,A25,NULL,8,                    ,A03233,3.24E+00,9.10E-04,18159,NULL,268,0.00054
1789200,2026/8/12 14:25,MW2044B08042,A25,NULL,8,NULL,A18209,3.24E+00,8.80E-04,18435,NULL,268,0.0005
1789199,2026/8/12 14:25,MW2044B19131,A25,NULL,8,                    ,A03233,3.23E+00,8.40E-04,18064,NULL,268,0.00006
1789198,2026/8/12 14:25,MW2044B08043,A25,NULL,8,NULL,A18209,3.24E+00,9.90E-04,18505,NULL,268,0.00073
1789197,2026/8/12 14:24,MW2044B19110,A25,NULL,8,                    ,A03233,3.24E+00,9.40E-04,18204,NULL,268,0.00053
1789196,2026/8/12 14:24,MW2044B08044,A25,NULL,8,NULL,A18209,3.24E+00,8.90E-04,18423,NULL,268,0.00056
1789195,2026/8/12 14:24,MW2044B19109,C25,NULL,25,                    ,A03233,3.23E+00,9.60E-04,18193,NULL,268,0.00052
1789194,2026/8/12 14:24,MW2044B07861,A23,NULL,6,NULL,A18209,3.24E+00,1.07E-03,18450,NULL,268,0.00012
1789193,2026/8/12 14:24,MW2044B19108,A25,NULL,8,                    ,A03233,3.24E+00,9.40E-04,18079,NULL,268,0.00054
1789192,2026/8/12 14:23,MW2044B20965,A25,NULL,8,NULL,A18209,3.24E+00,1.10E-03,18594,NULL,268,0.00077
1789191,2026/8/12 14:23,MW2044B19107,A26,NULL,9,                    ,A03233,3.24E+00,8.40E-04,18196,NULL,268,0.00069
1789190,2026/8/12 14:23,MW2044B13083,A25,NULL,8,NULL,A04351,3.24E+00,1.03E-03,18626,NULL,268,0.00011
1789189,2026/8/12 14:23,MW2044B19106,A25,NULL,8,                    ,NULL,3.24E+00,9.80E-04,18088,NULL,268,0.00037
1789188,2026/8/12 14:22,MW2044B13107,A26,NULL,9,NULL,A04351,3.24E+00,9.70E-04,18638,NULL,268,0.00015
1789187,2026/8/12 14:21,MW2045B50579,ANZ,NULL,18,NULL,A04351,3.24E+00,7.30E-04,18603,NULL,268,0.00032
1789186,2026/8/12 14:21,MW2045B50782,C23,NULL,23,NULL,A04351,3.24E+00,1.21E-03,18435,NULL,268,0.00076
1789185,2026/8/12 14:20,MW2044B20324,ANZ,NULL,18,NULL,A04351,3.24E+00,7.90E-04,18448,NULL,268,0.00083
1789184,2026/8/12 14:20,MW2044B20357,ANZ,NULL,18,NULL,A04351,3.24E+00,7.30E-04,18692,NULL,268,0.0008
1789183,2026/8/12 14:20,MW2044B10470,A24,NULL,7,                    ,A13356,3.24E+00,9.20E-04,18308,NULL,268,0.0005
1789182,2026/8/12 14:19,MW2044B20361,ANZ,NULL,18,NULL,A04351,3.24E+00,7.90E-04,18358,NULL,268,0.00051
1789181,2026/8/12 14:19,MW2045B45282,B22,NULL,12,                    ,A13356,3.24E+00,1.68E-03,18070,NULL,268,0.00033
1789180,2026/8/12 14:19,MW2044B20359,ANZ,NULL,18,NULL,A04351,3.24E+00,7.70E-04,18382,NULL,268,0.00059
1789179,2026/8/12 14:19,MW2045B45283,A25,NULL,8,                    ,A13356,3.24E+00,1.49E-03,18163,NULL,268,0.00055
1789178,2026/8/12 14:19,MW2044B19291,C25,NULL,25,NULL,A04351,3.24E+00,8.80E-04,19047,NULL,268,0.00085
1789177,2026/8/12 14:18,MW2044B10473,A24,NULL,7,                    ,A13356,3.24E+00,9.50E-04,18351,NULL,268,0.00083
1789176,2026/8/12 14:18,MW2044B19292,A25,NULL,8,NULL,A04351,3.24E+00,9.70E-04,18573,NULL,268,0.00004
1789175,2026/8/12 14:18,MW2044B10474,A24,NULL,7,                    ,A13356,3.24E+00,9.30E-04,18130,NULL,268,0.00008
1789174,2026/8/12 14:18,MW2044B19300,A25,NULL,8,NULL,A04351,3.24E+00,9.40E-04,18522,NULL,268,0.00055
1789173,2026/8/12 14:18,MW2044B10475,A25,NULL,8,                    ,A13356,3.23E+00,8.70E-04,18255,NULL,268,0.00075
1789172,2026/8/12 14:17,MW2044B19319,A23,NULL,6,NULL,A04351,3.24E+00,9.70E-04,18700,NULL,268,0.00002
1789171,2026/8/12 14:17,MW2044B10476,A25,NULL,8,                    ,A13356,3.24E+00,9.30E-04,18208,NULL,268,0.00025
1789170,2026/8/12 14:17,MW2044B19829,ANZ,NULL,18,NULL,A24580,3.24E+00,7.50E-04,18724,NULL,268,0.00088
1789169,2026/8/12 14:17,MW2044B19228,A22,NULL,5,                    ,A13356,3.24E+00,1.22E-03,18213,NULL,268,0.00005
1789168,2026/8/12 14:16,MW2044B18618,A25,NULL,8,                    ,A13356,3.24E+00,1.22E-03,18507,NULL,268,0.00047
1789167,2026/8/12 14:16,MW2044B19828,ANZ,NULL,18,NULL,A24580,3.24E+00,7.70E-04,18644,NULL,268,0.00082
1789166,2026/8/12 14:16,MW2044B12359,B25,NULL,15,                    ,A13356,3.24E+00,8.60E-04,18252,NULL,268,0.00091
1789165,2026/8/12 14:16,MW2044B20981,A24,NULL,7,NULL,A24580,3.24E+00,1.01E-03,18656,NULL,268,0.00007
1789164,2026/8/12 14:16,MW2044B12358,B25,NULL,15,                    ,A13356,3.24E+00,8.70E-04,18268,NULL,268,0.0009
1789163,2026/8/12 14:15,MW2044B19827,ANZ,NULL,18,NULL,A24580,3.24E+00,7.40E-04,18592,NULL,268,0.00085
1789162,2026/8/12 14:15,MW2044B19279,A24,NULL,7,                    ,A13356,3.24E+00,9.70E-04,18222,NULL,268,0.00074
1789161,2026/8/12 14:15,MW2044B20980,A25,NULL,8,NULL,A24580,3.24E+00,9.70E-04,18676,NULL,268,0.00012
1789160,2026/8/12 14:15,MW2045B45230,A24,NULL,7,                    ,A12437,3.24E+00,1.01E-03,18253,NULL,268,0.00079
1789159,2026/8/12 14:15,MW2044B20979,A25,NULL,8,NULL,A24580,3.24E+00,9.90E-04,18764,NULL,268,0.00017
1789158,2026/8/12 14:14,MW2044B19103,A25,NULL,8,                    ,A12437,3.24E+00,9.50E-04,18039,NULL,268,0.00091
1789157,2026/8/12 14:14,MW2045B43191,ANZ,NULL,18,NULL,A24580,3.23E+00,7.80E-04,18778,NULL,268,0.00041
1789156,2026/8/12 14:14,MW2045B45277,A22,NULL,5,                    ,A12437,3.24E+00,1.75E-03,18203,NULL,268,0.00053
1789155,2026/8/12 14:14,MW2044B20978,A25,NULL,8,NULL,A24580,3.24E+00,9.70E-04,18655,NULL,268,0.0005
1789154,2026/8/12 14:13,MW2044B10465,A25,NULL,8,                    ,A12437,3.23E+00,9.50E-04,18260,NULL,268,0.00058
1789153,2026/8/12 14:13,MW2045B43192,C25,NULL,25,NULL,A24580,3.23E+00,1.01E-03,18849,NULL,268,0.00021
1789152,2026/8/12 14:13,MW2045B45278,A22,NULL,5,                    ,A12437,3.24E+00,1.71E-03,18194,NULL,268,0.00055
1789151,2026/8/12 14:13,MW2044B21215,ANZ,NULL,18,NULL,A24580,3.24E+00,7.30E-04,18547,NULL,268,0.00056
1789150,2026/8/12 14:13,MW2044B10466,A25,NULL,8,                    ,A12437,3.24E+00,9.20E-04,18342,NULL,268,0.00098
1789149,2026/8/12 14:12,MW2044B21010,A24,NULL,7,NULL,A24580,3.24E+00,1.06E-03,18800,NULL,268,0.00024
1789148,2026/8/12 14:12,MW2044B10467,A25,NULL,8,                    ,A12437,3.24E+00,9.00E-04,18365,NULL,268,0.00085
1789147,2026/8/12 14:12,MW2044B21012,A24,NULL,7,NULL,A24580,3.24E+00,1.06E-03,18754,NULL,268,0.00061
1789146,2026/8/12 14:12,MW2045B45279,B24,NULL,14,                    ,A12437,3.24E+00,1.57E-03,18150,NULL,268,0.00039
1789145,2026/8/12 14:11,MW2044B08037,A24,NULL,7,NULL,A24588,3.24E+00,9.50E-04,18435,NULL,268,0.0005
1789144,2026/8/12 14:11,MW2044B10469,A24,NULL,7,                    ,A12437,3.24E+00,9.20E-04,18388,NULL,268,0.00096
1789143,2026/8/12 14:11,MW2045B45280,A23,NULL,6,                    ,A12437,3.24E+00,1.59E-03,18060,NULL,268,0.00046
1789142,2026/8/12 14:11,MW2044B08133,A24,NULL,7,NULL,A24588,3.24E+00,8.80E-04,18373,NULL,268,0.00005
1789141,2026/8/12 14:11,MW2044B10468,A24,NULL,7,                    ,A12437,3.24E+00,9.50E-04,18416,NULL,268,0.00027
1789140,2026/8/12 14:11,MW2044B08134,A23,NULL,6,NULL,A24588,3.24E+00,9.40E-04,18282,NULL,268,0.00054
1789139,2026/8/12 14:10,MW2044B07821,A23,NULL,6,NULL,A24588,3.24E+00,1.07E-03,18528,NULL,268,0.00074
1789138,2026/8/12 14:10,MW2044B08135,A23,NULL,6,NULL,A24588,3.24E+00,9.70E-04,18502,NULL,268,0.00095
1789137,2026/8/12 14:10,MW2045B45281,A21,NULL,4,                    ,A12437,3.24E+00,1.61E-03,18030,NULL,268,0.00012
1789136,2026/8/12 14:09,MW2044B07819,A23,NULL,6,NULL,A24588,3.24E+00,1.07E-03,18570,NULL,268,0.00052
1789135,2026/8/12 14:09,MW2044B20339,A27,NULL,10,                    ,A00124,3.24E+00,8.80E-04,18206,NULL,268,0.00033
1789134,2026/8/12 14:09,MW2045B45185,A22,NULL,5,                    ,A00124,3.24E+00,1.59E-03,18131,NULL,268,0.00001
1789133,2026/8/12 14:09,MW2044B08136,A23,NULL,6,NULL,A24588,3.24E+00,9.10E-04,18440,NULL,268,0.00099
1789132,2026/8/12 14:08,MW2045B45184,A24,NULL,7,                    ,A00124,3.24E+00,1.46E-03,18292,NULL,268,0.00074
1789131,2026/8/12 14:08,MW2044B07820,A23,NULL,6,NULL,A24588,3.24E+00,1.09E-03,18419,NULL,268,0.00057
1789130,2026/8/12 14:08,MW2045B45183,A25,NULL,8,                    ,A00124,3.24E+00,1.26E-03,18205,NULL,268,0.00029
1789129,2026/8/12 14:08,MW2044B08137,A23,NULL,6,NULL,A24588,3.24E+00,9.30E-04,18439,NULL,268,0.00079
1789128,2026/8/12 14:08,MW2044B19172,A24,NULL,7,                    ,A00124,3.24E+00,1.26E-03,18381,NULL,268,0.00045
1789127,2026/8/12 14:07,MW2044B07822,A23,NULL,6,NULL,A24588,3.24E+00,1.16E-03,18559,NULL,268,0.00003
1789126,2026/8/12 14:07,MW2044B19171,A24,NULL,7,                    ,A00124,3.24E+00,1.26E-03,18310,NULL,268,0.00076
1789125,2026/8/12 14:07,MW2044B08138,A23,NULL,6,NULL,A24588,3.24E+00,9.60E-04,18338,NULL,268,0.00095
1789124,2026/8/12 14:07,MW2044B19170,A25,NULL,8,                    ,A00124,3.24E+00,1.05E-03,18408,NULL,268,0.00067
1789123,2026/8/12 14:06,MW2044B08085,A24,NULL,7,NULL,A24588,3.24E+00,9.80E-04,18552,NULL,268,0.00029
1789122,2026/8/12 14:06,MW2045B45239,A22,NULL,5,                    ,A00124,3.24E+00,1.61E-03,18075,NULL,268,0.0006
1789121,2026/8/12 14:06,MW2044B20774,A22,NULL,5,NULL,A22862,3.24E+00,1.09E-03,18490,NULL,268,0.00004
1789120,2026/8/12 14:06,MW2044B19169,A25,NULL,8,                    ,A00124,3.24E+00,1.07E-03,18349,NULL,268,0.00065
1789119,2026/8/12 14:06,MW2044B20717,A22,NULL,5,NULL,A22862,3.23E+00,1.14E-03,18630,NULL,268,0.00045
1789118,2026/8/12 14:05,MW2045B45238,A23,NULL,6,                    ,A00124,3.24E+00,1.55E-03,18121,NULL,268,0.00005
1789117,2026/8/12 14:05,MW2044B20715,A26,NULL,9,NULL,A22862,3.24E+00,8.50E-04,18596,NULL,268,0.00027
1789116,2026/8/12 14:05,MW2044B19168,A25,NULL,8,                    ,A00124,3.24E+00,1.05E-03,18314,NULL,268,0.00023
1789115,2026/8/12 14:05,MW2045B45237,B22,NULL,12,                    ,A00124,3.24E+00,1.70E-03,18110,NULL,268,0.00066
1789114,2026/8/12 14:05,MW2044B20718,A22,NULL,5,NULL,A22862,3.24E+00,1.14E-03,18555,NULL,268,0.00001
1789113,2026/8/12 14:04,MW2044B19034,A25,NULL,8,                    ,A23004,3.24E+00,9.30E-04,18275,NULL,268,0.00003
1789112,2026/8/12 14:04,MW2044B20175,ANZ,NULL,18,NULL,A22862,3.24E+00,7.90E-04,18618,NULL,268,0.00019
1789111,2026/8/12 14:04,MW2044B19033,C26,NULL,26,                    ,A23004,3.23E+00,9.20E-04,18124,NULL,268,0.00063
1789110,2026/8/12 14:04,MW2044B20713,A22,NULL,5,NULL,A22862,3.24E+00,1.10E-03,18653,NULL,268,0.00032
1789109,2026/8/12 14:03,MW2044B19031,A25,NULL,8,                    ,A23004,3.23E+00,1.00E-03,18503,NULL,268,0.00073
1789108,2026/8/12 14:03,MW2045B50362,ANZ,NULL,18,NULL,A22862,3.24E+00,7.80E-04,18642,NULL,268,0.00097
1789107,2026/8/12 14:03,MW2044B19030,A26,NULL,9,                    ,A23004,3.24E+00,8.80E-04,18304,NULL,268,0.00001
1789106,2026/8/12 14:03,MW2044B20716,A22,NULL,5,NULL,A22862,3.24E+00,1.04E-03,18505,NULL,268,0.00043
1789105,2026/8/12 14:03,MW2044B19146,A27,NULL,10,                    ,A23004,3.23E+00,9.00E-04,18312,NULL,268,0.00093
1789104,2026/8/12 14:02,MW2044B20712,A22,NULL,5,NULL,A22862,3.24E+00,1.14E-03,18608,NULL,268,0.0001
1789103,2026/8/12 14:02,MW2044B19148,A26,NULL,9,                    ,A23004,3.23E+00,9.80E-04,18398,NULL,268,0.00067
1789102,2026/8/12 14:02,MW2045B50367,ANZ,NULL,18,NULL,A22862,3.24E+00,7.70E-04,18683,NULL,268,0.00048
1789101,2026/8/12 14:02,MW2044B19147,A25,NULL,8,                    ,A23004,3.23E+00,9.70E-04,18427,NULL,268,0.00016
1789100,2026/8/12 14:01,MW2044B20714,A22,NULL,5,NULL,A22862,3.24E+00,1.10E-03,18617,NULL,268,0.00071
1789099,2026/8/12 14:01,MW2044B19145,A26,NULL,9,                    ,A23004,3.24E+00,9.00E-04,18222,NULL,268,0.00088
1789098,2026/8/12 14:01,MW2044B20274,ANZ,NULL,18,NULL,A22862,3.23E+00,7.80E-04,18826,NULL,268,0.00079
1789097,2026/8/12 14:01,MW2044B13078,C24,NULL,24,                    ,A23004,3.24E+00,1.10E-03,18279,NULL,268,0.00052
1789096,2026/8/12 14:01,MW2044B13087,C24,NULL,24,                    ,A23004,3.24E+00,8.90E-04,18324,NULL,268,0.00063
1789095,2026/8/12 14:01,MW2045B50275,A21,NULL,4,NULL,A01363,3.24E+00,1.40E-03,18481,NULL,268,0.00025
1789094,2026/8/12 14:00,MW2044B13043,A23,NULL,6,                    ,A23004,3.24E+00,1.05E-03,18071,NULL,268,0.00014
1789093,2026/8/12 14:00,MW2044B20723,A25,NULL,8,NULL,A01363,3.24E+00,8.90E-04,18613,NULL,268,0.00003
1789092,2026/8/12 14:00,MW2044B13094,C23,NULL,23,                    ,A23004,3.24E+00,1.03E-03,18056,NULL,268,0.00083
1789091,2026/8/12 14:00,MW2044B20725,A22,NULL,5,NULL,A01363,3.24E+00,1.09E-03,18635,NULL,268,0.00084
1789090,2026/8/12 13:59,MW2045B47916,A26,NULL,9,                    ,A00786,3.24E+00,8.90E-04,18261,NULL,268,0.00063
1789089,2026/8/12 13:59,MW2045B50410,ANZ,NULL,18,NULL,A01363,3.24E+00,7.40E-04,18537,NULL,268,0.00086
1789088,2026/8/12 13:59,MW2045B47918,A27,NULL,10,                    ,A00786,3.23E+00,8.70E-04,18244,NULL,268,0.00037
1789087,2026/8/12 13:59,MW2044B20724,A21,NULL,4,NULL,A01363,3.24E+00,1.17E-03,18763,NULL,268,0.00076
1789086,2026/8/12 13:59,MW2045B47919,A26,NULL,9,                    ,A00786,3.24E+00,9.30E-04,18185,NULL,268,0.00016
1789085,2026/8/12 13:58,MW2045B50576,ANZ,NULL,18,NULL,A01363,3.24E+00,7.50E-04,18452,NULL,268,0.00045
1789084,2026/8/12 13:58,MW2044B20269,A25,NULL,8,                    ,A00786,3.24E+00,8.60E-04,18221,NULL,268,0.00021
1789083,2026/8/12 13:58,MW2044B20727,A22,NULL,5,NULL,A01363,3.24E+00,1.07E-03,18569,NULL,268,0.00004
1789082,2026/8/12 13:58,MW2044B20302,A25,NULL,8,                    ,A00786,3.24E+00,8.80E-04,18015,NULL,268,0.00001
1789081,2026/8/12 13:57,MW2045B50563,ANZ,NULL,18,NULL,A01363,3.24E+00,7.80E-04,18657,NULL,268,0.00058
1789080,2026/8/12 13:57,MW2045B50372,B21,NULL,11,                    ,A00786,3.24E+00,1.53E-03,18241,NULL,268,0.00085
1789079,2026/8/12 13:57,MW2044B16733,A26,NULL,9,                    ,A00786,3.24E+00,1.00E-03,18342,NULL,268,0.00018
1789078,2026/8/12 13:57,MW2044B17270,C21,NULL,21,NULL,A01363,3.24E+00,1.40E-03,18684,NULL,268,0.00069
1789077,2026/8/12 13:57,MW2045B50419,A26,NULL,9,                    ,A00786,3.24E+00,8.70E-04,18105,NULL,268,0.00075
1789076,2026/8/12 13:57,MW2044B17674,A25,NULL,8,NULL,A01363,3.24E+00,1.05E-03,18663,NULL,268,0.00041
1789075,2026/8/12 13:56,MW2044B16128,C26,NULL,26,                    ,A00786,3.23E+00,1.00E-03,18347,NULL,268,0.00029
1789074,2026/8/12 13:56,MW2044B21165,A22,NULL,5,NULL,A01363,3.24E+00,1.03E-03,18464,NULL,268,0.00016
1789073,2026/8/12 13:56,MW2045B50349,B26,NULL,16,                    ,A00786,3.24E+00,9.20E-04,18305,NULL,268,0.00049
1789072,2026/8/12 13:56,MW2044B13093,ANZ,NULL,18,NULL,A01363,3.24E+00,7.80E-04,18625,NULL,268,0.0009
1789071,2026/8/12 13:55,MW2045B50348,A26,NULL,9,                    ,A00786,3.24E+00,8.70E-04,18166,NULL,268,0.00007
1789070,2026/8/12 13:55,MW2044B16126,A26,NULL,9,                    ,A00786,3.24E+00,9.50E-04,18312,NULL,268,0.00024
1789069,2026/8/12 13:50,MW2044B19155,A26,NULL,9,NULL,A13073,3.24E+00,9.00E-04,18571,NULL,268,0.00068
1789068,2026/8/12 13:50,MW2044B19486,A25,NULL,8,NULL,A13073,3.24E+00,9.00E-04,18629,NULL,268,0.00052
1789067,2026/8/12 13:49,MW2044B16617,A26,NULL,9,NULL,A13073,3.24E+00,8.30E-04,18606,NULL,268,0.00093
1789066,2026/8/12 13:49,MW2045B50675,A25,NULL,8,NULL,A13073,3.24E+00,9.80E-04,18579,NULL,268,0.00045
1789065,2026/8/12 13:49,MW2044B16624,A25,NULL,8,NULL,A13073,3.24E+00,9.70E-04,18493,NULL,268,0.00033
1789064,2026/8/12 13:48,MW2044B16622,A26,NULL,9,NULL,A13073,3.24E+00,8.50E-04,18638,NULL,268,0.00053
1789063,2026/8/12 13:48,MW2045B50792,A25,NULL,8,NULL,A13073,3.24E+00,9.20E-04,18428,NULL,268,0.00025
1789062,2026/8/12 13:47,MW2044B05557,A25,NULL,8,NULL,A13073,3.24E+00,8.20E-04,18565,NULL,268,0.00046
1789061,2026/8/12 13:47,MW2044B19040,A25,NULL,8,NULL,A13073,3.24E+00,8.40E-04,18342,NULL,268,0.00035
1789060,2026/8/12 13:46,MW2044B18940,A26,NULL,9,NULL,A13073,3.24E+00,8.70E-04,18713,NULL,268,0.0005
1789059,2026/8/12 13:46,MW2044B18921,A25,NULL,8,NULL,A13073,3.23E+00,8.90E-04,18651,NULL,268,0.00071
1789058,2026/8/12 13:45,MW2044B18922,A25,NULL,8,NULL,A13073,3.24E+00,8.20E-04,18526,NULL,268,0.00037
1789057,2026/8/12 13:40,MW2044B07755,A25,NULL,8,                    ,A03725,3.24E+00,1.01E-03,18424,NULL,268,0.00009
1789056,2026/8/12 13:40,MW2044B19592,A23,NULL,6,                    ,A03725,3.24E+00,1.43E-03,18443,NULL,268,0.00063
1789055,2026/8/12 13:39,MW2044B20872,A25,NULL,8,                    ,A03725,3.24E+00,1.06E-03,18314,NULL,268,0.00016
1789054,2026/8/12 13:39,MW2044B20873,A26,NULL,9,                    ,A03725,3.24E+00,9.40E-04,18236,NULL,268,0.00076
1789053,2026/8/12 13:38,MW2044B08004,A25,NULL,8,                    ,A03725,3.24E+00,1.03E-03,18367,NULL,268,0.0005
1789052,2026/8/12 13:38,MW2044B20874,A26,NULL,9,                    ,A03725,3.24E+00,8.80E-04,18173,NULL,268,0.00018
1789051,2026/8/12 13:38,MW2044B08111,A23,NULL,6,                    ,A03725,3.24E+00,1.21E-03,18488,NULL,268,0.00044
1789050,2026/8/12 13:37,MW2044B20875,A25,NULL,8,                    ,A03725,3.24E+00,1.09E-03,18432,NULL,268,0.00003
1789049,2026/8/12 13:37,MW2044B08110,A24,NULL,7,                    ,A03725,3.24E+00,1.11E-03,18380,NULL,268,0.00049
1789048,2026/8/12 13:36,MW2044B08031,A25,NULL,8,                    ,A03725,3.24E+00,1.03E-03,18468,NULL,268,0.00036
1789047,2026/8/12 13:36,MW2045B49848,ANZ,NULL,18,NULL,A18496,3.24E+00,8.00E-04,18483,NULL,268,0.00043
1789046,2026/8/12 13:36,MW2044B08109,A24,NULL,7,                    ,A03725,3.24E+00,1.11E-03,18468,NULL,268,0.00076
1789045,2026/8/12 13:36,MW2045B49847,ANZ,NULL,18,NULL,A18496,3.24E+00,7.70E-04,18599,NULL,268,0.0007
1789044,2026/8/12 13:36,MW2044B08150,A23,NULL,6,                    ,A03725,3.24E+00,1.04E-03,18319,NULL,268,0.00041
1789043,2026/8/12 13:35,MW2044B20711,A22,NULL,5,NULL,A18496,3.24E+00,1.19E-03,18566,NULL,268,0.0005
1789042,2026/8/12 13:35,MW2044B08084,A24,NULL,7,                    ,A21759,3.24E+00,1.11E-03,18459,NULL,268,0.0001
1789041,2026/8/12 13:35,MW2044B19497,A26,NULL,9,NULL,A18496,3.24E+00,1.01E-03,18728,NULL,268,0.00052
1789040,2026/8/12 13:35,MW2044B08058,A25,NULL,8,                    ,A21759,3.24E+00,1.03E-03,18446,NULL,268,0.00023
1789039,2026/8/12 13:34,MW2044B19496,A26,NULL,9,NULL,A18496,3.24E+00,9.60E-04,18678,NULL,268,0.00033
1789038,2026/8/12 13:34,MW2044B07825,A23,NULL,6,                    ,A21759,3.24E+00,1.20E-03,18414,NULL,268,0.00079
1789037,2026/8/12 13:34,MW2044B20720,A22,NULL,5,NULL,A18496,3.24E+00,1.09E-03,18460,NULL,268,0.00004
1789036,2026/8/12 13:34,MW2044B19462,A22,NULL,5,NULL,A18496,3.24E+00,1.19E-03,18597,NULL,268,0.00013
1789035,2026/8/12 13:33,MW2044B08059,A27,NULL,10,                    ,A21759,3.24E+00,9.50E-04,18507,NULL,268,0.00061
1789034,2026/8/12 13:33,MW2044B18472,A25,NULL,8,NULL,A18496,3.24E+00,1.07E-03,18440,NULL,268,0.00002
1789033,2026/8/12 13:32,MW2044B07810,A23,NULL,6,                    ,A21759,3.24E+00,1.21E-03,18319,NULL,268,0.00078
1789032,2026/8/12 13:32,MW2044B19461,A22,NULL,5,NULL,A18496,3.24E+00,1.19E-03,18523,NULL,268,0.00039
1789031,2026/8/12 13:32,MW2044B07809,A23,NULL,6,                    ,A21759,3.24E+00,1.24E-03,18312,NULL,268,0.00015
1789030,2026/8/12 13:32,MW2044B19460,ANZ,NULL,18,NULL,A18496,3.24E+00,7.70E-04,18403,NULL,268,0.00041
1789029,2026/8/12 13:31,MW2044B07817,A22,NULL,5,                    ,A21759,3.24E+00,1.22E-03,18333,NULL,268,0.0003
1789028,2026/8/12 13:31,MW2044B19459,ANZ,NULL,18,NULL,A18496,3.24E+00,7.50E-04,18455,NULL,268,0.00097
1789027,2026/8/12 13:31,MW2044B07885,A23,NULL,6,                    ,A21759,3.24E+00,1.10E-03,18431,NULL,268,0.00074
1789026,2026/8/12 13:31,MW2044B18729,A25,NULL,8,NULL,A18496,3.24E+00,9.70E-04,18540,NULL,268,0.00092
1789025,2026/8/12 13:31,MW2044B07757,A25,NULL,8,                    ,A21759,3.24E+00,1.05E-03,18395,NULL,268,0.00033
1789024,2026/8/12 13:30,MW2044B18923,ANZ,NULL,18,NULL,A17344,3.24E+00,8.00E-04,18536,NULL,268,0.00099
1789023,2026/8/12 13:30,MW2044B19590,A23,NULL,6,                    ,NULL,3.24E+00,1.31E-03,18327,NULL,268,0.00017
1789022,2026/8/12 13:30,MW2044B19590,A23,NULL,6,                    ,NULL,3.24E+00,1.31E-03,18327,NULL,268,0.00089
1789021,2026/8/12 13:30,MW2044B15853,C24,NULL,24,NULL,A17344,3.23E+00,9.70E-04,18446,NULL,268,0.00087
1789020,2026/8/12 13:29,MW2044B15854,A23,NULL,6,NULL,A17344,3.24E+00,1.04E-03,18295,NULL,268,0.0009
1789019,2026/8/12 13:29,MW2044B19100,ANZ,NULL,18,NULL,A17344,3.24E+00,7.60E-04,18409,NULL,268,0.00088
1789018,2026/8/12 13:29,MW2044B19101,ANZ,NULL,18,NULL,A17344,3.24E+00,8.00E-04,18411,NULL,268,0.00002
1789017,2026/8/12 13:28,MW2045B47925,ANZ,NULL,18,NULL,A17344,3.23E+00,7.20E-04,18757,NULL,268,0.00018
1789016,2026/8/12 13:28,MW2044B19321,A22,NULL,5,NULL,A17344,3.24E+00,1.51E-03,18627,NULL,268,0.00045
1789015,2026/8/12 13:27,MW2045B50566,ANZ,NULL,18,NULL,A17344,3.23E+00,7.80E-04,18566,NULL,268,0.00019
1789014,2026/8/12 13:27,MW2045B50625,C23,NULL,23,NULL,A17344,3.23E+00,1.30E-03,18720,NULL,268,0.00062
1789013,2026/8/12 13:26,MW2044B19160,A26,NULL,9,NULL,A17344,3.24E+00,8.90E-04,18448,NULL,268,0.00085
1789012,2026/8/12 13:26,MW2045B50274,C22,NULL,22,NULL,A17344,3.24E+00,1.13E-03,18550,NULL,268,0.00076
1789011,2026/8/12 13:25,MW2044B19158,A26,NULL,9,NULL,A17344,3.24E+00,8.90E-04,18385,NULL,268,0.00037
1789010,2026/8/12 13:25,MW2044B20340,ANZ,NULL,18,NULL,A11124,3.24E+00,7.80E-04,18465,NULL,268,0.00054
1789009,2026/8/12 13:25,MW2044B16615,A21,NULL,4,NULL,A11124,3.24E+00,1.09E-03,18473,NULL,268,0.0004
1789008,2026/8/12 13:24,MW2044B20336,ANZ,NULL,18,NULL,A11124,3.24E+00,7.40E-04,18589,NULL,268,0.00022
1789007,2026/8/12 13:24,MW2045B48372,A27,NULL,10,NULL,A11124,3.24E+00,8.10E-04,18402,NULL,268,0.00017
1789006,2026/8/12 13:23,MW2044B20257,A22,NULL,5,NULL,A11124,3.24E+00,1.43E-03,18595,NULL,268,0.00034
1789005,2026/8/12 13:23,MW2044B20254,A23,NULL,6,NULL,A11124,3.24E+00,9.00E-04,18421,NULL,268,0.00046
1789004,2026/8/12 13:22,MW2044B20258,A22,NULL,5,NULL,A11124,3.24E+00,1.43E-03,18541,NULL,268,0.0004
1789003,2026/8/12 13:22,MW2044B20341,ANZ,NULL,18,NULL,A11124,3.24E+00,7.70E-04,18377,NULL,268,0.00016
1789002,2026/8/12 13:21,MW2044B20342,ANZ,NULL,18,NULL,A11124,3.24E+00,7.40E-04,18392,NULL,268,0.00007
1789001,2026/8/12 13:21,MW2045B50626,A23,NULL,6,NULL,A11124,3.24E+00,1.26E-03,18615,NULL,268,0.00077
1789000,2026/8/12 13:21,MW2044B20343,ANZ,NULL,18,NULL,A11124,3.24E+00,8.00E-04,18310,NULL,268,0.00004
1788999,2026/8/12 13:20,MW2044B19343,A25,NULL,8,NULL,A11124,3.24E+00,9.50E-04,18543,NULL,268,0.00031
1788998,2026/8/12 13:20,MW2044B14147,A26,NULL,9,NULL,A18568,3.24E+00,8.30E-04,18646,NULL,268,0.00097
1788997,2026/8/12 13:19,MW2044B14145,A26,NULL,9,NULL,A18568,3.24E+00,8.60E-04,18669,NULL,268,0.00033
1788996,2026/8/12 13:19,MW2044B14146,A26,NULL,9,NULL,A18568,3.24E+00,8.40E-04,18817,NULL,268,0.00061
1788995,2026/8/12 13:18,MW2044B18502,A26,NULL,9,NULL,A18568,3.24E+00,1.06E-03,18681,NULL,268,0.00092
1788994,2026/8/12 13:18,MW2045B46432,ANZ,NULL,18,NULL,A18568,3.24E+00,7.40E-04,18723,NULL,268,0.00058
1788993,2026/8/12 13:17,MW2044B18644,A25,NULL,8,NULL,A18568,3.24E+00,9.60E-04,18637,NULL,268,0.00051
1788992,2026/8/12 13:17,MW2044B12920,A24,NULL,7,NULL,A18568,3.24E+00,9.30E-04,18536,NULL,268,0.00069
1788991,2026/8/12 13:15,MW2044B18645,A24,NULL,7,NULL,A18568,3.24E+00,1.09E-03,18726,NULL,268,0.00072
1788990,2026/8/12 13:15,MW2044B18650,A26,NULL,9,NULL,A18568,3.24E+00,9.00E-04,18613,NULL,268,0.0009
1788989,2026/8/12 13:14,MW2044B18646,A24,NULL,7,NULL,A18568,3.24E+00,1.06E-03,18535,NULL,268,0.00053
1788988,2026/8/12 13:14,MW2044B13073,C23,NULL,23,NULL,A18568,3.24E+00,9.20E-04,18647,NULL,268,0.0004
1788987,2026/8/12 13:13,MW2044B07756,A25,NULL,8,                    ,A21759,3.24E+00,1.03E-03,18378,NULL,268,0.00095
1788986,2026/8/12 13:13,MW2044B18649,A25,NULL,8,NULL,A18568,3.24E+00,9.90E-04,18579,NULL,268,0.00091
1788985,2026/8/12 13:13,MW2044B19591,A23,NULL,6,                    ,A21759,3.24E+00,1.39E-03,18436,NULL,268,0.00039
1788984,2026/8/12 13:13,MW2045B50386,ANZ,NULL,18,NULL,A12091,3.24E+00,7.70E-04,18676,NULL,268,0.00032
1788983,2026/8/12 13:13,MW2044B13162,A24,NULL,7,                    ,A14360,3.24E+00,8.90E-04,18251,NULL,268,0.00045
1788982,2026/8/12 13:12,MW2045B50313,ANZ,NULL,18,NULL,A12091,3.24E+00,7.90E-04,18649,NULL,268,0.00031
1788981,2026/8/12 13:12,MW2044B13163,A25,NULL,8,                    ,A14360,3.24E+00,8.50E-04,18471,NULL,268,0.00082
1788980,2026/8/12 13:12,MW2045B50330,A21,NULL,4,NULL,A12091,3.24E+00,1.46E-03,18658,NULL,268,0.00066
1788979,2026/8/12 13:12,MW2044B13165,A22,NULL,5,                    ,A14360,3.24E+00,1.07E-03,18036,NULL,268,0.00075
1788978,2026/8/12 13:12,MW2044B18962,B23,NULL,13,NULL,A12091,3.24E+00,9.10E-04,18718,NULL,268,0.00003
1788977,2026/8/12 13:12,MW2044B13166,A24,NULL,7,                    ,A14360,3.24E+00,8.90E-04,18315,NULL,268,0.00025
1788976,2026/8/12 13:11,MW2044B13151,A22,NULL,5,                    ,A14360,3.24E+00,1.02E-03,18121,NULL,268,0.00013
1788975,2026/8/12 13:11,MW2045B50333,ANZ,NULL,18,NULL,A12091,3.24E+00,7.50E-04,18651,NULL,268,0.00028
1788974,2026/8/12 13:11,MW2044B09462,A23,NULL,6,                    ,A14360,3.24E+00,8.80E-04,18224,NULL,268,0.00098
1788973,2026/8/12 13:11,MW2045B50361,ANZ,NULL,18,NULL,A12091,3.23E+00,7.60E-04,18671,NULL,268,0.0001
1788972,2026/8/12 13:10,MW2045B48426,A25,NULL,8,                    ,A14360,3.24E+00,9.70E-04,18235,NULL,268,0.00069
1788971,2026/8/12 13:10,MW2044B20273,ANZ,NULL,18,NULL,A12091,3.23E+00,7.80E-04,18556,NULL,268,0.00038
1788970,2026/8/12 13:10,MW2045B49690,B22,NULL,12,                    ,A14360,3.24E+00,8.90E-04,17998,NULL,268,0.00079
1788969,2026/8/12 13:10,MW2044B20253,A22,NULL,5,NULL,A12091,3.24E+00,1.34E-03,18570,NULL,268,0.00088
1788968,2026/8/12 13:10,MW2045B49689,A23,NULL,6,                    ,A14360,3.24E+00,8.60E-04,18100,NULL,268,0.00078
1788967,2026/8/12 13:09,MW2044B19290,A22,NULL,5,NULL,A12091,3.24E+00,1.24E-03,18528,NULL,268,0.00036
1788966,2026/8/12 13:09,MW2045B49684,B21,NULL,11,                    ,A14360,3.24E+00,8.80E-04,17736,NULL,268,0.00018
1788965,2026/8/12 13:09,MW2045B45276,A23,NULL,6,NULL,A12091,3.24E+00,1.55E-03,18795,NULL,268,0.00033
1788964,2026/8/12 13:09,MW2045B47946,A26,NULL,9,                    ,A14360,3.24E+00,9.10E-04,18253,NULL,268,0.00025
1788963,2026/8/12 13:08,MW2044B19104,A26,NULL,9,NULL,A12091,3.24E+00,8.20E-04,18419,NULL,268,0.0009
1788962,2026/8/12 13:08,MW2044B19157,A26,NULL,9,                    ,A14360,3.24E+00,1.03E-03,18242,NULL,268,0.00045
1788961,2026/8/12 13:08,MW2044B19105,A25,NULL,8,NULL,A12091,3.24E+00,8.40E-04,18543,NULL,268,0.00018
1788960,2026/8/12 13:08,MW2044B20787,A23,NULL,6,                    ,A11447,3.24E+00,1.20E-03,18307,NULL,268,0.00092
1788959,2026/8/12 13:08,MW2044B18782,D23,NULL,29,                    ,A11447,3.24E+00,1.12E-03,18166,NULL,268,0.0004
1788958,2026/8/12 13:07,MW2044B19458,ANZ,NULL,18,NULL,A24808,3.24E+00,7.70E-04,18609,NULL,268,0.00095
1788957,2026/8/12 13:07,MW2044B19586,A23,NULL,6,                    ,A11447,3.24E+00,1.14E-03,18256,NULL,268,0.00031
1788956,2026/8/12 13:07,MW2044B19453,ANZ,NULL,18,NULL,A24808,3.24E+00,7.40E-04,18495,NULL,268,0.00035
1788955,2026/8/12 13:07,MW2044B20760,C25,NULL,25,                    ,A11447,3.24E+00,1.09E-03,18295,NULL,268,0.00083
1788954,2026/8/12 13:07,MW2044B19456,ANZ,NULL,18,NULL,A24808,3.24E+00,7.70E-04,18520,NULL,268,0.00055
1788953,2026/8/12 13:06,MW2044B16685,C26,NULL,26,                    ,A11447,3.23E+00,8.50E-04,18471,NULL,268,0.00086
1788952,2026/8/12 13:06,MW2044B19455,ANZ,NULL,18,NULL,A24808,3.24E+00,7.70E-04,18511,NULL,268,0.00052
1788951,2026/8/12 13:06,MW2044B16676,C26,NULL,26,                    ,A11447,3.24E+00,8.70E-04,18445,NULL,268,0.00011
1788950,2026/8/12 13:06,MW2045B43190,C26,NULL,26,NULL,A24808,3.24E+00,1.01E-03,18645,NULL,268,0.00095
1788949,2026/8/12 13:05,MW2044B07759,A25,NULL,8,                    ,A11447,3.24E+00,9.80E-04,18255,NULL,268,0.00012
1788948,2026/8/12 13:05,MW2045B46948,A26,NULL,9,NULL,A24808,3.24E+00,8.40E-04,18863,NULL,268,0.00077
1788947,2026/8/12 13:05,MW2044B12979,A24,NULL,7,                    ,A11447,3.24E+00,1.02E-03,18035,NULL,268,0.00093
1788946,2026/8/12 13:05,MW2045B46952,C26,NULL,26,NULL,A24808,3.24E+00,8.50E-04,18863,NULL,268,0.00058
1788945,2026/8/12 13:05,MW2044B07772,A23,NULL,6,                    ,A11447,3.24E+00,1.19E-03,18258,NULL,268,0.00074
1788944,2026/8/12 13:04,MW2044B07841,A24,NULL,7,NULL,A24808,3.24E+00,9.40E-04,18501,NULL,268,0.0005
1788943,2026/8/12 13:04,MW2044B12978,C23,NULL,23,                    ,A11447,3.24E+00,1.08E-03,18166,NULL,268,0.00099
1788942,2026/8/12 13:04,MW2045B46946,A25,NULL,8,NULL,A24808,3.24E+00,8.10E-04,18757,NULL,268,0.00028
1788941,2026/8/12 13:04,MW2044B07773,A23,NULL,6,                    ,A11447,3.24E+00,1.17E-03,18211,NULL,268,0.00061
1788940,2026/8/12 13:03,MW2044B07842,A23,NULL,6,NULL,A24808,3.24E+00,1.02E-03,18557,NULL,268,0.00034
1788939,2026/8/12 13:03,MW2044B07774,A23,NULL,6,                    ,A11447,3.24E+00,1.19E-03,18323,NULL,268,0.00031
1788938,2026/8/12 13:03,MW2044B07843,A23,NULL,6,NULL,A24808,3.24E+00,1.01E-03,18456,NULL,268,0.00008
1788937,2026/8/12 13:02,MW2045B43983,C25,NULL,25,NULL,A24808,3.24E+00,1.00E-03,18742,NULL,268,0.00019
1788936,2026/8/12 13:02,MW2045B43600,A24,NULL,7,                    ,A01391,3.24E+00,1.04E-03,18219,NULL,268,0.00026
1788935,2026/8/12 13:01,MW2045B43601,A24,NULL,7,                    ,A01391,3.24E+00,1.10E-03,18224,NULL,268,0.00055
1788934,2026/8/12 13:01,MW2045B43599,A24,NULL,7,NULL,A00823,3.24E+00,1.03E-03,18524,NULL,268,0.00092
1788933,2026/8/12 13:01,MW2044B19997,A26,NULL,9,                    ,A01391,3.24E+00,8.70E-04,18239,NULL,268,0.00093
1788932,2026/8/12 13:01,MW2044B18944,A26,NULL,9,NULL,A00823,3.24E+00,8.50E-04,18781,NULL,268,0.00021
1788931,2026/8/12 13:01,MW2044B18570,A27,NULL,10,                    ,A01391,3.24E+00,9.50E-04,18358,NULL,268,0.00033
1788930,2026/8/12 13:00,MW2045B43597,C24,NULL,24,NULL,A00823,3.24E+00,1.03E-03,18759,NULL,268,0.00088
1788929,2026/8/12 13:00,MW2045B43603,A24,NULL,7,                    ,A01391,3.24E+00,8.90E-04,18221,NULL,268,0.0006
1788928,2026/8/12 13:00,MW2044B18584,A25,NULL,8,NULL,A00823,3.24E+00,1.03E-03,18619,NULL,268,0.00028
1788927,2026/8/12 13:00,MW2045B43604,A24,NULL,7,                    ,A01391,3.24E+00,1.03E-03,18152,NULL,268,0.00059
1788926,2026/8/12 12:59,MW2045B46959,ANZ,NULL,18,NULL,A00823,3.24E+00,7.70E-04,18569,NULL,268,0.00063
1788925,2026/8/12 12:59,MW2045B43605,C23,NULL,23,                    ,A01391,3.24E+00,4.62E-03,18159,NULL,268,0.00058
1788924,2026/8/12 12:59,MW2044B19200,A26,NULL,9,NULL,A00823,3.24E+00,8.60E-04,18546,NULL,268,0.00014
1788923,2026/8/12 12:59,MW2044B07811,A23,NULL,6,                    ,A01391,3.24E+00,1.21E-03,18302,NULL,268,0.00071
1788922,2026/8/12 12:59,MW2045B43185,A27,NULL,10,NULL,A00823,3.24E+00,8.60E-04,18845,NULL,268,0.00051
1788921,2026/8/12 12:58,MW2044B07812,A23,NULL,6,                    ,A01391,3.24E+00,1.14E-03,18270,NULL,268,0.0003
1788920,2026/8/12 12:58,MW2045B43186,A25,NULL,8,NULL,A00823,3.24E+00,1.03E-03,18813,NULL,268,0.00069
1788919,2026/8/12 12:58,MW2044B07813,A22,NULL,5,                    ,A01391,3.24E+00,1.17E-03,18314,NULL,268,0.00099
1788918,2026/8/12 12:58,MW2045B43187,A26,NULL,9,NULL,A00823,3.24E+00,1.02E-03,18629,NULL,268,0.00002
1788917,2026/8/12 12:58,MW2044B07814,A23,NULL,6,                    ,A01391,3.24E+00,1.18E-03,18259,NULL,268,0.0008
1788916,2026/8/12 12:57,MW2045B44462,A24,NULL,7,NULL,A00823,3.24E+00,1.02E-03,18635,NULL,268,0.00023
1788915,2026/8/12 12:57,MW2045B43607,C24,NULL,24,                    ,A01391,3.24E+00,1.09E-03,18135,NULL,268,0.00099
1788914,2026/8/12 12:57,MW2045B43188,A26,NULL,9,NULL,A00823,3.24E+00,1.04E-03,18764,NULL,268,0.00002
1788913,2026/8/12 12:56,MW2044B18723,A21,NULL,4,                    ,A19565,3.24E+00,1.45E-03,18160,NULL,268,0.00059
1788912,2026/8/12 12:56,MW2045B43189,C25,NULL,25,NULL,A00823,3.24E+00,1.02E-03,18870,NULL,268,0.00067
1788911,2026/8/12 12:55,MW2044B19566,A22,NULL,5,                    ,A19565,3.24E+00,1.35E-03,18343,NULL,268,0.00079
1788910,2026/8/12 12:55,MW2044B19488,C26,NULL,26,NULL,A13140,3.24E+00,8.80E-04,18613,NULL,268,0.00088
1788909,2026/8/12 12:55,MW2044B18724,A25,NULL,8,                    ,A19565,3.24E+00,9.90E-04,18223,NULL,268,0.0005
1788908,2026/8/12 12:55,MW2044B20839,C23,NULL,23,NULL,A13140,3.24E+00,1.01E-03,18716,NULL,268,0.00052
1788907,2026/8/12 12:55,MW2044B19564,A22,NULL,5,                    ,A19565,3.24E+00,1.38E-03,18373,NULL,268,0.00016
1788906,2026/8/12 12:54,MW2044B19489,C25,NULL,25,NULL,A13140,3.24E+00,9.30E-04,18604,NULL,268,0.00027
1788905,2026/8/12 12:54,MW2044B19562,A22,NULL,5,                    ,A19565,3.24E+00,1.32E-03,18308,NULL,268,0.0009
1788904,2026/8/12 12:54,MW2044B19490,C26,NULL,26,NULL,A13140,3.24E+00,8.70E-04,18585,NULL,268,0.00041
1788903,2026/8/12 12:54,MW2045B44089,A22,NULL,5,                    ,A19565,3.24E+00,1.08E-03,18342,NULL,268,0.00079
1788902,2026/8/12 12:54,MW2044B19491,C25,NULL,25,NULL,A13140,3.24E+00,9.10E-04,18606,NULL,268,0.00001
1788901,2026/8/12 12:53,MW2044B19525,A21,NULL,4,                    ,A19565,3.24E+00,1.52E-03,18338,NULL,268,0.00005
1788900,2026/8/12 12:53,MW2044B13126,ANZ,NULL,18,NULL,A13140,3.24E+00,7.80E-04,18590,NULL,268,0.00096
1788899,2026/8/12 12:53,MW2044B19527,A21,NULL,4,                    ,A19565,3.24E+00,1.53E-03,18390,NULL,268,0.00019
1788898,2026/8/12 12:53,MW2044B19492,C25,NULL,25,NULL,A13140,3.24E+00,9.00E-04,18639,NULL,268,0.00027
1788897,2026/8/12 12:53,MW2044B19528,A22,NULL,5,                    ,A19565,3.24E+00,1.49E-03,18247,NULL,268,0.00071
1788896,2026/8/12 12:52,MW2044B19808,A26,NULL,9,NULL,A13140,3.24E+00,8.40E-04,18544,NULL,268,0.00062
1788895,2026/8/12 12:52,MW2044B19529,A21,NULL,4,                    ,A19565,3.24E+00,1.52E-03,18309,NULL,268,0.00068
1788894,2026/8/12 12:52,MW2044B19493,C25,NULL,25,NULL,A13140,3.24E+00,9.10E-04,18567,NULL,268,0.00022
1788893,2026/8/12 12:52,MW2045B44081,A27,NULL,10,                    ,A19565,3.24E+00,8.50E-04,18321,NULL,268,0.00075
1788892,2026/8/12 12:51,MW2045B44464,A23,NULL,6,                    ,A19565,3.24E+00,1.29E-03,18134,NULL,268,0.00099
1788891,2026/8/12 12:51,MW2044B19809,A26,NULL,9,NULL,A13140,3.24E+00,8.30E-04,18523,NULL,268,0.00056
1788890,2026/8/12 12:51,MW2044B19175,A22,NULL,5,                    ,A11332,3.24E+00,1.25E-03,18273,NULL,268,0.00022
1788889,2026/8/12 12:51,MW2044B19810,A26,NULL,9,NULL,A13140,3.24E+00,8.50E-04,18601,NULL,268,0.00071
1788888,2026/8/12 12:51,MW2044B20888,A24,NULL,7,                    ,A11332,3.24E+00,1.17E-03,18214,NULL,268,0.00047
1788887,2026/8/12 12:50,MW2044B19494,C25,NULL,25,NULL,A13140,3.24E+00,9.10E-04,18616,NULL,268,0.00057
1788886,2026/8/12 12:50,MW2044B19176,A22,NULL,5,                    ,A11332,3.24E+00,1.26E-03,18348,NULL,268,0.00013
1788885,2026/8/12 12:50,MW2044B20886,A23,NULL,6,NULL,A13299,3.23E+00,1.03E-03,18682,NULL,268,0.00032
1788884,2026/8/12 12:50,MW2044B20889,A23,NULL,6,                    ,A11332,3.24E+00,1.28E-03,18240,NULL,268,0.00072
1788883,2026/8/12 12:49,MW2044B20885,A24,NULL,7,NULL,A13299,3.24E+00,9.70E-04,18456,NULL,268,0.00022
1788882,2026/8/12 12:49,MW2044B19177,A22,NULL,5,                    ,A11332,3.24E+00,1.23E-03,18329,NULL,268,0.00024
1788881,2026/8/12 12:49,MW2044B20547,A24,NULL,7,NULL,A13299,3.23E+00,9.30E-04,18618,NULL,268,0.00025
1788880,2026/8/12 12:49,MW2044B20890,A23,NULL,6,                    ,A11332,3.24E+00,1.30E-03,18345,NULL,268,0.00045
1788879,2026/8/12 12:49,MW2044B20548,A24,NULL,7,NULL,A13299,3.23E+00,9.40E-04,18602,NULL,268,0.00065
1788878,2026/8/12 12:49,MW2044B19178,A22,NULL,5,                    ,A11332,3.24E+00,1.27E-03,18340,NULL,268,0.0006
1788877,2026/8/12 12:48,MW2044B20549,C24,NULL,24,NULL,A13299,3.23E+00,8.80E-04,18651,NULL,268,0.00084
1788876,2026/8/12 12:48,MW2044B19179,A22,NULL,5,                    ,A11332,3.24E+00,1.25E-03,18295,NULL,268,0.00073
1788875,2026/8/12 12:48,MW2044B19814,A26,NULL,9,                    ,A11332,3.24E+00,9.40E-04,18337,NULL,268,0.00058
1788874,2026/8/12 12:48,MW2044B07888,A22,NULL,5,NULL,A13299,3.24E+00,9.40E-04,18482,NULL,268,0.00093
1788873,2026/8/12 12:47,MW2044B19185,A26,NULL,9,                    ,A11332,3.24E+00,9.60E-04,18377,NULL,268,0.00021
1788872,2026/8/12 12:47,MW2044B19628,C24,NULL,24,NULL,A13299,3.24E+00,9.10E-04,18656,NULL,268,0.00072
1788871,2026/8/12 12:47,MW2045B45287,A22,NULL,5,                    ,A11332,3.24E+00,1.51E-03,18164,NULL,268,0.0003
1788870,2026/8/12 12:47,MW2045B44084,A22,NULL,5,NULL,A13299,3.24E+00,9.50E-04,18798,NULL,268,0.00094
1788869,2026/8/12 12:46,MW2044B19637,ANZ,NULL,18,NULL,A13299,3.24E+00,7.60E-04,18605,NULL,268,0.00038
1788868,2026/8/12 12:43,MW2045B48002,A26,NULL,9,NULL,A13299,3.24E+00,8.30E-04,18741,NULL,268,0.00026
1788867,2026/8/12 12:43,MW2044B12975,A25,NULL,8,NULL,A13299,3.24E+00,1.03E-03,18615,NULL,268,0.00011
1788866,2026/8/12 12:43,MW2044B19811,A26,NULL,9,                    ,A11332,3.24E+00,9.50E-04,18278,NULL,268,0.00027
1788865,2026/8/12 12:42,MW2044B18779,C25,NULL,25,NULL,A13299,3.24E+00,9.10E-04,18429,NULL,268,0.00023
1788864,2026/8/12 12:42,MW2044B20800,B26,NULL,16,                    ,A05103,3.24E+00,9.70E-04,18096,NULL,268,0.00054
1788863,2026/8/12 12:42,MW2044B08030,A25,NULL,8,NULL,A13220,3.24E+00,9.90E-04,18591,NULL,268,0.00049
1788862,2026/8/12 12:42,MW2044B20799,B26,NULL,16,                    ,A05103,3.24E+00,1.07E-03,18154,NULL,268,0.00011
1788861,2026/8/12 12:41,MW2044B08083,A25,NULL,8,NULL,A13220,3.24E+00,1.02E-03,18490,NULL,268,0.0001
1788860,2026/8/12 12:34,MW2045B47981,B23,NULL,13,                    ,A05103,3.24E+00,9.10E-04,18229,NULL,268,0.00087
1788859,2026/8/12 12:34,MW2044B07931,A25,NULL,8,NULL,A13220,3.24E+00,1.01E-03,18293,NULL,268,0.00018
1788858,2026/8/12 12:34,MW2044B20798,A26,NULL,9,                    ,A05103,3.24E+00,1.14E-03,18279,NULL,268,0.00052
1788857,2026/8/12 12:34,MW2044B07930,A24,NULL,7,NULL,A13220,3.24E+00,1.03E-03,18469,NULL,268,0.00001
1788856,2026/8/12 12:33,MW2044B13132,A22,NULL,5,                    ,A05103,3.24E+00,1.00E-03,18178,NULL,268,0.00052
1788855,2026/8/12 12:33,MW2044B08082,A25,NULL,8,NULL,A13220,3.24E+00,9.80E-04,18519,NULL,268,0.00047
1788854,2026/8/12 12:33,MW2044B07859,A23,NULL,6,                    ,A05103,3.24E+00,1.07E-03,18257,NULL,268,0.00077
1788853,2026/8/12 12:33,MW2044B07929,A26,NULL,9,NULL,A13220,3.24E+00,1.02E-03,18320,NULL,268,0.00094
1788852,2026/8/12 12:33,MW2044B13130,A21,NULL,4,                    ,A05103,3.24E+00,9.50E-04,18184,NULL,268,0.00041
1788851,2026/8/12 12:32,MW2044B20587,ANZ,NULL,18,NULL,A13220,3.24E+00,7.90E-04,18500,NULL,268,0.00053
1788850,2026/8/12 12:32,MW2044B13129,A22,NULL,5,                    ,A05103,3.24E+00,8.80E-04,18275,NULL,268,0.00018
1788849,2026/8/12 12:32,MW2044B07928,A25,NULL,8,NULL,A13220,3.24E+00,9.60E-04,18411,NULL,268,0.00082
1788848,2026/8/12 12:32,MW2044B13134,A21,NULL,4,                    ,A05103,3.24E+00,9.40E-04,18072,NULL,268,0.00023
1788847,2026/8/12 12:31,MW2044B12813,A21,NULL,4,                    ,A05103,3.25E+00,8.80E-04,18020,NULL,268,0.00082
1788846,2026/8/12 12:31,MW2044B16786,ANZ,NULL,18,NULL,A13220,3.24E+00,7.60E-04,18735,NULL,268,0.0004
1788845,2026/8/12 12:31,MW2044B12982,C25,NULL,25,                    ,A05103,3.24E+00,1.05E-03,18134,NULL,268,0.00046
1788844,2026/8/12 12:31,MW2044B07927,A25,NULL,8,NULL,A13220,3.24E+00,9.30E-04,18482,NULL,268,0.0004
1788843,2026/8/12 12:31,MW2044B12976,C25,NULL,25,                    ,A05103,3.24E+00,1.16E-03,18002,NULL,268,0.00005
1788842,2026/8/12 12:30,MW2044B16652,ANZ,NULL,18,NULL,A13220,3.24E+00,7.40E-04,18748,NULL,268,0.00092
1788841,2026/8/12 12:30,MW2044B13459,A25,NULL,8,                    ,A21356,3.24E+00,1.10E-03,18092,NULL,268,0.00025
1788840,2026/8/12 12:30,MW2044B07926,A26,NULL,9,NULL,A13220,3.24E+00,9.80E-04,18566,NULL,268,0.00053
1788839,2026/8/12 12:30,MW2044B20617,B24,NULL,14,                    ,A21356,3.24E+00,8.70E-04,18243,NULL,268,0.00016
1788838,2026/8/12 12:30,MW2044B20616,ANZ,NULL,18,NULL,A07311,3.24E+00,7.50E-04,18365,NULL,268,0.00016
1788837,2026/8/12 12:29,MW2044B20618,B24,NULL,14,                    ,A21356,3.24E+00,9.20E-04,18109,NULL,268,0.00055
1788836,2026/8/12 12:29,MW2044B13460,A25,NULL,8,NULL,A07311,3.24E+00,1.02E-03,18429,NULL,268,0.0008
1788835,2026/8/12 12:29,MW2044B20619,B25,NULL,15,                    ,A21356,3.24E+00,8.80E-04,18130,NULL,268,0.00005
1788834,2026/8/12 12:29,MW2044B08415,A23,NULL,6,NULL,A07311,3.22E+00,8.30E-04,18575,NULL,268,0.0001
1788833,2026/8/12 12:29,MW2044B07910,A24,NULL,7,                    ,A21356,3.24E+00,1.02E-03,18261,NULL,268,0.00087
1788832,2026/8/12 12:28,MW2044B13461,A25,NULL,8,NULL,A07311,3.24E+00,9.80E-04,18347,NULL,268,0.00039
1788831,2026/8/12 12:28,MW2044B07911,A25,NULL,8,                    ,A21356,3.24E+00,1.01E-03,18144,NULL,268,0.00071
1788830,2026/8/12 12:28,MW2044B20876,A25,NULL,8,                    ,A21356,3.23E+00,1.08E-03,18455,NULL,268,0.00068
1788829,2026/8/12 12:28,MW2044B08416,A23,NULL,6,NULL,A07311,3.24E+00,8.20E-04,18601,NULL,268,0.00058
1788828,2026/8/12 12:27,MW2044B08032,A25,NULL,8,                    ,A21356,3.24E+00,1.04E-03,18234,NULL,268,0.00071
1788827,2026/8/12 12:27,MW2044B13462,A25,NULL,8,NULL,A07311,3.24E+00,1.07E-03,18406,NULL,268,0.00052
1788826,2026/8/12 12:27,MW2044B20397,A25,NULL,8,                    ,A21356,3.24E+00,8.60E-04,18159,NULL,268,0.00034
1788825,2026/8/12 12:27,MW2044B13463,A25,NULL,8,NULL,A07311,3.24E+00,9.80E-04,18580,NULL,268,0.00022
1788824,2026/8/12 12:27,MW2044B08035,A25,NULL,8,                    ,A21356,3.24E+00,1.05E-03,18297,NULL,268,0.00043
1788823,2026/8/12 12:26,MW2044B08411,ANZ,NULL,18,NULL,A07311,3.24E+00,8.00E-04,18543,NULL,268,0.00015
1788822,2026/8/12 12:26,MW2044B08036,A26,NULL,9,                    ,A21356,3.24E+00,1.06E-03,18449,NULL,268,0.00066
1788821,2026/8/12 12:26,MW2044B13397,A25,NULL,8,NULL,A07311,3.24E+00,8.60E-04,18491,NULL,268,0.00025
1788820,2026/8/12 12:26,MW2044B20786,A25,NULL,8,                    ,A21356,3.24E+00,1.00E-03,18257,NULL,268,0.00071
1788819,2026/8/12 12:25,MW2044B08273,C23,NULL,23,NULL,A07311,3.23E+00,9.80E-04,18435,NULL,268,0.00019
1788818,2026/8/12 12:25,MW2044B11445,A26,NULL,9,                    ,A10628,3.24E+00,1.01E-03,18125,NULL,268,0.00037
1788817,2026/8/12 12:25,MW2044B11366,A24,NULL,7,NULL,A07311,3.24E+00,8.80E-04,18608,NULL,268,0.00038
1788816,2026/8/12 12:25,MW2044B11434,A26,NULL,9,                    ,A10628,3.24E+00,8.60E-04,18126,NULL,268,0.00096
1788815,2026/8/12 12:25,MW2044B08511,ANZ,NULL,18,NULL,A07311,3.24E+00,7.90E-04,18490,NULL,268,0.00039
1788814,2026/8/12 12:25,MW2044B11430,A26,NULL,9,                    ,A10628,3.24E+00,8.80E-04,18039,NULL,268,0.00056
1788813,2026/8/12 12:24,MW2044B11433,ANZ,NULL,18,NULL,A20312,3.24E+00,7.60E-04,18562,NULL,268,0.00045
1788812,2026/8/12 12:24,MW2044B11429,A26,NULL,9,                    ,A10628,3.24E+00,8.60E-04,18084,NULL,268,0.00062
1788811,2026/8/12 12:24,MW2044B11432,ANZ,NULL,18,NULL,A20312,3.24E+00,7.50E-04,18551,NULL,268,0.00062
1788810,2026/8/12 12:24,MW2044B11426,A26,NULL,9,                    ,A10628,3.24E+00,8.50E-04,18099,NULL,268,0.00094
1788809,2026/8/12 12:23,MW2044B11443,A26,NULL,9,NULL,A20312,3.24E+00,9.00E-04,18493,NULL,268,0.00069
1788808,2026/8/12 12:23,MW2044B11428,A25,NULL,8,                    ,A10628,3.24E+00,9.60E-04,18077,NULL,268,0.00092
1788807,2026/8/12 12:23,MW2044B11444,A26,NULL,9,NULL,A20312,3.24E+00,8.80E-04,18475,NULL,268,0.00035
1788806,2026/8/12 12:23,MW2044B11427,A26,NULL,9,                    ,A10628,3.24E+00,8.30E-04,18053,NULL,268,0.00051
1788805,2026/8/12 12:22,MW2044B11436,ANZ,NULL,18,NULL,A20312,3.24E+00,7.60E-04,18544,NULL,268,0.00088
1788804,2026/8/12 12:22,MW2044B11329,A25,NULL,8,                    ,A10628,3.24E+00,9.80E-04,18051,NULL,268,0.00015
1788803,2026/8/12 12:22,MW2044B11230,A24,NULL,7,NULL,A20312,3.24E+00,9.20E-04,18703,NULL,268,0.00048
1788802,2026/8/12 12:22,MW2044B13591,A26,NULL,9,                    ,A10628,3.24E+00,8.80E-04,18289,NULL,268,0.0003
1788801,2026/8/12 12:22,MW2044B11335,A25,NULL,8,                    ,A10628,3.24E+00,1.05E-03,18368,NULL,268,0.00025
1788800,2026/8/12 12:21,MW2044B08399,ANZ,NULL,18,NULL,A20312,3.24E+00,7.40E-04,18547,NULL,268,0.00075
1788799,2026/8/12 12:21,MW2044B11446,A26,NULL,9,                    ,A10628,3.24E+00,1.01E-03,18029,NULL,268,0.00043
1788798,2026/8/12 12:21,MW2044B08400,ANZ,NULL,18,NULL,A20312,3.24E+00,7.60E-04,18560,NULL,268,0.00086
1788797,2026/8/12 12:21,MW2044B13539,A25,NULL,8,                    ,A10628,3.24E+00,9.20E-04,18284,NULL,268,0.00036
1788796,2026/8/12 12:21,MW2044B08401,ANZ,NULL,18,NULL,A20312,3.24E+00,7.60E-04,18560,NULL,268,0.0008
1788795,2026/8/12 12:20,MW2045B45089,A22,NULL,5,                    ,A07309,3.24E+00,1.14E-03,18081,NULL,268,0.00083
1788794,2026/8/12 12:20,MW2044B08402,ANZ,NULL,18,NULL,A20312,3.24E+00,7.50E-04,18567,NULL,268,0.00001
1788793,2026/8/12 12:20,MW2044B20418,A25,NULL,8,                    ,A07309,3.24E+00,8.30E-04,18289,NULL,268,0.00061
1788792,2026/8/12 12:20,MW2044B16658,ANZ,NULL,18,NULL,A20312,3.24E+00,8.00E-04,18505,NULL,268,0.0008
1788791,2026/8/12 12:20,MW2044B20906,A25,NULL,8,                    ,A07309,3.23E+00,9.40E-04,18324,NULL,268,0.00053
1788790,2026/8/12 12:19,MW2044B13457,A24,NULL,7,NULL,A20312,3.24E+00,1.01E-03,18480,NULL,268,0.00032
1788789,2026/8/12 12:19,MW2044B19612,A22,NULL,5,                    ,A07309,3.24E+00,1.00E-03,18394,NULL,268,0.00069
1788788,2026/8/12 12:19,MW2044B08403,A25,NULL,8,NULL,A16941,3.24E+00,8.70E-04,18520,NULL,268,0.00023
1788787,2026/8/12 12:19,MW2044B08445,A25,NULL,8,                    ,A07309,3.24E+00,9.00E-04,18243,NULL,268,0.00084
1788786,2026/8/12 12:18,MW2044B13418,A26,NULL,9,NULL,A16941,3.24E+00,8.40E-04,18561,NULL,268,0.00019
1788785,2026/8/12 12:18,MW2044B13446,A25,NULL,8,                    ,A07309,3.24E+00,1.02E-03,18010,NULL,268,0.00054
1788784,2026/8/12 12:18,MW2044B13474,ANZ,NULL,18,NULL,A16941,3.24E+00,8.00E-04,18500,NULL,268,0.00069
1788783,2026/8/12 12:18,MW2044B13447,A25,NULL,8,                    ,A07309,3.24E+00,1.03E-03,18167,NULL,268,0.00017
1788782,2026/8/12 12:17,MW2044B13475,A25,NULL,8,NULL,A16941,3.24E+00,8.60E-04,18599,NULL,268,0.00063
1788781,2026/8/12 12:17,MW2044B08283,A25,NULL,8,                    ,A07309,3.24E+00,8.40E-04,18074,NULL,268,0.00093
1788780,2026/8/12 12:17,MW2044B13454,A24,NULL,7,                    ,A07309,3.24E+00,1.11E-03,18051,NULL,268,0.00004
1788779,2026/8/12 12:17,MW2044B13476,A25,NULL,8,NULL,A16941,3.24E+00,1.01E-03,18442,NULL,268,0.0009
1788778,2026/8/12 12:17,MW2044B13453,A25,NULL,8,                    ,A07309,3.24E+00,1.04E-03,17958,NULL,268,0.00023
1788777,2026/8/12 12:16,MW2044B13477,A25,NULL,8,NULL,A16941,3.24E+00,8.70E-04,18380,NULL,268,0.00012
1788776,2026/8/12 12:16,MW2044B13455,A25,NULL,8,                    ,A07309,3.24E+00,1.10E-03,17952,NULL,268,0.00024
1788775,2026/8/12 12:16,MW2044B13478,A25,NULL,8,NULL,A16941,3.24E+00,8.40E-04,18597,NULL,268,0.0004
1788774,2026/8/12 12:16,MW2044B13456,A25,NULL,8,                    ,A07309,3.24E+00,1.09E-03,17930,NULL,268,0.00022
1788773,2026/8/12 12:16,MW2044B13479,A25,NULL,8,NULL,A16941,3.24E+00,1.01E-03,18497,NULL,268,0.00041
1788772,2026/8/12 12:15,MW2044B13603,A26,NULL,9,                    ,A14273,3.24E+00,8.70E-04,18270,NULL,268,0.00094
1788771,2026/8/12 12:15,MW2044B13448,A25,NULL,8,NULL,A16941,3.24E+00,9.40E-04,18419,NULL,268,0.00038
1788770,2026/8/12 12:15,MW2044B11425,A25,NULL,8,                    ,A14273,3.24E+00,8.50E-04,18091,NULL,268,0.00054
1788769,2026/8/12 12:15,MW2044B13449,A25,NULL,8,NULL,A16941,3.24E+00,9.50E-04,18496,NULL,268,0.00076
1788768,2026/8/12 12:15,MW2044B11336,A24,NULL,7,                    ,A14273,3.24E+00,1.09E-03,18203,NULL,268,0.00056
1788767,2026/8/12 12:14,MW2044B13450,A25,NULL,8,NULL,A16941,3.24E+00,9.80E-04,18456,NULL,268,0.0002
1788766,2026/8/12 12:14,MW2044B11494,A25,NULL,8,                    ,A14273,3.24E+00,9.10E-04,18193,NULL,268,0.00032
1788765,2026/8/12 12:14,MW2044B13451,A25,NULL,8,NULL,A16941,3.24E+00,9.70E-04,18400,NULL,268,0.00017
1788764,2026/8/12 12:14,MW2045B45078,A22,NULL,5,                    ,A14273,3.24E+00,1.14E-03,18141,NULL,268,0.00088
1788763,2026/8/12 12:13,MW2045B01753,A25,NULL,8,NULL,A15262,3.23E+00,9.10E-04,18656,NULL,268,0.00061
1788762,2026/8/12 12:13,MW2044B11512,A25,NULL,8,                    ,A14273,3.24E+00,9.30E-04,18103,NULL,268,0.00095
1788761,2026/8/12 12:13,MW2045B02058,ANZ,NULL,18,NULL,A15262,3.23E+00,7.00E-04,18337,NULL,268,0.00056
1788760,2026/8/12 12:13,MW2044B11511,A25,NULL,8,                    ,A14273,3.24E+00,9.30E-04,18105,NULL,268,0.0001
1788759,2026/8/12 12:12,MW2044B18678,B22,NULL,12,NULL,A15262,3.24E+00,1.01E-03,18448,NULL,268,0.00065
1788758,2026/8/12 12:12,MW2045B45080,A21,NULL,4,                    ,A14273,3.24E+00,1.21E-03,18019,NULL,268,0.00022
1788757,2026/8/12 12:12,MW2045B02057,A27,NULL,10,NULL,A15262,3.23E+00,9.00E-04,18535,NULL,268,0.00088
1788756,2026/8/12 12:12,MW2044B11503,A25,NULL,8,                    ,A14273,3.24E+00,9.10E-04,18028,NULL,268,0.00022
1788755,2026/8/12 12:11,MW2044B18680,B21,NULL,11,NULL,A15262,3.24E+00,1.04E-03,18690,NULL,268,0.00066
1788754,2026/8/12 12:11,MW2045B45082,B22,NULL,12,                    ,A14273,3.24E+00,1.13E-03,18096,NULL,268,0.00094
1788753,2026/8/12 12:11,MW2045B00698,ANZ,NULL,18,NULL,A15262,3.23E+00,7.40E-04,18604,NULL,268,0.00097
1788752,2026/8/12 12:11,MW2044B11501,A26,NULL,9,                    ,A14273,3.24E+00,8.60E-04,18168,NULL,268,0.00023
1788751,2026/8/12 12:10,MW2045B00697,ANZ,NULL,18,NULL,A15262,3.23E+00,7.40E-04,18694,NULL,268,0.00075
1788750,2026/8/12 12:10,MW2044B13452,A25,NULL,8,                    ,A14273,3.24E+00,1.05E-03,18090,NULL,268,0.00099
1788749,2026/8/12 12:10,MW2045B49950,B23,NULL,13,NULL,A15262,3.24E+00,8.70E-04,18387,NULL,268,0.00082
1788748,2026/8/12 12:10,MW2045B00526,A26,NULL,9,                    ,A16031,3.23E+00,9.20E-04,18250,NULL,268,0.00002
1788747,2026/8/12 12:10,MW2045B00757,ANZ,NULL,18,NULL,A15262,3.23E+00,7.80E-04,18648,NULL,268,0.00089
1788746,2026/8/12 12:09,MW2045B01835,A25,NULL,8,                    ,A16031,3.23E+00,1.05E-03,18198,NULL,268,0.0007
1788745,2026/8/12 12:09,MW2045B49952,B21,NULL,11,NULL,A15262,3.24E+00,1.00E-03,18543,NULL,268,0.00002
1788744,2026/8/12 12:09,MW2045B01837,A26,NULL,9,                    ,A16031,3.23E+00,1.03E-03,18127,NULL,268,0.00017
1788743,2026/8/12 12:09,MW2044B00414,A26,NULL,9,NULL,A15262,3.23E+00,8.30E-04,18419,NULL,268,0.00009
1788742,2026/8/12 12:05,MW2045B00546,A26,NULL,9,                    ,A16031,3.23E+00,8.90E-04,18133,NULL,268,0.00028
1788741,2026/8/12 12:05,MW2044B00412,ANZ,NULL,18,NULL,A15262,3.23E+00,7.70E-04,18499,NULL,268,0.00064
1788740,2026/8/12 12:05,MW2045B02010,A22,NULL,5,                    ,A16031,3.23E+00,1.30E-03,18205,NULL,268,0.00099
1788739,2026/8/12 12:05,MW2045B00527,ANZ,NULL,18,NULL,A05093,3.23E+00,7.40E-04,18439,NULL,268,0.00058
1788738,2026/8/12 12:05,MW2045B02006,A21,NULL,4,                    ,A16031,3.23E+00,1.67E-03,18263,NULL,268,0.00094
1788737,2026/8/12 12:04,MW2045B00525,ANZ,NULL,18,NULL,A05093,3.23E+00,7.70E-04,18643,NULL,268,0.00024
1788736,2026/8/12 12:04,MW2045B00191,A27,NULL,10,                    ,A16031,3.23E+00,9.10E-04,18201,NULL,268,0.00091
1788735,2026/8/12 12:04,MW2045B00306,ANZ,NULL,18,NULL,A05093,3.23E+00,8.00E-04,18640,NULL,268,0.00059
1788734,2026/8/12 12:04,MW2045B01831,A26,NULL,9,                    ,A16031,3.23E+00,1.00E-03,18128,NULL,268,0.00027
1788733,2026/8/12 12:04,MW2045B00551,ANZ,NULL,18,NULL,A05093,3.23E+00,7.30E-04,18517,NULL,268,0.00047
1788732,2026/8/12 12:03,MW2045B00557,B26,NULL,16,                    ,A16031,3.23E+00,8.50E-04,18346,NULL,268,0.00042
1788731,2026/8/12 12:03,MW2045B00552,A25,NULL,8,NULL,A05093,3.23E+00,8.30E-04,18478,NULL,268,0.00035
1788730,2026/8/12 12:03,MW2045B00556,B25,NULL,15,                    ,A16031,3.23E+00,9.70E-04,18210,NULL,268,0.00093
1788729,2026/8/12 12:03,MW2045B00553,ANZ,NULL,18,NULL,A05093,3.23E+00,7.20E-04,18577,NULL,268,0.00091
1788728,2026/8/12 12:03,MW2044B00410,CHH,NULL,20,                    ,A16031,3.23E+00,8.30E-04,18372,NULL,268,0.00028
1788727,2026/8/12 12:02,MW2045B44563,A25,NULL,8,NULL,A05093,3.24E+00,1.09E-03,18756,NULL,268,0.00092
1788726,2026/8/12 12:02,MW2044B00411,CHH,NULL,20,                    ,A16031,3.23E+00,8.40E-04,18333,NULL,268,0.00083
1788725,2026/8/12 12:02,MW2045B00237,A26,NULL,9,                    ,A16155,3.23E+00,8.30E-04,18450,NULL,268,0.00008
1788724,2026/8/12 12:02,MW2045B00259,ANZ,NULL,18,NULL,A05093,3.23E+00,7.30E-04,18667,NULL,268,0.00047
1788723,2026/8/12 12:01,MW2044B11585,A25,NULL,8,                    ,A16155,3.24E+00,1.00E-03,18195,NULL,268,0.00002
1788722,2026/8/12 12:01,MW2045B44564,A25,NULL,8,NULL,A05093,3.24E+00,1.01E-03,18845,NULL,268,0.00019
1788721,2026/8/12 12:01,MW2045B02041,A26,NULL,9,NULL,A05093,3.23E+00,8.90E-04,18394,NULL,268,0.00074
1788720,2026/8/12 12:01,MW2045B44567,A25,NULL,8,                    ,A16155,3.24E+00,1.14E-03,18257,NULL,268,0.00027
1788719,2026/8/12 12:00,MW2045B44565,A26,NULL,9,NULL,A05093,3.24E+00,1.01E-03,18698,NULL,268,0.00077
1788718,2026/8/12 11:59,MW2045B00561,B25,NULL,15,NULL,A05093,3.23E+00,8.60E-04,18518,NULL,268,0.00075
1788717,2026/8/12 11:59,MW2044B11583,A25,NULL,8,NULL,A21308,3.24E+00,9.60E-04,18435,NULL,268,0.00058
1788716,2026/8/12 11:59,MW2045B44566,A25,NULL,8,                    ,A16155,3.24E+00,1.09E-03,18236,NULL,268,0.00018
1788715,2026/8/12 11:58,MW2044B01055,A25,NULL,8,                    ,A16155,3.24E+00,8.40E-04,18382,NULL,268,0.00064
1788714,2026/8/12 11:58,MW2044B11584,A25,NULL,8,NULL,A21308,3.24E+00,9.30E-04,18973,NULL,268,0.00028
1788713,2026/8/12 11:58,MW2044B00416,B26,NULL,16,                    ,A16155,3.23E+00,9.50E-04,18390,NULL,268,0.00025
1788712,2026/8/12 11:58,MW2045B00257,ANZ,NULL,18,NULL,A21308,3.23E+00,7.70E-04,18458,NULL,268,0.00086
1788711,2026/8/12 11:57,MW2044B01057,A26,NULL,9,                    ,A16155,3.24E+00,8.80E-04,18443,NULL,268,0.00052
1788710,2026/8/12 11:57,MW2044B11555,O,NULL,1,NULL,A21308,0.00E+00,0.00E+00,18572,NULL,268,0.00033
1788709,2026/8/12 11:57,MW2045B00299,B26,NULL,16,                    ,A16155,3.23E+00,8.40E-04,18197,NULL,268,0.00068
1788708,2026/8/12 11:57,MW2045B01976,C21,NULL,21,                    ,A16155,3.23E+00,1.64E-03,18105,NULL,268,0.0006
1788707,2026/8/12 11:56,MW2045B00565,A26,NULL,9,                    ,A16155,3.23E+00,8.90E-04,18172,NULL,268,0.00037
1788706,2026/8/12 11:56,MW2045B01974,C21,NULL,21,                    ,A16155,3.24E+00,1.28E-03,17997,NULL,268,0.00011
1788705,2026/8/12 11:56,MW2045B00258,ANZ,NULL,18,NULL,A21308,3.23E+00,7.70E-04,18689,NULL,268,0.0005
1788704,2026/8/12 11:55,MW2045B00563,B25,NULL,15,                    ,A16155,3.23E+00,8.30E-04,18300,NULL,268,0.00064
1788703,2026/8/12 11:55,MW2044B11554,A24,NULL,7,NULL,A21308,3.24E+00,9.40E-04,18676,NULL,268,0.00017
1788702,2026/8/12 11:55,MW2045B01624,A25,NULL,8,                    ,A12323,3.23E+00,1.11E-03,18223,NULL,268,0.00063
1788701,2026/8/12 11:55,MW2044B01054,ANZ,NULL,18,NULL,A21308,3.23E+00,7.50E-04,18862,NULL,268,0.00012
1788700,2026/8/12 11:55,MW2045B01623,A27,NULL,10,                    ,A12323,3.23E+00,9.50E-04,18264,NULL,268,0.00021
1788699,2026/8/12 11:54,MW2044B01029,ANZ,NULL,18,NULL,A21308,3.23E+00,8.00E-04,18469,NULL,268,0.00051
1788698,2026/8/12 11:54,MW2044B01207,A23,NULL,6,                    ,A12323,3.24E+00,1.44E-03,18335,NULL,268,0.00055
1788697,2026/8/12 11:54,MW2044B01028,A25,NULL,8,NULL,A21308,3.23E+00,8.60E-04,18576,NULL,268,0.00035
1788696,2026/8/12 11:54,MW2044B01208,A22,NULL,5,                    ,A12323,3.24E+00,1.46E-03,18333,NULL,268,0.00034
1788695,2026/8/12 11:53,MW2045B01944,A27,NULL,10,                    ,A12323,3.23E+00,9.30E-04,18111,NULL,268,0.0005
1788694,2026/8/12 11:53,MW2044B01027,A25,NULL,8,NULL,A21308,3.23E+00,9.00E-04,18531,NULL,268,0.00043
1788693,2026/8/12 11:53,MW2045B01945,A25,NULL,8,                    ,A12323,3.23E+00,1.07E-03,17998,NULL,268,0.00032
1788692,2026/8/12 11:53,MW2044B01015,ANZ,NULL,18,NULL,A21308,3.23E+00,7.10E-04,18448,NULL,268,0.00028
1788691,2026/8/12 11:53,MW2045B01839,C25,NULL,25,                    ,A12323,3.22E+00,1.12E-03,18077,NULL,268,0.00007
1788690,2026/8/12 11:52,MW2044B01013,ANZ,NULL,18,NULL,A21308,3.23E+00,7.10E-04,18724,NULL,268,0.00018
1788689,2026/8/12 11:52,MW2044B01058,A26,NULL,9,                    ,A12323,3.23E+00,8.50E-04,18386,NULL,268,0.00081
1788688,2026/8/12 11:52,MW2045B03719,ANZ,NULL,18,NULL,A11660,3.23E+00,7.40E-04,18449,NULL,268,0.00005
1788687,2026/8/12 11:52,MW2045B01833,C25,NULL,25,                    ,A12323,3.23E+00,9.70E-04,17953,NULL,268,0.0008
1788686,2026/8/12 11:52,MW2045B01935,A26,NULL,9,NULL,A11660,3.23E+00,8.50E-04,18514,NULL,268,0.00073
1788685,2026/8/12 11:51,MW2044B01059,C26,NULL,26,                    ,A12323,3.23E+00,8.30E-04,18421,NULL,268,0.00084
1788684,2026/8/12 11:51,MW2045B44068,A23,NULL,6,NULL,A11660,3.24E+00,1.01E-03,18872,NULL,268,0.00073
1788683,2026/8/12 11:51,MW2044B01060,A26,NULL,9,                    ,A12323,3.23E+00,8.40E-04,18388,NULL,268,0.0001
1788682,2026/8/12 11:51,MW2045B03736,C25,NULL,25,NULL,A11660,3.23E+00,9.30E-04,18460,NULL,268,0.00058
1788681,2026/8/12 11:51,MW2045B11103,C25,NULL,25,                    ,A12323,3.23E+00,9.90E-04,18251,NULL,268,0.00059
1788680,2026/8/12 11:50,MW2045B01814,A21,NULL,4,NULL,A11660,3.23E+00,8.40E-04,18469,NULL,268,0.00098
1788679,2026/8/12 11:50,MW2045B03718,A25,NULL,8,                    ,A12615,3.23E+00,1.04E-03,18178,NULL,268,0.00074
1788678,2026/8/12 11:50,MW2044B11553,A25,NULL,8,NULL,A11660,3.24E+00,9.40E-04,18714,NULL,268,0.00059
1788677,2026/8/12 11:50,MW2045B03717,A27,NULL,10,                    ,A12615,3.23E+00,8.50E-04,18266,NULL,268,0.00049
1788676,2026/8/12 11:49,MW2045B01694,A22,NULL,5,                    ,A12615,3.23E+00,1.08E-03,18260,NULL,268,0.00075
1788675,2026/8/12 11:49,MW2044B11552,A25,NULL,8,NULL,A11660,3.24E+00,9.50E-04,18702,NULL,268,0.00086
1788674,2026/8/12 11:49,MW2045B03716,A27,NULL,10,                    ,A12615,3.23E+00,8.60E-04,18302,NULL,268,0.00069
1788673,2026/8/12 11:49,MW2044B11586,A25,NULL,8,NULL,A11660,3.24E+00,9.60E-04,18526,NULL,268,0.00056
1788672,2026/8/12 11:48,MW2045B01885,A22,NULL,5,                    ,A12615,3.24E+00,1.73E-03,18206,NULL,268,0.00016
1788671,2026/8/12 11:48,MW2045B01894,A27,NULL,10,NULL,A11660,3.23E+00,8.80E-04,18463,NULL,268,0.00083
1788670,2026/8/12 11:48,MW2045B01928,A26,NULL,9,                    ,A12615,3.23E+00,1.01E-03,18087,NULL,268,0.00076
1788669,2026/8/12 11:48,MW2045B03720,A27,NULL,10,NULL,A11660,3.23E+00,9.90E-04,18728,NULL,268,0.00024
1788668,2026/8/12 11:48,MW2045B01695,A21,NULL,4,                    ,A12615,3.24E+00,1.33E-03,18110,NULL,268,0.00013
1788667,2026/8/12 11:47,MW2045B01812,C23,NULL,23,NULL,A11660,3.24E+00,1.25E-03,18654,NULL,268,0.00039
1788666,2026/8/12 11:47,MW2045B01929,A25,NULL,8,                    ,A12615,3.23E+00,1.14E-03,18207,NULL,268,0.00044
1788665,2026/8/12 11:47,MW2045B01879,A22,NULL,5,NULL,A11660,3.23E+00,9.10E-04,18396,NULL,268,0.00071
1788664,2026/8/12 11:47,MW2045B01691,C26,NULL,26,                    ,A12615,3.23E+00,1.01E-03,18117,NULL,268,0.00087
1788663,2026/8/12 11:47,MW2044B07768,A23,NULL,6,NULL,A18255,3.24E+00,9.00E-04,18442,NULL,268,0.00056
1788662,2026/8/12 11:46,MW2045B01675,A27,NULL,10,                    ,A12615,3.23E+00,9.80E-04,18113,NULL,268,0.00079
1788661,2026/8/12 11:46,MW2044B07769,O,NULL,1,NULL,A18255,0.00E+00,0.00E+00,18462,NULL,268,0.00061
1788660,2026/8/12 11:46,MW2045B01692,A21,NULL,4,                    ,A12615,3.24E+00,1.40E-03,18053,NULL,268,0.00076
1788659,2026/8/12 11:46,MW2045B01620,A21,NULL,4,                    ,A12615,3.24E+00,1.53E-03,18217,NULL,268,0.00083
1788658,2026/8/12 11:45,MW2045B50392,A21,NULL,4,                    ,A00721,3.24E+00,9.10E-04,18033,NULL,268,0.00019
1788657,2026/8/12 11:45,MW2044B07780,A25,NULL,8,                    ,A00721,3.24E+00,9.70E-04,18238,NULL,268,0.00078
1788656,2026/8/12 11:44,MW2045B50391,A25,NULL,8,                    ,A00721,3.24E+00,8.60E-04,18190,NULL,268,0.00091
1788655,2026/8/12 11:44,MW2044B07783,A24,NULL,7,                    ,A00721,3.24E+00,1.07E-03,18128,NULL,268,0.00089
1788654,2026/8/12 11:43,MW2045B50390,A25,NULL,8,                    ,A00721,3.24E+00,8.50E-04,18173,NULL,268,0.00068
1788653,2026/8/12 11:43,MW2044B07782,A24,NULL,7,                    ,A00721,3.24E+00,1.00E-03,18174,NULL,268,0.00083
1788652,2026/8/12 11:43,MW2044B20709,B22,NULL,12,                    ,A00721,3.24E+00,1.24E-03,18199,NULL,268,0.0007
1788651,2026/8/12 11:42,MW2045B50394,A25,NULL,8,                    ,A00721,3.24E+00,8.70E-04,18140,NULL,268,0.00063
1788650,2026/8/12 11:42,MW2044B07761,O,NULL,1,NULL,A18255,0.00E+00,0.00E+00,18568,NULL,268,0.00023
1788649,2026/8/12 11:42,MW2044B20710,A22,NULL,5,                    ,A00721,3.24E+00,1.26E-03,18220,NULL,268,0.00076
1788648,2026/8/12 11:42,MW2044B20710,A22,NULL,5,                    ,A00721,3.24E+00,1.26E-03,18220,NULL,268,0.0004
1788647,2026/8/12 11:41,MW2044B20802,A26,NULL,9,                    ,A00721,3.24E+00,1.15E-03,18094,NULL,268,0.00059
1788646,2026/8/12 11:41,MW2044B20801,B26,NULL,16,                    ,A00721,3.24E+00,1.03E-03,18164,NULL,268,0.00052
1788645,2026/8/12 11:41,MW2045B45275,A22,NULL,5,NULL,A18255,3.23E+00,1.50E-03,18583,NULL,268,0.00078
1788644,2026/8/12 11:40,MW2045B50434,A26,NULL,9,                    ,A00721,3.24E+00,8.50E-04,17962,NULL,268,0.00097
1788643,2026/8/12 11:40,MW2044B07760,A24,NULL,7,NULL,A18255,3.24E+00,8.90E-04,18529,NULL,268,0.00016
1788642,2026/8/12 11:40,MW2044B19457,A25,NULL,8,                    ,A25206,3.24E+00,9.10E-04,18218,NULL,268,0.00014
1788641,2026/8/12 11:40,MW2045B45274,C24,NULL,24,NULL,A18255,3.24E+00,1.40E-03,18786,NULL,268,0.00059
1788640,2026/8/12 11:40,MW2044B18943,A26,NULL,9,                    ,A25206,3.24E+00,1.01E-03,18363,NULL,268,0.00097
1788639,2026/8/12 11:39,MW2044B07754,A24,NULL,7,NULL,A18255,3.24E+00,8.60E-04,18443,NULL,268,0.00082
1788638,2026/8/12 11:39,MW2044B18850,A27,NULL,10,                    ,A25206,3.24E+00,8.70E-04,18194,NULL,268,0.00041
1788637,2026/8/12 11:39,MW2045B48396,ANZ,NULL,18,NULL,A18255,3.24E+00,7.80E-04,18725,NULL,268,0.00097
1788636,2026/8/12 11:37,MW2044B07753,A23,NULL,6,NULL,A18255,3.24E+00,8.60E-04,18486,NULL,268,0.00066
1788635,2026/8/12 11:37,MW2044B19187,A26,NULL,9,                    ,A25206,3.24E+00,1.12E-03,18226,NULL,268,0.00087
1788634,2026/8/12 11:37,MW2044B20326,A26,NULL,9,                    ,A25206,3.24E+00,1.04E-03,18337,NULL,268,0.00007
1788633,2026/8/12 11:37,MW2044B20295,A26,NULL,9,NULL,A18255,3.24E+00,8.30E-04,18332,NULL,268,0.00071
1788632,2026/8/12 11:36,MW2044B20325,A26,NULL,9,                    ,A25206,3.24E+00,9.60E-04,18394,NULL,268,0.00045
1788631,2026/8/12 11:36,MW2044B07752,A23,NULL,6,NULL,A18255,3.24E+00,9.00E-04,18541,NULL,268,0.00029
1788630,2026/8/12 11:36,MW2044B16645,CHH,NULL,20,                    ,A25206,3.24E+00,8.60E-04,18182,NULL,268,0.00049
1788629,2026/8/12 11:36,MW2044B20291,ANZ,NULL,18,NULL,A18255,3.24E+00,8.00E-04,18389,NULL,268,0.0007
1788628,2026/8/12 11:35,MW2044B07770,A23,NULL,6,                    ,A25206,3.24E+00,9.70E-04,18175,NULL,268,0.0009
1788627,2026/8/12 11:35,MW2045B50468,ANZ,NULL,18,NULL,A10624,3.24E+00,7.60E-04,18585,NULL,268,0.00051
1788626,2026/8/12 11:35,MW2044B07765,A24,NULL,7,                    ,A25206,3.24E+00,9.60E-04,18208,NULL,268,0.00065
1788625,2026/8/12 11:35,MW2044B07875,A24,NULL,7,NULL,A10624,3.24E+00,9.30E-04,18357,NULL,268,0.0006
1788624,2026/8/12 11:35,MW2044B16646,A26,NULL,9,                    ,A25206,3.24E+00,9.40E-04,18381,NULL,268,0.00031
1788623,2026/8/12 11:34,MW2045B50463,ANZ,NULL,18,NULL,A10624,3.24E+00,7.70E-04,18597,NULL,268,0.00057
1788622,2026/8/12 11:34,MW2044B07764,A24,NULL,7,                    ,A25206,3.24E+00,9.70E-04,18204,NULL,268,0.00006
1788621,2026/8/12 11:34,MW2044B07874,A24,NULL,7,NULL,A10624,3.24E+00,9.30E-04,18281,NULL,268,0.00062
1788620,2026/8/12 11:34,MW2044B07751,A23,NULL,6,                    ,A25206,3.24E+00,1.00E-03,18242,NULL,268,0.00017
1788619,2026/8/12 11:33,MW2044B07876,B24,NULL,14,NULL,A10624,3.24E+00,9.80E-04,18372,NULL,268,0.00071
1788618,2026/8/12 11:33,MW2044B19685,C26,NULL,26,                    ,A20868,3.24E+00,8.70E-04,18127,NULL,268,0.0001
1788617,2026/8/12 11:33,MW2044B09190,A24,NULL,7,                    ,A20868,3.24E+00,8.90E-04,18027,NULL,268,0.00058
1788616,2026/8/12 11:33,MW2044B20252,A23,NULL,6,NULL,A10624,3.24E+00,1.02E-03,18439,NULL,268,0.00099
1788615,2026/8/12 11:33,MW2044B20891,A22,NULL,5,                    ,A20868,3.24E+00,1.44E-03,18290,NULL,268,0.0002
1788614,2026/8/12 11:33,MW2044B20251,A26,NULL,9,NULL,A10624,3.24E+00,8.50E-04,18572,NULL,268,0.00027
1788613,2026/8/12 11:32,MW2045B50447,B24,NULL,14,                    ,A20868,3.24E+00,8.70E-04,18083,NULL,268,0.00047
1788612,2026/8/12 11:32,MW2044B20832,A23,NULL,6,NULL,A10624,3.24E+00,9.80E-04,18607,NULL,268,0.00034
1788611,2026/8/12 11:32,MW2045B47954,B25,NULL,15,                    ,A20868,3.24E+00,9.00E-04,18261,NULL,268,0.00031
1788610,2026/8/12 11:32,MW2044B20250,C25,NULL,25,NULL,A10624,3.24E+00,9.10E-04,18474,NULL,268,0.00096
1788609,2026/8/12 11:31,MW2045B50332,A26,NULL,9,                    ,A20868,3.24E+00,8.80E-04,18139,NULL,268,0.00035
1788608,2026/8/12 11:31,MW2044B20831,A23,NULL,6,NULL,A10624,3.24E+00,1.16E-03,18593,NULL,268,0.00036
1788607,2026/8/12 11:31,MW2045B50314,A26,NULL,9,                    ,A20868,3.24E+00,8.40E-04,18263,NULL,268,0.00019
1788606,2026/8/12 11:31,MW2044B20249,A25,NULL,8,NULL,A10624,3.24E+00,8.60E-04,18571,NULL,268,0.00001
1788605,2026/8/12 11:31,MW2044B19575,A24,NULL,7,                    ,A20868,3.24E+00,1.40E-03,18380,NULL,268,0.00043
1788604,2026/8/12 11:30,MW2044B20830,A24,NULL,7,NULL,A10624,3.24E+00,9.50E-04,18571,NULL,268,0.00032
1788603,2026/8/12 11:30,MW2044B20826,A24,NULL,7,                    ,A20868,3.24E+00,1.05E-03,18388,NULL,268,0.00045
1788602,2026/8/12 11:30,MW2044B12924,A23,NULL,6,NULL,A04576,3.24E+00,9.70E-04,18511,NULL,268,0.00094
1788601,2026/8/12 11:30,MW2044B20827,A23,NULL,6,                    ,A20868,3.24E+00,1.37E-03,18280,NULL,268,0.00044
1788600,2026/8/12 11:30,MW2044B20828,A24,NULL,7,                    ,A20868,3.24E+00,1.10E-03,18305,NULL,268,0.00082
1788599,2026/8/12 11:29,MW2044B12929,A24,NULL,7,NULL,A04576,3.24E+00,9.30E-04,18548,NULL,268,0.00067
1788598,2026/8/12 11:29,MW2044B20829,A24,NULL,7,                    ,A20868,3.24E+00,1.06E-03,18314,NULL,268,0.00018
1788597,2026/8/12 11:29,MW2045B00719,ANZ,NULL,18,NULL,A04576,3.23E+00,7.20E-04,18627,NULL,268,0.00083
1788596,2026/8/12 11:29,MW2045B00717,A26,NULL,9,                    ,A00534,3.23E+00,9.80E-04,18337,NULL,268,0.00099
1788595,2026/8/12 11:29,MW2044B12930,A23,NULL,6,NULL,A04576,3.24E+00,9.30E-04,18475,NULL,268,0.00095
1788594,2026/8/12 11:28,MW2045B00209,A26,NULL,9,                    ,A00534,3.23E+00,8.70E-04,18202,NULL,268,0.00059
1788593,2026/8/12 11:28,MW2045B00720,A26,NULL,9,NULL,A04576,3.23E+00,9.60E-04,18554,NULL,268,0.00013
1788592,2026/8/12 11:28,MW2044B11764,A26,NULL,9,                    ,A00534,3.24E+00,9.90E-04,18258,NULL,268,0.00021
1788591,2026/8/12 11:28,MW2045B49637,ANZ,NULL,18,NULL,A04576,3.24E+00,8.00E-04,18473,NULL,268,0.00034
1788590,2026/8/12 11:27,MW2044B11788,A27,NULL,10,                    ,A00534,3.24E+00,1.00E-03,18190,NULL,268,0.00092
1788589,2026/8/12 11:27,MW2045B49638,B25,NULL,15,NULL,A04576,3.24E+00,8.60E-04,18445,NULL,268,0.0001
1788588,2026/8/12 11:27,MW2044B11796,A27,NULL,10,                    ,A00534,3.24E+00,1.02E-03,18223,NULL,268,0.00038
1788587,2026/8/12 11:27,MW2045B50022,ANZ,NULL,18,NULL,A04576,3.24E+00,7.90E-04,18332,NULL,268,0.00063
1788586,2026/8/12 11:27,MW2044B12972,C25,NULL,25,                    ,A00534,3.24E+00,1.20E-03,18009,NULL,268,0.00092
1788585,2026/8/12 11:26,MW2044B13096,A25,NULL,8,NULL,A04576,3.24E+00,9.00E-04,18534,NULL,268,0.00079
1788584,2026/8/12 11:26,MW2044B12934,C23,NULL,23,                    ,A00534,3.24E+00,1.02E-03,17903,NULL,268,0.00094
1788583,2026/8/12 11:26,MW2044B01204,A22,NULL,5,NULL,A04576,3.24E+00,1.34E-03,18604,NULL,268,0.00094
1788582,2026/8/12 11:26,MW2044B19690,C23,NULL,23,                    ,A00534,3.24E+00,9.70E-04,18233,NULL,268,0.00017
1788581,2026/8/12 11:25,MW2044B13097,A26,NULL,9,NULL,A04576,3.24E+00,9.70E-04,18533,NULL,268,0.00003
1788580,2026/8/12 11:25,MW2044B19689,A26,NULL,9,                    ,A00534,3.24E+00,8.50E-04,18279,NULL,268,0.00046
1788579,2026/8/12 11:25,MW2045B50316,A23,NULL,6,                    ,A00534,3.24E+00,1.47E-03,18055,NULL,268,0.00032
1788578,2026/8/12 11:25,MW2045B50103,ANZ,NULL,18,NULL,A04576,3.24E+00,8.00E-04,18533,NULL,268,0.00066
1788577,2026/8/12 11:25,MW2044B19687,A25,NULL,8,                    ,A00534,3.24E+00,9.30E-04,18093,NULL,268,0.00012
1788576,2026/8/12 11:24,MW2045B45084,A21,NULL,4,NULL,A17076,3.24E+00,1.17E-03,18517,NULL,268,0.00018
1788575,2026/8/12 11:24,MW2044B19684,A26,NULL,9,                    ,A00534,3.24E+00,9.00E-04,18052,NULL,268,0.00009
1788574,2026/8/12 11:24,MW2044B19193,A26,NULL,9,NULL,A17076,3.24E+00,8.10E-04,18588,NULL,268,0.00024
1788573,2026/8/12 11:24,MW2045B01750,A22,NULL,5,                    ,A20546,3.24E+00,1.21E-03,18105,NULL,268,0.00099
1788572,2026/8/12 11:24,MW2044B19194,A26,NULL,9,NULL,A17076,3.24E+00,8.40E-04,18462,NULL,268,0.00071
1788571,2026/8/12 11:23,MW2045B01754,A21,NULL,4,                    ,A20546,3.24E+00,1.34E-03,18278,NULL,268,0.00058
1788570,2026/8/12 11:23,MW2044B19195,A25,NULL,8,NULL,A17076,3.24E+00,9.30E-04,18571,NULL,268,0.00041
1788569,2026/8/12 11:23,MW2045B00759,A27,NULL,10,                    ,A20546,3.23E+00,8.40E-04,18354,NULL,268,0.00007
1788568,2026/8/12 11:23,MW2044B19196,O,NULL,1,NULL,A17076,0.00E+00,0.00E+00,18594,NULL,268,0.00048
1788567,2026/8/12 11:23,MW2044B13061,A25,NULL,8,                    ,A20546,3.24E+00,1.17E-03,18313,NULL,268,0.00016
1788566,2026/8/12 11:22,MW2045B02629,A26,NULL,9,                    ,A20546,3.23E+00,9.40E-04,18208,NULL,268,0.00072
1788565,2026/8/12 11:22,MW2044B13071,A25,NULL,8,                    ,A20546,3.24E+00,1.15E-03,18143,NULL,268,0.00099
1788564,2026/8/12 11:21,MW2045B02630,A24,NULL,7,                    ,A20546,3.23E+00,9.20E-04,18131,NULL,268,0.00019
1788563,2026/8/12 11:21,MW2044B13070,A25,NULL,8,                    ,A20546,3.24E+00,1.19E-03,18200,NULL,268,0.00014
1788562,2026/8/12 11:20,MW2044B13069,A26,NULL,9,                    ,A20546,3.24E+00,1.20E-03,18351,NULL,268,0.00013
1788561,2026/8/12 11:20,MW2044B09461,CHH,NULL,20,                    ,A20546,3.23E+00,1.01E-03,18421,NULL,268,0.00054
1788560,2026/8/12 11:20,MW2045B01954,A26,NULL,9,                    ,A20546,3.23E+00,9.70E-04,17864,NULL,268,0.00008
1788559,2026/8/12 11:19,MW2044B09460,A27,NULL,10,                    ,A20546,3.23E+00,9.60E-04,18160,NULL,268,0.00016
1788558,2026/8/12 11:19,MW2044B11517,A27,NULL,10,                    ,A18844,3.24E+00,8.40E-04,18063,NULL,268,0.0002
1788557,2026/8/12 11:18,MW2044B11516,A26,NULL,9,                    ,A18844,3.24E+00,9.50E-04,18068,NULL,268,0.00038
1788556,2026/8/12 11:18,MW2044B11420,A27,NULL,10,                    ,A18844,3.24E+00,8.90E-04,18269,NULL,268,0.00099
1788555,2026/8/12 11:18,MW2044B11419,A27,NULL,10,                    ,A18844,3.24E+00,8.70E-04,18144,NULL,268,0.00013
1788554,2026/8/12 11:17,MW2044B19197,A25,NULL,8,NULL,A17076,3.24E+00,9.40E-04,18736,NULL,268,0.00078
1788553,2026/8/12 11:17,MW2044B11337,A26,NULL,9,                    ,A18844,3.24E+00,1.09E-03,18320,NULL,268,0.00047
1788552,2026/8/12 11:17,MW2044B19198,A26,NULL,9,NULL,A17076,3.24E+00,9.20E-04,18668,NULL,268,0.00021
1788551,2026/8/12 11:17,MW2044B11334,C26,NULL,26,                    ,A18844,3.23E+00,1.07E-03,18360,NULL,268,0.00085
1788550,2026/8/12 11:17,MW2045B49797,O,NULL,1,NULL,A17076,0.00E+00,0.00E+00,18731,NULL,268,0.00075
1788549,2026/8/12 11:16,MW2044B11507,A26,NULL,9,                    ,A18844,3.24E+00,1.07E-03,18273,NULL,268,0.00023
1788548,2026/8/12 11:16,MW2045B47456,A26,NULL,9,                    ,A18844,3.24E+00,1.09E-03,18099,NULL,268,0.00051
1788547,2026/8/12 11:15,MW2044B13100,C23,NULL,23,                    ,A18844,3.24E+00,1.05E-03,18305,NULL,268,0.00089
1788546,2026/8/12 11:15,MW2044B13101,A24,NULL,7,                    ,A18844,3.24E+00,1.03E-03,18235,NULL,268,0.0009
1788545,2026/8/12 11:15,MW2045B47473,C26,NULL,26,                    ,A18844,3.24E+00,1.04E-03,17754,NULL,268,0.0002
1788544,2026/8/12 11:14,MW2044B13102,A24,NULL,7,                    ,A18844,3.24E+00,9.70E-04,18334,NULL,268,0.0007
1788543,2026/8/12 11:14,MW2045B48770,A26,NULL,9,                    ,A14609,3.24E+00,8.40E-04,18048,NULL,268,0.00059
1788542,2026/8/12 11:13,MW2045B48772,C26,NULL,26,                    ,A14609,3.23E+00,8.30E-04,18157,NULL,268,0.00073
1788541,2026/8/12 11:13,MW2045B45086,A23,NULL,6,                    ,A14609,3.24E+00,1.12E-03,18194,NULL,268,0.00001
1788540,2026/8/12 11:13,MW2044B19255,A22,NULL,5,                    ,A14609,3.24E+00,1.09E-03,18253,NULL,268,0.00053
1788539,2026/8/12 11:12,MW2045B45087,A24,NULL,7,                    ,A14609,3.24E+00,1.07E-03,18151,NULL,268,0.00025
1788538,2026/8/12 11:12,MW2044B18598,A25,NULL,8,                    ,A14609,3.24E+00,1.14E-03,18243,NULL,268,0.00012
1788537,2026/8/12 11:11,MW2044B18565,CHH,NULL,20,                    ,A14609,3.24E+00,9.60E-04,18372,NULL,268,0.00087
1788536,2026/8/12 11:11,MW2044B19584,B23,NULL,13,                    ,A14609,3.24E+00,1.17E-03,18185,NULL,268,0.00063
1788535,2026/8/12 11:11,MW2044B13602,A27,NULL,10,                    ,A14609,3.24E+00,8.90E-04,18227,NULL,268,0.0005
1788534,2026/8/12 11:09,MW2044B11498,A27,NULL,10,                    ,A14609,3.24E+00,9.20E-04,18025,NULL,268,0.00091
1788533,2026/8/12 11:09,MW2044B19585,B23,NULL,13,                    ,A14609,3.24E+00,1.20E-03,18196,NULL,268,0.0004
1788532,2026/8/12 11:08,MW2044B19583,B23,NULL,13,                    ,A14609,3.24E+00,1.30E-03,18184,NULL,268,0.00082
1788531,2026/8/12 11:08,MW2044B19356,A22,NULL,5,                    ,A18509,3.24E+00,1.24E-03,18102,NULL,268,0.00064
1788530,2026/8/12 11:07,MW2045B50297,B26,NULL,16,                    ,A18509,3.24E+00,8.70E-04,18032,NULL,268,0.00041
1788529,2026/8/12 11:07,MW2044B12179,ANZ,NULL,18,NULL,A17076,3.24E+00,7.80E-04,18653,NULL,268,0.00081
1788528,2026/8/12 11:07,MW2044B19357,A21,NULL,4,                    ,A18509,3.24E+00,1.19E-03,18244,NULL,268,0.00057
1788527,2026/8/12 11:07,MW2044B12178,C24,NULL,24,NULL,A17076,3.24E+00,9.30E-04,18616,NULL,268,0.0002
1788526,2026/8/12 11:07,MW2045B50589,B26,NULL,16,                    ,A18509,3.24E+00,8.50E-04,18047,NULL,268,0.00006
1788525,2026/8/12 11:06,MW2044B12177,C24,NULL,24,NULL,A17076,3.24E+00,9.20E-04,18495,NULL,268,0.00055
1788524,2026/8/12 11:06,MW2044B19358,A21,NULL,4,                    ,A18509,3.24E+00,1.24E-03,18177,NULL,268,0.00028
1788523,2026/8/12 11:06,MW2044B06537,A24,NULL,7,NULL,A17076,3.24E+00,9.80E-04,18607,NULL,268,0.00078
1788522,2026/8/12 11:06,MW2045B50587,B26,NULL,16,                    ,A18509,3.24E+00,8.80E-04,18292,NULL,268,0.00062
1788521,2026/8/12 11:06,MW2044B20391,O,NULL,1,NULL,A06659,0.00E+00,0.00E+00,18183,NULL,268,0.00026
1788520,2026/8/12 11:05,MW2045B47973,B25,NULL,15,                    ,A18509,3.24E+00,8.50E-04,18227,NULL,268,0.00033
1788519,2026/8/12 11:05,MW2045B49807,C25,NULL,25,                    ,A18509,3.24E+00,9.50E-04,18061,NULL,268,0.00052
1788518,2026/8/12 11:04,MW2044B19360,A21,NULL,4,                    ,A18509,3.24E+00,1.21E-03,18190,NULL,268,0.00085
1788517,2026/8/12 11:04,MW2044B19361,A23,NULL,6,                    ,A18509,3.24E+00,1.08E-03,18220,NULL,268,0.00087
1788516,2026/8/12 11:04,MW2044B19363,A22,NULL,5,                    ,A18509,3.24E+00,1.06E-03,18291,NULL,268,0.00098
1788515,2026/8/12 11:03,MW2044B19213,A23,NULL,6,NULL,A06659,3.24E+00,9.10E-04,18573,NULL,268,0.00064
1788514,2026/8/12 11:03,MW2044B19364,A22,NULL,5,                    ,A18509,3.24E+00,1.10E-03,18248,NULL,268,0.00073
1788513,2026/8/12 11:03,MW2044B13077,A23,NULL,6,NULL,A06659,3.24E+00,1.05E-03,18552,NULL,268,0.00005
1788512,2026/8/12 11:03,MW2044B08046,A26,NULL,9,                    ,A06516,3.24E+00,1.05E-03,18259,NULL,268,0.0004
1788511,2026/8/12 11:03,MW2044B13076,C23,NULL,23,NULL,A06659,3.24E+00,1.04E-03,18560,NULL,268,0.00046
1788510,2026/8/12 11:02,MW2044B08045,A26,NULL,9,                    ,A06516,3.24E+00,1.01E-03,18244,NULL,268,0.00081
1788509,2026/8/12 11:02,MW2044B20865,C25,NULL,25,NULL,A06659,3.23E+00,9.30E-04,18514,NULL,268,0.00026
1788508,2026/8/12 11:02,MW2044B19560,A24,NULL,7,                    ,A06516,3.24E+00,1.35E-03,18266,NULL,268,0.00002
1788507,2026/8/12 11:02,MW2044B20864,A25,NULL,8,NULL,A06659,3.23E+00,8.80E-04,18781,NULL,268,0.0007
1788506,2026/8/12 11:02,MW2045B44195,B22,NULL,12,                    ,A06516,3.24E+00,1.57E-03,18087,NULL,268,0.00099
1788505,2026/8/12 11:01,MW2044B20862,ANZ,NULL,18,NULL,A06659,3.23E+00,7.30E-04,18574,NULL,268,0.00091
1788504,2026/8/12 11:01,MW2045B44194,A26,NULL,9,                    ,A06516,3.24E+00,1.25E-03,17926,NULL,268,0.00092
1788503,2026/8/12 11:01,MW2045B44193,A22,NULL,5,                    ,A06516,3.24E+00,1.66E-03,18113,NULL,268,0.0007
1788502,2026/8/12 11:01,MW2044B20861,ANZ,NULL,18,NULL,A06659,3.24E+00,7.80E-04,18756,NULL,268,0.00061
1788501,2026/8/12 11:00,MW2045B44192,A23,NULL,6,                    ,A06516,3.24E+00,1.60E-03,18161,NULL,268,0.00011
1788500,2026/8/12 11:00,MW2044B20860,A25,NULL,8,NULL,A06659,3.24E+00,1.00E-03,18572,NULL,268,0.00063
1788499,2026/8/12 11:00,MW2045B44191,A21,NULL,4,                    ,A06516,3.24E+00,1.75E-03,18219,NULL,268,0.00095
1788498,2026/8/12 11:00,MW2044B16684,A26,NULL,9,NULL,A06659,3.24E+00,8.60E-04,18715,NULL,268,0.00055
1788497,2026/8/12 10:58,MW2045B44190,A23,NULL,6,                    ,A06516,3.24E+00,1.55E-03,18171,NULL,268,0.00044
1788496,2026/8/12 10:58,MW2045B50582,ANZ,NULL,18,NULL,A06659,3.24E+00,7.70E-04,18695,NULL,268,0.00095
1788495,2026/8/12 10:58,MW2044B19985,A27,NULL,10,                    ,A06516,3.24E+00,8.70E-04,18174,NULL,268,0.0005
1788494,2026/8/12 10:58,MW2044B11187,ANZ,NULL,18,NULL,A06659,3.24E+00,8.00E-04,18632,NULL,268,0.00063
1788493,2026/8/12 10:58,MW2044B19982,A27,NULL,10,                    ,A06516,3.24E+00,9.00E-04,18206,NULL,268,0.00094
1788492,2026/8/12 10:57,MW2044B19561,A23,NULL,6,NULL,A18676,3.24E+00,1.26E-03,18710,NULL,268,0.00077
1788491,2026/8/12 10:57,MW2044B11160,A25,NULL,8,                    ,A06516,3.24E+00,9.10E-04,18343,NULL,268,0.00038
1788490,2026/8/12 10:57,MW2044B08047,A25,NULL,8,NULL,A18676,3.24E+00,9.30E-04,18586,NULL,268,0.00026
1788489,2026/8/12 10:57,MW2044B11908,A25,NULL,8,                    ,A23109,3.24E+00,9.60E-04,18170,NULL,268,0.0009
1788488,2026/8/12 10:56,MW2044B08049,A25,NULL,8,NULL,A18676,3.24E+00,9.10E-04,18675,NULL,268,0.0006
1788487,2026/8/12 10:56,MW2045B16996,B25,NULL,15,                    ,A23109,3.23E+00,9.30E-04,18159,NULL,268,0.00043
1788486,2026/8/12 10:56,MW2044B08048,A25,NULL,8,NULL,A18676,3.24E+00,9.30E-04,18638,NULL,268,0.00069
1788485,2026/8/12 10:56,MW2042B09303,A23,NULL,6,                    ,A23109,3.24E+00,9.40E-04,18280,NULL,268,0.00032
1788484,2026/8/12 10:56,MW2045B18222,A24,NULL,7,                    ,A23109,3.24E+00,8.30E-04,17979,NULL,268,0.00005
1788483,2026/8/12 10:55,MW2044B20976,A25,NULL,8,NULL,A18676,3.24E+00,1.00E-03,18688,NULL,268,0.00073
1788482,2026/8/12 10:55,MW2045B49887,C25,NULL,25,                    ,A23109,3.24E+00,8.80E-04,18167,NULL,268,0.00048
1788481,2026/8/12 10:55,MW2044B08051,A25,NULL,8,NULL,A18676,3.24E+00,8.70E-04,18580,NULL,268,0.00065
1788480,2026/8/12 10:55,MW2044B08050,A24,NULL,7,NULL,A18676,3.24E+00,9.30E-04,18514,NULL,268,0.0007
1788479,2026/8/12 10:55,MW2045B50216,A24,NULL,7,                    ,A23109,3.24E+00,1.12E-03,18290,NULL,268,0.0001
1788478,2026/8/12 10:54,MW2044B19568,B22,NULL,12,NULL,A18676,3.24E+00,1.19E-03,18671,NULL,268,0.00047
1788477,2026/8/12 10:54,MW2045B61575,A25,NULL,8,                    ,A23109,3.24E+00,8.60E-04,18199,NULL,268,0.00031
1788476,2026/8/12 10:54,MW2044B13892,A27,NULL,10,                    ,A23109,3.23E+00,8.70E-04,18389,NULL,268,0.00016
1788475,2026/8/12 10:54,MW2044B08034,A25,NULL,8,NULL,A18676,3.24E+00,9.50E-04,18447,NULL,268,0.00044
1788474,2026/8/12 10:53,MW2044B08077,C25,NULL,25,NULL,A18676,3.24E+00,9.00E-04,18477,NULL,268,0.00068
1788473,2026/8/12 10:53,MW2044B20328,C23,NULL,23,                    ,A23109,3.24E+00,8.50E-04,18218,NULL,268,0.00014
1788472,2026/8/12 10:53,MW2044B19569,B22,NULL,12,NULL,A18676,3.24E+00,1.19E-03,18641,NULL,268,0.00059
1788471,2026/8/12 10:52,MW2044B19447,A24,NULL,7,                    ,A23109,3.24E+00,8.20E-04,18121,NULL,268,0.00095
1788470,2026/8/12 10:52,MW2044B07962,A25,NULL,8,NULL,A18676,3.24E+00,9.60E-04,18382,NULL,268,0.00029
1788469,2026/8/12 10:52,MW2045B27387,B24,NULL,14,                    ,A23109,3.24E+00,1.14E-03,18224,NULL,268,0.00006
1788468,2026/8/12 10:52,MW2044B13604,ANZ,NULL,18,NULL,A19013,3.24E+00,7.50E-04,18591,NULL,268,0.00014
1788467,2026/8/12 10:52,MW2044B08068,A25,NULL,8,                    ,A23109,3.24E+00,1.01E-03,18244,NULL,268,0.00043
1788466,2026/8/12 10:51,MW2044B13605,ANZ,NULL,18,NULL,A19013,3.24E+00,7.40E-04,18592,NULL,268,0.00051
1788465,2026/8/12 10:51,MW2045B43831,B24,NULL,14,                    ,A14603,3.24E+00,1.25E-03,18120,NULL,268,0.00024
1788464,2026/8/12 10:51,MW2044B13607,ANZ,NULL,18,NULL,A19013,3.24E+00,7.70E-04,18430,NULL,268,0.00002
1788463,2026/8/12 10:51,MW2044B11495,A26,NULL,9,                    ,A14603,3.24E+00,9.40E-04,18167,NULL,268,0.00061
1788462,2026/8/12 10:50,MW2044B07766,A25,NULL,8,NULL,A19013,3.24E+00,9.40E-04,18514,NULL,268,0.00002
1788461,2026/8/12 10:50,MW2044B11491,A26,NULL,9,                    ,A14603,3.24E+00,9.50E-04,18102,NULL,268,0.0004
1788460,2026/8/12 10:50,MW2044B11519,A27,NULL,10,                    ,A14603,3.24E+00,8.90E-04,18232,NULL,268,0.00021
1788459,2026/8/12 10:50,MW2044B13606,ANZ,NULL,18,NULL,A19013,3.24E+00,7.70E-04,18444,NULL,268,0.00076
1788458,2026/8/12 10:49,MW2044B11518,A27,NULL,10,                    ,A14603,3.24E+00,8.30E-04,18014,NULL,268,0.0009
1788457,2026/8/12 10:49,MW2044B08120,A24,NULL,7,NULL,A19013,3.24E+00,8.70E-04,18517,NULL,268,0.00064
1788456,2026/8/12 10:49,MW2044B13608,ANZ,NULL,18,NULL,A19013,3.24E+00,8.00E-04,18460,NULL,268,0.00094
1788455,2026/8/12 10:49,MW2044B11260,A26,NULL,9,                    ,A14603,3.24E+00,9.50E-04,18038,NULL,268,0.0006
1788454,2026/8/12 10:48,MW2044B11422,ANZ,NULL,18,NULL,A19013,3.24E+00,7.70E-04,18496,NULL,268,0.00097
1788453,2026/8/12 10:48,MW2044B11191,A25,NULL,8,                    ,A14603,3.24E+00,1.07E-03,18355,NULL,268,0.00057
1788452,2026/8/12 10:48,MW2044B11190,A25,NULL,8,                    ,A14603,3.24E+00,1.09E-03,18274,NULL,268,0.00099
1788451,2026/8/12 10:48,MW2044B11421,O,NULL,1,NULL,A19013,0.00E+00,0.00E+00,18392,NULL,268,0.00035
1788450,2026/8/12 10:48,MW2044B07964,A24,NULL,7,                    ,A14603,3.24E+00,1.07E-03,18274,NULL,268,0.0003
1788449,2026/8/12 10:47,MW2044B11189,A25,NULL,8,                    ,A14603,3.24E+00,1.07E-03,18313,NULL,268,0.00086
1788448,2026/8/12 10:47,MW2044B07963,A25,NULL,8,                    ,A14603,3.24E+00,1.07E-03,18219,NULL,268,0.00022
1788447,2026/8/12 10:46,MW2044B08121,A24,NULL,7,NULL,A19013,3.24E+00,8.80E-04,18485,NULL,268,0.00078
1788446,2026/8/12 10:46,MW2044B19570,A22,NULL,5,                    ,A14603,3.24E+00,1.31E-03,18166,NULL,268,0.00096
1788445,2026/8/12 10:46,MW2044B11472,ANZ,NULL,18,NULL,A19013,3.24E+00,7.70E-04,18545,NULL,268,0.00088
1788444,2026/8/12 10:46,MW2044B11442,A25,NULL,8,                    ,A05267,3.24E+00,9.90E-04,18121,NULL,268,0.00088
1788443,2026/8/12 10:46,MW2044B11471,A26,NULL,9,NULL,A19013,3.24E+00,8.70E-04,18520,NULL,268,0.00068
1788442,2026/8/12 10:45,MW2044B08063,A24,NULL,7,                    ,A05267,3.23E+00,9.80E-04,18311,NULL,268,0.00055
1788441,2026/8/12 10:45,MW2044B08015,A24,NULL,7,NULL,A22535,3.24E+00,1.02E-03,18523,NULL,268,0.00037
1788440,2026/8/12 10:45,MW2044B11441,A24,NULL,7,                    ,A05267,3.24E+00,1.01E-03,18177,NULL,268,0.00065
1788439,2026/8/12 10:45,MW2044B08017,A24,NULL,7,NULL,A22535,3.24E+00,9.20E-04,18566,NULL,268,0.0001
1788438,2026/8/12 10:45,MW2044B08062,A24,NULL,7,                    ,A05267,3.24E+00,9.70E-04,18283,NULL,268,0.00005
1788437,2026/8/12 10:44,MW2044B08016,A26,NULL,9,NULL,A22535,3.24E+00,8.10E-04,18668,NULL,268,0.0007
1788436,2026/8/12 10:44,MW2044B08061,A23,NULL,6,                    ,A05267,3.24E+00,1.25E-03,18483,NULL,268,0.00018
1788435,2026/8/12 10:44,MW2044B08018,A24,NULL,7,NULL,A22535,3.24E+00,9.50E-04,18533,NULL,268,0.0007
1788434,2026/8/12 10:44,MW2044B07865,A23,NULL,6,                    ,A05267,3.24E+00,1.04E-03,18427,NULL,268,0.00057
1788433,2026/8/12 10:43,MW2045B48446,A26,NULL,9,NULL,A22535,3.24E+00,9.00E-04,18666,NULL,268,0.00088
1788432,2026/8/12 10:43,MW2044B08114,A24,NULL,7,                    ,A05267,3.24E+00,9.40E-04,18276,NULL,268,0.00008
1788431,2026/8/12 10:43,MW2045B48442,ANZ,NULL,18,NULL,A22535,3.24E+00,7.90E-04,18479,NULL,268,0.00065
1788430,2026/8/12 10:43,MW2044B08113,A23,NULL,6,                    ,A05267,3.24E+00,1.09E-03,18197,NULL,268,0.00028
1788429,2026/8/12 10:43,MW2044B13564,A25,NULL,8,                    ,A05267,3.24E+00,8.80E-04,18281,NULL,268,0.00093
1788428,2026/8/12 10:42,MW2045B48435,A26,NULL,9,NULL,A22535,3.24E+00,8.30E-04,18719,NULL,268,0.00079
1788427,2026/8/12 10:42,MW2044B07925,A25,NULL,8,                    ,A05267,3.24E+00,1.01E-03,18230,NULL,268,0.00038
1788426,2026/8/12 10:42,MW2044B11407,A24,NULL,7,NULL,A22535,3.24E+00,9.50E-04,18481,NULL,268,0.00045
1788425,2026/8/12 10:42,MW2044B13563,A25,NULL,8,                    ,A05267,3.24E+00,9.10E-04,18255,NULL,268,0.00048
1788424,2026/8/12 10:42,MW2044B11365,A25,NULL,8,NULL,A22535,3.24E+00,8.90E-04,18486,NULL,268,0.00043
1788423,2026/8/12 10:41,MW2044B08123,A24,NULL,7,                    ,A05267,3.24E+00,1.09E-03,18241,NULL,268,0.00079
1788422,2026/8/12 10:41,MW2044B08060,A24,NULL,7,NULL,A22535,3.24E+00,1.11E-03,18588,NULL,268,0.00001
1788421,2026/8/12 10:41,MW2044B13508,A26,NULL,9,                    ,A19797,3.24E+00,9.50E-04,18172,NULL,268,0.00095
1788420,2026/8/12 10:41,MW2044B11417,A25,NULL,8,NULL,A22535,3.24E+00,8.60E-04,18386,NULL,268,0.00092
1788419,2026/8/12 10:40,MW2044B07793,A24,NULL,7,                    ,A19797,3.24E+00,1.34E-03,18294,NULL,268,0.00078
1788418,2026/8/12 10:40,MW2044B08070,A25,NULL,8,NULL,A22535,3.24E+00,9.60E-04,18450,NULL,268,0.00068
1788417,2026/8/12 10:40,MW2044B08027,A25,NULL,8,                    ,A19797,3.24E+00,1.10E-03,18325,NULL,268,0.00059
1788416,2026/8/12 10:40,MW2045B49618,ANZ,NULL,18,NULL,A22967,3.24E+00,7.60E-04,18477,NULL,268,0.00016
1788415,2026/8/12 10:40,MW2044B07950,A25,NULL,8,                    ,A19797,3.24E+00,1.12E-03,18303,NULL,268,0.0006
1788414,2026/8/12 10:39,MW2044B13507,A24,NULL,7,NULL,A22967,3.24E+00,9.40E-04,18586,NULL,268,0.0007
1788413,2026/8/12 10:39,MW2044B07949,A25,NULL,8,                    ,A19797,3.24E+00,1.10E-03,18333,NULL,268,0.00001
1788412,2026/8/12 10:39,MW2045B49619,ANZ,NULL,18,NULL,A22967,3.24E+00,7.70E-04,18391,NULL,268,0.0003
1788411,2026/8/12 10:39,MW2044B07948,A26,NULL,9,                    ,A19797,3.24E+00,1.04E-03,18244,NULL,268,0.00027
1788410,2026/8/12 10:38,MW2044B13156,C25,NULL,25,NULL,A22967,3.24E+00,9.20E-04,18666,NULL,268,0.00037
1788409,2026/8/12 10:38,MW2044B07977,A25,NULL,8,                    ,A19797,3.24E+00,1.03E-03,18322,NULL,268,0.00014
1788408,2026/8/12 10:38,MW2044B07976,A25,NULL,8,                    ,A19797,3.24E+00,1.01E-03,18275,NULL,268,0.00058
1788407,2026/8/12 10:38,MW2044B13153,ANZ,NULL,18,NULL,A22967,3.24E+00,7.90E-04,18670,NULL,268,0.00047
1788406,2026/8/12 10:38,MW2044B07975,A26,NULL,9,                    ,A19797,3.24E+00,9.20E-04,18286,NULL,268,0.00004
1788405,2026/8/12 10:37,MW2044B18785,B21,NULL,11,NULL,A22967,3.24E+00,1.29E-03,18684,NULL,268,0.00022
1788404,2026/8/12 10:37,MW2044B11363,A25,NULL,8,                    ,A19797,3.24E+00,1.01E-03,18122,NULL,268,0.00093
1788403,2026/8/12 10:37,MW2044B18784,B21,NULL,11,NULL,A22967,3.24E+00,1.07E-03,18520,NULL,268,0.00031
1788402,2026/8/12 10:37,MW2044B07973,A25,NULL,8,                    ,A19797,3.24E+00,1.03E-03,18194,NULL,268,0.00076
1788401,2026/8/12 10:37,MW2044B18783,B21,NULL,11,NULL,A22967,3.24E+00,1.18E-03,18561,NULL,268,0.00042
1788400,2026/8/12 10:36,MW2044B11408,A24,NULL,7,                    ,A19797,3.24E+00,1.07E-03,18259,NULL,268,0.00048
1788399,2026/8/12 10:36,MW2044B18803,ANZ,NULL,18,NULL,A22967,3.24E+00,7.80E-04,18553,NULL,268,0.00097
1788398,2026/8/12 10:36,MW2044B11320,A25,NULL,8,                    ,A15702,3.24E+00,1.10E-03,18016,NULL,268,0.00035
1788397,2026/8/12 10:36,MW2044B18804,ANZ,NULL,18,NULL,A22967,3.24E+00,7.60E-04,18495,NULL,268,0.00013
1788396,2026/8/12 10:36,MW2044B19347,A22,NULL,5,                    ,A15702,3.24E+00,1.54E-03,18076,NULL,268,0.00037
1788395,2026/8/12 10:35,MW2045B47977,ANZ,NULL,18,NULL,A22967,3.24E+00,7.20E-04,18534,NULL,268,0.00005
1788394,2026/8/12 10:35,MW2044B19349,A21,NULL,4,                    ,A15702,3.24E+00,1.22E-03,18079,NULL,268,0.00056
1788393,2026/8/12 10:35,MW2044B13082,C23,NULL,23,NULL,A22967,3.24E+00,9.20E-04,18416,NULL,268,0.0005
1788392,2026/8/12 10:35,MW2044B19350,A21,NULL,4,                    ,A15702,3.24E+00,1.51E-03,18008,NULL,268,0.00072
1788391,2026/8/12 10:34,MW2044B08432,A21,NULL,4,                    ,A15702,3.23E+00,9.10E-04,18196,NULL,268,0.00051
1788390,2026/8/12 10:34,MW2044B19345,A22,NULL,5,NULL,A15133,3.24E+00,1.43E-03,18425,NULL,268,0.00034
1788389,2026/8/12 10:34,MW2044B19352,A21,NULL,4,                    ,A15702,3.24E+00,1.24E-03,18260,NULL,268,0.0001
1788388,2026/8/12 10:34,MW2044B07991,A24,NULL,7,NULL,A15133,3.24E+00,8.90E-04,18517,NULL,268,0.00013
1788387,2026/8/12 10:34,MW2044B08431,A21,NULL,4,                    ,A15702,3.23E+00,9.30E-04,18205,NULL,268,0.00021
1788386,2026/8/12 10:33,MW2044B18585,A25,NULL,8,NULL,A15133,3.24E+00,1.04E-03,18765,NULL,268,0.00031
1788385,2026/8/12 10:33,MW2044B13099,A23,NULL,6,                    ,A15702,3.24E+00,1.04E-03,18222,NULL,268,0.00037
1788384,2026/8/12 10:33,MW2044B08013,A25,NULL,8,NULL,A15133,3.24E+00,9.50E-04,18533,NULL,268,0.00072
1788383,2026/8/12 10:33,MW2044B13098,A24,NULL,7,                    ,A15702,3.24E+00,1.04E-03,18193,NULL,268,0.00054
1788382,2026/8/12 10:33,MW2044B19191,A26,NULL,9,NULL,A15133,3.24E+00,8.70E-04,18623,NULL,268,0.00048
1788381,2026/8/12 10:32,MW2044B08430,A21,NULL,4,                    ,A15702,3.23E+00,9.00E-04,18199,NULL,268,0.00043
1788380,2026/8/12 10:32,MW2044B08014,A25,NULL,8,NULL,A15133,3.24E+00,9.30E-04,18598,NULL,268,0.0006
1788379,2026/8/12 10:32,MW2044B13095,A24,NULL,7,                    ,A15702,3.24E+00,1.01E-03,18211,NULL,268,0.00012
1788378,2026/8/12 10:32,MW2044B19342,A21,NULL,4,NULL,A15133,3.24E+00,1.13E-03,18556,NULL,268,0.00014
1788377,2026/8/12 10:32,MW2044B08429,A21,NULL,4,                    ,A15702,3.23E+00,9.00E-04,18155,NULL,268,0.00095
1788376,2026/8/12 10:31,MW2044B08024,A25,NULL,8,NULL,A15133,3.24E+00,9.70E-04,18506,NULL,268,0.00043
1788375,2026/8/12 10:31,MW2044B09192,A24,NULL,7,                    ,A14445,3.24E+00,8.90E-04,18238,NULL,268,0.00087
1788374,2026/8/12 10:31,MW2044B19199,A26,NULL,9,NULL,A15133,3.24E+00,8.60E-04,18708,NULL,268,0.00034
1788373,2026/8/12 10:31,MW2044B09456,A23,NULL,6,                    ,A14445,3.24E+00,1.25E-03,18171,NULL,268,0.00016
1788372,2026/8/12 10:30,MW2044B08025,A25,NULL,8,NULL,A15133,3.24E+00,9.70E-04,18410,NULL,268,0.00097
1788371,2026/8/12 10:30,MW2044B12921,A25,NULL,8,                    ,A14445,3.24E+00,1.03E-03,18172,NULL,268,0.00008
1788370,2026/8/12 10:30,MW2045B50044,A24,NULL,7,                    ,A14445,3.24E+00,9.50E-04,17768,NULL,268,0.00023
1788369,2026/8/12 10:30,MW2044B08033,A26,NULL,9,NULL,A15133,3.24E+00,9.40E-04,18501,NULL,268,0.00093
1788368,2026/8/12 10:29,MW2044B19341,A21,NULL,4,                    ,A14445,3.24E+00,1.05E-03,18047,NULL,268,0.00091
1788367,2026/8/12 10:29,MW2044B08088,A23,NULL,6,NULL,A15133,3.24E+00,1.07E-03,18402,NULL,268,0.00083
1788366,2026/8/12 10:29,MW2045B49621,B26,NULL,16,                    ,A14445,3.24E+00,8.50E-04,18030,NULL,268,0.00038
1788365,2026/8/12 10:29,MW2045B31765,ANZ,NULL,18,NULL,A06024,3.23E+00,7.90E-04,18568,NULL,268,0.00082
1788364,2026/8/12 10:29,MW2044B13081,C24,NULL,24,                    ,A14445,3.24E+00,1.07E-03,17998,NULL,268,0.00048
1788363,2026/8/12 10:28,MW2045B33918,A24,NULL,7,NULL,A06024,3.24E+00,1.16E-03,18463,NULL,268,0.0009
1788362,2026/8/12 10:27,MW2045B33917,A24,NULL,7,NULL,A06024,3.24E+00,1.10E-03,18601,NULL,268,0.0008
1788361,2026/8/12 10:27,MW2045B06894,ANZ,NULL,18,NULL,A06024,3.23E+00,7.50E-04,18533,NULL,268,0.00066
1788360,2026/8/12 10:26,MW2045B33920,A24,NULL,7,NULL,A06024,3.23E+00,1.18E-03,18579,NULL,268,0.00077
1788359,2026/8/12 10:26,MW2045B47383,C25,NULL,25,                    ,A14445,3.24E+00,1.04E-03,17818,NULL,268,0.00088
1788358,2026/8/12 10:26,MW2045B33919,A24,NULL,7,NULL,A06024,3.24E+00,1.12E-03,18511,NULL,268,0.00009
1788357,2026/8/12 10:26,MW2045B47451,C25,NULL,25,                    ,A14445,3.24E+00,1.04E-03,17880,NULL,268,0.00066
1788356,2026/8/12 10:25,MW2044B08067,A25,NULL,8,                    ,A14445,3.24E+00,1.03E-03,18335,NULL,268,0.00044
1788355,2026/8/12 10:25,MW2045B33921,A24,NULL,7,NULL,A06024,3.24E+00,1.12E-03,18558,NULL,268,0.0007
1788354,2026/8/12 10:25,MW2044B08068,A25,NULL,8,                    ,A14445,3.24E+00,1.01E-03,18237,NULL,268,0.00095
1788353,2026/8/12 10:25,MW2045B31784,ANZ,NULL,18,NULL,A06024,3.23E+00,7.90E-04,18715,NULL,268,0.00048
1788352,2026/8/12 10:24,MW2044B08065,A25,NULL,8,                    ,A14445,3.24E+00,1.02E-03,18266,NULL,268,0.00042
1788351,2026/8/12 10:24,MW2045B31754,ANZ,NULL,18,NULL,A06024,3.23E+00,7.60E-04,18658,NULL,268,0.00057
1788350,2026/8/12 10:24,MW2045B33869,A25,NULL,8,                    ,A14829,3.23E+00,1.03E-03,17904,NULL,268,0.00041
1788349,2026/8/12 10:24,MW2045B31729,C25,NULL,25,NULL,A06024,3.23E+00,8.40E-04,18695,NULL,268,0.0008
1788348,2026/8/12 10:24,MW2043B08778,D24,NULL,30,                    ,A14829,3.24E+00,1.08E-03,18640,NULL,268,0.0003
1788347,2026/8/12 10:23,MW2043B08780,D22,NULL,28,NULL,A06024,3.24E+00,9.00E-04,18921,NULL,268,0.00003
1788346,2026/8/12 10:23,MW2045B22286,B25,NULL,15,                    ,A14829,3.23E+00,9.00E-04,18127,NULL,268,0.00087
1788345,2026/8/12 10:23,MW2045B31750,ANZ,NULL,18,NULL,A06024,3.24E+00,7.90E-04,18656,NULL,268,0.00039
1788344,2026/8/12 10:23,MW2045B20319,A27,NULL,10,                    ,A14829,3.23E+00,9.60E-04,18201,NULL,268,0.00011
1788343,2026/8/12 10:22,MW2045B33875,A24,NULL,7,NULL,A04456,3.24E+00,1.11E-03,18639,NULL,268,0.00038
1788342,2026/8/12 10:22,MW2045B33912,C24,NULL,24,                    ,A14829,3.23E+00,1.22E-03,18286,NULL,268,0.00061
1788341,2026/8/12 10:22,MW2045B26812,ANZ,NULL,18,NULL,A04456,3.23E+00,7.60E-04,18605,NULL,268,0.00017
1788340,2026/8/12 10:20,MW2045B31926,A26,NULL,9,                    ,A14829,3.23E+00,9.30E-04,18230,NULL,268,0.00003
1788339,2026/8/12 10:19,MW2045B33882,A25,NULL,8,NULL,A04456,3.24E+00,9.40E-04,18642,NULL,268,0.0005
1788338,2026/8/12 10:19,MW2045B31928,A26,NULL,9,                    ,A14829,3.23E+00,9.60E-04,18104,NULL,268,0.00089
1788337,2026/8/12 10:19,MW2045B31800,A26,NULL,9,NULL,A04456,3.23E+00,8.90E-04,18600,NULL,268,0.00035
1788336,2026/8/12 10:19,MW2045B31670,A25,NULL,8,                    ,A14829,3.23E+00,9.80E-04,18156,NULL,268,0.00024
1788335,2026/8/12 10:19,MW2045B30703,ANZ,NULL,18,NULL,A04456,3.24E+00,7.20E-04,18637,NULL,268,0.00008
1788334,2026/8/12 10:19,MW2045B33855,A26,NULL,9,                    ,A14829,3.23E+00,1.08E-03,18344,NULL,268,0.00024
1788333,2026/8/12 10:18,MW2045B27257,A24,NULL,7,NULL,A04456,3.23E+00,1.03E-03,18560,NULL,268,0.00048
1788332,2026/8/12 10:18,MW2045B31673,A26,NULL,9,                    ,A14829,3.23E+00,9.40E-04,18325,NULL,268,0.00079
1788331,2026/8/12 10:18,MW2045B33857,A26,NULL,9,                    ,A14829,3.23E+00,1.07E-03,18279,NULL,268,0.00031
1788330,2026/8/12 10:18,MW2045B27264,A25,NULL,8,NULL,A04456,3.23E+00,1.00E-03,18587,NULL,268,0.00002
1788329,2026/8/12 10:17,MW2045B33934,A24,NULL,7,                    ,A14829,3.23E+00,1.17E-03,18193,NULL,268,0.00032
1788328,2026/8/12 10:17,MW2045B31813,A25,NULL,8,NULL,A04456,3.23E+00,8.50E-04,18608,NULL,268,0.00035
1788327,2026/8/12 10:17,MW2045B33880,A25,NULL,8,                    ,A04640,3.24E+00,1.20E-03,18271,NULL,268,0.00029
1788326,2026/8/12 10:17,MW2045B30269,B24,NULL,14,NULL,A04456,3.24E+00,8.90E-04,18572,NULL,268,0.00098
1788325,2026/8/12 10:16,MW2045B33883,A24,NULL,7,                    ,A04640,3.24E+00,1.25E-03,18197,NULL,268,0.00076
1788324,2026/8/12 10:16,MW2045B33915,A25,NULL,8,NULL,A04456,3.24E+00,9.40E-04,18624,NULL,268,0.00018
1788323,2026/8/12 10:16,MW2045B31648,A25,NULL,8,                    ,A04640,3.23E+00,9.80E-04,18164,NULL,268,0.00073
1788322,2026/8/12 10:16,MW2045B31883,A25,NULL,8,NULL,A04456,3.23E+00,9.40E-04,18637,NULL,268,0.00041
1788321,2026/8/12 10:16,MW2045B33910,A25,NULL,8,                    ,A04640,3.24E+00,1.06E-03,18348,NULL,268,0.00045
1788320,2026/8/12 10:15,MW2045B31839,A25,NULL,8,NULL,A04456,3.23E+00,8.40E-04,18809,NULL,268,0.00046
1788319,2026/8/12 10:15,MW2045B31732,A25,NULL,8,                    ,A04640,3.23E+00,9.70E-04,18169,NULL,268,0.00037
1788318,2026/8/12 10:15,MW2045B33841,A26,NULL,9,NULL,A00834,3.23E+00,9.40E-04,18768,NULL,268,0.00099
1788317,2026/8/12 10:15,MW2045B31647,A26,NULL,9,                    ,A04640,3.23E+00,9.80E-04,18146,NULL,268,0.00041
1788316,2026/8/12 10:14,MW2045B31719,O,NULL,1,NULL,A00834,0.00E+00,0.00E+00,18729,NULL,268,0.00031
1788315,2026/8/12 10:14,MW2045B31652,A26,NULL,9,                    ,A04640,3.24E+00,9.70E-04,18088,NULL,268,0.0002
1788314,2026/8/12 10:14,MW2045B31652,A26,NULL,9,                    ,A04640,3.24E+00,9.70E-04,18088,NULL,268,0.00085
1788313,2026/8/12 10:14,MW2045B31634,A25,NULL,8,                    ,A04640,3.23E+00,9.40E-04,18163,NULL,268,0.00031
1788312,2026/8/12 10:13,MW2045B20177,A26,NULL,9,                    ,A04640,3.23E+00,8.40E-04,18281,NULL,268,0.00041
1788311,2026/8/12 10:13,MW2045B33914,A24,NULL,7,                    ,A04640,3.24E+00,1.27E-03,18205,NULL,268,0.0004
1788310,2026/8/12 10:13,MW2045B33871,A25,NULL,8,                    ,A04640,3.23E+00,1.03E-03,18336,NULL,268,0.00065
1788309,2026/8/12 10:12,MW2045B20321,A26,NULL,9,                    ,A04640,3.23E+00,1.01E-03,18211,NULL,268,0.00072
1788308,2026/8/12 10:12,MW2045B33876,C25,NULL,25,                    ,A19897,3.24E+00,1.15E-03,18187,NULL,268,0.0001
1788307,2026/8/12 10:12,MW2045B33893,A24,NULL,7,                    ,A19897,3.23E+00,1.23E-03,18307,NULL,268,0.00086
1788306,2026/8/12 10:11,MW2045B31834,A25,NULL,8,                    ,A19897,3.23E+00,9.40E-04,18199,NULL,268,0.00052
1788305,2026/8/12 10:11,MW2045B31793,C24,NULL,24,                    ,A19897,3.23E+00,9.70E-04,18232,NULL,268,0.00076
1788304,2026/8/12 10:10,MW2045B31837,A25,NULL,8,                    ,A19897,3.23E+00,9.60E-04,18360,NULL,268,0.00012
1788303,2026/8/12 10:10,MW2045B31905,A25,NULL,8,                    ,A19897,3.23E+00,9.30E-04,18133,NULL,268,0.00064
1788302,2026/8/12 10:09,MW2045B31841,A27,NULL,10,                    ,A19897,3.23E+00,9.30E-04,18218,NULL,268,0.00085
1788301,2026/8/12 10:09,MW2045B31842,A26,NULL,9,                    ,A19897,3.23E+00,9.10E-04,18250,NULL,268,0.00028
1788300,2026/8/12 10:09,MW2045B31844,A26,NULL,9,                    ,A19897,3.23E+00,9.30E-04,18290,NULL,268,0.00083
1788299,2026/8/12 10:08,MW2045B31845,A26,NULL,9,                    ,A19897,3.23E+00,8.60E-04,18203,NULL,268,0.00018
1788298,2026/8/12 10:08,MW2045B33929,A24,NULL,7,                    ,A19897,3.24E+00,1.18E-03,18165,NULL,268,0.00018
1788297,2026/8/12 10:08,MW2045B31733,A26,NULL,9,NULL,A00834,3.23E+00,8.50E-04,18798,NULL,268,0.00065
1788296,2026/8/12 10:07,MW2045B33881,A24,NULL,7,                    ,A19897,3.24E+00,1.21E-03,18231,NULL,268,0.00029
1788295,2026/8/12 10:07,MW2045B31759,A25,NULL,8,NULL,A00834,3.23E+00,8.10E-04,18739,NULL,268,0.00098
1788294,2026/8/12 10:07,MW2045B31744,A26,NULL,9,                    ,A05698,3.23E+00,8.80E-04,18105,NULL,268,0.00095
1788293,2026/8/12 10:07,MW2045B31758,ANZ,NULL,18,NULL,A00834,3.23E+00,8.00E-04,18675,NULL,268,0.00046
1788292,2026/8/12 10:07,MW2045B33838,A25,NULL,8,                    ,A05698,3.23E+00,9.90E-04,18359,NULL,268,0.00005
1788291,2026/8/12 10:06,MW2045B31764,O,NULL,1,NULL,A00834,0.00E+00,0.00E+00,18739,NULL,268,0.00059
1788290,2026/8/12 10:06,MW2045B33837,A25,NULL,8,                    ,A05698,3.23E+00,1.11E-03,18082,NULL,268,0.00048
1788289,2026/8/12 10:06,MW2045B22284,B25,NULL,15,                    ,A05698,3.24E+00,9.60E-04,18208,NULL,268,0.00079
1788288,2026/8/12 10:05,MW2045B30330,B25,NULL,15,                    ,A05698,3.23E+00,9.40E-04,17928,NULL,268,0.00017
1788287,2026/8/12 10:05,MW2045B30329,B24,NULL,14,                    ,A05698,3.23E+00,9.90E-04,18235,NULL,268,0.00085
1788286,2026/8/12 10:04,MW2045B26766,B26,NULL,16,                    ,A05698,3.23E+00,9.70E-04,18124,NULL,268,0.00063
1788285,2026/8/12 10:04,MW2045B30328,D25,NULL,31,                    ,A05698,3.24E+00,9.50E-04,17994,NULL,268,0.00086
1788284,2026/8/12 10:04,MW2045B26764,B26,NULL,16,                    ,A05698,3.24E+00,9.50E-04,18086,NULL,268,0.00057
1788283,2026/8/12 10:03,MW2045B30327,B24,NULL,14,                    ,A05698,3.24E+00,1.01E-03,18144,NULL,268,0.00087
1788282,2026/8/12 10:03,MW2045B31761,ANZ,NULL,18,NULL,A00834,3.23E+00,7.60E-04,18641,NULL,268,0.00023
1788281,2026/8/12 10:03,MW2045B30136,B26,NULL,16,                    ,A05698,3.24E+00,1.01E-03,18151,NULL,268,0.00025
1788280,2026/8/12 10:03,MW2045B33913,A24,NULL,7,NULL,A00834,3.24E+00,1.09E-03,18543,NULL,268,0.00042
1788279,2026/8/12 10:02,MW2045B30325,B25,NULL,15,                    ,A05698,3.24E+00,9.00E-04,17945,NULL,268,0.00032
1788278,2026/8/12 10:02,MW2045B30273,B24,NULL,14,NULL,A00834,3.24E+00,9.00E-04,18440,NULL,268,0.00096
1788277,2026/8/12 10:02,MW2045B26839,B25,NULL,15,                    ,A01338,3.24E+00,1.01E-03,18118,NULL,268,0.00036
1788276,2026/8/12 10:02,MW2045B30275,ANZ,NULL,18,NULL,A00834,3.23E+00,7.70E-04,18591,NULL,268,0.00073
1788275,2026/8/12 10:02,MW2045B31777,A26,NULL,9,                    ,A01338,3.23E+00,9.50E-04,18174,NULL,268,0.00088
1788274,2026/8/12 10:01,MW2045B30276,B23,NULL,13,NULL,A00834,3.24E+00,9.10E-04,18497,NULL,268,0.00003
1788273,2026/8/12 10:01,MW2045B33879,A24,NULL,7,NULL,A00834,3.24E+00,1.07E-03,18605,NULL,268,0.0004
1788272,2026/8/12 10:01,MW2045B31902,A25,NULL,8,                    ,A01338,3.23E+00,9.90E-04,18184,NULL,268,0.00067
1788271,2026/8/12 10:01,MW2045B31904,A25,NULL,8,                    ,A01338,3.23E+00,9.40E-04,18111,NULL,268,0.00092
1788270,2026/8/12 10:00,MW2045B31885,A25,NULL,8,NULL,A20686,3.23E+00,8.50E-04,18673,NULL,268,0.00099
1788269,2026/8/12 10:00,MW2045B31774,A26,NULL,9,                    ,A01338,3.23E+00,9.60E-04,18194,NULL,268,0.00099
1788268,2026/8/12 10:00,MW2045B26811,B26,NULL,16,NULL,A20686,3.24E+00,9.10E-04,18574,NULL,268,0.00087
1788267,2026/8/12 10:00,MW2045B30332,B24,NULL,14,                    ,A01338,3.24E+00,1.02E-03,18160,NULL,268,0.00058
1788266,2026/8/12 09:59,MW2045B31887,A25,NULL,8,NULL,A20686,3.23E+00,8.80E-04,18741,NULL,268,0.00039
1788265,2026/8/12 09:59,MW2045B18240,D26,NULL,32,                    ,A01338,3.24E+00,9.00E-04,18174,NULL,268,0.00063
1788264,2026/8/12 09:59,MW2045B31882,A25,NULL,8,NULL,A20686,3.23E+00,8.40E-04,18701,NULL,268,0.00078
1788263,2026/8/12 09:59,MW2045B31884,A24,NULL,7,                    ,A01338,3.23E+00,9.90E-04,18168,NULL,268,0.00097
1788262,2026/8/12 09:59,MW2045B30120,B24,NULL,14,NULL,A20686,3.24E+00,9.50E-04,18548,NULL,268,0.00026
1788261,2026/8/12 09:59,MW2045B33925,A23,NULL,6,                    ,A01338,3.24E+00,1.23E-03,18199,NULL,268,0.00079
1788260,2026/8/12 09:58,MW2045B33945,A23,NULL,6,                    ,A01338,3.24E+00,1.18E-03,18284,NULL,268,0.00004
1788259,2026/8/12 09:58,MW2045B31880,ANZ,NULL,18,NULL,A20686,3.23E+00,7.80E-04,18603,NULL,268,0.00014
1788258,2026/8/12 09:58,MW2045B20318,A27,NULL,10,                    ,A01338,3.23E+00,9.90E-04,18296,NULL,268,0.00088
1788257,2026/8/12 09:58,MW2045B26760,B25,NULL,15,NULL,A20686,3.24E+00,8.40E-04,18573,NULL,268,0.00062
1788256,2026/8/12 09:57,MW2045B33928,A25,NULL,8,                    ,A01338,3.23E+00,1.00E-03,18232,NULL,268,0.00097
1788255,2026/8/12 09:57,MW2045B31877,A24,NULL,7,NULL,A20686,3.23E+00,8.60E-04,18661,NULL,268,0.00075
1788254,2026/8/12 09:57,MW2045B33924,A24,NULL,7,                    ,A01710,3.24E+00,1.18E-03,18200,NULL,268,0.00066
1788253,2026/8/12 09:57,MW2045B33946,O,NULL,1,NULL,A20686,0.00E+00,0.00E+00,18576,NULL,268,0.00062
1788252,2026/8/12 09:56,MW2045B31838,A26,NULL,9,                    ,A01710,3.23E+00,9.80E-04,18233,NULL,268,0.00057
1788251,2026/8/12 09:56,MW2045B31751,A27,NULL,10,                    ,A01710,3.23E+00,8.60E-04,18324,NULL,268,0.00004
1788250,2026/8/12 09:56,MW2045B26813,B25,NULL,15,                    ,A01710,3.24E+00,1.01E-03,18167,NULL,268,0.00017
1788249,2026/8/12 09:55,MW2045B26814,B26,NULL,16,                    ,A01710,3.24E+00,8.80E-04,18146,NULL,268,0.00021
1788248,2026/8/12 09:55,MW2045B33933,C24,NULL,24,                    ,A01710,3.23E+00,1.18E-03,18184,NULL,268,0.00006
1788247,2026/8/12 09:54,MW2045B33932,A25,NULL,8,                    ,A01710,3.23E+00,1.03E-03,18215,NULL,268,0.00068
1788246,2026/8/12 09:54,MW2045B26835,B25,NULL,15,                    ,A01710,3.24E+00,1.01E-03,18113,NULL,268,0.00069
1788245,2026/8/12 09:54,MW2045B33931,A24,NULL,7,                    ,A01710,3.24E+00,1.23E-03,18182,NULL,268,0.00065
1788244,2026/8/12 09:53,MW2045B26836,B26,NULL,16,                    ,A01710,3.24E+00,9.10E-04,18133,NULL,268,0.00076
1788243,2026/8/12 09:53,MW2045B26837,B25,NULL,15,                    ,A01710,3.23E+00,8.70E-04,18156,NULL,268,0.00056
1788242,2026/8/12 09:52,MW2045B33930,A24,NULL,7,                    ,A01710,3.23E+00,1.21E-03,18144,NULL,268,0.00024
1788241,2026/8/12 09:52,MW2045B33888,A25,NULL,8,                    ,A15585,3.23E+00,1.13E-03,18182,NULL,268,0.00022
1788240,2026/8/12 09:51,MW2045B33887,A25,NULL,8,                    ,A15585,3.23E+00,1.14E-03,18296,NULL,268,0.00093
1788239,2026/8/12 09:49,MW2045B33891,A24,NULL,7,                    ,A15585,3.23E+00,1.20E-03,18324,NULL,268,0.00007
1788238,2026/8/12 09:49,MW2045B33889,A24,NULL,7,                    ,A15585,3.24E+00,1.25E-03,18320,NULL,268,0.00097
1788237,2026/8/12 09:49,MW2045B31890,A25,NULL,8,NULL,A20686,3.23E+00,8.20E-04,18667,NULL,268,0.00067
1788236,2026/8/12 09:48,MW2045B31846,A26,NULL,9,                    ,A15585,3.23E+00,9.60E-04,18254,NULL,268,0.00038
1788235,2026/8/12 09:48,MW2045B31911,ANZ,NULL,18,NULL,A20686,3.23E+00,8.00E-04,18604,NULL,268,0.00002
1788234,2026/8/12 09:48,MW2045B33923,C24,NULL,24,                    ,A15585,3.23E+00,1.21E-03,18184,NULL,268,0.00069
1788233,2026/8/12 09:48,MW2045B31912,A25,NULL,8,NULL,A20686,3.23E+00,8.50E-04,18433,NULL,268,0.00031
1788232,2026/8/12 09:48,MW2045B29214,B26,NULL,16,                    ,A15585,3.24E+00,9.90E-04,18221,NULL,268,0.00097
1788231,2026/8/12 09:47,MW2045B33947,A24,NULL,7,NULL,A09033,3.23E+00,9.30E-04,18529,NULL,268,0.00089
1788230,2026/8/12 09:47,MW2045B33948,A24,NULL,7,                    ,A15585,3.23E+00,1.22E-03,18213,NULL,268,0.00087
1788229,2026/8/12 09:47,MW2045B33911,A24,NULL,7,NULL,A09033,3.23E+00,1.10E-03,18640,NULL,268,0.00011
1788228,2026/8/12 09:47,MW2045B27271,B24,NULL,14,                    ,A15585,3.23E+00,1.05E-03,18255,NULL,268,0.00028
1788227,2026/8/12 09:46,MW2045B26765,ANZ,NULL,18,NULL,A09033,3.24E+00,8.00E-04,18581,NULL,268,0.00094
1788226,2026/8/12 09:46,MW2045B27269,B24,NULL,14,                    ,A15585,3.23E+00,1.09E-03,18181,NULL,268,0.00034
1788225,2026/8/12 09:46,MW2045B30333,A24,NULL,7,NULL,A09033,3.24E+00,9.20E-04,18512,NULL,268,0.00054
1788224,2026/8/12 09:46,MW2045B33922,A25,NULL,8,                    ,A15585,3.24E+00,1.04E-03,18277,NULL,268,0.00033
1788223,2026/8/12 09:45,MW2045B33906,A24,NULL,7,NULL,A09033,3.24E+00,9.50E-04,18664,NULL,268,0.00019
1788222,2026/8/12 09:45,MW2045B27268,B25,NULL,15,                    ,A15585,3.23E+00,1.11E-03,18066,NULL,268,0.00071
1788221,2026/8/12 09:45,MW2045B30335,A25,NULL,8,NULL,A09033,3.24E+00,8.40E-04,18537,NULL,268,0.00095
1788220,2026/8/12 09:45,MW2045B31079,A23,NULL,6,                    ,A24922,3.24E+00,1.02E-03,17935,NULL,268,0.0006
1788219,2026/8/12 09:45,MW2045B33907,A24,NULL,7,NULL,A09033,3.24E+00,1.12E-03,18631,NULL,268,0.00001
1788218,2026/8/12 09:44,MW2045B33908,A24,NULL,7,NULL,A09033,3.24E+00,1.11E-03,18641,NULL,268,0.0004
1788217,2026/8/12 09:44,MW2045B31078,A24,NULL,7,                    ,A24922,3.24E+00,1.07E-03,17966,NULL,268,0.0008
1788216,2026/8/12 09:44,MW2045B30288,B24,NULL,14,NULL,A09033,3.24E+00,9.20E-04,18420,NULL,268,0.00071
1788215,2026/8/12 09:44,MW2045B31605,B24,NULL,14,                    ,A24922,3.23E+00,1.03E-03,18190,NULL,268,0.00012
1788214,2026/8/12 09:43,MW2045B31706,A25,NULL,8,                    ,A24922,3.23E+00,8.90E-04,18240,NULL,268,0.00007
1788213,2026/8/12 09:43,MW2045B33909,A24,NULL,7,NULL,A09033,3.23E+00,1.12E-03,18717,NULL,268,0.00026
1788212,2026/8/12 09:43,MW2045B31075,A25,NULL,8,                    ,A24922,3.24E+00,1.00E-03,18022,NULL,268,0.00021
1788211,2026/8/12 09:43,MW2045B30692,ANZ,NULL,18,NULL,A09033,3.24E+00,7.40E-04,18605,NULL,268,0.00044
1788210,2026/8/12 09:42,MW2045B31707,A25,NULL,8,                    ,A24922,3.23E+00,9.70E-04,18063,NULL,268,0.00075
1788209,2026/8/12 09:42,MW2045B31881,A25,NULL,8,NULL,A09033,3.23E+00,8.70E-04,18504,NULL,268,0.0005
1788208,2026/8/12 09:42,MW2045B31074,C24,NULL,24,                    ,A24922,3.23E+00,1.04E-03,18030,NULL,268,0.00057
1788207,2026/8/12 09:42,MW2045B29204,B26,NULL,16,NULL,A19868,3.24E+00,9.00E-04,18534,NULL,268,0.00051
1788206,2026/8/12 09:42,MW2045B31625,A25,NULL,8,                    ,A24922,3.23E+00,8.70E-04,18253,NULL,268,0.00009
1788205,2026/8/12 09:41,MW2045B29205,ANZ,NULL,18,NULL,A19868,3.23E+00,7.60E-04,18527,NULL,268,0.00007
1788204,2026/8/12 09:41,MW2045B27228,B26,NULL,16,                    ,A24922,3.23E+00,9.70E-04,18321,NULL,268,0.00096
1788203,2026/8/12 09:41,MW2045B29191,ANZ,NULL,18,NULL,A19868,3.24E+00,7.70E-04,18697,NULL,268,0.00023
1788202,2026/8/12 09:41,MW2045B31908,A25,NULL,8,                    ,A24922,3.23E+00,9.70E-04,18098,NULL,268,0.00034
1788201,2026/8/12 09:40,MW2045B29193,B24,NULL,14,NULL,A19868,3.24E+00,8.10E-04,18516,NULL,268,0.00041
1788200,2026/8/12 09:40,MW2045B31909,A26,NULL,9,                    ,A24922,3.23E+00,9.30E-04,17960,NULL,268,0.00073
1788199,2026/8/12 09:40,MW2045B31822,A26,NULL,9,NULL,A19868,3.23E+00,8.50E-04,18596,NULL,268,0.00055
1788198,2026/8/12 09:40,MW2045B31910,A25,NULL,8,                    ,A24922,3.24E+00,1.00E-03,18091,NULL,268,0.00072
1788197,2026/8/12 09:40,MW2045B08454,D24,NULL,30,                    ,A15475,3.24E+00,1.04E-03,18104,NULL,268,0.00071
1788196,2026/8/12 09:40,MW2045B20343,A25,NULL,8,NULL,A19868,3.23E+00,9.40E-04,18654,NULL,268,0.00068
1788195,2026/8/12 09:39,MW2045B31804,A26,NULL,9,                    ,A15475,3.23E+00,1.01E-03,18194,NULL,268,0.00073
1788194,2026/8/12 09:39,MW2045B33941,C25,NULL,25,NULL,A19868,3.23E+00,1.08E-03,18527,NULL,268,0.00039
1788193,2026/8/12 09:39,MW2045B27265,B26,NULL,16,                    ,A15475,3.23E+00,8.80E-04,18240,NULL,268,0.00048
1788192,2026/8/12 09:39,MW2045B33940,C24,NULL,24,NULL,A19868,3.23E+00,1.10E-03,18582,NULL,268,0.00095
1788191,2026/8/12 09:38,MW2045B22236,B25,NULL,15,                    ,A15475,3.23E+00,9.90E-04,18264,NULL,268,0.00027
1788190,2026/8/12 09:38,MW2045B33939,A24,NULL,7,NULL,A19868,3.23E+00,1.06E-03,18617,NULL,268,0.00072
1788189,2026/8/12 09:38,MW2045B31665,C25,NULL,25,                    ,A15475,3.23E+00,9.80E-04,18140,NULL,268,0.00019
1788188,2026/8/12 09:38,MW2045B33938,A25,NULL,8,NULL,A19868,3.23E+00,9.50E-04,18590,NULL,268,0.00066
1788187,2026/8/12 09:38,MW2045B31924,C26,NULL,26,                    ,A15475,3.23E+00,1.00E-03,18312,NULL,268,0.00015
1788186,2026/8/12 09:37,MW2045B33937,A25,NULL,8,NULL,A19868,3.23E+00,1.10E-03,18586,NULL,268,0.00074
1788185,2026/8/12 09:37,MW2045B29067,B21,NULL,11,                    ,A15475,3.24E+00,1.22E-03,18208,NULL,268,0.00032
1788184,2026/8/12 09:37,MW2045B22234,B25,NULL,15,                    ,A15475,3.24E+00,9.40E-04,18238,NULL,268,0.00091
1788183,2026/8/12 09:37,MW2045B33916,A25,NULL,8,NULL,A19868,3.23E+00,1.02E-03,18655,NULL,268,0.00075
1788182,2026/8/12 09:36,MW2045B31805,A26,NULL,9,                    ,A15475,3.23E+00,9.10E-04,18265,NULL,268,0.00009
1788181,2026/8/12 09:36,MW2045B31604,A25,NULL,8,NULL,A11756,3.23E+00,8.20E-04,18631,NULL,268,0.00023
1788180,2026/8/12 09:36,MW2045B31767,C25,NULL,25,                    ,A15475,3.23E+00,9.40E-04,18322,NULL,268,0.0007
1788179,2026/8/12 09:36,MW2045B27189,A24,NULL,7,NULL,A11756,3.23E+00,9.30E-04,18576,NULL,268,0.00072
1788178,2026/8/12 09:36,MW2045B31763,A27,NULL,10,                    ,A15475,3.23E+00,9.00E-04,18312,NULL,268,0.00033
1788177,2026/8/12 09:35,MW2045B31609,A25,NULL,8,NULL,A11756,3.23E+00,8.10E-04,18590,NULL,268,0.00078
1788176,2026/8/12 09:35,MW2045B31907,A24,NULL,7,                    ,A15475,3.23E+00,1.01E-03,18164,NULL,268,0.00097
1788175,2026/8/12 09:35,MW2045B31608,A25,NULL,8,NULL,A11756,3.23E+00,8.50E-04,18688,NULL,268,0.00078
1788174,2026/8/12 09:35,MW2045B22544,A24,NULL,7,                    ,A21622,3.23E+00,1.10E-03,18403,NULL,268,0.00042
1788173,2026/8/12 09:35,MW2045B31636,O,NULL,1,NULL,A11756,0.00E+00,0.00E+00,18622,NULL,268,0.00032
1788172,2026/8/12 09:34,MW2045B22488,A26,NULL,9,                    ,A21622,3.23E+00,9.30E-04,18437,NULL,268,0.00085
1788171,2026/8/12 09:34,MW2045B17635,B21,NULL,11,                    ,A21622,3.24E+00,1.05E-03,18188,NULL,268,0.00015
1788170,2026/8/12 09:34,MW2045B22547,A23,NULL,6,                    ,A21622,3.23E+00,1.15E-03,18370,NULL,268,0.00003
1788169,2026/8/12 09:33,MW2045B22083,A26,NULL,9,                    ,A21622,3.23E+00,8.50E-04,18476,NULL,268,0.00019
1788168,2026/8/12 09:33,MW2045B17639,B21,NULL,11,                    ,A21622,3.24E+00,1.01E-03,18236,NULL,268,0.00025
1788167,2026/8/12 09:32,MW2045B23489,A23,NULL,6,                    ,A21622,3.23E+00,1.21E-03,18268,NULL,268,0.00005
1788166,2026/8/12 09:32,MW2045B31635,A25,NULL,8,NULL,A11756,3.23E+00,8.10E-04,18635,NULL,268,0.00071
1788165,2026/8/12 09:32,MW2045B23424,A23,NULL,6,                    ,A21622,3.23E+00,1.19E-03,18216,NULL,268,0.00002
1788164,2026/8/12 09:32,MW2045B31614,B25,NULL,15,NULL,A11756,3.23E+00,8.30E-04,18724,NULL,268,0.00098
1788163,2026/8/12 09:31,MW2045B23427,A26,NULL,9,                    ,A21622,3.23E+00,9.00E-04,18225,NULL,268,0.00016
1788162,2026/8/12 09:31,MW2045B27256,A24,NULL,7,NULL,A11756,3.23E+00,9.60E-04,18644,NULL,268,0.00025
1788161,2026/8/12 09:31,MW2045B23426,A25,NULL,8,                    ,A21622,3.23E+00,1.08E-03,18193,NULL,268,0.00001
1788160,2026/8/12 09:31,MW2045B31615,B25,NULL,15,NULL,A11756,3.24E+00,8.40E-04,18675,NULL,268,0.0005
1788159,2026/8/12 09:31,MW2045B08502,A26,NULL,9,                    ,A21622,3.23E+00,1.07E-03,18200,NULL,268,0.00036
1788158,2026/8/12 09:30,MW2045B27255,ANZ,NULL,18,NULL,A11756,3.23E+00,7.70E-04,18603,NULL,268,0.00058
1788157,2026/8/12 09:30,MW2045B08503,A25,NULL,8,                    ,A21622,3.23E+00,9.70E-04,18325,NULL,268,0.00021
1788156,2026/8/12 09:30,MW2045B27108,ANZ,NULL,18,NULL,A11756,3.23E+00,7.20E-04,18734,NULL,268,0.00086
1788155,2026/8/12 09:30,MW2045B08789,C21,NULL,21,                    ,A20028,3.23E+00,8.70E-04,18109,NULL,268,0.00093
1788154,2026/8/12 09:29,MW2045B27110,ANZ,NULL,18,NULL,A11756,3.23E+00,7.40E-04,18762,NULL,268,0.00046
1788153,2026/8/12 09:29,MW2045B08788,A21,NULL,4,                    ,A20028,3.23E+00,1.04E-03,18291,NULL,268,0.00068
1788152,2026/8/12 09:29,MW2045B18551,A21,NULL,4,NULL,A03701,3.24E+00,8.90E-04,18574,NULL,268,0.00015
1788151,2026/8/12 09:29,MW2045B08773,C25,NULL,25,                    ,A20028,3.23E+00,9.00E-04,18194,NULL,268,0.00094
1788150,2026/8/12 09:29,MW2045B18606,A22,NULL,5,                    ,A20028,3.23E+00,9.40E-04,18187,NULL,268,0.00089
1788149,2026/8/12 09:29,MW2045B18475,A24,NULL,7,NULL,A03701,3.23E+00,8.40E-04,18601,NULL,268,0.00031
1788148,2026/8/12 09:28,MW2045B18605,C26,NULL,26,                    ,A20028,3.23E+00,9.10E-04,18133,NULL,268,0.00094
1788147,2026/8/12 09:28,MW2045B18552,ANZ,NULL,18,NULL,A03701,3.23E+00,8.00E-04,18691,NULL,268,0.00037
1788146,2026/8/12 09:28,MW2045B18352,B23,NULL,13,                    ,A20028,3.24E+00,9.40E-04,18375,NULL,268,0.00007
1788145,2026/8/12 09:28,MW2045B18549,A22,NULL,5,NULL,A03701,3.23E+00,8.10E-04,18637,NULL,268,0.00092
1788144,2026/8/12 09:27,MW2045B03402,A26,NULL,9,                    ,A20028,3.24E+00,1.01E-03,18148,NULL,268,0.00059
1788143,2026/8/12 09:27,MW2045B18565,A21,NULL,4,NULL,A03701,3.24E+00,9.70E-04,18584,NULL,268,0.00091
1788142,2026/8/12 09:27,MW2045B03404,A26,NULL,9,                    ,A20028,3.24E+00,9.70E-04,18145,NULL,268,0.00046
1788141,2026/8/12 09:27,MW2045B18596,ANZ,NULL,18,NULL,A03701,3.23E+00,7.20E-04,18584,NULL,268,0.00007
1788140,2026/8/12 09:27,MW2044B01133,A26,NULL,9,                    ,A20028,3.23E+00,8.50E-04,18224,NULL,268,0.00088
1788139,2026/8/12 09:26,MW2045B18598,ANZ,NULL,18,NULL,A03701,3.23E+00,8.00E-04,18700,NULL,268,0.00083
1788138,2026/8/12 09:26,MW2045B08197,C25,NULL,25,                    ,A20028,3.23E+00,8.40E-04,18160,NULL,268,0.00058
1788137,2026/8/12 09:26,MW2045B22498,A23,NULL,6,                    ,A20028,3.23E+00,1.11E-03,18493,NULL,268,0.00093
1788136,2026/8/12 09:26,MW2045B04393,A26,NULL,9,NULL,A03701,3.23E+00,8.80E-04,18641,NULL,268,0.0002
1788135,2026/8/12 09:25,MW2045B22543,A25,NULL,8,                    ,A20028,3.23E+00,1.14E-03,18554,NULL,268,0.0003
1788134,2026/8/12 09:25,MW2045B21872,A25,NULL,8,NULL,A03701,3.23E+00,9.50E-04,18680,NULL,268,0.00035
1788133,2026/8/12 09:25,MW2045B23344,A25,NULL,8,                    ,A04657,3.23E+00,9.90E-04,18194,NULL,268,0.00068
1788132,2026/8/12 09:25,MW2045B10769,A25,NULL,8,NULL,A03701,3.23E+00,8.30E-04,18569,NULL,268,0.00051
1788131,2026/8/12 09:25,MW2045B22327,A24,NULL,7,                    ,A04657,3.23E+00,9.00E-04,18233,NULL,268,0.00096
1788130,2026/8/12 09:24,MW2045B21876,A25,NULL,8,NULL,A03701,3.24E+00,8.70E-04,18669,NULL,268,0.0001
1788129,2026/8/12 09:24,MW2045B18587,A22,NULL,5,                    ,A04657,3.24E+00,1.12E-03,18201,NULL,268,0.00031
1788128,2026/8/12 09:24,MW2045B21878,A25,NULL,8,NULL,A03701,3.23E+00,9.60E-04,18576,NULL,268,0.00083
1788127,2026/8/12 09:24,MW2045B23313,A23,NULL,6,                    ,A04657,3.23E+00,1.15E-03,18196,NULL,268,0.00062
1788126,2026/8/12 09:23,MW2045B23301,A25,NULL,8,NULL,A19416,3.23E+00,9.10E-04,18723,NULL,268,0.00031
1788125,2026/8/12 09:23,MW2045B23314,A23,NULL,6,                    ,A04657,3.23E+00,1.01E-03,18134,NULL,268,0.00079
1788124,2026/8/12 09:23,MW2045B02835,A24,NULL,7,NULL,A19416,3.23E+00,8.40E-04,18530,NULL,268,0.00098
1788123,2026/8/12 09:23,MW2045B08775,A25,NULL,8,                    ,A04657,3.23E+00,1.00E-03,18040,NULL,268,0.00027
1788122,2026/8/12 09:23,MW2045B06164,ANZ,NULL,18,NULL,A19416,3.23E+00,7.40E-04,18722,NULL,268,0.00021
1788121,2026/8/12 09:23,MW2045B18583,A21,NULL,4,                    ,A04657,3.24E+00,1.13E-03,18215,NULL,268,0.00068
1788120,2026/8/12 09:22,MW2045B22084,A25,NULL,8,NULL,A19416,3.23E+00,1.01E-03,18826,NULL,268,0.00098
1788119,2026/8/12 09:22,MW2045B21972,B24,NULL,14,                    ,A04657,3.24E+00,9.00E-04,18428,NULL,268,0.00046
1788118,2026/8/12 09:22,MW2045B23510,A25,NULL,8,                    ,A04657,3.23E+00,9.10E-04,18100,NULL,268,0.00022
1788117,2026/8/12 09:22,MW2045B21854,ANZ,NULL,18,NULL,A19416,3.23E+00,7.90E-04,18926,NULL,268,0.0005
1788116,2026/8/12 09:21,MW2045B08774,A26,NULL,9,                    ,A04657,3.23E+00,8.40E-04,18304,NULL,268,0.00004
1788115,2026/8/12 09:21,MW2045B22512,A25,NULL,8,NULL,A19416,3.23E+00,8.40E-04,18512,NULL,268,0.00022
1788114,2026/8/12 09:21,MW2045B08544,A26,NULL,9,                    ,A04657,3.23E+00,9.50E-04,18094,NULL,268,0.00089
1788113,2026/8/12 09:21,MW2045B08522,A25,NULL,8,NULL,A19416,3.23E+00,8.70E-04,18658,NULL,268,0.00054
1788112,2026/8/12 09:21,MW2045B08776,A24,NULL,7,                    ,A04657,3.24E+00,1.01E-03,18247,NULL,268,0.00076
1788111,2026/8/12 09:20,MW2045B08548,A25,NULL,8,NULL,A19416,3.23E+00,9.10E-04,18655,NULL,268,0.00082
1788110,2026/8/12 09:20,MW2045B23378,A24,NULL,7,                    ,A19053,3.23E+00,9.80E-04,18263,NULL,268,0.00096
1788109,2026/8/12 09:20,MW2045B08514,A25,NULL,8,NULL,A19416,3.23E+00,8.40E-04,18627,NULL,268,0.00073
1788108,2026/8/12 09:20,MW2045B02849,A25,NULL,8,                    ,A19053,3.23E+00,1.01E-03,18124,NULL,268,0.00016
1788107,2026/8/12 09:19,MW2045B08547,A25,NULL,8,NULL,A19416,3.23E+00,8.60E-04,18576,NULL,268,0.00012
1788106,2026/8/12 09:19,MW2045B04362,A27,NULL,10,                    ,A19053,3.23E+00,8.50E-04,18260,NULL,268,0.0008
1788105,2026/8/12 09:19,MW2045B08546,ANZ,NULL,18,NULL,A19416,3.23E+00,7.90E-04,18688,NULL,268,0.0005
1788104,2026/8/12 09:19,MW2045B08519,A25,NULL,8,                    ,A19053,3.23E+00,9.50E-04,18221,NULL,268,0.00079
1788103,2026/8/12 09:18,MW2045B08545,A25,NULL,8,NULL,A19416,3.23E+00,8.80E-04,18541,NULL,268,0.00098
1788102,2026/8/12 09:18,MW2045B08520,A26,NULL,9,                    ,A19053,3.23E+00,9.60E-04,18087,NULL,268,0.00034
1788101,2026/8/12 09:18,MW2045B23380,ANZ,NULL,18,NULL,A24749,3.23E+00,7.90E-04,18540,NULL,268,0.0005
1788100,2026/8/12 09:18,MW2045B08518,A25,NULL,8,                    ,A19053,3.23E+00,9.70E-04,18086,NULL,268,0.00009
1788099,2026/8/12 09:18,MW2045B23376,ANZ,NULL,18,NULL,A24749,3.23E+00,7.80E-04,18605,NULL,268,0.00019
1788098,2026/8/12 09:17,MW2045B08752,A26,NULL,9,                    ,A19053,3.23E+00,9.70E-04,17987,NULL,268,0.00032
1788097,2026/8/12 09:17,MW2045B23379,A25,NULL,8,NULL,A24749,3.23E+00,8.20E-04,18440,NULL,268,0.00083
1788096,2026/8/12 09:17,MW2045B08766,A26,NULL,9,                    ,A19053,3.23E+00,8.50E-04,18197,NULL,268,0.00063
1788095,2026/8/12 09:17,MW2045B23374,ANZ,NULL,18,NULL,A24749,3.23E+00,7.60E-04,18533,NULL,268,0.00093
1788094,2026/8/12 09:16,MW2045B23337,A26,NULL,9,                    ,A19053,3.23E+00,1.01E-03,18201,NULL,268,0.00076
1788093,2026/8/12 09:16,MW2045B02717,A25,NULL,8,NULL,A24749,3.23E+00,8.50E-04,18466,NULL,268,0.00061
1788092,2026/8/12 09:16,MW2045B22520,A24,NULL,7,                    ,A19053,3.23E+00,1.03E-03,18377,NULL,268,0.00059
1788091,2026/8/12 09:16,MW2045B23377,A24,NULL,7,NULL,A24749,3.23E+00,8.60E-04,18434,NULL,268,0.00083
1788090,2026/8/12 09:16,MW2045B22518,A24,NULL,7,                    ,A19053,3.23E+00,1.08E-03,18378,NULL,268,0.00021
1788089,2026/8/12 09:15,MW2045B23512,A22,NULL,5,NULL,A24749,3.22E+00,1.04E-03,18550,NULL,268,0.00093
1788088,2026/8/12 09:15,MW2045B06627,A25,NULL,8,                    ,A19053,3.24E+00,1.07E-03,18251,NULL,268,0.00056
1788087,2026/8/12 09:15,MW2045B08780,A25,NULL,8,NULL,A24749,3.23E+00,9.00E-04,18535,NULL,268,0.00093
1788086,2026/8/12 09:15,MW2045B26807,B26,NULL,16,                    ,A15781,3.23E+00,8.80E-04,18092,NULL,268,0.00077
1788085,2026/8/12 09:14,MW2045B23511,ANZ,NULL,18,NULL,A24749,3.23E+00,8.00E-04,18581,NULL,268,0.00005
1788084,2026/8/12 09:14,MW2045B30133,B24,NULL,14,                    ,A15781,3.24E+00,1.12E-03,18157,NULL,268,0.00052
1788083,2026/8/12 09:14,MW2045B08779,A25,NULL,8,NULL,A24749,3.23E+00,9.30E-04,18652,NULL,268,0.00022
1788082,2026/8/12 09:14,MW2045B26808,B25,NULL,15,                    ,A15781,3.23E+00,1.00E-03,18158,NULL,268,0.00014
1788081,2026/8/12 09:14,MW2045B33886,A25,NULL,8,                    ,A15781,3.23E+00,1.13E-03,18246,NULL,268,0.00066
1788080,2026/8/12 09:13,MW2045B10775,A25,NULL,8,NULL,A24749,3.23E+00,8.20E-04,18459,NULL,268,0.00021
1788079,2026/8/12 09:13,MW2045B26810,B25,NULL,15,                    ,A15781,3.23E+00,8.40E-04,18202,NULL,268,0.00088
1788078,2026/8/12 09:13,MW2045B08782,A25,NULL,8,NULL,A24749,3.23E+00,9.00E-04,18570,NULL,268,0.00053
1788077,2026/8/12 09:13,MW2045B31808,C25,NULL,25,                    ,A15781,3.23E+00,9.70E-04,18114,NULL,268,0.00011
1788076,2026/8/12 09:13,MW2045B22766,B25,NULL,15,NULL,A17620,3.24E+00,9.20E-04,18575,NULL,268,0.0002
1788075,2026/8/12 09:12,MW2045B23300,C22,NULL,22,                    ,A15781,3.23E+00,1.13E-03,18307,NULL,268,0.00089
1788074,2026/8/12 09:12,MW2045B22767,A24,NULL,7,NULL,A17620,3.23E+00,9.00E-04,18575,NULL,268,0.00006
1788073,2026/8/12 09:12,MW2045B18555,A21,NULL,4,                    ,A15781,3.24E+00,1.04E-03,18243,NULL,268,0.00017
1788072,2026/8/12 09:12,MW2045B22485,A24,NULL,7,NULL,A17620,3.23E+00,9.40E-04,18742,NULL,268,0.00045
1788071,2026/8/12 09:12,MW2045B18472,A21,NULL,4,                    ,A15781,3.24E+00,9.20E-04,18139,NULL,268,0.0002
1788070,2026/8/12 09:11,MW2045B22487,A25,NULL,8,NULL,A17620,3.23E+00,9.00E-04,18813,NULL,268,0.00034
1788069,2026/8/12 09:11,MW2045B08768,A25,NULL,8,                    ,A15781,3.23E+00,9.80E-04,17989,NULL,268,0.00019
1788068,2026/8/12 09:11,MW2045B22490,C24,NULL,24,NULL,A17620,3.23E+00,9.60E-04,18782,NULL,268,0.00093
1788067,2026/8/12 09:11,MW2045B06035,A26,NULL,9,                    ,A15781,3.23E+00,8.90E-04,18227,NULL,268,0.00087
1788066,2026/8/12 09:10,MW2045B10791,ANZ,NULL,18,NULL,A17620,3.23E+00,7.30E-04,18515,NULL,268,0.00014
1788065,2026/8/12 09:10,MW2045B06034,A26,NULL,9,                    ,A15781,3.23E+00,8.40E-04,18004,NULL,268,0.00054
1788064,2026/8/12 09:10,MW2045B18410,B26,NULL,16,                    ,A24547,3.24E+00,9.60E-04,18281,NULL,268,0.00037
1788063,2026/8/12 09:10,MW2045B13746,ANZ,NULL,18,NULL,A17620,3.24E+00,7.40E-04,18560,NULL,268,0.00004
1788062,2026/8/12 09:09,MW2045B23556,A24,NULL,7,                    ,A24547,3.23E+00,9.50E-04,18145,NULL,268,0.00009
1788061,2026/8/12 09:09,MW2045B23346,A23,NULL,6,NULL,A17620,3.23E+00,1.02E-03,18576,NULL,268,0.00039
1788060,2026/8/12 09:09,MW2045B18432,A26,NULL,9,                    ,A24547,3.24E+00,1.02E-03,18289,NULL,268,0.00067
1788059,2026/8/12 09:09,MW2045B23351,A24,NULL,7,NULL,A17620,3.23E+00,9.00E-04,18523,NULL,268,0.00099
1788058,2026/8/12 09:09,MW2045B22493,A25,NULL,8,                    ,A24547,3.23E+00,1.08E-03,18400,NULL,268,0.0008
1788057,2026/8/12 09:08,MW2045B02851,A25,NULL,8,NULL,A17620,3.24E+00,9.40E-04,18361,NULL,268,0.00082
1788056,2026/8/12 09:08,MW2045B21846,B24,NULL,14,                    ,A24547,3.24E+00,9.80E-04,18417,NULL,268,0.00088
1788055,2026/8/12 09:08,MW2045B23306,A24,NULL,7,NULL,A17620,3.23E+00,8.90E-04,18512,NULL,268,0.00008
1788054,2026/8/12 09:08,MW2045B21845,B25,NULL,15,                    ,A24547,3.23E+00,9.70E-04,18313,NULL,268,0.00017
1788053,2026/8/12 09:08,MW2045B23302,A25,NULL,8,NULL,A17620,3.23E+00,8.90E-04,18568,NULL,268,0.0009
1788052,2026/8/12 09:07,MW2045B21766,C25,NULL,25,                    ,A24547,3.24E+00,1.02E-03,18265,NULL,268,0.00021
1788051,2026/8/12 09:07,MW2045B08786,A22,NULL,5,NULL,A16030,3.23E+00,9.10E-04,18610,NULL,268,0.00022
1788050,2026/8/12 09:07,MW2045B21765,B26,NULL,16,                    ,A24547,3.22E+00,1.06E-03,18239,NULL,268,0.00075
1788049,2026/8/12 09:07,MW2045B08784,ANZ,NULL,18,NULL,A16030,3.23E+00,7.50E-04,18573,NULL,268,0.00002
1788048,2026/8/12 09:07,MW2045B21764,A26,NULL,9,                    ,A24547,3.24E+00,9.90E-04,18389,NULL,268,0.00035
1788047,2026/8/12 09:06,MW2045B22517,A25,NULL,8,NULL,A16030,3.23E+00,9.00E-04,18774,NULL,268,0.00088
1788046,2026/8/12 09:06,MW2045B08516,C26,NULL,26,                    ,A24547,3.23E+00,9.60E-04,18245,NULL,268,0.00051
1788045,2026/8/12 09:06,MW2045B10809,A26,NULL,9,NULL,A16030,3.23E+00,8.10E-04,18576,NULL,268,0.00009
1788044,2026/8/12 09:06,MW2045B06494,D25,NULL,31,                    ,A24547,3.24E+00,1.01E-03,18166,NULL,268,0.0006
1788043,2026/8/12 09:05,MW2045B22419,A24,NULL,7,                    ,A24547,3.23E+00,9.80E-04,18157,NULL,268,0.00088
1788042,2026/8/12 09:05,MW2045B23349,A23,NULL,6,NULL,A16030,3.23E+00,1.05E-03,18725,NULL,268,0.00014
1788041,2026/8/12 09:05,MW2045B16607,A26,NULL,9,                    ,A16077,3.23E+00,8.80E-04,18304,NULL,268,0.00017
1788040,2026/8/12 09:05,MW2045B08745,A25,NULL,8,NULL,A16030,3.23E+00,8.80E-04,18488,NULL,268,0.00028
1788039,2026/8/12 09:05,MW2045B11308,A24,NULL,7,                    ,A16077,3.23E+00,1.09E-03,18143,NULL,268,0.0005
1788038,2026/8/12 09:04,MW2045B08732,A25,NULL,8,NULL,A16030,3.23E+00,9.00E-04,18557,NULL,268,0.00072
1788037,2026/8/12 09:04,MW2045B23515,A22,NULL,5,                    ,A16077,3.23E+00,1.13E-03,18257,NULL,268,0.00054
1788036,2026/8/12 09:04,MW2045B02850,ANZ,NULL,18,NULL,A16030,3.23E+00,7.50E-04,18518,NULL,268,0.00071
1788035,2026/8/12 09:04,MW2045B23370,A23,NULL,6,                    ,A16077,3.23E+00,1.05E-03,18164,NULL,268,0.00064
1788034,2026/8/12 09:03,MW2045B23308,A23,NULL,6,NULL,A16030,3.24E+00,9.20E-04,18535,NULL,268,0.00035
1788033,2026/8/12 09:03,MW2045B23373,C26,NULL,26,                    ,A16077,3.23E+00,9.40E-04,18207,NULL,268,0.00062
1788032,2026/8/12 09:03,MW2045B23309,A23,NULL,6,NULL,A16030,3.23E+00,9.00E-04,18421,NULL,268,0.00079
1788031,2026/8/12 09:03,MW2045B23375,A22,NULL,5,                    ,A16077,3.24E+00,1.21E-03,18218,NULL,268,0.00037
1788030,2026/8/12 09:03,MW2045B22764,B24,NULL,14,NULL,A16030,3.24E+00,9.30E-04,18576,NULL,268,0.00076
1788029,2026/8/12 09:02,MW2045B23372,A23,NULL,6,                    ,A16077,3.23E+00,1.03E-03,18220,NULL,268,0.00034
1788028,2026/8/12 09:02,MW2045B22765,B24,NULL,14,NULL,A16030,3.24E+00,9.40E-04,18695,NULL,268,0.0007
1788027,2026/8/12 09:02,MW2045B22415,B24,NULL,14,                    ,A16077,3.23E+00,9.70E-04,18219,NULL,268,0.00081
1788026,2026/8/12 09:02,MW2045B22324,ANZ,NULL,18,NULL,A22389,3.24E+00,7.80E-04,18609,NULL,268,0.00081
1788025,2026/8/12 09:02,MW2045B22414,A22,NULL,5,                    ,A16077,3.23E+00,1.10E-03,18403,NULL,268,0.00037
1788024,2026/8/12 09:01,MW2045B22322,A23,NULL,6,NULL,A22389,3.23E+00,9.10E-04,18702,NULL,268,0.0008
1788023,2026/8/12 09:01,MW2045B08536,C26,NULL,26,NULL,A22389,3.22E+00,8.70E-04,18703,NULL,268,0.00053
1788022,2026/8/12 09:01,MW2045B18678,C25,NULL,25,                    ,A16077,3.23E+00,8.70E-04,18229,NULL,268,0.00086
1788021,2026/8/12 09:00,MW2045B08533,A25,NULL,8,NULL,A22389,3.23E+00,8.60E-04,18585,NULL,268,0.00004
1788020,2026/8/12 09:00,MW2045B08216,B26,NULL,16,                    ,A16077,3.24E+00,8.50E-04,18087,NULL,268,0.00094
1788019,2026/8/12 09:00,MW2045B08535,C26,NULL,26,NULL,A22389,3.23E+00,8.60E-04,18533,NULL,268,0.00031
1788018,2026/8/12 09:00,MW2045B14726,B24,NULL,14,                    ,A16077,3.23E+00,9.10E-04,18235,NULL,268,0.00027
1788017,2026/8/12 08:59,MW2045B06273,ANZ,NULL,18,NULL,A22389,3.23E+00,7.50E-04,18582,NULL,268,0.00059
1788016,2026/8/12 08:59,MW2045B29349,D24,NULL,30,                    ,A19829,3.23E+00,9.10E-04,18160,NULL,268,0.00077
1788015,2026/8/12 08:59,MW2045B06274,ANZ,NULL,18,NULL,A22389,3.23E+00,7.20E-04,18629,NULL,268,0.00046
1788014,2026/8/12 08:59,MW2045B33648,C25,NULL,25,                    ,A19829,3.23E+00,1.13E-03,18290,NULL,268,0.00063
1788013,2026/8/12 08:59,MW2045B06258,ANZ,NULL,18,NULL,A22389,3.23E+00,7.40E-04,18745,NULL,268,0.00018
1788012,2026/8/12 08:58,MW2045B31709,A24,NULL,7,                    ,A19829,3.23E+00,8.60E-04,18374,NULL,268,0.00063
1788011,2026/8/12 08:58,MW2045B06152,ANZ,NULL,18,NULL,A22389,3.24E+00,7.30E-04,18861,NULL,268,0.00059
1788010,2026/8/12 08:58,MW2045B31603,A25,NULL,8,                    ,A19829,3.23E+00,9.50E-04,18358,NULL,268,0.00027
1788009,2026/8/12 08:58,MW2045B06634,A26,NULL,9,NULL,A22389,3.24E+00,9.60E-04,18807,NULL,268,0.00069
1788008,2026/8/12 08:58,MW2045B27205,B24,NULL,14,                    ,A19829,3.24E+00,1.11E-03,18121,NULL,268,0.00064
1788007,2026/8/12 08:57,MW2044B04511,ANZ,NULL,18,NULL,A22389,3.23E+00,7.20E-04,18542,NULL,268,0.00008
1788006,2026/8/12 08:57,MW2045B27234,B25,NULL,15,                    ,A19829,3.24E+00,9.50E-04,18238,NULL,268,0.00063
1788005,2026/8/12 08:57,MW2045B08201,ANZ,NULL,18,NULL,A22389,3.23E+00,7.70E-04,18874,NULL,268,0.00012
1788004,2026/8/12 08:57,MW2045B27203,B25,NULL,15,                    ,A19829,3.24E+00,9.70E-04,18223,NULL,268,0.00034
1788003,2026/8/12 08:56,MW2045B27201,B24,NULL,14,                    ,A19829,3.24E+00,1.12E-03,18220,NULL,268,0.00061
1788002,2026/8/12 08:56,MW2045B11497,ANZ,NULL,18,NULL,A06573,3.23E+00,7.80E-04,18634,NULL,268,0.00043
1788001,2026/8/12 08:56,MW2045B27232,B24,NULL,14,                    ,A19829,3.24E+00,1.12E-03,18156,NULL,268,0.00022
1788000,2026/8/12 08:56,MW2045B19434,O,NULL,1,NULL,A06573,0.00E+00,0.00E+00,18553,NULL,268,0.00089
1787999,2026/8/12 08:55,MW2045B27236,B26,NULL,16,                    ,A19829,3.23E+00,9.30E-04,18244,NULL,268,0.00026
1787998,2026/8/12 08:55,MW2045B27090,B25,NULL,15,                    ,A19829,3.23E+00,1.01E-03,18103,NULL,268,0.00028
1787997,2026/8/12 08:55,MW2045B27235,B25,NULL,15,                    ,A19829,3.24E+00,1.12E-03,18141,NULL,268,0.00079
1787996,2026/8/12 08:54,MW2045B13242,A26,NULL,9,                    ,A21256,3.23E+00,8.30E-04,18412,NULL,268,0.0008
1787995,2026/8/12 08:54,MW2045B21881,ANZ,NULL,18,NULL,A06573,3.23E+00,7.70E-04,18985,NULL,268,0.00061
1787994,2026/8/12 08:54,MW2045B22356,A23,NULL,6,                    ,A21256,3.24E+00,1.06E-03,18314,NULL,268,0.00096
1787993,2026/8/12 08:53,MW2045B19433,B25,NULL,15,NULL,A06573,3.23E+00,8.60E-04,18548,NULL,268,0.00035
1787992,2026/8/12 08:53,MW2045B22354,A24,NULL,7,                    ,A21256,3.23E+00,9.60E-04,18277,NULL,268,0.00003
1787991,2026/8/12 08:53,MW2045B13248,A26,NULL,9,                    ,A21256,3.23E+00,8.50E-04,18307,NULL,268,0.00079
1787990,2026/8/12 08:53,MW2045B08559,A25,NULL,8,NULL,A06573,3.23E+00,8.60E-04,18589,NULL,268,0.00077
1787989,2026/8/12 08:53,MW2045B23563,A23,NULL,6,                    ,A21256,3.23E+00,1.09E-03,18232,NULL,268,0.00045
1787988,2026/8/12 08:53,MW2045B19432,A25,NULL,8,NULL,A06573,3.23E+00,8.30E-04,18611,NULL,268,0.00018
1787987,2026/8/12 08:52,MW2045B23562,C24,NULL,24,                    ,A21256,3.23E+00,1.14E-03,18036,NULL,268,0.00004
1787986,2026/8/12 08:52,MW2045B08530,A26,NULL,9,NULL,A06573,3.23E+00,8.60E-04,18577,NULL,268,0.00016
1787985,2026/8/12 08:52,MW2045B08357,A25,NULL,8,                    ,A21256,3.23E+00,9.70E-04,18321,NULL,268,0.00001
1787984,2026/8/12 08:52,MW2045B08529,ANZ,NULL,18,NULL,A06573,3.23E+00,7.80E-04,18632,NULL,268,0.00007
1787983,2026/8/12 08:51,MW2045B18415,C25,NULL,25,                    ,A21256,3.24E+00,9.50E-04,18239,NULL,268,0.00097
1787982,2026/8/12 08:51,MW2045B08528,ANZ,NULL,18,NULL,A06573,3.23E+00,8.00E-04,18693,NULL,268,0.00097
1787981,2026/8/12 08:51,MW2045B14696,CHH,NULL,20,                    ,A21256,3.24E+00,9.00E-04,18378,NULL,268,0.00045
1787980,2026/8/12 08:51,MW2045B22426,A24,NULL,7,NULL,A06573,3.23E+00,8.80E-04,18650,NULL,268,0.0004
1787979,2026/8/12 08:51,MW2045B23558,A22,NULL,5,                    ,A21256,3.23E+00,1.15E-03,18214,NULL,268,0.00052
1787978,2026/8/12 08:50,MW2045B08526,A26,NULL,9,NULL,A06573,3.23E+00,8.50E-04,18511,NULL,268,0.00073
1787977,2026/8/12 08:50,MW2045B23560,C24,NULL,24,                    ,A21256,3.23E+00,9.70E-04,18121,NULL,268,0.00044
1787976,2026/8/12 08:50,MW2045B23492,A26,NULL,9,NULL,A06573,3.23E+00,8.50E-04,18430,NULL,268,0.00043
1787975,2026/8/12 08:50,MW2045B08219,B25,NULL,15,                    ,A21256,3.24E+00,9.80E-04,18098,NULL,268,0.00033
1787974,2026/8/12 08:49,MW2045B08485,A25,NULL,8,                    ,A18806,3.23E+00,9.90E-04,18195,NULL,268,0.00081
1787973,2026/8/12 08:49,MW2045B27112,A25,NULL,8,NULL,A23553,3.23E+00,8.70E-04,18579,NULL,268,0.00003
1787972,2026/8/12 08:49,MW2045B23503,A24,NULL,7,                    ,A18806,3.23E+00,1.17E-03,18234,NULL,268,0.00004
1787971,2026/8/12 08:49,MW2045B27111,ANZ,NULL,18,NULL,A23553,3.23E+00,7.70E-04,18687,NULL,268,0.00081
1787970,2026/8/12 08:49,MW2045B23485,A23,NULL,6,                    ,A18806,3.23E+00,1.17E-03,18207,NULL,268,0.00032
1787969,2026/8/12 08:48,MW2045B31621,A25,NULL,8,NULL,A23553,3.23E+00,8.20E-04,18708,NULL,268,0.00094
1787968,2026/8/12 08:48,MW2045B08487,A25,NULL,8,                    ,A18806,3.23E+00,9.70E-04,18326,NULL,268,0.00062
1787967,2026/8/12 08:48,MW2045B27231,A25,NULL,8,NULL,A23553,3.24E+00,9.60E-04,18487,NULL,268,0.00021
1787966,2026/8/12 08:48,MW2045B08558,A26,NULL,9,                    ,A18806,3.23E+00,9.20E-04,18209,NULL,268,0.00012
1787965,2026/8/12 08:47,MW2045B27229,B24,NULL,14,NULL,A23553,3.24E+00,9.70E-04,18540,NULL,268,0.00013
1787964,2026/8/12 08:47,MW2045B23504,A23,NULL,6,                    ,A18806,3.23E+00,1.22E-03,18108,NULL,268,0.00059
1787963,2026/8/12 08:47,MW2045B20019,A24,NULL,7,NULL,A23553,3.24E+00,9.80E-04,18729,NULL,268,0.00025
1787962,2026/8/12 08:47,MW2045B21882,A25,NULL,8,                    ,A18806,3.23E+00,1.09E-03,18284,NULL,268,0.00044
1787961,2026/8/12 08:47,MW2045B30744,ANZ,NULL,18,NULL,A23553,3.24E+00,7.90E-04,18685,NULL,268,0.00041
1787960,2026/8/12 08:47,MW2045B21880,A26,NULL,9,                    ,A18806,3.23E+00,9.40E-04,18304,NULL,268,0.00005
1787959,2026/8/12 08:46,MW2045B23491,C26,NULL,26,                    ,A18806,3.22E+00,8.50E-04,18197,NULL,268,0.00085
1787958,2026/8/12 08:46,MW2045B30756,ANZ,NULL,18,NULL,A23553,3.24E+00,7.70E-04,18691,NULL,268,0.00071
1787957,2026/8/12 08:46,MW2045B23490,A26,NULL,9,                    ,A18806,3.23E+00,9.00E-04,18252,NULL,268,0.00076
1787956,2026/8/12 08:46,MW2045B31692,C24,NULL,24,NULL,A23553,3.23E+00,8.10E-04,18559,NULL,268,0.00032
1787955,2026/8/12 08:45,MW2045B23493,A23,NULL,6,                    ,A18806,3.23E+00,1.19E-03,18263,NULL,268,0.00074
1787954,2026/8/12 08:45,MW2045B31691,A25,NULL,8,NULL,A23553,3.23E+00,8.40E-04,18612,NULL,268,0.0004
1787953,2026/8/12 08:45,MW2045B08557,A26,NULL,9,                    ,A18806,3.23E+00,9.80E-04,18127,NULL,268,0.00068
1787952,2026/8/12 08:45,MW2045B20068,A24,NULL,7,NULL,A23553,3.23E+00,9.40E-04,18839,NULL,268,0.00033
1787951,2026/8/12 08:45,MW2045B27238,B25,NULL,15,                    ,A06170,3.23E+00,1.11E-03,18125,NULL,268,0.00032
1787950,2026/8/12 08:44,MW2045B31638,A25,NULL,8,NULL,A23553,3.23E+00,8.60E-04,18741,NULL,268,0.00024
1787949,2026/8/12 08:44,MW2045B27237,B26,NULL,16,                    ,A06170,3.23E+00,8.50E-04,18229,NULL,268,0.00051
1787948,2026/8/12 08:44,MW2045B33676,C23,NULL,23,NULL,A15125,3.23E+00,1.10E-03,18729,NULL,268,0.00084
1787947,2026/8/12 08:44,MW2045B27195,B25,NULL,15,                    ,A06170,3.24E+00,9.50E-04,18328,NULL,268,0.00049
1787946,2026/8/12 08:43,MW2045B32875,A25,NULL,8,NULL,A15125,3.23E+00,9.20E-04,18582,NULL,268,0.0002
1787945,2026/8/12 08:43,MW2045B27068,B26,NULL,16,                    ,A06170,3.23E+00,9.50E-04,18175,NULL,268,0.00034
1787944,2026/8/12 08:43,MW2045B32868,A25,NULL,8,NULL,A15125,3.23E+00,9.20E-04,18490,NULL,268,0.00022
1787943,2026/8/12 08:43,MW2045B30940,B26,NULL,16,                    ,A06170,3.24E+00,1.05E-03,18150,NULL,268,0.00042
1787942,2026/8/12 08:43,MW2045B31556,ANZ,NULL,18,NULL,A15125,3.24E+00,7.60E-04,18553,NULL,268,0.00004
1787941,2026/8/12 08:42,MW2045B27198,B25,NULL,15,                    ,A06170,3.24E+00,9.90E-04,18308,NULL,268,0.00029
1787940,2026/8/12 08:42,MW2045B31537,ANZ,NULL,18,NULL,A15125,3.23E+00,7.60E-04,18630,NULL,268,0.00039
1787939,2026/8/12 08:42,MW2045B27197,B24,NULL,14,                    ,A06170,3.24E+00,1.12E-03,18118,NULL,268,0.00021
1787938,2026/8/12 08:42,MW2045B31580,A24,NULL,7,NULL,A15125,3.23E+00,8.30E-04,18560,NULL,268,0.00061
1787937,2026/8/12 08:42,MW2045B31631,A24,NULL,7,                    ,A06170,3.24E+00,9.20E-04,18175,NULL,268,0.00001
1787936,2026/8/12 08:41,MW2045B31632,A24,NULL,7,                    ,A06170,3.23E+00,9.60E-04,18352,NULL,268,0.00026
1787935,2026/8/12 08:41,MW2045B31578,ANZ,NULL,18,NULL,A15125,3.23E+00,8.00E-04,18593,NULL,268,0.00042
1787934,2026/8/12 08:41,MW2045B31629,A24,NULL,7,                    ,A06170,3.24E+00,8.60E-04,18226,NULL,268,0.00025
1787933,2026/8/12 08:41,MW2045B31711,A24,NULL,7,NULL,A15125,3.23E+00,8.30E-04,18520,NULL,268,0.00085
1787932,2026/8/12 08:40,MW2045B31630,A24,NULL,7,                    ,A06170,3.23E+00,9.10E-04,18258,NULL,268,0.00073
1787931,2026/8/12 08:40,MW2045B31601,ANZ,NULL,18,NULL,A15125,3.23E+00,7.60E-04,18637,NULL,268,0.00043
1787930,2026/8/12 08:40,MW2045B31628,A25,NULL,8,                    ,A06170,3.24E+00,9.20E-04,18299,NULL,268,0.00095
1787929,2026/8/12 08:40,MW2045B20043,A24,NULL,7,NULL,A15125,3.24E+00,1.02E-03,18566,NULL,268,0.00061
1787928,2026/8/12 08:39,MW2045B20044,A25,NULL,8,NULL,A15125,3.24E+00,8.90E-04,18598,NULL,268,0.00016
1787927,2026/8/12 08:39,MW2045B20038,B24,NULL,14,NULL,A15125,3.24E+00,9.20E-04,18671,NULL,268,0.00087
1787926,2026/8/12 08:36,MW2045B20307,A23,NULL,6,                    ,A20938,3.24E+00,1.03E-03,18234,NULL,268,0.00014
1787925,2026/8/12 08:35,MW2045B19731,A25,NULL,8,NULL,A05160,3.23E+00,8.40E-04,18742,NULL,268,0.0002
1787924,2026/8/12 08:35,MW2045B20308,A23,NULL,6,                    ,A20938,3.24E+00,1.07E-03,18213,NULL,268,0.00068
1787923,2026/8/12 08:35,MW2045B19748,ANZ,NULL,18,NULL,A05160,3.23E+00,7.80E-04,18689,NULL,268,0.00017
1787922,2026/8/12 08:35,MW2045B19683,A25,NULL,8,                    ,A20938,3.23E+00,9.00E-04,18040,NULL,268,0.00088
1787921,2026/8/12 08:35,MW2045B19680,B26,NULL,16,                    ,A20938,3.23E+00,9.00E-04,18358,NULL,268,0.00012
1787920,2026/8/12 08:34,MW2045B20075,A24,NULL,7,NULL,A05160,3.23E+00,9.10E-04,18678,NULL,268,0.00072
1787919,2026/8/12 08:34,MW2045B27154,B24,NULL,14,                    ,A20938,3.23E+00,9.20E-04,18230,NULL,268,0.00078
1787918,2026/8/12 08:34,MW2045B19745,ANZ,NULL,18,NULL,A05160,3.24E+00,7.90E-04,18653,NULL,268,0.00083
1787917,2026/8/12 08:34,MW2045B20033,A24,NULL,7,                    ,A20938,3.23E+00,9.90E-04,18140,NULL,268,0.00085
1787916,2026/8/12 08:34,MW2045B20045,A25,NULL,8,NULL,A05160,3.23E+00,8.10E-04,18608,NULL,268,0.00042
1787915,2026/8/12 08:33,MW2045B31550,B24,NULL,14,                    ,A20938,3.23E+00,9.10E-04,18242,NULL,268,0.00006
1787914,2026/8/12 08:33,MW2045B20046,A24,NULL,7,NULL,A05160,3.24E+00,9.00E-04,18519,NULL,268,0.00064
1787913,2026/8/12 08:33,MW2045B31551,B24,NULL,14,                    ,A20938,3.24E+00,9.20E-04,18311,NULL,268,0.00087
1787912,2026/8/12 08:33,MW2045B20089,A25,NULL,8,NULL,A05160,3.23E+00,9.00E-04,18744,NULL,268,0.00004
1787911,2026/8/12 08:32,MW2045B20257,A22,NULL,5,                    ,A20938,3.24E+00,1.03E-03,18378,NULL,268,0.00068
1787910,2026/8/12 08:32,MW2045B20008,A22,NULL,5,NULL,A05160,3.24E+00,1.05E-03,18806,NULL,268,0.00055
1787909,2026/8/12 08:32,MW2045B20369,A24,NULL,7,                    ,A20938,3.23E+00,9.70E-04,18429,NULL,268,0.00014
1787908,2026/8/12 08:32,MW2045B20006,A24,NULL,7,NULL,A05160,3.24E+00,9.30E-04,18545,NULL,268,0.00003
1787907,2026/8/12 08:32,MW2045B06848,B25,NULL,15,                    ,A20938,3.23E+00,8.40E-04,18239,NULL,268,0.00085
1787906,2026/8/12 08:31,MW2045B20081,A25,NULL,8,NULL,A05160,3.23E+00,8.30E-04,18612,NULL,268,0.00057
1787905,2026/8/12 08:31,MW2045B20017,A22,NULL,5,                    ,A20938,3.24E+00,1.14E-03,18380,NULL,268,0.00055
1787904,2026/8/12 08:31,MW2045B20084,ANZ,NULL,18,NULL,A05160,3.23E+00,7.90E-04,18568,NULL,268,0.00031
1787903,2026/8/12 08:31,MW2045B31564,A25,NULL,8,                    ,A14859,3.23E+00,8.70E-04,18278,NULL,268,0.00042
1787902,2026/8/12 08:30,MW2045B31565,A25,NULL,8,                    ,A14859,3.23E+00,9.20E-04,18294,NULL,268,0.00091
1787901,2026/8/12 08:30,MW2045B19805,A25,NULL,8,NULL,A05160,3.23E+00,8.10E-04,18620,NULL,268,0.0003
1787900,2026/8/12 08:30,MW2045B31563,A25,NULL,8,                    ,A14859,3.23E+00,9.20E-04,18345,NULL,268,0.00016
1787899,2026/8/12 08:30,MW2045B19988,A25,NULL,8,NULL,A18754,3.23E+00,9.40E-04,18757,NULL,268,0.00085
1787898,2026/8/12 08:30,MW2045B20452,A23,NULL,6,                    ,A14859,3.24E+00,1.08E-03,18289,NULL,268,0.00069
1787897,2026/8/12 08:29,MW2045B20284,O,NULL,1,NULL,A18754,0.00E+00,0.00E+00,18705,NULL,268,0.00015
1787896,2026/8/12 08:29,MW2045B30950,A25,NULL,8,                    ,A14859,3.23E+00,9.60E-04,18199,NULL,268,0.00031
1787895,2026/8/12 08:29,MW2045B27083,B24,NULL,14,                    ,A14859,3.23E+00,1.01E-03,18099,NULL,268,0.00014
1787894,2026/8/12 08:28,MW2045B29314,D24,NULL,30,                    ,A14859,3.23E+00,8.50E-04,18289,NULL,268,0.0006
1787893,2026/8/12 08:28,MW2045B29249,B24,NULL,14,                    ,A14859,3.24E+00,8.80E-04,18330,NULL,268,0.00042
1787892,2026/8/12 08:27,MW2045B29280,B24,NULL,14,                    ,A14859,3.23E+00,8.80E-04,18302,NULL,268,0.00077
1787891,2026/8/12 08:27,MW2045B31642,A25,NULL,8,                    ,A14859,3.23E+00,8.90E-04,18199,NULL,268,0.00044
1787890,2026/8/12 08:27,MW2045B31641,A25,NULL,8,                    ,A14859,3.23E+00,8.90E-04,18352,NULL,268,0.00029
1787889,2026/8/12 08:26,MW2045B31663,A25,NULL,8,                    ,A14859,3.23E+00,9.70E-04,18182,NULL,268,0.00089
1787888,2026/8/12 08:26,MW2045B33654,C25,NULL,25,                    ,A18896,3.23E+00,1.09E-03,18322,NULL,268,0.00097
1787887,2026/8/12 08:26,MW2045B20280,ANZ,NULL,18,NULL,A18754,3.23E+00,7.30E-04,18763,NULL,268,0.00005
1787886,2026/8/12 08:25,MW2045B33651,A25,NULL,8,                    ,A18896,3.23E+00,1.12E-03,18403,NULL,268,0.00064
1787885,2026/8/12 08:25,MW2045B19986,A22,NULL,5,NULL,A18754,3.24E+00,9.50E-04,18819,NULL,268,0.00099
1787884,2026/8/12 08:25,MW2045B32870,A25,NULL,8,                    ,A18896,3.24E+00,1.04E-03,18227,NULL,268,0.00092
1787883,2026/8/12 08:25,MW2045B31659,ANZ,NULL,18,NULL,A18754,3.23E+00,8.00E-04,18539,NULL,268,0.00032
1787882,2026/8/12 08:25,MW2045B20098,A24,NULL,7,                    ,A18896,3.24E+00,1.06E-03,18172,NULL,268,0.00027
1787881,2026/8/12 08:24,MW2045B31660,ANZ,NULL,18,NULL,A18754,3.23E+00,7.50E-04,18709,NULL,268,0.00068
1787880,2026/8/12 08:24,MW2045B20271,A25,NULL,8,                    ,A18896,3.23E+00,1.08E-03,18283,NULL,268,0.00019
1787879,2026/8/12 08:24,MW2045B27200,B25,NULL,15,                    ,A18896,3.24E+00,8.80E-04,18304,NULL,268,0.00062
1787878,2026/8/12 08:24,MW2045B31661,A25,NULL,8,NULL,A18754,3.23E+00,8.60E-04,18780,NULL,268,0.00098
1787877,2026/8/12 08:23,MW2045B31705,A25,NULL,8,                    ,A18896,3.23E+00,8.60E-04,18310,NULL,268,0.00087
1787876,2026/8/12 08:23,MW2045B29342,ANZ,NULL,18,NULL,A18754,3.24E+00,7.30E-04,18593,NULL,268,0.00005
1787875,2026/8/12 08:23,MW2045B31623,A25,NULL,8,                    ,A18896,3.24E+00,9.00E-04,18282,NULL,268,0.00058
1787874,2026/8/12 08:23,MW2045B32871,A25,NULL,8,NULL,A18754,3.23E+00,9.00E-04,18630,NULL,268,0.00054
1787873,2026/8/12 08:23,MW2045B31624,A25,NULL,8,                    ,A18896,3.23E+00,9.20E-04,18258,NULL,268,0.00039
1787872,2026/8/12 08:22,MW2045B31702,A26,NULL,9,NULL,A18754,3.23E+00,8.30E-04,18613,NULL,268,0.0008
1787871,2026/8/12 08:22,MW2045B33650,C25,NULL,25,                    ,A18896,3.23E+00,1.08E-03,18328,NULL,268,0.00045
1787870,2026/8/12 08:22,MW2045B32873,B25,NULL,15,NULL,A18754,3.24E+00,9.30E-04,18680,NULL,268,0.00027
1787869,2026/8/12 08:22,MW2045B33649,C23,NULL,23,                    ,A18896,3.23E+00,1.21E-03,18300,NULL,268,0.00079
1787868,2026/8/12 08:21,MW2045B31678,ANZ,NULL,18,NULL,A18754,3.23E+00,7.90E-04,18671,NULL,268,0.00074
1787867,2026/8/12 08:21,MW2045B33652,C24,NULL,24,                    ,A18896,3.23E+00,1.07E-03,18277,NULL,268,0.00003
1787866,2026/8/12 08:21,MW2045B32869,A25,NULL,8,NULL,A15966,3.24E+00,9.00E-04,18539,NULL,268,0.00019
1787865,2026/8/12 08:21,MW2045B27334,B23,NULL,13,                    ,A12397,3.24E+00,1.01E-03,18266,NULL,268,0.00068
1787864,2026/8/12 08:21,MW2045B31677,ANZ,NULL,18,NULL,A15966,3.23E+00,7.70E-04,18755,NULL,268,0.00023
1787863,2026/8/12 08:21,MW2045B29328,D24,NULL,30,                    ,A12397,3.24E+00,9.40E-04,18215,NULL,268,0.00027
1787862,2026/8/12 08:20,MW2045B27371,B24,NULL,14,                    ,A12397,3.23E+00,1.02E-03,18237,NULL,268,0.00043
1787861,2026/8/12 08:20,MW2045B32867,B24,NULL,14,NULL,A15966,3.24E+00,9.80E-04,18553,NULL,268,0.00059
1787860,2026/8/12 08:20,MW2045B20464,A26,NULL,9,                    ,A12397,3.23E+00,8.70E-04,18284,NULL,268,0.00094
1787859,2026/8/12 08:20,MW2045B20431,ANZ,NULL,18,NULL,A15966,3.23E+00,7.50E-04,18799,NULL,268,0.00005
1787858,2026/8/12 08:19,MW2045B29300,B24,NULL,14,                    ,A12397,3.23E+00,9.00E-04,18253,NULL,268,0.00032
1787857,2026/8/12 08:19,MW2045B20465,A23,NULL,6,NULL,A15966,3.24E+00,9.50E-04,18705,NULL,268,0.00079
1787856,2026/8/12 08:19,MW2045B31712,ANZ,NULL,18,NULL,A15966,3.23E+00,7.70E-04,18724,NULL,268,0.00008
1787855,2026/8/12 08:19,MW2045B29298,B24,NULL,14,                    ,A12397,3.24E+00,8.30E-04,18293,NULL,268,0.00034
1787854,2026/8/12 08:18,MW2045B31694,ANZ,NULL,18,NULL,A15966,3.23E+00,8.00E-04,18746,NULL,268,0.00031
1787853,2026/8/12 08:18,MW2045B33663,A25,NULL,8,                    ,A12397,3.23E+00,1.08E-03,18296,NULL,268,0.00063
1787852,2026/8/12 08:18,MW2045B31704,A25,NULL,8,NULL,A15966,3.23E+00,8.80E-04,18701,NULL,268,0.0004
1787851,2026/8/12 08:18,MW2045B29399,D24,NULL,30,                    ,A12397,3.23E+00,8.70E-04,18199,NULL,268,0.00009
1787850,2026/8/12 08:17,MW2045B33655,C23,NULL,23,                    ,A12397,3.23E+00,1.24E-03,18202,NULL,268,0.00043
1787849,2026/8/12 08:17,MW2045B31696,A25,NULL,8,NULL,A15966,3.23E+00,8.70E-04,18574,NULL,268,0.00059
1787848,2026/8/12 08:17,MW2045B33656,A25,NULL,8,                    ,A12397,3.23E+00,1.11E-03,18264,NULL,268,0.00077
1787847,2026/8/12 08:17,MW2045B31698,ANZ,NULL,18,NULL,A15966,3.23E+00,7.60E-04,18767,NULL,268,0.0007
1787846,2026/8/12 08:16,MW2045B31560,ANZ,NULL,18,NULL,A15966,3.24E+00,7.60E-04,18610,NULL,268,0.00042
1787845,2026/8/12 08:16,MW2045B33653,A25,NULL,8,                    ,A12397,3.23E+00,1.13E-03,18244,NULL,268,0.00057
1787844,2026/8/12 08:16,MW2045B19982,A22,NULL,5,NULL,A15966,3.24E+00,9.20E-04,18988,NULL,268,0.00041
1787843,2026/8/12 08:14,MW2045B27365,A24,NULL,7,NULL,A11997,3.23E+00,8.60E-04,18527,NULL,268,0.00045
1787842,2026/8/12 08:14,MW2045B27364,B24,NULL,14,NULL,A11997,3.24E+00,9.10E-04,18568,NULL,268,0.00098
1787841,2026/8/12 08:14,MW2045B19802,C25,NULL,25,                    ,A12397,3.23E+00,8.80E-04,18336,NULL,268,0.00045
1787840,2026/8/12 08:13,MW2045B27207,A24,NULL,7,NULL,A11997,3.23E+00,1.00E-03,18561,NULL,268,0.0003
1787839,2026/8/12 08:13,MW2045B06852,B26,NULL,16,                    ,A17593,3.23E+00,8.30E-04,18101,NULL,268,0.00077
1787838,2026/8/12 08:13,MW2045B20624,ANZ,NULL,18,NULL,A11997,3.23E+00,7.40E-04,18768,NULL,268,0.00051
1787837,2026/8/12 08:13,MW2045B06855,B25,NULL,15,                    ,A17593,3.23E+00,8.40E-04,18288,NULL,268,0.00032
1787836,2026/8/12 08:12,MW2045B27387,B24,NULL,14,NULL,A11997,3.24E+00,1.02E-03,18650,NULL,268,0.00076
1787835,2026/8/12 08:12,MW2045B27360,B24,NULL,14,                    ,A17593,3.24E+00,1.03E-03,18270,NULL,268,0.00084
1787834,2026/8/12 08:12,MW2045B27388,B23,NULL,13,NULL,A11997,3.24E+00,1.02E-03,18615,NULL,268,0.00069
1787833,2026/8/12 08:12,MW2045B31497,B24,NULL,14,                    ,A17593,3.23E+00,8.80E-04,18191,NULL,268,0.00017
1787832,2026/8/12 08:12,MW2045B27389,B23,NULL,13,NULL,A11997,3.24E+00,9.00E-04,18536,NULL,268,0.00065
1787831,2026/8/12 08:11,MW2045B27362,B24,NULL,14,                    ,A17593,3.24E+00,1.10E-03,18326,NULL,268,0.00062
1787830,2026/8/12 08:11,MW2045B27390,B23,NULL,13,NULL,A11997,3.24E+00,9.90E-04,18590,NULL,268,0.00011
1787829,2026/8/12 08:11,MW2045B27335,B24,NULL,14,                    ,A17593,3.24E+00,1.13E-03,18294,NULL,268,0.00054
1787828,2026/8/12 08:11,MW2045B27332,B24,NULL,14,NULL,A11997,3.24E+00,1.01E-03,18632,NULL,268,0.00054
1787827,2026/8/12 08:11,MW2045B32916,B24,NULL,14,                    ,A17593,3.23E+00,1.06E-03,18153,NULL,268,0.00097
1787826,2026/8/12 08:10,MW2045B27363,B24,NULL,14,                    ,A17593,3.24E+00,9.80E-04,18171,NULL,268,0.00036
1787825,2026/8/12 08:10,MW2045B27333,B25,NULL,15,NULL,A11997,3.24E+00,8.60E-04,18578,NULL,268,0.00072
1787824,2026/8/12 08:10,MW2045B31595,A24,NULL,7,                    ,A17593,3.23E+00,9.40E-04,18263,NULL,268,0.00038
1787823,2026/8/12 08:10,MW2045B27326,B24,NULL,14,NULL,A11997,3.24E+00,8.70E-04,18614,NULL,268,0.00059
1787822,2026/8/12 08:10,MW2045B27392,B24,NULL,14,                    ,A17593,3.24E+00,1.05E-03,18242,NULL,268,0.00003
1787821,2026/8/12 08:09,MW2045B20011,C22,NULL,22,NULL,A11997,3.24E+00,1.00E-03,18853,NULL,268,0.00039
1787820,2026/8/12 08:09,MW2045B31586,A24,NULL,7,                    ,A17593,3.23E+00,9.20E-04,18273,NULL,268,0.00026
1787819,2026/8/12 08:09,MW2045B31639,A25,NULL,8,NULL,A23408,3.23E+00,8.80E-04,18698,NULL,268,0.00006
1787818,2026/8/12 08:09,MW2045B31587,A24,NULL,7,                    ,A17593,3.23E+00,8.70E-04,18254,NULL,268,0.00019
1787817,2026/8/12 08:08,MW2045B31640,A25,NULL,8,NULL,A23408,3.23E+00,8.50E-04,18722,NULL,268,0.00007
1787816,2026/8/12 08:08,MW2045B20434,A22,NULL,5,                    ,A23647,3.24E+00,1.34E-03,18206,NULL,268,0.00079
1787815,2026/8/12 08:08,MW2045B20275,ANZ,NULL,18,NULL,A23408,3.23E+00,7.40E-04,18784,NULL,268,0.00041
1787814,2026/8/12 08:08,MW2045B20286,A24,NULL,7,                    ,A23647,3.23E+00,1.06E-03,18193,NULL,268,0.00005
1787813,2026/8/12 08:07,MW2045B31676,A25,NULL,8,NULL,A23408,3.23E+00,8.40E-04,18729,NULL,268,0.00004
1787812,2026/8/12 08:07,MW2045B20287,A25,NULL,8,                    ,A23647,3.23E+00,1.07E-03,18199,NULL,268,0.00037
1787811,2026/8/12 08:07,MW2045B27064,A25,NULL,8,NULL,A23408,3.23E+00,9.20E-04,18567,NULL,268,0.00002
1787810,2026/8/12 08:07,MW2045B20288,A26,NULL,9,                    ,A23647,3.23E+00,8.40E-04,18361,NULL,268,0.00076
1787809,2026/8/12 08:07,MW2045B27066,ANZ,NULL,18,NULL,A23408,3.23E+00,8.00E-04,18616,NULL,268,0.00093
1787808,2026/8/12 08:07,MW2045B31559,A25,NULL,8,                    ,A23647,3.23E+00,8.90E-04,18276,NULL,268,0.00027
1787807,2026/8/12 08:06,MW2045B31612,A24,NULL,7,                    ,A23647,3.24E+00,8.90E-04,18218,NULL,268,0.00089
1787806,2026/8/12 08:06,MW2045B32874,B24,NULL,14,NULL,A23408,3.23E+00,9.10E-04,18670,NULL,268,0.00092
1787805,2026/8/12 08:06,MW2045B31645,A25,NULL,8,                    ,A23647,3.23E+00,8.80E-04,18305,NULL,268,0.00046
1787804,2026/8/12 08:06,MW2045B32877,B25,NULL,15,NULL,A23408,3.23E+00,8.30E-04,18633,NULL,268,0.00016
1787803,2026/8/12 08:05,MW2045B19995,A23,NULL,6,                    ,A23647,3.24E+00,1.04E-03,18339,NULL,268,0.00036
1787802,2026/8/12 08:05,MW2045B32876,B25,NULL,15,NULL,A23408,3.23E+00,9.50E-04,18554,NULL,268,0.0001
1787801,2026/8/12 08:05,MW2045B30772,ANZ,NULL,18,NULL,A23408,3.23E+00,7.80E-04,18656,NULL,268,0.00072
1787800,2026/8/12 07:48,MW2045B30759,ANZ,NULL,18,NULL,A23408,3.24E+00,7.60E-04,18839,NULL,268,0.00003
1787799,2026/8/12 07:48,MW2045B30944,ANZ,NULL,18,NULL,A23408,3.23E+00,8.00E-04,18560,NULL,268,0.00046
1787798,2026/8/12 07:48,MW2045B31644,A25,NULL,8,                    ,A23647,3.24E+00,9.70E-04,18165,NULL,268,0.00038
1787797,2026/8/12 07:48,MW2045B31680,A25,NULL,8,NULL,A05663,3.23E+00,8.40E-04,18601,NULL,268,0.00025
1787796,2026/8/12 07:47,MW2045B31643,A25,NULL,8,                    ,A23647,3.23E+00,9.70E-04,18396,NULL,268,0.00026
1787795,2026/8/12 07:47,MW2045B27063,B24,NULL,14,NULL,A05663,3.24E+00,8.70E-04,18667,NULL,268,0.00069
1787794,2026/8/12 07:47,MW2045B31654,A25,NULL,8,                    ,A23647,3.23E+00,9.30E-04,18248,NULL,268,0.0002
1787793,2026/8/12 07:47,MW2045B27059,B25,NULL,15,NULL,A05663,3.23E+00,9.00E-04,18565,NULL,268,0.00035
1787792,2026/8/12 07:47,MW2045B31700,A25,NULL,8,                    ,A23647,3.23E+00,8.70E-04,18280,NULL,268,0.00059
1787791,2026/8/12 07:46,MW2045B29411,ANZ,NULL,18,NULL,A05663,3.23E+00,7.20E-04,18565,NULL,268,0.00081
1787790,2026/8/12 07:46,MW2045B17217,B26,NULL,16,                    ,A15714,3.23E+00,8.60E-04,18375,NULL,268,0.0006
1787789,2026/8/12 07:46,MW2045B29250,ANZ,NULL,18,NULL,A05663,3.23E+00,7.90E-04,18657,NULL,268,0.00092
1787788,2026/8/12 07:46,MW2045B17219,B21,NULL,11,                    ,A15714,3.24E+00,1.18E-03,18173,NULL,268,0.00084
1787787,2026/8/12 07:45,MW2045B29251,ANZ,NULL,18,NULL,A05663,3.24E+00,7.30E-04,18540,NULL,268,0.00044
1787786,2026/8/12 07:45,MW2045B17174,B21,NULL,11,                    ,A15714,3.24E+00,1.11E-03,18159,NULL,268,0.00029
1787785,2026/8/12 07:45,MW2045B14872,D25,NULL,31,                    ,A15714,3.24E+00,9.30E-04,18003,NULL,268,0.00041
1787784,2026/8/12 07:45,MW2045B21808,B24,NULL,14,NULL,A05663,3.23E+00,8.60E-04,18911,NULL,268,0.00031
1787783,2026/8/12 07:44,MW2045B18673,A22,NULL,5,                    ,A15714,3.24E+00,9.50E-04,18011,NULL,268,0.00066
1787782,2026/8/12 07:44,MW2045B30945,B25,NULL,15,NULL,A05663,3.24E+00,9.40E-04,18648,NULL,268,0.00047
1787781,2026/8/12 07:44,MW2045B06381,A25,NULL,8,                    ,A15714,3.24E+00,8.50E-04,18157,NULL,268,0.00055
1787780,2026/8/12 07:44,MW2045B21819,B25,NULL,15,NULL,A05663,3.23E+00,8.30E-04,18841,NULL,268,0.00077
1787779,2026/8/12 07:44,MW2045B06382,C25,NULL,25,                    ,A15714,3.24E+00,9.00E-04,18202,NULL,268,0.00005
1787778,2026/8/12 07:43,MW2045B22849,A24,NULL,7,NULL,A05663,3.23E+00,9.60E-04,18774,NULL,268,0.00072
1787777,2026/8/12 07:43,MW2045B22133,B25,NULL,15,                    ,A15714,3.23E+00,9.60E-04,18489,NULL,268,0.00091
1787776,2026/8/12 07:43,MW2045B22793,A24,NULL,7,NULL,A05663,3.23E+00,9.00E-04,18616,NULL,268,0.00089
1787775,2026/8/12 07:43,MW2045B13763,B26,NULL,16,                    ,A15714,3.23E+00,9.70E-04,18344,NULL,268,0.00025
1787774,2026/8/12 07:43,MW2045B22797,A24,NULL,7,NULL,A05663,3.23E+00,8.90E-04,18711,NULL,268,0.00003
1787773,2026/8/12 07:42,MW2045B15879,B26,NULL,16,                    ,A15714,3.23E+00,8.60E-04,18413,NULL,268,0.00004
1787772,2026/8/12 07:42,MW2045B22802,A25,NULL,8,NULL,A03861,3.23E+00,9.60E-04,18718,NULL,268,0.00048
1787771,2026/8/12 07:42,MW2045B15916,A26,NULL,9,                    ,A15714,3.23E+00,8.70E-04,18462,NULL,268,0.00021
1787770,2026/8/12 07:42,MW2045B18067,ANZ,NULL,18,NULL,A03861,3.24E+00,8.00E-04,18824,NULL,268,0.00074
1787769,2026/8/12 07:42,MW2045B14824,D25,NULL,31,                    ,A15714,3.24E+00,8.70E-04,18220,NULL,268,0.00015
1787768,2026/8/12 07:41,MW2045B22803,A25,NULL,8,NULL,A03861,3.23E+00,9.20E-04,18691,NULL,268,0.00026
1787767,2026/8/12 07:41,MW2045B22353,A23,NULL,6,                    ,A12700,3.24E+00,1.04E-03,18233,NULL,268,0.00033
1787766,2026/8/12 07:41,MW2045B22804,A24,NULL,7,NULL,A03861,3.23E+00,8.60E-04,18762,NULL,268,0.00081
1787765,2026/8/12 07:41,MW2045B22355,A25,NULL,8,                    ,A12700,3.23E+00,9.00E-04,18223,NULL,268,0.00018
1787764,2026/8/12 07:40,MW2045B16275,B22,NULL,12,                    ,A12700,3.24E+00,9.50E-04,18268,NULL,268,0.00009
1787763,2026/8/12 07:40,MW2045B03501,B22,NULL,12,NULL,A03861,3.24E+00,8.60E-04,18508,NULL,268,0.00051
1787762,2026/8/12 07:40,MW2045B11292,C25,NULL,25,                    ,A12700,3.23E+00,9.40E-04,18325,NULL,268,0.00099
1787761,2026/8/12 07:40,MW2045B03502,ANZ,NULL,18,NULL,A03861,3.24E+00,7.60E-04,18534,NULL,268,0.00064
1787760,2026/8/12 07:39,MW2045B11290,C25,NULL,25,                    ,A12700,3.23E+00,9.60E-04,18264,NULL,268,0.00062
1787759,2026/8/12 07:39,MW2045B03506,D23,NULL,29,NULL,A03861,3.24E+00,8.50E-04,18515,NULL,268,0.00075
1787758,2026/8/12 07:39,MW2045B11288,A25,NULL,8,                    ,A12700,3.23E+00,9.50E-04,18317,NULL,268,0.00037
1787757,2026/8/12 07:39,MW2045B03507,ANZ,NULL,18,NULL,A03861,3.24E+00,7.50E-04,18352,NULL,268,0.00015
1787756,2026/8/12 07:39,MW2045B16710,B24,NULL,14,                    ,A12700,3.23E+00,8.40E-04,18351,NULL,268,0.0005
1787755,2026/8/12 07:39,MW2045B15885,ANZ,NULL,18,NULL,A03861,3.23E+00,7.50E-04,18597,NULL,268,0.00065
1787754,2026/8/12 07:38,MW2045B16709,B24,NULL,14,                    ,A12700,3.23E+00,8.90E-04,18183,NULL,268,0.00002
1787753,2026/8/12 07:38,MW2045B13758,B25,NULL,15,NULL,A03861,3.24E+00,8.50E-04,18554,NULL,268,0.00038
1787752,2026/8/12 07:38,MW2045B16702,A24,NULL,7,                    ,A12700,3.23E+00,8.90E-04,18197,NULL,268,0.00079
1787751,2026/8/12 07:38,MW2045B15915,ANZ,NULL,18,NULL,A03861,3.23E+00,7.60E-04,18568,NULL,268,0.00085
1787750,2026/8/12 07:38,MW2045B11306,A25,NULL,8,                    ,A12700,3.23E+00,8.90E-04,18386,NULL,268,0.00023
1787749,2026/8/12 07:37,MW2045B14823,D25,NULL,31,NULL,A03861,3.24E+00,8.10E-04,18687,NULL,268,0.00023
1787748,2026/8/12 07:37,MW2045B17888,A21,NULL,4,                    ,A12700,3.24E+00,1.09E-03,18340,NULL,268,0.00038
1787747,2026/8/12 07:37,MW2044B09900,A25,NULL,8,NULL,A24432,3.23E+00,9.50E-04,18530,NULL,268,0.00015
1787746,2026/8/12 07:37,MW2045B15223,A26,NULL,9,                    ,A12700,3.23E+00,9.60E-04,18395,NULL,268,0.00036
1787745,2026/8/12 07:36,MW2045B33944,A23,NULL,6,NULL,A24432,3.24E+00,8.80E-04,18573,NULL,268,0.00019
1787744,2026/8/12 07:36,MW2045B15222,A25,NULL,8,                    ,A14592,3.23E+00,1.04E-03,18368,NULL,268,0.00066
1787743,2026/8/12 07:36,MW2045B15221,A25,NULL,8,                    ,A14592,3.23E+00,9.80E-04,18286,NULL,268,0.00076
1787742,2026/8/12 07:36,MW2044B09899,A24,NULL,7,NULL,A24432,3.23E+00,9.40E-04,18328,NULL,268,0.00005
1787741,2026/8/12 07:35,MW2045B17188,B21,NULL,11,                    ,A14592,3.24E+00,1.18E-03,18186,NULL,268,0.00044
1787740,2026/8/12 07:35,MW2044B09893,ANZ,NULL,18,NULL,A24432,3.23E+00,7.90E-04,18442,NULL,268,0.00014
1787739,2026/8/12 07:35,MW2045B10867,A26,NULL,9,                    ,A14592,3.23E+00,9.30E-04,18237,NULL,268,0.00078
1787738,2026/8/12 07:35,MW2044B09891,ANZ,NULL,18,NULL,A24432,3.23E+00,7.90E-04,18447,NULL,268,0.00077
1787737,2026/8/12 07:35,MW2045B10871,A26,NULL,9,                    ,A14592,3.23E+00,8.60E-04,18283,NULL,268,0.00008
1787736,2026/8/12 07:34,MW2044B07265,A25,NULL,8,NULL,A24432,3.24E+00,9.20E-04,18586,NULL,268,0.00034
1787735,2026/8/12 07:34,MW2045B15256,A25,NULL,8,                    ,A14592,3.23E+00,9.50E-04,18344,NULL,268,0.00053
1787734,2026/8/12 07:34,MW2044B07266,A24,NULL,7,NULL,A24432,3.24E+00,9.20E-04,18435,NULL,268,0.00039
1787733,2026/8/12 07:34,MW2045B16755,A25,NULL,8,                    ,A14592,3.23E+00,8.70E-04,18288,NULL,268,0.00063
1787732,2026/8/12 07:34,MW2044B09873,A25,NULL,8,NULL,A24432,3.23E+00,9.30E-04,18471,NULL,268,0.00031
1787731,2026/8/12 07:33,MW2045B16758,B26,NULL,16,                    ,A14592,3.23E+00,8.70E-04,18396,NULL,268,0.0004
1787730,2026/8/12 07:33,MW2044B09874,A26,NULL,9,NULL,A24432,3.24E+00,9.30E-04,18479,NULL,268,0.00012
1787729,2026/8/12 07:33,MW2045B16754,A26,NULL,9,                    ,A14592,3.23E+00,8.70E-04,18345,NULL,268,0.00058
1787728,2026/8/12 07:33,MW2044B05524,ANZ,NULL,18,NULL,A24432,3.24E+00,7.60E-04,18586,NULL,268,0.00073
1787727,2026/8/12 07:33,MW2045B17175,CHH,NULL,20,                    ,A14592,3.23E+00,8.30E-04,18182,NULL,268,0.00091
1787726,2026/8/12 07:32,MW2044B05526,A25,NULL,8,NULL,A24432,3.24E+00,8.60E-04,18650,NULL,268,0.00018
1787725,2026/8/12 07:32,MW2045B17185,B21,NULL,11,                    ,A14592,3.24E+00,1.14E-03,18180,NULL,268,0.00057
1787724,2026/8/12 07:32,MW2044B05503,ANZ,NULL,18,NULL,A24432,3.24E+00,8.00E-04,18664,NULL,268,0.00085
1787723,2026/8/12 07:32,MW2045B17190,D26,NULL,32,                    ,A14592,3.23E+00,8.50E-04,18073,NULL,268,0.00059
1787722,2026/8/12 07:31,MW2045B17011,C22,NULL,22,NULL,A05027,3.24E+00,9.20E-04,18792,NULL,268,0.00035
1787721,2026/8/12 07:31,MW2045B22805,A24,NULL,7,                    ,A24963,3.23E+00,1.11E-03,18385,NULL,268,0.00054
1787720,2026/8/12 07:31,MW2045B22400,A24,NULL,7,NULL,A05027,3.23E+00,8.80E-04,18619,NULL,268,0.0001
1787719,2026/8/12 07:31,MW2045B22822,A23,NULL,6,                    ,A24963,3.23E+00,1.09E-03,18385,NULL,268,0.00079
1787718,2026/8/12 07:30,MW2045B22394,A24,NULL,7,NULL,A05027,3.24E+00,9.00E-04,18601,NULL,268,0.00069
1787717,2026/8/12 07:30,MW2045B17004,C25,NULL,25,                    ,A24963,3.23E+00,9.30E-04,18327,NULL,268,0.00036
1787716,2026/8/12 07:30,MW2045B06580,A25,NULL,8,                    ,A24963,3.23E+00,1.01E-03,18301,NULL,268,0.00083
1787715,2026/8/12 07:30,MW2044B07263,A25,NULL,8,NULL,A05027,3.24E+00,9.90E-04,18629,NULL,268,0.00038
1787714,2026/8/12 07:30,MW2045B17005,A25,NULL,8,                    ,A24963,3.23E+00,9.40E-04,18267,NULL,268,0.0002
1787713,2026/8/12 07:30,MW2044B07262,A25,NULL,8,NULL,A05027,3.24E+00,9.30E-04,18352,NULL,268,0.00013
1787712,2026/8/12 07:29,MW2045B17006,C22,NULL,22,                    ,A24963,3.24E+00,1.00E-03,18217,NULL,268,0.00023
1787711,2026/8/12 07:29,MW2044B07261,A25,NULL,8,NULL,A05027,3.24E+00,9.30E-04,18442,NULL,268,0.00043
1787710,2026/8/12 07:29,MW2045B17007,A25,NULL,8,                    ,A24963,3.23E+00,9.40E-04,18256,NULL,268,0.00065
1787709,2026/8/12 07:29,MW2044B07260,A25,NULL,8,NULL,A05027,3.24E+00,9.50E-04,18616,NULL,268,0.00017
1787708,2026/8/12 07:29,MW2045B17009,A25,NULL,8,                    ,NULL,3.23E+00,9.20E-04,18275,NULL,268,0.00019
1787707,2026/8/12 07:28,MW2044B07259,A25,NULL,8,NULL,A05027,3.24E+00,9.00E-04,18532,NULL,268,0.00051
1787706,2026/8/12 07:28,MW2044B07258,A25,NULL,8,NULL,A05027,3.24E+00,9.50E-04,18485,NULL,268,0.00005
1787705,2026/8/12 07:27,MW2044B07257,A25,NULL,8,NULL,A05027,3.23E+00,9.30E-04,18456,NULL,268,0.00022
1787704,2026/8/12 07:27,MW2044B07256,A25,NULL,8,NULL,A05027,3.24E+00,9.90E-04,18448,NULL,268,0.00092
1787703,2026/8/12 07:26,MW2044B07255,A25,NULL,8,NULL,A05027,3.24E+00,1.00E-03,18452,NULL,268,0.00077
1787702,2026/8/12 07:26,MW2044B07496,A24,NULL,7,NULL,A04894,3.24E+00,8.70E-04,18524,NULL,268,0.00049
1787701,2026/8/12 07:26,MW2044B07454,A24,NULL,7,NULL,A04894,3.24E+00,8.90E-04,18536,NULL,268,0.00088
1787700,2026/8/12 07:25,MW2044B07510,A25,NULL,8,NULL,A04894,3.23E+00,8.20E-04,18609,NULL,268,0.00074
1787699,2026/8/12 07:25,MW2044B07453,A24,NULL,7,NULL,A04894,3.24E+00,9.20E-04,18587,NULL,268,0.00047
1787698,2026/8/12 07:24,MW2044B07618,A24,NULL,7,NULL,A04894,3.24E+00,9.40E-04,18530,NULL,268,0.00097
1787697,2026/8/12 07:24,MW2045B17008,A22,NULL,5,                    ,A24963,3.24E+00,9.80E-04,18110,NULL,268,0.00064
1787696,2026/8/12 07:24,MW2044B07452,A24,NULL,7,NULL,A04894,3.24E+00,8.90E-04,18593,NULL,268,0.00052
1787695,2026/8/12 07:23,MW2045B22847,A24,NULL,7,                    ,A24963,3.23E+00,1.10E-03,18447,NULL,268,0.00037
1787694,2026/8/12 07:23,MW2044B17300,A24,NULL,7,NULL,A04894,3.23E+00,8.20E-04,18770,NULL,268,0.00069
1787693,2026/8/12 07:23,MW2045B22848,A24,NULL,7,                    ,A24963,3.23E+00,1.03E-03,18294,NULL,268,0.00041
1787692,2026/8/12 07:23,MW2044B07451,A25,NULL,8,NULL,A04894,3.23E+00,9.00E-04,18583,NULL,268,0.00083
1787691,2026/8/12 07:23,MW2045B22798,A24,NULL,7,                    ,A24963,3.23E+00,1.12E-03,18538,NULL,268,0.00093
1787690,2026/8/12 07:22,MW2044B07450,A25,NULL,8,NULL,A04894,3.24E+00,9.20E-04,18575,NULL,268,0.00074
1787689,2026/8/12 07:22,MW2044B17302,A22,NULL,5,NULL,A04894,3.23E+00,1.12E-03,18415,NULL,268,0.00026
1787688,2026/8/12 07:21,MW2044B17304,A23,NULL,6,NULL,A04894,3.24E+00,1.14E-03,18530,NULL,268,0.00064
1787687,2026/8/12 07:21,MW2044B07449,A24,NULL,7,NULL,A04894,3.24E+00,9.10E-04,18465,NULL,268,0.00085
1787686,2026/8/12 07:20,MW2045B16771,O,NULL,1,NULL,A07438,0.00E+00,0.00E+00,18687,NULL,268,0.00006
1787685,2026/8/12 07:19,MW2044B07456,A24,NULL,7,                    ,A12784,3.23E+00,9.60E-04,18373,NULL,268,0.00008
1787684,2026/8/12 07:18,MW2044B07490,A24,NULL,7,                    ,A12784,3.24E+00,9.80E-04,18022,NULL,268,0.0002
1787683,2026/8/12 07:18,MW2044B17247,A25,NULL,8,                    ,A12784,3.23E+00,8.90E-04,18141,NULL,268,0.00056
1787682,2026/8/12 07:18,MW2044B05516,A25,NULL,8,                    ,A12784,3.23E+00,8.90E-04,18139,NULL,268,0.00081
1787681,2026/8/12 07:17,MW2045B03436,A26,NULL,9,NULL,A07438,3.23E+00,9.10E-04,18468,NULL,268,0.00047
1787680,2026/8/12 07:17,MW2044B05517,A26,NULL,9,                    ,A12784,3.24E+00,9.00E-04,18273,NULL,268,0.00013
1787679,2026/8/12 07:17,MW2044B05518,A25,NULL,8,                    ,A12784,3.24E+00,9.20E-04,18293,NULL,268,0.00091
1787678,2026/8/12 07:17,MW2045B16770,ANZ,NULL,18,NULL,A07438,3.23E+00,7.60E-04,18637,NULL,268,0.0004
1787677,2026/8/12 07:16,MW2044B05520,A25,NULL,8,                    ,A12784,3.24E+00,9.10E-04,18347,NULL,268,0.00052
1787676,2026/8/12 07:16,MW2045B16769,ANZ,NULL,18,NULL,A07438,3.24E+00,7.40E-04,18731,NULL,268,0.00046
1787675,2026/8/12 07:16,MW2044B05519,C25,NULL,25,                    ,A12784,3.24E+00,9.20E-04,18287,NULL,268,0.00031
1787674,2026/8/12 07:16,MW2045B15950,ANZ,NULL,18,NULL,A07438,3.23E+00,7.40E-04,18733,NULL,268,0.00054
1787673,2026/8/12 07:15,MW2044B09901,A24,NULL,7,                    ,A12784,3.23E+00,1.02E-03,18292,NULL,268,0.00089
1787672,2026/8/12 07:15,MW2045B06585,A25,NULL,8,NULL,A07438,3.24E+00,9.20E-04,18691,NULL,268,0.00091
1787671,2026/8/12 07:15,MW2044B05522,A26,NULL,9,                    ,A12784,3.23E+00,8.60E-04,18349,NULL,268,0.00008
1787670,2026/8/12 07:15,MW2045B11285,A25,NULL,8,NULL,A07438,3.23E+00,8.10E-04,18593,NULL,268,0.00017
1787669,2026/8/12 07:15,MW2044B05523,A26,NULL,9,                    ,A12784,3.23E+00,8.80E-04,18248,NULL,268,0.00064
1787668,2026/8/12 07:14,MW2045B11286,A25,NULL,8,NULL,A07438,3.23E+00,8.50E-04,18429,NULL,268,0.00057
1787667,2026/8/12 07:14,MW2044B05525,A25,NULL,8,                    ,A12784,3.24E+00,9.20E-04,18328,NULL,268,0.00038
1787666,2026/8/12 07:14,MW2045B17241,A21,NULL,4,NULL,A07438,3.24E+00,1.06E-03,18603,NULL,268,0.00014
1787665,2026/8/12 07:14,MW2045B22412,A24,NULL,7,                    ,A25073,3.23E+00,9.90E-04,18165,NULL,268,0.00038
1787664,2026/8/12 07:13,MW2045B17239,A21,NULL,4,NULL,A07438,3.24E+00,1.02E-03,18551,NULL,268,0.00041
1787663,2026/8/12 07:13,MW2044B05632,A25,NULL,8,                    ,A25073,3.24E+00,9.20E-04,18289,NULL,268,0.00015
1787662,2026/8/12 07:13,MW2045B17235,ANZ,NULL,18,NULL,A07438,3.23E+00,7.60E-04,18614,NULL,268,0.00029
1787661,2026/8/12 07:13,MW2045B02728,C24,NULL,24,                    ,A25073,3.24E+00,9.90E-04,18016,NULL,268,0.00013
1787660,2026/8/12 07:13,MW2045B03382,A26,NULL,9,                    ,A25073,3.23E+00,1.01E-03,18180,NULL,268,0.00017
1787659,2026/8/12 07:13,MW2045B11293,A25,NULL,8,NULL,A07438,3.23E+00,9.50E-04,18552,NULL,268,0.00051
1787658,2026/8/12 07:12,MW2044B07318,A23,NULL,6,                    ,A25073,3.24E+00,1.02E-03,18351,NULL,268,0.00055
1787657,2026/8/12 07:12,MW2045B14798,B25,NULL,15,NULL,A05827,3.23E+00,8.40E-04,18614,NULL,268,0.0008
1787656,2026/8/12 07:12,MW2044B07319,A24,NULL,7,                    ,A25073,3.23E+00,9.70E-04,18442,NULL,268,0.00045
1787655,2026/8/12 07:12,MW2045B14797,ANZ,NULL,18,NULL,A05827,3.23E+00,7.50E-04,18693,NULL,268,0.00011
1787654,2026/8/12 07:12,MW2044B17307,A23,NULL,6,                    ,A25073,3.24E+00,1.17E-03,17988,NULL,268,0.00062
1787653,2026/8/12 07:11,MW2045B08631,A25,NULL,8,NULL,A05827,3.23E+00,8.40E-04,18705,NULL,268,0.00038
1787652,2026/8/12 07:11,MW2044B07316,A23,NULL,6,                    ,A25073,3.24E+00,1.00E-03,18350,NULL,268,0.00054
1787651,2026/8/12 07:11,MW2045B02814,A26,NULL,9,NULL,A05827,3.23E+00,8.70E-04,18437,NULL,268,0.00009
1787650,2026/8/12 07:11,MW2044B17301,A22,NULL,5,                    ,A25073,3.24E+00,1.25E-03,18139,NULL,268,0.00077
1787649,2026/8/12 07:10,MW2045B21546,A24,NULL,7,NULL,A05827,3.23E+00,8.40E-04,18813,NULL,268,0.00022
1787648,2026/8/12 07:10,MW2044B17306,A23,NULL,6,                    ,A25073,3.24E+00,1.22E-03,18112,NULL,268,0.00062
1787647,2026/8/12 07:10,MW2045B08632,A26,NULL,9,NULL,A05827,3.23E+00,8.30E-04,18763,NULL,268,0.00052
1787646,2026/8/12 07:10,MW2044B07448,A23,NULL,6,                    ,A25073,3.24E+00,1.05E-03,18247,NULL,268,0.00092
1787645,2026/8/12 07:09,MW2045B02812,A25,NULL,8,NULL,A05827,3.24E+00,1.04E-03,18435,NULL,268,0.00014
1787644,2026/8/12 07:09,MW2044B17305,A23,NULL,6,                    ,A25073,3.24E+00,1.22E-03,18117,NULL,268,0.00079
1787643,2026/8/12 07:09,MW2045B02723,A25,NULL,8,                    ,A20887,3.24E+00,9.60E-04,18232,NULL,268,0.0003
1787642,2026/8/12 07:09,MW2045B19520,A21,NULL,4,NULL,A05827,3.24E+00,8.70E-04,18795,NULL,268,0.00011
1787641,2026/8/12 07:09,MW2045B14784,B26,NULL,16,                    ,A20887,3.23E+00,8.80E-04,18244,NULL,268,0.00037
1787640,2026/8/12 07:09,MW2045B14815,ANZ,NULL,18,NULL,A05827,3.23E+00,7.80E-04,18615,NULL,268,0.0008
1787639,2026/8/12 07:08,MW2045B02729,A25,NULL,8,                    ,A20887,3.24E+00,1.01E-03,18134,NULL,268,0.00001
1787638,2026/8/12 07:08,MW2045B22821,A24,NULL,7,NULL,A05827,3.23E+00,1.02E-03,18831,NULL,268,0.00039
1787637,2026/8/12 07:08,MW2045B02731,A26,NULL,9,                    ,A20887,3.24E+00,9.90E-04,18253,NULL,268,0.00052
1787636,2026/8/12 07:08,MW2045B18065,ANZ,NULL,18,NULL,A05827,3.23E+00,7.80E-04,18749,NULL,268,0.0009
1787635,2026/8/12 07:07,MW2045B17234,A21,NULL,4,                    ,A20887,3.24E+00,1.11E-03,18185,NULL,268,0.00046
1787634,2026/8/12 07:07,MW2045B22841,A24,NULL,7,NULL,A05827,3.23E+00,8.90E-04,18788,NULL,268,0.00025
1787633,2026/8/12 07:07,MW2045B14991,B25,NULL,15,                    ,A20887,3.24E+00,8.90E-04,18436,NULL,268,0.00075
1787632,2026/8/12 07:07,MW2045B17838,B21,NULL,11,NULL,A04934,3.24E+00,9.30E-04,18582,NULL,268,0.00058
1787631,2026/8/12 07:07,MW2045B14795,B26,NULL,16,                    ,A20887,3.24E+00,8.40E-04,18230,NULL,268,0.00001
1787630,2026/8/12 07:06,MW2045B04380,CHH,NULL,20,NULL,A04934,3.24E+00,8.30E-04,18517,NULL,268,0.0007
1787629,2026/8/12 07:06,MW2045B21833,B25,NULL,15,                    ,A20887,3.23E+00,9.50E-04,18455,NULL,268,0.00048
1787628,2026/8/12 07:06,MW2045B16853,ANZ,NULL,18,NULL,A04934,3.23E+00,7.70E-04,18605,NULL,268,0.00091
1787627,2026/8/12 07:06,MW2045B21835,B25,NULL,15,                    ,A20887,3.23E+00,9.60E-04,18453,NULL,268,0.00006
1787626,2026/8/12 07:05,MW2045B16812,A26,NULL,9,NULL,A04934,3.23E+00,8.50E-04,18474,NULL,268,0.00092
1787625,2026/8/12 07:05,MW2045B17242,B26,NULL,16,                    ,A20887,3.23E+00,8.40E-04,18367,NULL,268,0.00061
1787624,2026/8/12 07:05,MW2045B17177,C21,NULL,21,NULL,A04934,3.23E+00,1.04E-03,18454,NULL,268,0.00078
1787623,2026/8/12 07:05,MW2045B15227,A26,NULL,9,                    ,A20887,3.23E+00,9.60E-04,18328,NULL,268,0.00033
1787622,2026/8/12 07:05,MW2045B11294,A25,NULL,8,                    ,A20887,3.23E+00,9.50E-04,18312,NULL,268,0.00029
1787621,2026/8/12 07:04,MW2045B04384,CHH,NULL,20,NULL,A04934,3.24E+00,8.30E-04,18483,NULL,268,0.00017
1787620,2026/8/12 07:04,MW2045B16484,B26,NULL,16,                    ,A00095,3.23E+00,9.20E-04,18277,NULL,268,0.00004
1787619,2026/8/12 07:04,MW2045B17180,B21,NULL,11,NULL,A04934,3.24E+00,1.03E-03,18623,NULL,268,0.00024
1787618,2026/8/12 07:04,MW2045B07997,B25,NULL,15,                    ,A00095,3.24E+00,8.70E-04,18147,NULL,268,0.00054
1787617,2026/8/12 07:04,MW2045B17079,B22,NULL,12,NULL,A04934,3.24E+00,1.23E-03,18675,NULL,268,0.00099
1787616,2026/8/12 07:03,MW2045B07998,B26,NULL,16,                    ,A00095,3.24E+00,8.70E-04,18263,NULL,268,0.00038
1787615,2026/8/12 07:03,MW2045B16751,ANZ,NULL,18,NULL,A04934,3.23E+00,7.50E-04,18497,NULL,268,0.00046
1787614,2026/8/12 07:03,MW2045B07999,B26,NULL,16,                    ,A00095,3.24E+00,8.70E-04,18203,NULL,268,0.00041
1787613,2026/8/12 07:03,MW2045B17086,B21,NULL,11,NULL,A04934,3.24E+00,1.23E-03,18669,NULL,268,0.00099
1787612,2026/8/12 07:02,MW2045B08000,B26,NULL,16,                    ,A00095,3.24E+00,9.30E-04,18345,NULL,268,0.00006
1787611,2026/8/12 07:02,MW2045B17032,B25,NULL,15,NULL,A04934,3.23E+00,8.10E-04,18605,NULL,268,0.00043
1787610,2026/8/12 07:02,MW2045B15259,C26,NULL,26,                    ,A00095,3.23E+00,9.20E-04,18333,NULL,268,0.00052
1787609,2026/8/12 07:02,MW2045B05043,ANZ,NULL,18,NULL,A04934,3.24E+00,8.00E-04,18682,NULL,268,0.00056
1787608,2026/8/12 07:02,MW2045B03495,D22,NULL,28,                    ,A00095,3.24E+00,9.40E-04,17997,NULL,268,0.00059
1787607,2026/8/12 07:01,MW2045B05044,A24,NULL,7,NULL,A03435,3.24E+00,1.23E-03,18531,NULL,268,0.00034
1787606,2026/8/12 07:01,MW2045B22845,A24,NULL,7,                    ,A00095,3.23E+00,1.08E-03,18416,NULL,268,0.00059
1787605,2026/8/12 07:01,MW2045B05045,A24,NULL,7,NULL,A03435,3.24E+00,1.19E-03,18531,NULL,268,0.00009
1787604,2026/8/12 07:01,MW2045B22844,A25,NULL,8,                    ,A00095,3.23E+00,9.80E-04,18392,NULL,268,0.00017
1787603,2026/8/12 07:00,MW2045B05046,O,NULL,1,NULL,A03435,0.00E+00,0.00E+00,18615,NULL,268,0.00007
1787602,2026/8/12 07:00,MW2045B14803,D24,NULL,30,                    ,A00095,3.24E+00,9.10E-04,18266,NULL,268,0.00084
1787601,2026/8/12 07:00,MW2045B14803,D24,NULL,30,                    ,A00095,3.24E+00,9.10E-04,18266,NULL,268,0.00085
1787600,2026/8/12 07:00,MW2045B22843,A24,NULL,7,                    ,A00095,3.23E+00,1.08E-03,18426,NULL,268,0.00044
1787599,2026/8/12 06:59,MW2045B22842,A25,NULL,8,                    ,A00095,3.23E+00,1.14E-03,18469,NULL,268,0.0003
1787598,2026/8/12 06:59,MW2044B05446,A25,NULL,8,                    ,A10840,3.24E+00,9.90E-04,18309,NULL,268,0.0006
1787597,2026/8/12 06:59,MW2044B05415,A23,NULL,6,                    ,A10840,3.24E+00,9.90E-04,18194,NULL,268,0.00062
1787596,2026/8/12 06:58,MW2044B17354,A25,NULL,8,                    ,A10840,3.24E+00,1.11E-03,18119,NULL,268,0.00036
1787595,2026/8/12 06:58,MW2044B17515,A25,NULL,8,                    ,A10840,3.23E+00,1.09E-03,18247,NULL,268,0.0009
1787594,2026/8/12 06:57,MW2044B17351,A25,NULL,8,                    ,A10840,3.23E+00,1.04E-03,18194,NULL,268,0.00043
1787593,2026/8/12 06:57,MW2045B02099,C26,NULL,26,NULL,A03435,3.23E+00,8.70E-04,18386,NULL,268,0.00052
1787592,2026/8/12 06:57,MW2044B05417,A24,NULL,7,                    ,A10840,3.24E+00,9.70E-04,18213,NULL,268,0.00055
1787591,2026/8/12 06:57,MW2044B17633,A21,NULL,4,NULL,A03435,3.24E+00,9.80E-04,18530,NULL,268,0.00072
1787590,2026/8/12 06:57,MW2044B17350,A25,NULL,8,                    ,A10840,3.23E+00,1.04E-03,18174,NULL,268,0.0005
1787589,2026/8/12 06:56,MW2045B02097,C25,NULL,25,NULL,A03435,3.23E+00,8.90E-04,18517,NULL,268,0.00093
1787588,2026/8/12 06:56,MW2044B05416,A24,NULL,7,                    ,A10840,3.24E+00,9.60E-04,18211,NULL,268,0.00092
1787587,2026/8/12 06:56,MW2044B17642,A25,NULL,8,NULL,A03435,3.23E+00,1.07E-03,18575,NULL,268,0.00087
1787586,2026/8/12 06:56,MW2044B17352,A25,NULL,8,                    ,A10840,3.23E+00,1.06E-03,18215,NULL,268,0.00078
1787585,2026/8/12 06:55,MW2044B10650,ANZ,NULL,18,NULL,A03435,3.24E+00,7.70E-04,18552,NULL,268,0.00073
1787584,2026/8/12 06:55,MW2044B05419,A24,NULL,7,                    ,A10840,3.24E+00,9.90E-04,18287,NULL,268,0.00078
1787583,2026/8/12 06:55,MW2044B17555,A25,NULL,8,NULL,A03435,3.24E+00,1.03E-03,18604,NULL,268,0.00098
1787582,2026/8/12 06:55,MW2044B17546,A23,NULL,6,                    ,A10840,3.24E+00,1.21E-03,18256,NULL,268,0.00006
1787581,2026/8/12 06:55,MW2044B17626,A23,NULL,6,NULL,A03435,3.24E+00,1.41E-03,18610,NULL,268,0.00026
1787580,2026/8/12 06:54,MW2044B05418,C24,NULL,24,                    ,A10840,3.23E+00,9.60E-04,18174,NULL,268,0.00096
1787579,2026/8/12 06:54,MW2044B17627,A24,NULL,7,NULL,A03435,3.24E+00,1.52E-03,18790,NULL,268,0.00001
1787578,2026/8/12 06:54,MW2044B10034,A24,NULL,7,                    ,A04712,3.24E+00,1.09E-03,18355,NULL,268,0.00006
1787577,2026/8/12 06:54,MW2044B17631,A24,NULL,7,NULL,A03435,3.24E+00,8.40E-04,18380,NULL,268,0.00075
1787576,2026/8/12 06:54,MW2044B10033,B24,NULL,14,                    ,A04712,3.24E+00,1.01E-03,18377,NULL,268,0.00002
1787575,2026/8/12 06:53,MW2044B10032,A24,NULL,7,                    ,A04712,3.24E+00,1.05E-03,18445,NULL,268,0.00067
1787574,2026/8/12 06:53,MW2045B53846,ANZ,NULL,18,NULL,A00835,3.24E+00,7.10E-04,18652,NULL,268,0.00024
1787573,2026/8/12 06:53,MW2044B10038,A25,NULL,8,                    ,A04712,3.24E+00,9.70E-04,18385,NULL,268,0.00017
1787572,2026/8/12 06:53,MW2045B57018,A26,NULL,9,NULL,A00835,3.24E+00,8.50E-04,18675,NULL,268,0.00023
1787571,2026/8/12 06:52,MW2044B10031,A24,NULL,7,                    ,A04712,3.24E+00,9.70E-04,18353,NULL,268,0.00028
1787570,2026/8/12 06:52,MW2045B41410,A26,NULL,9,NULL,A00835,3.24E+00,8.80E-04,18542,NULL,268,0.00046
1787569,2026/8/12 06:52,MW2044B10029,A24,NULL,7,                    ,A04712,3.24E+00,9.70E-04,18292,NULL,268,0.00076
1787568,2026/8/12 06:52,MW2045B57831,ANZ,NULL,18,NULL,A00835,3.24E+00,8.00E-04,18533,NULL,268,0.00099
1787567,2026/8/12 06:52,MW2044B10039,A24,NULL,7,                    ,A04712,3.24E+00,1.03E-03,18334,NULL,268,0.00009
1787566,2026/8/12 06:51,MW2045B41486,A26,NULL,9,NULL,A00835,3.24E+00,9.30E-04,18718,NULL,268,0.00024
1787565,2026/8/12 06:51,MW2044B05445,A24,NULL,7,                    ,A04712,3.24E+00,1.01E-03,18256,NULL,268,0.00041
1787564,2026/8/12 06:51,MW2045B57829,ANZ,NULL,18,NULL,A00835,3.24E+00,7.60E-04,18601,NULL,268,0.00016
1787563,2026/8/12 06:51,MW2044B05444,A24,NULL,7,                    ,A04712,3.24E+00,1.04E-03,18270,NULL,268,0.00024
1787562,2026/8/12 06:50,MW2045B57830,A26,NULL,9,NULL,A00835,3.24E+00,8.40E-04,18628,NULL,268,0.00084
1787561,2026/8/12 06:50,MW2044B17349,A25,NULL,8,                    ,A04712,3.24E+00,1.13E-03,18283,NULL,268,0.00094
1787560,2026/8/12 06:48,MW2017B07088,A23,NULL,6,NULL,A00835,3.22E+00,8.20E-04,18667,NULL,268,0.00089
1787559,2026/8/12 06:48,MW2044B17353,A25,NULL,8,                    ,A04712,3.24E+00,1.10E-03,18222,NULL,268,0.00021
1787558,2026/8/12 06:48,MW2044B04998,ANZ,NULL,18,NULL,A00835,3.24E+00,7.50E-04,18559,NULL,268,0.00069
1787557,2026/8/12 06:48,MW2044B17514,A25,NULL,8,                    ,A04712,3.23E+00,1.07E-03,18267,NULL,268,0.00033
1787556,2026/8/12 06:47,MW2044B05001,ANZ,NULL,18,NULL,A00835,3.23E+00,7.60E-04,18457,NULL,268,0.00017
1787555,2026/8/12 06:47,MW2044B06700,A25,NULL,8,                    ,A19560,3.22E+00,8.90E-04,18107,NULL,268,0.00076
1787554,2026/8/12 06:47,MW2044B17517,B25,NULL,15,                    ,A19560,3.24E+00,1.06E-03,18225,NULL,268,0.00007
1787553,2026/8/12 06:47,MW2044B05002,ANZ,NULL,18,NULL,A00835,3.23E+00,7.90E-04,18585,NULL,268,0.00055
1787552,2026/8/12 06:46,MW2044B05440,A24,NULL,7,                    ,A19560,3.24E+00,9.70E-04,18231,NULL,268,0.00069
1787551,2026/8/12 06:46,MW2044B04982,ANZ,NULL,18,NULL,A00835,3.23E+00,8.00E-04,18528,NULL,268,0.00048
1787550,2026/8/12 06:46,MW2044B05441,A25,NULL,8,                    ,A19560,3.24E+00,8.70E-04,18252,NULL,268,0.00083
1787549,2026/8/12 06:46,MW2044B17612,A21,NULL,4,NULL,A03064,3.24E+00,9.80E-04,18696,NULL,268,0.00036
1787548,2026/8/12 06:45,MW2044B05443,A25,NULL,8,                    ,A19560,3.23E+00,9.60E-04,18204,NULL,268,0.0002
1787547,2026/8/12 06:45,MW2044B17518,B25,NULL,15,NULL,A03064,3.23E+00,9.10E-04,18638,NULL,268,0.00054
1787546,2026/8/12 06:45,MW2044B05442,A25,NULL,8,                    ,A19560,3.24E+00,9.80E-04,18248,NULL,268,0.0006
1787545,2026/8/12 06:45,MW2044B17616,A21,NULL,4,NULL,A03064,3.24E+00,9.80E-04,18660,NULL,268,0.00091
1787544,2026/8/12 06:45,MW2044B10030,A24,NULL,7,                    ,A19560,3.24E+00,9.90E-04,18411,NULL,268,0.00093
1787543,2026/8/12 06:45,MW2044B17614,A21,NULL,4,NULL,A03064,3.24E+00,9.70E-04,18694,NULL,268,0.00092
1787542,2026/8/12 06:44,MW2044B10037,A25,NULL,8,                    ,A19560,3.24E+00,1.01E-03,18396,NULL,268,0.0006
1787541,2026/8/12 06:44,MW2044B06698,ANZ,NULL,18,NULL,A03064,3.24E+00,8.00E-04,18253,NULL,268,0.00078
1787540,2026/8/12 06:44,MW2044B17493,A24,NULL,7,                    ,A19560,3.23E+00,1.13E-03,18257,NULL,268,0.00086
1787539,2026/8/12 06:44,MW2044B06699,A24,NULL,7,NULL,A03064,3.24E+00,8.20E-04,18235,NULL,268,0.00065
1787538,2026/8/12 06:44,MW2044B10036,A25,NULL,8,                    ,A19560,3.24E+00,9.90E-04,18424,NULL,268,0.00034
1787537,2026/8/12 06:43,MW2044B17619,A22,NULL,5,NULL,A03064,3.24E+00,9.40E-04,18464,NULL,268,0.00053
1787536,2026/8/12 06:43,MW2044B17467,A24,NULL,7,                    ,A19560,3.24E+00,1.12E-03,18122,NULL,268,0.00013
1787535,2026/8/12 06:43,MW2044B06701,ANZ,NULL,18,NULL,A03064,3.24E+00,7.90E-04,18259,NULL,268,0.00048
1787534,2026/8/12 06:43,MW2044B10035,A24,NULL,7,                    ,A19560,3.24E+00,1.06E-03,18355,NULL,268,0.00012
1787533,2026/8/12 06:42,MW2044B17516,A24,NULL,7,NULL,A03064,3.24E+00,1.09E-03,18574,NULL,268,0.00036
1787532,2026/8/12 06:42,MW2044B07104,A25,NULL,8,                    ,A23206,3.24E+00,9.40E-04,18131,NULL,268,0.00057
1787531,2026/8/12 06:42,MW2045B33373,A24,NULL,7,                    ,A23206,3.24E+00,1.02E-03,17965,NULL,268,0.00034
1787530,2026/8/12 06:42,MW2044B07105,A24,NULL,7,NULL,A03064,3.24E+00,8.80E-04,18578,NULL,268,0.00084
1787529,2026/8/12 06:41,MW2044B05022,A26,NULL,9,                    ,A23206,3.24E+00,9.00E-04,18282,NULL,268,0.00079
1787528,2026/8/12 06:41,MW2044B17685,A24,NULL,7,NULL,A03064,3.24E+00,9.90E-04,18622,NULL,268,0.00023
1787527,2026/8/12 06:41,MW2044B05021,A26,NULL,9,                    ,A23206,3.24E+00,8.70E-04,18081,NULL,268,0.00045
1787526,2026/8/12 06:41,MW2044B17723,A24,NULL,7,NULL,A03064,3.24E+00,9.60E-04,18554,NULL,268,0.00066
1787525,2026/8/12 06:41,MW2044B05024,A26,NULL,9,                    ,A23206,3.23E+00,9.40E-04,18244,NULL,268,0.00073
1787524,2026/8/12 06:40,MW2044B07287,A25,NULL,8,NULL,A00219,3.24E+00,8.70E-04,18530,NULL,268,0.00013
1787523,2026/8/12 06:40,MW2044B05023,A26,NULL,9,                    ,A23206,3.23E+00,8.70E-04,18241,NULL,268,0.00037
1787522,2026/8/12 06:40,MW2044B17679,A24,NULL,7,NULL,A00219,3.24E+00,1.09E-03,18745,NULL,268,0.00085
1787521,2026/8/12 06:40,MW2044B05026,A26,NULL,9,                    ,A23206,3.23E+00,8.40E-04,18312,NULL,268,0.00042
1787520,2026/8/12 06:40,MW2044B07286,A25,NULL,8,NULL,A00219,3.24E+00,8.70E-04,18641,NULL,268,0.00084
1787519,2026/8/12 06:39,MW2044B17658,A24,NULL,7,                    ,A23206,3.24E+00,1.05E-03,18248,NULL,268,0.00006
1787518,2026/8/12 06:39,MW2044B07289,A24,NULL,7,NULL,A00219,3.24E+00,9.40E-04,18558,NULL,268,0.00004
1787517,2026/8/12 06:39,MW2044B17346,A25,NULL,8,                    ,A23206,3.24E+00,1.10E-03,18288,NULL,268,0.00032
1787516,2026/8/12 06:39,MW2044B17676,A25,NULL,8,NULL,A00219,3.23E+00,8.10E-04,18746,NULL,268,0.00048
1787515,2026/8/12 06:38,MW2044B07291,A24,NULL,7,NULL,A00219,3.24E+00,9.10E-04,18526,NULL,268,0.00008
1787514,2026/8/12 06:37,MW2044B17668,A24,NULL,7,NULL,A00219,3.24E+00,9.30E-04,18638,NULL,268,0.00037
1787513,2026/8/12 06:35,MW2044B07290,A25,NULL,8,NULL,A00219,3.24E+00,8.70E-04,18553,NULL,268,0.00021
1787512,2026/8/12 06:35,MW2044B17347,A25,NULL,8,                    ,A23206,3.24E+00,1.20E-03,18309,NULL,268,0.00039
1787511,2026/8/12 06:34,MW2044B07469,A24,NULL,7,NULL,A00219,3.24E+00,8.90E-04,18500,NULL,268,0.00092
1787510,2026/8/12 06:34,MW2044B05025,A26,NULL,9,                    ,A23206,3.23E+00,9.00E-04,18291,NULL,268,0.00022
1787509,2026/8/12 06:34,MW2044B17663,A24,NULL,7,NULL,A00219,3.23E+00,1.02E-03,18489,NULL,268,0.00005
1787508,2026/8/12 06:34,MW2044B17344,A25,NULL,8,                    ,A23206,3.24E+00,1.09E-03,18227,NULL,268,0.00099
1787507,2026/8/12 06:33,MW2044B17664,A24,NULL,7,NULL,A00219,3.24E+00,9.80E-04,18521,NULL,268,0.00086
1787506,2026/8/12 06:30,MW2044B17345,A25,NULL,8,NULL,A00219,3.24E+00,1.02E-03,18610,NULL,268,0.0002
1787505,2026/8/12 06:29,MW2044B17819,A24,NULL,7,NULL,A22626,3.24E+00,1.06E-03,18553,NULL,268,0.00053
1787504,2026/8/12 06:29,MW2044B05159,A25,NULL,8,                    ,A24010,3.24E+00,8.50E-04,18083,NULL,268,0.00018
1787503,2026/8/12 06:29,MW2044B17814,A23,NULL,6,NULL,A22626,3.24E+00,8.40E-04,18548,NULL,268,0.00065
1787502,2026/8/12 06:29,MW2044B17671,C24,NULL,24,                    ,A24010,3.23E+00,1.18E-03,18180,NULL,268,0.00094
1787501,2026/8/12 06:28,MW2044B17329,A22,NULL,5,NULL,A22626,3.24E+00,9.80E-04,18602,NULL,268,0.00028
1787500,2026/8/12 06:28,MW2044B17669,A21,NULL,4,                    ,A24010,3.24E+00,1.01E-03,18383,NULL,268,0.00017
1787499,2026/8/12 06:28,MW2044B17364,A24,NULL,7,NULL,A22626,3.24E+00,1.10E-03,18448,NULL,268,0.00049
1787498,2026/8/12 06:28,MW2044B17670,A24,NULL,7,                    ,A24010,3.24E+00,9.30E-04,18242,NULL,268,0.00072
1787497,2026/8/12 06:27,MW2044B17365,A25,NULL,8,NULL,A22626,3.24E+00,9.90E-04,18552,NULL,268,0.00074
1787496,2026/8/12 06:27,MW2044B17343,A24,NULL,7,NULL,A22626,3.24E+00,1.30E-03,18431,NULL,268,0.00036
1787495,2026/8/12 06:26,MW2044B17332,A25,NULL,8,NULL,A22626,3.24E+00,1.01E-03,18656,NULL,268,0.0008
1787494,2026/8/12 06:26,MW2042B01706,C25,NULL,25,                    ,A24010,3.23E+00,9.80E-04,18432,NULL,268,0.00058
1787493,2026/8/12 06:26,MW2044B17327,ANZ,NULL,18,NULL,A22626,3.24E+00,7.90E-04,18556,NULL,268,0.00067
1787492,2026/8/12 06:26,MW2044B17667,A25,NULL,8,                    ,A24010,3.24E+00,8.90E-04,18342,NULL,268,0.00095
1787491,2026/8/12 06:25,MW2044B17333,A24,NULL,7,NULL,A22626,3.24E+00,1.02E-03,18573,NULL,268,0.00075
1787490,2026/8/12 06:25,MW2044B17328,A25,NULL,8,                    ,A24010,3.24E+00,8.40E-04,18279,NULL,268,0.00043
1787489,2026/8/12 06:25,MW2044B17340,ANZ,NULL,18,NULL,A22626,3.24E+00,7.50E-04,18645,NULL,268,0.00021
1787488,2026/8/12 06:21,MW2044B17339,ANZ,NULL,18,NULL,A22626,3.24E+00,7.80E-04,18399,NULL,268,0.00095
1787487,2026/8/12 06:21,MW2044B17338,A22,NULL,5,NULL,A22626,3.24E+00,1.60E-03,18878,NULL,268,0.00033
1787486,2026/8/12 06:21,MW2042B04678,A25,NULL,8,                    ,A24010,3.23E+00,1.05E-03,18300,NULL,268,0.00074
1787485,2026/8/12 06:21,MW2044B17684,A26,NULL,9,NULL,A13470,3.24E+00,9.20E-04,18687,NULL,268,0.00083
1787484,2026/8/12 06:20,MW2042B01446,C24,NULL,24,                    ,A24010,3.23E+00,1.06E-03,18529,NULL,268,0.00006
1787483,2026/8/12 06:20,MW2044B17683,ANZ,NULL,18,NULL,A13470,3.24E+00,7.60E-04,18723,NULL,268,0.00006
1787482,2026/8/12 06:20,MW2044B17331,A24,NULL,7,                    ,A24010,3.24E+00,1.15E-03,18300,NULL,268,0.0007
1787481,2026/8/12 06:20,MW2044B05165,ANZ,NULL,18,NULL,A13470,3.24E+00,7.60E-04,18407,NULL,268,0.00056
1787480,2026/8/12 06:19,MW2044B17330,A22,NULL,5,                    ,A24010,3.24E+00,1.45E-03,18364,NULL,268,0.00012
1787479,2026/8/12 06:19,MW2044B05032,ANZ,NULL,18,NULL,A13470,3.24E+00,7.40E-04,18467,NULL,268,0.00089
1787478,2026/8/12 06:19,MW2044B17337,A23,NULL,6,                    ,A24010,3.24E+00,8.90E-04,18289,NULL,268,0.00053
1787477,2026/8/12 06:19,MW2044B17660,A23,NULL,6,NULL,A13470,3.24E+00,1.33E-03,18562,NULL,268,0.00095
1787476,2026/8/12 06:18,MW2044B17450,A23,NULL,6,                    ,A13759,3.24E+00,1.07E-03,18282,NULL,268,0.00097
1787475,2026/8/12 06:18,MW2044B17661,A23,NULL,6,NULL,A13470,3.24E+00,1.30E-03,18658,NULL,268,0.0007
1787474,2026/8/12 06:18,MW2044B17662,A24,NULL,7,NULL,A13470,3.24E+00,9.80E-04,18472,NULL,268,0.00081
1787473,2026/8/12 06:18,MW2044B17453,A23,NULL,6,                    ,A13759,3.24E+00,1.07E-03,18310,NULL,268,0.00032
1787472,2026/8/12 06:18,MW2044B17452,A23,NULL,6,                    ,A13759,3.24E+00,1.08E-03,18294,NULL,268,0.00072
1787471,2026/8/12 06:17,MW2044B17779,A24,NULL,7,NULL,A13470,3.24E+00,1.01E-03,18566,NULL,268,0.00022
1787470,2026/8/12 06:17,MW2044B17781,C24,NULL,24,                    ,A13759,3.23E+00,1.11E-03,18317,NULL,268,0.00017
1787469,2026/8/12 06:17,MW2044B07444,A24,NULL,7,NULL,A13470,3.24E+00,9.60E-04,18531,NULL,268,0.00016
1787468,2026/8/12 06:17,MW2044B17777,A24,NULL,7,                    ,A13759,3.24E+00,1.25E-03,18168,NULL,268,0.00012
1787467,2026/8/12 06:17,MW2044B17783,A24,NULL,7,NULL,A13470,3.24E+00,1.04E-03,18703,NULL,268,0.00003
1787466,2026/8/12 06:16,MW2044B17342,A22,NULL,5,NULL,A13470,3.24E+00,1.29E-03,18510,NULL,268,0.00079
1787465,2026/8/12 06:16,MW2044B17778,A24,NULL,7,                    ,A13759,3.24E+00,1.17E-03,18252,NULL,268,0.00085
1787464,2026/8/12 06:16,MW2044B17782,A24,NULL,7,NULL,A13470,3.24E+00,1.04E-03,18721,NULL,268,0.00081
1787463,2026/8/12 06:16,MW2044B17787,A24,NULL,7,                    ,A13759,3.24E+00,1.08E-03,18254,NULL,268,0.00026
1787462,2026/8/12 06:15,MW2044B17451,A23,NULL,6,NULL,A11066,3.24E+00,9.90E-04,18557,NULL,268,0.00006
1787461,2026/8/12 06:15,MW2044B17788,A24,NULL,7,                    ,A13759,3.24E+00,1.14E-03,18317,NULL,268,0.00079
1787460,2026/8/12 06:15,MW2044B17448,C23,NULL,23,NULL,A11066,3.24E+00,9.80E-04,18554,NULL,268,0.00078
1787459,2026/8/12 06:15,MW2044B17785,A24,NULL,7,                    ,A13759,3.24E+00,1.12E-03,18402,NULL,268,0.00001
1787458,2026/8/12 06:14,MW2044B17449,C23,NULL,23,NULL,A11066,3.24E+00,1.02E-03,18444,NULL,268,0.00009
1787457,2026/8/12 06:14,MW2044B17786,A24,NULL,7,                    ,A13759,3.24E+00,1.12E-03,18410,NULL,268,0.00035
1787456,2026/8/12 06:14,MW2044B17446,C21,NULL,21,NULL,A11066,3.24E+00,1.20E-03,18558,NULL,268,0.00071
1787455,2026/8/12 06:14,MW2044B17780,A25,NULL,8,                    ,A13759,3.24E+00,1.06E-03,18153,NULL,268,0.00069
1787454,2026/8/12 06:13,MW2044B17447,C23,NULL,23,NULL,A11066,3.24E+00,1.01E-03,18619,NULL,268,0.00074
1787453,2026/8/12 06:13,MW2044B17784,A24,NULL,7,                    ,A13759,3.24E+00,1.18E-03,18443,NULL,268,0.00091
1787452,2026/8/12 06:13,MW2044B05863,ANZ,NULL,18,NULL,A11066,3.23E+00,7.70E-04,18581,NULL,268,0.00044
1787451,2026/8/12 06:13,MW2045B25858,B24,NULL,14,                    ,A03084,3.24E+00,8.60E-04,17852,NULL,268,0.00008
1787450,2026/8/12 06:12,MW2044B07223,A24,NULL,7,NULL,A11066,3.24E+00,1.03E-03,18470,NULL,268,0.00089
1787449,2026/8/12 06:12,MW2043B07809,C25,NULL,25,                    ,A03084,3.24E+00,1.09E-03,18483,NULL,268,0.00028
1787448,2026/8/12 06:12,MW2044B04982,A26,NULL,9,NULL,A11066,3.23E+00,8.30E-04,18532,NULL,268,0.0009
1787447,2026/8/12 06:12,MW2044B05741,A24,NULL,7,                    ,A03084,3.24E+00,1.01E-03,18316,NULL,268,0.0008
1787446,2026/8/12 06:12,MW2044B05004,A27,NULL,10,                    ,A03084,3.23E+00,8.40E-04,18182,NULL,268,0.00022
1787445,2026/8/12 06:12,MW2044B07224,A25,NULL,8,NULL,A11066,3.24E+00,1.01E-03,18448,NULL,268,0.00014
1787444,2026/8/12 06:11,MW2044B05002,A26,NULL,9,                    ,A03084,3.23E+00,8.90E-04,18320,NULL,268,0.00059
1787443,2026/8/12 06:11,MW2044B07213,A25,NULL,8,NULL,A11066,3.24E+00,9.20E-04,18461,NULL,268,0.00058
1787442,2026/8/12 06:11,MW2044B07214,A25,NULL,8,NULL,A11066,3.24E+00,9.50E-04,18563,NULL,268,0.00038
1787441,2026/8/12 06:10,MW2044B05001,A26,NULL,9,                    ,A03084,3.23E+00,8.60E-04,18047,NULL,268,0.00077
1787440,2026/8/12 06:10,MW2044B04995,ANZ,NULL,18,NULL,A11066,3.23E+00,8.00E-04,18414,NULL,268,0.00028
1787439,2026/8/12 06:10,MW2045B25857,ANZ,NULL,18,NULL,A00851,3.24E+00,7.90E-04,18698,NULL,268,0.00014
1787438,2026/8/12 06:08,MW2045B25171,A23,NULL,6,NULL,A00851,3.24E+00,1.02E-03,18450,NULL,268,0.00005
1787437,2026/8/12 06:08,MW2044B14342,ANZ,NULL,18,NULL,A00851,3.24E+00,7.50E-04,18289,NULL,268,0.00061
1787436,2026/8/12 06:08,MW2044B05739,A24,NULL,7,                    ,A03084,3.24E+00,9.50E-04,18330,NULL,268,0.00028
1787435,2026/8/12 06:07,MW2044B13355,ANZ,NULL,18,NULL,A00851,3.24E+00,8.00E-04,18542,NULL,268,0.00028
1787434,2026/8/12 06:06,MW2044B13354,ANZ,NULL,18,NULL,A00851,3.24E+00,7.80E-04,18528,NULL,268,0.0009
1787433,2026/8/12 06:06,MW2045B25170,A24,NULL,7,NULL,A00851,3.24E+00,8.70E-04,18370,NULL,268,0.00008
1787432,2026/8/12 06:06,MW2044B07230,A24,NULL,7,                    ,A03084,3.24E+00,1.07E-03,18113,NULL,268,0.0002
1787431,2026/8/12 06:05,MW2045B25179,A25,NULL,8,NULL,A00851,3.24E+00,9.60E-04,18381,NULL,268,0.00067
1787430,2026/8/12 06:05,MW2044B07229,A25,NULL,8,                    ,A03084,3.24E+00,1.08E-03,18207,NULL,268,0.00058
1787429,2026/8/12 06:05,MW2045B25178,A24,NULL,7,NULL,A00851,3.24E+00,8.80E-04,18331,NULL,268,0.0004
1787428,2026/8/12 06:05,MW2044B07216,A23,NULL,6,                    ,A03084,3.24E+00,1.11E-03,18273,NULL,268,0.0003
1787427,2026/8/12 06:05,MW2045B25188,C23,NULL,23,NULL,A00851,3.24E+00,1.01E-03,18361,NULL,268,0.00097
1787426,2026/8/12 06:05,MW2044B04998,A26,NULL,9,                    ,A03084,3.24E+00,8.70E-04,18332,NULL,268,0.00008
1787425,2026/8/12 06:04,MW2044B07215,A24,NULL,7,                    ,A03084,3.24E+00,1.10E-03,18224,NULL,268,0.00086
1787424,2026/8/12 06:04,MW2045B25189,A23,NULL,6,NULL,A00851,3.24E+00,9.20E-04,18272,NULL,268,0.00046
1787423,2026/8/12 06:04,MW2042B08982,C21,NULL,21,                    ,A07120,3.24E+00,9.50E-04,18280,NULL,268,0.00003
1787422,2026/8/12 06:04,MW2045B25190,A24,NULL,7,NULL,A00851,3.23E+00,9.30E-04,18298,NULL,268,0.00093
1787421,2026/8/12 06:03,MW2042B05367,B26,NULL,16,                    ,A07120,3.24E+00,8.60E-04,18532,NULL,268,0.00031
1787420,2026/8/12 06:03,RW2043B00555,A26,NULL,9,NULL,A00851,3.23E+00,8.20E-04,18396,NULL,268,0.00029
1787419,2026/8/12 06:03,RW2043B00885,C25,NULL,25,                    ,A07120,3.23E+00,8.90E-04,18282,NULL,268,0.00059
1787418,2026/8/12 06:03,MW2042B02727,ANZ,NULL,18,NULL,A01578,3.23E+00,7.30E-04,18436,NULL,268,0.00008
1787417,2026/8/12 06:03,MW2042B08966,A25,NULL,8,                    ,A07120,3.24E+00,1.03E-03,18338,NULL,268,0.0003
1787416,2026/8/12 06:02,MW2042B05455,ANZ,NULL,18,NULL,A01578,3.24E+00,7.70E-04,18876,NULL,268,0.00068
1787415,2026/8/12 06:02,MW2042B08963,A24,NULL,7,                    ,A07120,3.24E+00,1.02E-03,18255,NULL,268,0.0008
1787414,2026/8/12 06:02,MW2045B11311,B25,NULL,15,NULL,A01578,3.23E+00,9.00E-04,18617,NULL,268,0.00077
1787413,2026/8/12 06:02,MW2042B08964,A24,NULL,7,                    ,A07120,3.24E+00,9.70E-04,18414,NULL,268,0.00092
1787412,2026/8/12 06:01,MW2045B11380,ANZ,NULL,18,NULL,A01578,3.23E+00,7.30E-04,18570,NULL,268,0.00033
1787411,2026/8/12 06:01,MW2042B08961,A24,NULL,7,                    ,A07120,3.24E+00,1.04E-03,18336,NULL,268,0.00009
1787410,2026/8/12 05:58,MW2042B08961,A24,NULL,7,                    ,A07120,3.24E+00,1.04E-03,18336,NULL,268,0.00033
1787409,2026/8/12 05:58,MW2045B11380,ANZ,NULL,18,NULL,A01578,3.23E+00,7.30E-04,18570,NULL,268,0.00039
1787408,2026/8/12 05:58,MW2042B08962,A24,NULL,7,                    ,A07120,3.24E+00,9.90E-04,18216,NULL,268,0.00044
1787407,2026/8/12 05:58,MW2045B11318,C25,NULL,25,NULL,A01578,3.23E+00,8.50E-04,18678,NULL,268,0.00068
1787406,2026/8/12 05:58,MW2042B08969,A24,NULL,7,                    ,A07120,3.24E+00,9.70E-04,18484,NULL,268,0.00008
1787405,2026/8/12 05:57,MW2045B17076,ANZ,NULL,18,NULL,A01578,3.23E+00,7.40E-04,18643,NULL,268,0.00077
1787404,2026/8/12 05:57,MW2045B25414,C25,NULL,25,                    ,A07120,3.23E+00,1.11E-03,17833,NULL,268,0.00024
1787403,2026/8/12 05:57,MW2045B04287,A25,NULL,8,NULL,A01578,3.24E+00,8.30E-04,18569,NULL,268,0.00034
1787402,2026/8/12 05:57,MW2045B25215,C24,NULL,24,                    ,A07120,3.23E+00,1.00E-03,17698,NULL,268,0.00058
1787401,2026/8/12 05:56,MW2045B04286,ANZ,NULL,18,NULL,A01578,3.23E+00,7.90E-04,18604,NULL,268,0.00089
1787400,2026/8/12 05:56,MW2045B25409,A24,NULL,7,                    ,A07120,3.24E+00,1.11E-03,17883,NULL,268,0.00002
1787399,2026/8/12 05:56,MW2045B17082,B22,NULL,12,                    ,A22636,3.23E+00,1.34E-03,18343,NULL,268,0.00013
1787398,2026/8/12 05:56,MW2045B04285,ANZ,NULL,18,NULL,A01578,3.24E+00,8.00E-04,18327,NULL,268,0.00015
1787397,2026/8/12 05:55,MW2045B17083,B25,NULL,15,                    ,A22636,3.23E+00,8.40E-04,18352,NULL,268,0.00088
1787396,2026/8/12 05:55,MW2045B04281,A25,NULL,8,NULL,A01578,3.23E+00,8.70E-04,18368,NULL,268,0.00019
1787395,2026/8/12 05:55,MW2045B17084,B25,NULL,15,                    ,A22636,3.23E+00,8.70E-04,18466,NULL,268,0.00008
1787394,2026/8/12 05:55,MW2045B03946,ANZ,NULL,18,NULL,A01578,3.23E+00,7.50E-04,18508,NULL,268,0.00028
1787393,2026/8/12 05:55,MW2045B03342,A25,NULL,8,                    ,A22636,3.23E+00,1.01E-03,18160,NULL,268,0.00091
1787392,2026/8/12 05:54,MW2045B06499,D25,NULL,31,NULL,A01578,3.24E+00,9.50E-04,18592,NULL,268,0.00087
1787391,2026/8/12 05:54,MW2045B11316,B23,NULL,13,                    ,A22636,3.23E+00,1.07E-03,18271,NULL,268,0.00051
1787390,2026/8/12 05:54,MW2044B18477,C24,NULL,24,NULL,A20188,3.24E+00,9.00E-04,18410,NULL,268,0.00025
1787389,2026/8/12 05:54,MW2045B11315,A24,NULL,7,                    ,A22636,3.23E+00,9.50E-04,18411,NULL,268,0.00098
1787388,2026/8/12 05:54,MW2045B44361,C24,NULL,24,NULL,A20188,3.24E+00,1.09E-03,18688,NULL,268,0.00019
1787387,2026/8/12 05:53,MW2045B02275,A27,NULL,10,                    ,A22636,3.23E+00,8.30E-04,18251,NULL,268,0.00045
1787386,2026/8/12 05:53,MW2044B18543,C24,NULL,24,NULL,A20188,3.24E+00,1.04E-03,18567,NULL,268,0.00016
1787385,2026/8/12 05:53,MW2045B05353,CHH,NULL,20,                    ,A22636,3.23E+00,8.30E-04,18165,NULL,268,0.00061
1787384,2026/8/12 05:53,MW2044B18542,C24,NULL,24,NULL,A20188,3.24E+00,1.06E-03,18634,NULL,268,0.00007
1787383,2026/8/12 05:53,MW2045B05356,A27,NULL,10,                    ,A22636,3.23E+00,9.20E-04,18011,NULL,268,0.00055
1787382,2026/8/12 05:52,MW2044B19219,ANZ,NULL,18,NULL,A20188,3.24E+00,8.00E-04,19055,NULL,268,0.00001
1787381,2026/8/12 05:52,MW2045B05357,CHH,NULL,20,                    ,A22636,3.23E+00,8.30E-04,18152,NULL,268,0.00063
1787380,2026/8/12 05:52,MW2045B06495,B26,NULL,16,                    ,A22636,3.24E+00,9.20E-04,18232,NULL,268,0.0006
1787379,2026/8/12 05:52,MW2044B19218,C24,NULL,24,NULL,A20188,3.24E+00,8.50E-04,18731,NULL,268,0.00066
1787378,2026/8/12 05:51,MW2045B06501,D25,NULL,31,                    ,A22636,3.24E+00,9.00E-04,18174,NULL,268,0.00084
1787377,2026/8/12 05:51,MW2044B08184,C24,NULL,24,NULL,A20188,3.24E+00,9.00E-04,18430,NULL,268,0.00051
1787376,2026/8/12 05:51,MW2045B57830,A26,NULL,9,                    ,A17448,3.24E+00,9.50E-04,18068,NULL,268,0.00038
1787375,2026/8/12 05:51,MW2044B08612,C24,NULL,24,NULL,A20188,3.24E+00,9.80E-04,18461,NULL,268,0.0004
1787374,2026/8/12 05:49,MW2045B08899,C24,NULL,24,NULL,A20188,3.24E+00,9.80E-04,18638,NULL,268,0.00081
1787373,2026/8/12 05:49,MW2045B57829,A26,NULL,9,                    ,A17448,3.24E+00,8.70E-04,18133,NULL,268,0.00078
1787372,2026/8/12 05:48,MW2045B53846,A26,NULL,9,                    ,A17448,3.24E+00,8.10E-04,18252,NULL,268,0.00038
1787371,2026/8/12 05:48,MW2045B44342,C24,NULL,24,NULL,A20188,3.24E+00,1.09E-03,18666,NULL,268,0.00049
1787370,2026/8/12 05:47,MW2041B15555,C24,NULL,24,NULL,A20188,3.24E+00,1.00E-03,18681,NULL,268,0.00026
1787369,2026/8/12 05:47,MW2045B57831,A26,NULL,9,                    ,A17448,3.24E+00,9.10E-04,18223,NULL,268,0.00067
1787368,2026/8/12 05:47,MW2045B41366,C24,NULL,24,NULL,A20188,3.24E+00,9.40E-04,18708,NULL,268,0.00078
1787367,2026/8/12 05:46,MW2045B41486,A26,NULL,9,                    ,A17448,3.24E+00,1.04E-03,18322,NULL,268,0.00052
1787366,2026/8/12 05:46,MW2045B47780,A27,NULL,10,NULL,A24265,3.24E+00,8.70E-04,18751,NULL,268,0.00069
1787365,2026/8/12 05:46,MW2045B53863,ANZ,NULL,18,                    ,A17448,3.24E+00,8.00E-04,18289,NULL,268,0.00032
1787364,2026/8/12 05:46,MW2045B47786,A27,NULL,10,NULL,A24265,3.24E+00,8.70E-04,18780,NULL,268,0.00054
1787363,2026/8/12 05:46,MW2045B47848,O,NULL,1,                    ,A17448,0.00E+00,0.00E+00,18277,NULL,268,0.00047
1787362,2026/8/12 05:45,MW2045B41373,ANZ,NULL,18,NULL,A24265,3.24E+00,8.00E-04,18784,NULL,268,0.00049
1787361,2026/8/12 05:45,MW2045B41405,A27,NULL,10,NULL,A24265,3.24E+00,8.60E-04,18700,NULL,268,0.00084
1787360,2026/8/12 05:44,MW2045B41481,A27,NULL,10,NULL,A24265,3.24E+00,9.10E-04,18770,NULL,268,0.00031
1787359,2026/8/12 05:44,MW2045B41372,ANZ,NULL,18,NULL,A24265,3.24E+00,7.60E-04,18781,NULL,268,0.00018
1787358,2026/8/12 05:43,MW2045B41425,A27,NULL,10,NULL,A24265,3.24E+00,8.70E-04,18716,NULL,268,0.00031
1787357,2026/8/12 05:43,MW2045B41432,A27,NULL,10,NULL,A24265,3.24E+00,9.10E-04,18661,NULL,268,0.00051
1787356,2026/8/12 05:43,MW2044B23259,ANZ,NULL,18,NULL,A24265,3.24E+00,7.40E-04,18666,NULL,268,0.00003
1787355,2026/8/12 05:42,MW2045B47790,A27,NULL,10,NULL,A24265,3.24E+00,8.60E-04,18641,NULL,268,0.00039
1787354,2026/8/12 05:42,MW2044B23257,ANZ,NULL,18,NULL,A24265,3.24E+00,7.70E-04,18731,NULL,268,0.00063
1787353,2026/8/12 05:36,MW2045B47800,A27,NULL,10,NULL,A24265,3.24E+00,8.60E-04,18705,NULL,268,0.00024
1787352,2026/8/12 05:36,MW2045B57931,ANZ,NULL,18,NULL,A04637,3.24E+00,8.00E-04,18550,NULL,268,0.00018
1787351,2026/8/12 05:35,MW2045B57932,ANZ,NULL,18,NULL,A04637,3.24E+00,7.80E-04,18612,NULL,268,0.00082
1787350,2026/8/12 05:35,MW2045B57809,ANZ,NULL,18,NULL,A04637,3.24E+00,8.00E-04,18495,NULL,268,0.00053
1787349,2026/8/12 05:35,MW2045B57018,A26,NULL,9,                    ,A17448,3.24E+00,9.40E-04,18330,NULL,268,0.00026
1787348,2026/8/12 05:34,MW2045B57934,ANZ,NULL,18,NULL,A04637,3.24E+00,7.90E-04,18605,NULL,268,0.00088
1787347,2026/8/12 05:34,MW2045B41410,A26,NULL,9,                    ,A17448,3.24E+00,9.90E-04,18290,NULL,268,0.00039
1787346,2026/8/12 05:34,MW2045B57812,ANZ,NULL,18,NULL,A04637,3.24E+00,8.00E-04,18564,NULL,268,0.0004
1787345,2026/8/12 05:34,MW2045B57811,A26,NULL,9,                    ,A17448,3.24E+00,9.10E-04,18286,NULL,268,0.00074
1787344,2026/8/12 05:34,MW2045B57832,A26,NULL,9,                    ,A17448,3.24E+00,9.50E-04,18193,NULL,268,0.00076
1787343,2026/8/12 05:34,MW2045B57810,A26,NULL,9,NULL,A04637,3.24E+00,8.60E-04,18599,NULL,268,0.00018
1787342,2026/8/12 05:33,MW2045B57816,A26,NULL,9,                    ,A17448,3.24E+00,9.00E-04,18263,NULL,268,0.00056
1787341,2026/8/12 05:33,MW2045B57764,ANZ,NULL,18,NULL,A04637,3.24E+00,7.80E-04,18521,NULL,268,0.00091
1787340,2026/8/12 05:33,MW2045B60953,A22,NULL,5,                    ,A18276,3.24E+00,8.60E-04,18259,NULL,268,0.00096
1787339,2026/8/12 05:33,MW2045B57749,ANZ,NULL,18,NULL,A04637,3.24E+00,8.00E-04,18454,NULL,268,0.00097
1787338,2026/8/12 05:32,MW2045B16559,A22,NULL,5,                    ,A18276,3.23E+00,9.10E-04,18265,NULL,268,0.00009
1787337,2026/8/12 05:32,MW2045B56908,ANZ,NULL,18,NULL,A04637,3.24E+00,7.70E-04,18780,NULL,268,0.00054
1787336,2026/8/12 05:32,MW2044B10982,A22,NULL,5,                    ,A18276,3.24E+00,8.40E-04,18151,NULL,268,0.00041
1787335,2026/8/12 05:32,MW2045B56907,ANZ,NULL,18,NULL,A04637,3.24E+00,7.80E-04,18601,NULL,268,0.00036
1787334,2026/8/12 05:32,MW2045B40761,A22,NULL,5,                    ,A18276,3.24E+00,8.90E-04,18393,NULL,268,0.0008
1787333,2026/8/12 05:31,MW2045B29296,ANZ,NULL,18,NULL,A04637,3.23E+00,7.20E-04,18742,NULL,268,0.00022
1787332,2026/8/12 05:31,MW2045B44355,A22,NULL,5,                    ,A18276,3.24E+00,1.41E-03,18317,NULL,268,0.00058
1787331,2026/8/12 05:31,MW2045B56893,ANZ,NULL,18,NULL,A04637,3.24E+00,7.40E-04,18525,NULL,268,0.00049
1787330,2026/8/12 05:31,MW2045B44381,A22,NULL,5,                    ,A18276,3.24E+00,1.32E-03,18240,NULL,268,0.00057
1787329,2026/8/12 05:30,MW2045B29012,ANZ,NULL,18,NULL,A16112,3.23E+00,7.10E-04,18741,NULL,268,0.00025
1787328,2026/8/12 05:30,MW2045B44328,A22,NULL,5,                    ,A18276,3.24E+00,1.35E-03,18224,NULL,268,0.0008
1787327,2026/8/12 05:30,MW2045B29293,ANZ,NULL,18,NULL,A16112,3.23E+00,6.90E-04,18753,NULL,268,0.00043
1787326,2026/8/12 05:24,MW2045B44339,A22,NULL,5,                    ,A18276,3.24E+00,1.47E-03,18229,NULL,268,0.00019
1787325,2026/8/12 05:24,MW2045B01282,C22,NULL,22,NULL,A16112,3.24E+00,8.20E-04,18623,NULL,268,0.00077
1787324,2026/8/12 05:24,MW2044B21061,A22,NULL,5,                    ,A18276,3.24E+00,1.11E-03,17989,NULL,268,0.00023
1787323,2026/8/12 05:24,MW2045B03542,B23,NULL,13,NULL,A16112,3.24E+00,8.20E-04,18565,NULL,268,0.00017
1787322,2026/8/12 05:23,MW2045B44366,A22,NULL,5,                    ,A18276,3.24E+00,1.46E-03,18320,NULL,268,0.00049
1787321,2026/8/12 05:23,MW2045B56002,ANZ,NULL,18,NULL,A16112,3.24E+00,7.50E-04,18665,NULL,268,0.00003
1787320,2026/8/12 05:23,MW2045B44398,A22,NULL,5,                    ,A18276,3.24E+00,1.34E-03,18141,NULL,268,0.00073
1787319,2026/8/12 05:23,MW2044B20220,ANZ,NULL,18,NULL,A16112,3.24E+00,7.50E-04,18984,NULL,268,0.00031
1787318,2026/8/12 05:23,MW2044B21065,A22,NULL,5,                    ,A18276,3.24E+00,1.12E-03,18279,NULL,268,0.00093
1787317,2026/8/12 05:22,MW2045B44495,C24,NULL,24,NULL,A16112,3.24E+00,1.00E-03,18537,NULL,268,0.00094
1787316,2026/8/12 05:22,MW2044B08608,C26,NULL,26,                    ,A07177,3.24E+00,9.60E-04,18408,NULL,268,0.00043
1787315,2026/8/12 05:22,MW2045B34470,B26,NULL,16,NULL,A16112,3.23E+00,9.80E-04,18752,NULL,268,0.00029
1787314,2026/8/12 05:22,MW2045B55887,A27,NULL,10,                    ,A07177,3.24E+00,8.40E-04,18345,NULL,268,0.00042
1787313,2026/8/12 05:21,MW2041B15555,C24,NULL,24,NULL,A16112,3.24E+00,1.00E-03,18684,NULL,268,0.00043
1787312,2026/8/12 05:21,MW2045B55875,A27,NULL,10,                    ,A07177,3.23E+00,8.30E-04,18403,NULL,268,0.00025
1787311,2026/8/12 05:21,MW2045B34488,A25,NULL,8,NULL,A16112,3.24E+00,1.06E-03,18751,NULL,268,0.00092
1787310,2026/8/12 05:21,MW2045B41421,A27,NULL,10,                    ,A07177,3.24E+00,1.02E-03,18161,NULL,268,0.00019
1787309,2026/8/12 05:20,MW2045B40357,A23,NULL,6,NULL,A16112,3.24E+00,1.38E-03,18757,NULL,268,0.00064
1787308,2026/8/12 05:20,MW2045B41480,A27,NULL,10,                    ,A07177,3.24E+00,9.90E-04,18177,NULL,268,0.00076
1787307,2026/8/12 05:20,MW2045B41416,A27,NULL,10,                    ,A07177,3.24E+00,9.50E-04,18190,NULL,268,0.00094
1787306,2026/8/12 05:20,MW2044B12720,ANZ,NULL,18,NULL,A16112,3.24E+00,7.70E-04,18914,NULL,268,0.00053
1787305,2026/8/12 05:20,MW2045B41420,A27,NULL,10,                    ,A07177,3.24E+00,9.40E-04,18173,NULL,268,0.00099
1787304,2026/8/12 05:19,MW2045B57872,A25,NULL,8,NULL,A10189,3.24E+00,8.40E-04,18630,NULL,268,0.00066
1787303,2026/8/12 05:19,MW2045B57578,A27,NULL,10,                    ,A07177,3.24E+00,9.50E-04,18208,NULL,268,0.00001
1787302,2026/8/12 05:19,MW2045B47844,A25,NULL,8,NULL,A10189,3.24E+00,8.30E-04,18744,NULL,268,0.00002
1787301,2026/8/12 05:19,MW2044B13501,A27,NULL,10,                    ,A07177,3.24E+00,8.10E-04,18271,NULL,268,0.00054
1787300,2026/8/12 05:19,MW2045B47802,ANZ,NULL,18,NULL,A10189,3.24E+00,7.20E-04,18713,NULL,268,0.00015
1787299,2026/8/12 05:18,MW2044B23257,A27,NULL,10,                    ,A07177,3.24E+00,8.70E-04,18453,NULL,268,0.00013
1787298,2026/8/12 05:18,MW2045B47800,A27,NULL,10,NULL,A10189,3.24E+00,8.70E-04,18735,NULL,268,0.00024
1787297,2026/8/12 05:18,MW2044B23259,A27,NULL,10,                    ,A07177,3.24E+00,8.30E-04,18348,NULL,268,0.00008
1787296,2026/8/12 05:18,MW2045B47790,A27,NULL,10,NULL,A10189,3.24E+00,8.50E-04,18646,NULL,268,0.00066
1787295,2026/8/12 05:18,MW2045B41425,A27,NULL,10,                    ,A07177,3.24E+00,9.70E-04,18183,NULL,268,0.00072
1787294,2026/8/12 05:17,MW2045B57786,O,NULL,1,NULL,A10189,0.00E+00,0.00E+00,18734,NULL,268,0.00005
1787293,2026/8/12 05:17,MW2045B57312,A25,NULL,8,                    ,A07834,3.24E+00,1.00E-03,18315,NULL,268,0.00099
1787292,2026/8/12 05:17,MW2045B57311,C26,NULL,26,                    ,A07834,3.24E+00,8.60E-04,18273,NULL,268,0.00041
1787291,2026/8/12 05:16,MW2045B08934,A24,NULL,7,                    ,A07834,3.24E+00,1.06E-03,18206,NULL,268,0.00043
1787290,2026/8/12 05:16,MW2045B47827,A26,NULL,9,                    ,A07834,3.24E+00,9.10E-04,18292,NULL,268,0.00083
1787289,2026/8/12 05:15,MW2045B57145,A26,NULL,9,                    ,A07834,3.24E+00,1.00E-03,18415,NULL,268,0.00067
1787288,2026/8/12 05:15,MW2045B57144,A26,NULL,9,                    ,A07834,3.24E+00,9.10E-04,18226,NULL,268,0.00005
1787287,2026/8/12 05:15,MW2044B25274,A26,NULL,9,                    ,A07834,3.24E+00,9.70E-04,18405,NULL,268,0.00073
1787286,2026/8/12 05:14,MW2045B41432,A27,NULL,10,                    ,A07834,3.24E+00,1.01E-03,18227,NULL,268,0.00042
1787285,2026/8/12 05:14,MW2045B08977,A25,NULL,8,                    ,A07834,3.24E+00,1.05E-03,18356,NULL,268,0.00017
1787284,2026/8/12 05:09,MW2045B08980,A24,NULL,7,                    ,A07834,3.24E+00,1.04E-03,18309,NULL,268,0.00039
1787283,2026/8/12 05:09,MW2045B08962,A25,NULL,8,                    ,A07834,3.24E+00,1.18E-03,18270,NULL,268,0.00066
1787282,2026/8/12 05:08,MW2045B08963,A26,NULL,9,                    ,A07834,3.24E+00,8.30E-04,18106,NULL,268,0.00086
1787281,2026/8/12 05:08,MW2045B53865,A26,NULL,9,                    ,A20188,3.24E+00,8.40E-04,18088,NULL,268,0.00042
1787280,2026/8/12 05:08,MW2045B57876,A25,NULL,8,                    ,A20188,3.24E+00,8.80E-04,18256,NULL,268,0.00056
1787279,2026/8/12 05:07,MW2045B42248,A25,NULL,8,                    ,A20188,3.24E+00,1.20E-03,18278,NULL,268,0.00045
1787278,2026/8/12 05:07,MW2045B53806,A26,NULL,9,                    ,A20188,3.24E+00,8.60E-04,18166,NULL,268,0.00077
1787277,2026/8/12 05:06,MW2045B42249,A25,NULL,8,                    ,A20188,3.23E+00,1.11E-03,18193,NULL,268,0.00025
1787276,2026/8/12 05:06,MW2045B41433,A26,NULL,9,                    ,A20188,3.24E+00,9.90E-04,18238,NULL,268,0.00054
1787275,2026/8/12 05:06,MW2045B41424,A26,NULL,9,                    ,A20188,3.24E+00,1.20E-03,18239,NULL,268,0.00048
1787274,2026/8/12 05:05,MW2045B53795,A25,NULL,8,                    ,A20188,3.24E+00,8.70E-04,18311,NULL,268,0.0005
1787273,2026/8/12 05:05,MW2045B42274,A26,NULL,9,                    ,A20188,3.24E+00,1.15E-03,18203,NULL,268,0.00049
1787272,2026/8/12 05:04,MW2045B53797,A25,NULL,8,                    ,A20188,3.24E+00,8.50E-04,18303,NULL,268,0.00086
1787271,2026/8/12 05:04,MW2045B53813,A26,NULL,9,                    ,A20188,3.24E+00,8.10E-04,18237,NULL,268,0.00055
1787270,2026/8/12 05:04,MW2045B57125,A25,NULL,8,                    ,A20188,3.24E+00,9.80E-04,18348,NULL,268,0.00098
1787269,2026/8/12 05:03,MW2045B42142,A25,NULL,8,                    ,A24265,3.24E+00,1.04E-03,18239,NULL,268,0.00046
1787268,2026/8/12 05:03,MW2045B41481,A27,NULL,10,                    ,A24265,3.24E+00,1.02E-03,18260,NULL,268,0.00025
1787267,2026/8/12 05:02,MW2045B57785,ANZ,NULL,18,NULL,A10189,3.24E+00,7.90E-04,18546,NULL,268,0.00002
1787266,2026/8/12 05:02,MW2045B41489,A25,NULL,8,                    ,A24265,3.24E+00,1.03E-03,18103,NULL,268,0.00064
1787265,2026/8/12 05:02,MW2045B57784,A26,NULL,9,NULL,A10189,3.24E+00,8.70E-04,18605,NULL,268,0.00042
1787264,2026/8/12 05:02,MW2045B41479,A24,NULL,7,                    ,A24265,3.24E+00,1.17E-03,18236,NULL,268,0.00044
1787263,2026/8/12 05:02,MW2045B41372,A27,NULL,10,                    ,A24265,3.24E+00,8.60E-04,18302,NULL,268,0.00076
1787262,2026/8/12 05:01,MW2045B57783,ANZ,NULL,18,NULL,A10189,3.24E+00,7.50E-04,18653,NULL,268,0.00015
1787261,2026/8/12 05:01,MW2045B41373,A27,NULL,10,                    ,A24265,3.24E+00,9.10E-04,18312,NULL,268,0.00043
1787260,2026/8/12 05:01,MW2045B49053,ANZ,NULL,18,NULL,A10189,3.24E+00,7.00E-04,18764,NULL,268,0.00075
1787259,2026/8/12 05:01,MW2045B53823,A26,NULL,9,                    ,A24265,3.24E+00,8.40E-04,18271,NULL,268,0.00031
1787258,2026/8/12 05:01,MW2045B56895,ANZ,NULL,18,NULL,A10189,3.24E+00,7.50E-04,18845,NULL,268,0.00057
1787257,2026/8/12 05:00,MW2045B57318,A25,NULL,8,                    ,A24265,3.24E+00,9.40E-04,18405,NULL,268,0.00006
1787256,2026/8/12 05:00,MW2045B56894,ANZ,NULL,18,NULL,A10189,3.23E+00,7.60E-04,18678,NULL,268,0.00053
1787255,2026/8/12 05:00,MW2045B57337,A26,NULL,9,                    ,A24265,3.24E+00,9.40E-04,18257,NULL,268,0.0004
1787254,2026/8/12 05:00,MW2045B60933,ANZ,NULL,18,NULL,A00835,3.24E+00,7.70E-04,18603,NULL,268,0.00061
1787253,2026/8/12 04:59,MW2045B57316,A26,NULL,9,                    ,A24265,3.24E+00,9.40E-04,18205,NULL,268,0.00004
1787252,2026/8/12 04:59,MW2045B17482,C22,NULL,22,NULL,A00835,3.23E+00,8.30E-04,18534,NULL,268,0.0009
1787251,2026/8/12 04:59,MW2045B57315,A26,NULL,9,                    ,A24265,3.24E+00,8.50E-04,18192,NULL,268,0.0007
1787250,2026/8/12 04:59,MW2044B08160,C23,NULL,23,NULL,A00835,3.24E+00,8.50E-04,18583,NULL,268,0.00048
1787249,2026/8/12 04:59,MW2045B57314,A26,NULL,9,                    ,A24265,3.24E+00,9.20E-04,18181,NULL,268,0.00084
1787248,2026/8/12 04:58,MW2044B08158,C23,NULL,23,NULL,A00835,3.24E+00,8.40E-04,18506,NULL,268,0.00073
1787247,2026/8/12 04:58,MW2045B41405,A27,NULL,10,                    ,A17448,3.24E+00,9.60E-04,18090,NULL,268,0.00031
1787246,2026/8/12 04:58,MW2045B57813,A26,NULL,9,                    ,A17448,3.23E+00,8.40E-04,18276,NULL,268,0.00004
1787245,2026/8/12 04:58,MW2045B16302,C22,NULL,22,NULL,A00835,3.23E+00,8.10E-04,18667,NULL,268,0.00096
1787244,2026/8/12 04:57,MW2045B49515,A25,NULL,8,                    ,A17448,3.24E+00,1.00E-03,18277,NULL,268,0.00073
1787243,2026/8/12 04:57,MW2044B06239,ANZ,NULL,18,NULL,A00835,3.24E+00,7.20E-04,18610,NULL,268,0.0005
1787242,2026/8/12 04:57,MW2045B57814,A25,NULL,8,                    ,A17448,3.24E+00,8.90E-04,18198,NULL,268,0.0009
1787241,2026/8/12 04:57,MW2044B09664,ANZ,NULL,18,NULL,A00835,3.24E+00,7.70E-04,18611,NULL,268,0.00043
1787240,2026/8/12 04:57,MW2045B55904,A26,NULL,9,                    ,A17448,3.24E+00,8.40E-04,18334,NULL,268,0.00062
1787239,2026/8/12 04:56,MW2045B31343,ANZ,NULL,18,NULL,A00835,3.23E+00,7.40E-04,18550,NULL,268,0.00018
1787238,2026/8/12 04:56,MW2045B55896,A26,NULL,9,                    ,A17448,3.24E+00,8.50E-04,18326,NULL,268,0.0004
1787237,2026/8/12 04:56,MW2045B52330,ANZ,NULL,18,NULL,A00835,3.24E+00,7.70E-04,18506,NULL,268,0.00053
1787236,2026/8/12 04:56,MW2045B57829,A26,NULL,9,                    ,A17448,3.24E+00,8.80E-04,18120,NULL,268,0.00093
1787235,2026/8/12 04:56,MW2045B16559,A22,NULL,5,NULL,A00835,3.23E+00,8.20E-04,18656,NULL,268,0.00087
1787234,2026/8/12 04:55,MW2045B57830,A26,NULL,9,                    ,A17448,3.24E+00,9.50E-04,18055,NULL,268,0.00079
1787233,2026/8/12 04:55,MW2045B16439,ANZ,NULL,18,NULL,A00835,3.24E+00,7.00E-04,18729,NULL,268,0.00085
1787232,2026/8/12 04:55,MW2045B57831,A26,NULL,9,                    ,A17448,3.24E+00,9.10E-04,18235,NULL,268,0.00036
1787231,2026/8/12 04:55,MW2045B29296,ANZ,NULL,18,NULL,A00835,3.23E+00,7.20E-04,18714,NULL,268,0.00094
1787230,2026/8/12 04:55,MW2045B53846,A26,NULL,9,                    ,A17448,3.24E+00,8.20E-04,18258,NULL,268,0.00018
1787229,2026/8/12 04:54,MW2045B47780,A27,NULL,10,NULL,A10631,3.24E+00,8.80E-04,18756,NULL,268,0.00009
1787228,2026/8/12 04:54,MW2045B57845,A25,NULL,8,                    ,A17448,3.24E+00,9.30E-04,18063,NULL,268,0.00095
1787227,2026/8/12 04:54,MW2045B56893,ANZ,NULL,18,NULL,A10631,3.24E+00,7.30E-04,18539,NULL,268,0.00038
1787226,2026/8/12 04:54,MW2045B53863,A26,NULL,9,                    ,A17448,3.24E+00,8.10E-04,18292,NULL,268,0.00076
1787225,2026/8/12 04:53,MW2045B56908,ANZ,NULL,18,NULL,A10631,3.24E+00,7.90E-04,18797,NULL,268,0.00007
1787224,2026/8/12 04:53,MW2045B60974,C23,NULL,23,                    ,A18900,3.24E+00,8.30E-04,18283,NULL,268,0.00098
1787223,2026/8/12 04:53,MW2045B60953,A22,NULL,5,                    ,A18900,3.24E+00,8.50E-04,18238,NULL,268,0.00028
1787222,2026/8/12 04:53,MW2045B47786,A27,NULL,10,NULL,A10631,3.24E+00,8.70E-04,18789,NULL,268,0.00018
1787221,2026/8/12 04:53,MW2045B27886,A23,NULL,6,                    ,A18900,3.24E+00,9.40E-04,18373,NULL,268,0.00036
1787220,2026/8/12 04:52,MW2045B56907,ANZ,NULL,18,NULL,A10631,3.24E+00,7.90E-04,18623,NULL,268,0.00092
1787219,2026/8/12 04:52,MW2045B27742,A23,NULL,6,                    ,A18900,3.24E+00,8.70E-04,18368,NULL,268,0.00082
1787218,2026/8/12 04:52,MW2045B57764,ANZ,NULL,18,NULL,A10631,3.24E+00,7.80E-04,18545,NULL,268,0.00029
1787217,2026/8/12 04:52,MW2045B34609,D22,NULL,28,                    ,A18900,3.24E+00,9.10E-04,18228,NULL,268,0.0009
1787216,2026/8/12 04:52,MW2045B57749,ANZ,NULL,18,NULL,A10631,3.24E+00,7.80E-04,18466,NULL,268,0.00087
1787215,2026/8/12 04:51,MW2045B27987,C23,NULL,23,                    ,A18900,3.24E+00,9.40E-04,18534,NULL,268,0.00049
1787214,2026/8/12 04:51,MW2045B41491,A25,NULL,8,NULL,A10631,3.24E+00,8.60E-04,18575,NULL,268,0.00073
1787213,2026/8/12 04:51,MW2019A02334,A27,NULL,10,                    ,A18900,3.24E+00,9.30E-04,17892,NULL,268,0.00023
1787212,2026/8/12 04:51,MW2045B41490,A25,NULL,8,NULL,A10631,3.24E+00,9.30E-04,18733,NULL,268,0.00041
1787211,2026/8/12 04:51,MW2045B40761,A22,NULL,5,                    ,A18900,3.24E+00,8.90E-04,18321,NULL,268,0.00067
1787210,2026/8/12 04:50,MW2045B41486,A26,NULL,9,NULL,A10631,3.24E+00,9.20E-04,18753,NULL,268,0.00011
1787209,2026/8/12 04:50,MW2045B41293,B23,NULL,13,                    ,A18900,3.24E+00,9.30E-04,18251,NULL,268,0.00003
1787208,2026/8/12 04:50,MW2045B57018,A26,NULL,9,NULL,A10631,3.24E+00,8.40E-04,18685,NULL,268,0.00022
1787207,2026/8/12 04:50,MW2044B10982,A22,NULL,5,                    ,A18900,3.24E+00,8.40E-04,18139,NULL,268,0.00088
1787206,2026/8/12 04:49,MW2045B28446,A23,NULL,6,                    ,A18900,3.24E+00,9.00E-04,18245,NULL,268,0.00079
1787205,2026/8/12 04:49,MW2045B41492,A24,NULL,7,NULL,A10631,3.24E+00,1.06E-03,18726,NULL,268,0.0009
1787204,2026/8/12 04:49,MW2045B28229,A23,NULL,6,                    ,A18900,3.24E+00,8.80E-04,18244,NULL,268,0.00041
1787203,2026/8/12 04:49,MW2045B57812,ANZ,NULL,18,NULL,A18276,3.24E+00,7.90E-04,18584,NULL,268,0.00098
1787202,2026/8/12 04:49,MW2045B47839,A25,NULL,8,                    ,A20208,3.24E+00,9.20E-04,18294,NULL,268,0.00093
1787201,2026/8/12 04:48,MW2045B41403,A25,NULL,8,NULL,A18276,3.24E+00,8.70E-04,18803,NULL,268,0.00048
1787200,2026/8/12 04:48,MW2045B57811,A26,NULL,9,NULL,A18276,3.24E+00,8.10E-04,18595,NULL,268,0.00039
1787199,2026/8/12 04:47,MW2045B41410,A26,NULL,9,NULL,A18276,3.24E+00,8.90E-04,18613,NULL,268,0.00033
1787198,2026/8/12 04:46,MW2045B57810,ANZ,NULL,18,NULL,A18276,3.24E+00,7.70E-04,18632,NULL,268,0.00063
1787197,2026/8/12 04:46,MW2045B47848,A26,NULL,9,                    ,A20208,3.24E+00,9.00E-04,18289,NULL,268,0.0008
1787196,2026/8/12 04:46,MW2045B57809,ANZ,NULL,18,NULL,A18276,3.24E+00,7.90E-04,18511,NULL,268,0.00095
1787195,2026/8/12 04:46,MW2045B55875,A27,NULL,10,                    ,A20208,3.23E+00,8.20E-04,18403,NULL,268,0.00095
1787194,2026/8/12 04:45,MW2045B42162,A25,NULL,8,NULL,A18276,3.24E+00,9.90E-04,18634,NULL,268,0.00073
1787193,2026/8/12 04:45,MW2045B55887,A27,NULL,10,                    ,A20208,3.24E+00,8.40E-04,18345,NULL,268,0.00045
1787192,2026/8/12 04:45,MW2045B57934,ANZ,NULL,18,NULL,A18276,3.24E+00,7.70E-04,18622,NULL,268,0.00033
1787191,2026/8/12 04:45,MW2045B57816,A26,NULL,9,                    ,A20208,3.24E+00,9.10E-04,18252,NULL,268,0.00048
1787190,2026/8/12 04:44,MW2045B57932,ANZ,NULL,18,NULL,A18276,3.24E+00,7.80E-04,18610,NULL,268,0.00022
1787189,2026/8/12 04:44,MW2045B57832,A26,NULL,9,                    ,A20208,3.24E+00,9.50E-04,18192,NULL,268,0.00078
1787188,2026/8/12 04:44,MW2045B57931,ANZ,NULL,18,NULL,A18276,3.24E+00,8.00E-04,18561,NULL,268,0.00066
1787187,2026/8/12 04:44,MW2045B57817,A26,NULL,9,                    ,A20208,3.24E+00,9.30E-04,18113,NULL,268,0.0008
1787186,2026/8/12 04:44,MW2045B57818,A25,NULL,8,                    ,A20208,3.24E+00,8.70E-04,18241,NULL,268,0.00076
1787185,2026/8/12 04:44,MW2045B57930,A26,NULL,9,NULL,A18276,3.24E+00,8.50E-04,18526,NULL,268,0.00028
1787184,2026/8/12 04:43,MW2044B23275,A25,NULL,8,                    ,A20208,3.24E+00,8.50E-04,18325,NULL,268,0.0006
1787183,2026/8/12 04:43,MW2045B57940,A26,NULL,9,NULL,A18276,3.24E+00,8.10E-04,18418,NULL,268,0.00085
1787182,2026/8/12 04:43,MW2044B23265,A26,NULL,9,                    ,A20208,3.24E+00,8.30E-04,18424,NULL,268,0.00033
1787181,2026/8/12 04:43,MW2044B24378,ANZ,NULL,18,NULL,A04637,3.24E+00,7.70E-04,18606,NULL,268,0.00086
1787180,2026/8/12 04:42,MW2044B23264,A26,NULL,9,                    ,A20208,3.24E+00,8.60E-04,18285,NULL,268,0.00066
1787179,2026/8/12 04:42,MW2044B24377,ANZ,NULL,18,NULL,A04637,3.24E+00,8.00E-04,18602,NULL,268,0.00078
1787178,2026/8/12 04:42,MW2044B23263,A26,NULL,9,                    ,A20208,3.24E+00,8.70E-04,18198,NULL,268,0.00027
1787177,2026/8/12 04:42,MW2044B24348,A26,NULL,9,NULL,A04637,3.24E+00,8.70E-04,18715,NULL,268,0.00011
1787176,2026/8/12 04:42,MW2045B42157,A24,NULL,7,                    ,A14335,3.24E+00,1.20E-03,18133,NULL,268,0.00043
1787175,2026/8/12 04:41,MW2044B24375,ANZ,NULL,18,NULL,A04637,3.24E+00,7.50E-04,18532,NULL,268,0.00089
1787174,2026/8/12 04:41,MW2045B42156,A25,NULL,8,                    ,A14335,3.24E+00,1.13E-03,18078,NULL,268,0.00034
1787173,2026/8/12 04:41,MW2044B24347,A26,NULL,9,NULL,A04637,3.24E+00,8.80E-04,18684,NULL,268,0.0009
1787172,2026/8/12 04:41,MW2045B41441,A26,NULL,9,                    ,A14335,3.24E+00,9.80E-04,18208,NULL,268,0.00055
1787171,2026/8/12 04:40,MW2044B24374,ANZ,NULL,18,NULL,A04637,3.24E+00,7.70E-04,18612,NULL,268,0.00094
1787170,2026/8/12 04:40,MW2045B41439,A25,NULL,8,                    ,A14335,3.24E+00,9.90E-04,18285,NULL,268,0.00031
1787169,2026/8/12 04:40,MW2044B24373,ANZ,NULL,18,NULL,A04637,3.24E+00,7.50E-04,18786,NULL,268,0.00018
1787168,2026/8/12 04:40,MW2045B57861,A25,NULL,8,                    ,A14335,3.24E+00,9.60E-04,18107,NULL,268,0.00005
1787167,2026/8/12 04:40,MW2044B24371,ANZ,NULL,18,NULL,A04637,3.24E+00,7.40E-04,18528,NULL,268,0.00076
1787166,2026/8/12 04:40,MW2045B57862,A25,NULL,8,                    ,A14335,3.24E+00,9.10E-04,17924,NULL,268,0.0003
1787165,2026/8/12 04:39,MW2044B24370,ANZ,NULL,18,NULL,A04637,3.24E+00,7.40E-04,18870,NULL,268,0.00088
1787164,2026/8/12 04:39,MW2045B41366,C24,NULL,24,                    ,A14335,3.24E+00,1.04E-03,18212,NULL,268,0.00021
1787163,2026/8/12 04:39,MW2044B24369,ANZ,NULL,18,NULL,A04637,3.24E+00,7.40E-04,18530,NULL,268,0.00032
1787162,2026/8/12 04:39,MW2045B57863,A26,NULL,9,                    ,A14335,3.24E+00,8.60E-04,18140,NULL,268,0.00017
1787161,2026/8/12 04:38,MW2045B57904,A26,NULL,9,                    ,A14335,3.24E+00,9.90E-04,18156,NULL,268,0.00035
1787160,2026/8/12 04:38,MW2044B26082,ANZ,NULL,18,NULL,A04637,3.24E+00,7.70E-04,18534,NULL,268,0.00062
1787159,2026/8/12 04:38,MW2045B57920,A25,NULL,8,                    ,A14335,3.24E+00,9.00E-04,17987,NULL,268,0.00007
1787158,2026/8/12 04:38,MW2044B26198,ANZ,NULL,18,NULL,A04637,3.24E+00,8.00E-04,18705,NULL,268,0.00097
1787157,2026/8/12 04:37,MW2045B42148,A25,NULL,8,                    ,A14335,3.24E+00,9.80E-04,18154,NULL,268,0.00078
1787156,2026/8/12 04:37,MW2045B57837,A26,NULL,9,NULL,A07177,3.24E+00,8.50E-04,18613,NULL,268,0.00033
1787155,2026/8/12 04:37,MW2045B41480,A27,NULL,10,                    ,A14335,3.24E+00,9.90E-04,18192,NULL,268,0.00096
1787154,2026/8/12 04:37,MW2045B41346,ANZ,NULL,18,NULL,A07177,3.24E+00,7.20E-04,18723,NULL,268,0.00098
1787153,2026/8/12 04:37,MW2044B23250,A26,NULL,9,                    ,A17300,3.24E+00,9.00E-04,18406,NULL,268,0.00016
1787152,2026/8/12 04:36,MW2045B41421,A27,NULL,10,NULL,A07177,3.24E+00,9.10E-04,18703,NULL,268,0.00041
1787151,2026/8/12 04:36,MW2044B22638,A25,NULL,8,                    ,A17300,3.24E+00,8.10E-04,18349,NULL,268,0.00016
1787150,2026/8/12 04:36,MW2045B41420,A27,NULL,10,NULL,A07177,3.24E+00,8.50E-04,18724,NULL,268,0.00037
1787149,2026/8/12 04:36,MW2045B41485,A25,NULL,8,                    ,A17300,3.24E+00,1.08E-03,18447,NULL,268,0.00037
1787148,2026/8/12 04:35,MW2045B41239,A25,NULL,8,NULL,A07177,3.24E+00,9.70E-04,18803,NULL,268,0.00067
1787147,2026/8/12 04:35,MW2045B57794,A25,NULL,8,                    ,A17300,3.24E+00,1.00E-03,18286,NULL,268,0.0004
1787146,2026/8/12 04:35,MW2045B41242,A24,NULL,7,NULL,A07177,3.24E+00,1.00E-03,18780,NULL,268,0.00076
1787145,2026/8/12 04:35,MW2045B53888,A26,NULL,9,                    ,A17300,3.24E+00,8.40E-04,18187,NULL,268,0.00033
1787144,2026/8/12 04:35,MW2045B41237,A25,NULL,8,NULL,A07177,3.24E+00,9.80E-04,18856,NULL,268,0.00057
1787143,2026/8/12 04:35,MW2045B57797,A25,NULL,8,                    ,A17300,3.24E+00,9.40E-04,18255,NULL,268,0.00095
1787142,2026/8/12 04:34,MW2045B57842,A26,NULL,9,NULL,A07177,3.24E+00,8.80E-04,18629,NULL,268,0.00094
1787141,2026/8/12 04:34,MW2045B57799,A25,NULL,8,                    ,A17300,3.24E+00,9.70E-04,18181,NULL,268,0.00007
1787140,2026/8/12 04:34,MW2045B41251,A25,NULL,8,NULL,A07177,3.24E+00,9.20E-04,18856,NULL,268,0.00038
1787139,2026/8/12 04:34,MW2045B57877,A25,NULL,8,                    ,A17300,3.24E+00,9.10E-04,18295,NULL,268,0.00024
1787138,2026/8/12 04:33,MW2045B57270,A25,NULL,8,NULL,A07177,3.24E+00,8.40E-04,18643,NULL,268,0.00043
1787137,2026/8/12 04:33,MW2045B57879,A25,NULL,8,                    ,A17300,3.24E+00,9.90E-04,18205,NULL,268,0.00058
1787136,2026/8/12 04:33,MW2045B57880,A25,NULL,8,                    ,A17300,3.24E+00,9.00E-04,18068,NULL,268,0.00032
1787135,2026/8/12 04:33,MW2045B41345,C25,NULL,25,NULL,A07177,3.24E+00,1.06E-03,18730,NULL,268,0.00026
1787134,2026/8/12 04:32,MW2045B47840,A26,NULL,9,                    ,A17300,3.24E+00,8.50E-04,18289,NULL,268,0.00017
1787133,2026/8/12 04:32,MW2045B55763,ANZ,NULL,18,NULL,A07177,3.24E+00,7.50E-04,18484,NULL,268,0.00082
1787132,2026/8/12 04:32,MW2045B47838,A26,NULL,9,                    ,A17300,3.24E+00,9.00E-04,18137,NULL,268,0.00057
1787131,2026/8/12 04:32,MW2045B38575,A23,NULL,6,NULL,A23880,3.24E+00,9.80E-04,18571,NULL,268,0.0002
1787130,2026/8/12 04:32,MW2045B41416,A27,NULL,10,                    ,A05129,3.24E+00,9.50E-04,18211,NULL,268,0.00036
1787129,2026/8/12 04:31,MW2044B04991,ANZ,NULL,18,NULL,A23880,3.24E+00,7.30E-04,18571,NULL,268,0.00076
1787128,2026/8/12 04:31,MW2045B57836,C26,NULL,26,                    ,A05129,3.24E+00,9.40E-04,18193,NULL,268,0.0006
1787127,2026/8/12 04:31,MW2042B04046,ANZ,NULL,18,NULL,A23880,3.23E+00,7.50E-04,18451,NULL,268,0.00034
1787126,2026/8/12 04:31,MW2045B42213,A25,NULL,8,                    ,A05129,3.24E+00,1.21E-03,18186,NULL,268,0.00038
1787125,2026/8/12 04:30,MW2042B00892,O,NULL,1,NULL,A23880,0.00E+00,0.00E+00,18666,NULL,268,0.00004
1787124,2026/8/12 04:30,MW2045B57835,A26,NULL,9,                    ,A05129,3.24E+00,9.50E-04,18167,NULL,268,0.00086
1787123,2026/8/12 04:30,MW2045B42214,A26,NULL,9,                    ,A05129,3.24E+00,1.05E-03,18257,NULL,268,0.0001
1787122,2026/8/12 04:30,MW2045B57834,A26,NULL,9,                    ,A05129,3.24E+00,9.90E-04,18189,NULL,268,0.00035
1787121,2026/8/12 04:29,MW2045B42172,A26,NULL,9,                    ,A05129,3.24E+00,1.00E-03,18203,NULL,268,0.0009
1787120,2026/8/12 04:29,MW2045B42202,A23,NULL,6,                    ,A05129,3.24E+00,1.31E-03,18122,NULL,268,0.00057
1787119,2026/8/12 04:28,MW2045B57856,A26,NULL,9,                    ,A05129,3.24E+00,9.90E-04,18082,NULL,268,0.00056
1787118,2026/8/12 04:28,MW2045B42203,A24,NULL,7,                    ,A05129,3.24E+00,1.26E-03,18265,NULL,268,0.00086
1787117,2026/8/12 04:28,MW2045B42155,A24,NULL,7,                    ,A05129,3.24E+00,1.22E-03,18026,NULL,268,0.00017
1787116,2026/8/12 04:27,MW2045B41436,A25,NULL,8,                    ,A05129,3.24E+00,9.80E-04,18187,NULL,268,0.0006
1787115,2026/8/12 04:27,MW2045B56911,A26,NULL,9,                    ,A18617,3.24E+00,9.10E-04,18324,NULL,268,0.00015
1787114,2026/8/12 04:26,MW2045B57793,A25,NULL,8,                    ,A18617,3.24E+00,8.80E-04,18284,NULL,268,0.00059
1787113,2026/8/12 04:26,MW2045B57573,A26,NULL,9,                    ,A18617,3.24E+00,8.90E-04,18108,NULL,268,0.00011
1787112,2026/8/12 04:26,MW2045B57591,A26,NULL,9,                    ,A18617,3.24E+00,1.00E-03,18205,NULL,268,0.00062
1787111,2026/8/12 04:25,MW2045B57593,A26,NULL,9,                    ,A18617,3.24E+00,8.80E-04,18235,NULL,268,0.00007
1787110,2026/8/12 04:25,MW2045B42257,A26,NULL,9,                    ,A18617,3.24E+00,1.17E-03,18129,NULL,268,0.00043
1787109,2026/8/12 04:24,MW2045B42256,A25,NULL,8,                    ,A18617,3.24E+00,8.20E-04,18268,NULL,268,0.0005
1787108,2026/8/12 04:24,MW2045B57944,C25,NULL,25,                    ,A18617,3.24E+00,9.20E-04,18217,NULL,268,0.00048
1787107,2026/8/12 04:24,MW2045B57852,A26,NULL,9,                    ,A18617,3.24E+00,9.50E-04,18193,NULL,268,0.00059
1787106,2026/8/12 04:23,MW2045B57881,A26,NULL,9,                    ,A18617,3.24E+00,8.50E-04,18188,NULL,268,0.0005
1787105,2026/8/12 04:23,MW2045B57882,A26,NULL,9,                    ,A18617,3.25E+00,8.40E-04,18157,NULL,268,0.0005
1787104,2026/8/12 04:22,MW2045B57883,A26,NULL,9,                    ,A18617,3.24E+00,9.90E-04,18126,NULL,268,0.00067
1787103,2026/8/12 04:22,MW2044B24367,A26,NULL,9,                    ,A24574,3.24E+00,8.60E-04,18127,NULL,268,0.0006
1787102,2026/8/12 04:22,MW2045B08897,C25,NULL,25,                    ,A24574,3.24E+00,9.00E-04,18233,NULL,268,0.00038
1787101,2026/8/12 04:21,MW2045B08898,C25,NULL,25,                    ,A24574,3.24E+00,8.50E-04,18268,NULL,268,0.00041
1787100,2026/8/12 04:21,MW2045B08899,C24,NULL,24,                    ,A24574,3.24E+00,1.08E-03,18287,NULL,268,0.0005
1787099,2026/8/12 04:20,MW2045B08846,C25,NULL,25,                    ,A24574,3.24E+00,8.70E-04,18387,NULL,268,0.00041
1787098,2026/8/12 04:20,MW2041B11455,A26,NULL,9,NULL,A23880,3.24E+00,8.80E-04,18955,NULL,268,0.00038
1787097,2026/8/12 04:20,MW2045B09013,A25,NULL,8,                    ,A24574,3.24E+00,1.09E-03,18244,NULL,268,0.00066
1787096,2026/8/12 04:20,MW2044B26200,A25,NULL,8,NULL,A23880,3.24E+00,8.10E-04,18693,NULL,268,0.00013
1787095,2026/8/12 04:20,MW2045B09014,A25,NULL,8,                    ,A24574,3.24E+00,1.02E-03,18257,NULL,268,0.00047
1787094,2026/8/12 04:19,MW2044B26201,ANZ,NULL,18,NULL,A23880,3.24E+00,7.90E-04,18697,NULL,268,0.0006
1787093,2026/8/12 04:19,MW2045B09016,C25,NULL,25,                    ,A24574,3.24E+00,1.10E-03,18294,NULL,268,0.00059
1787092,2026/8/12 04:19,MW2044B26202,ANZ,NULL,18,NULL,A23880,3.24E+00,7.90E-04,18712,NULL,268,0.00011
1787091,2026/8/12 04:19,MW2045B08914,A25,NULL,8,                    ,A24574,3.24E+00,1.07E-03,18353,NULL,268,0.00075
1787090,2026/8/12 04:18,MW2044B26203,ANZ,NULL,18,NULL,A23880,3.24E+00,7.80E-04,18695,NULL,268,0.00062
1787089,2026/8/12 04:18,MW2045B09017,A25,NULL,8,                    ,A24574,3.24E+00,1.01E-03,18304,NULL,268,0.00023
1787088,2026/8/12 04:18,MW2045B08911,A25,NULL,8,                    ,A24574,3.24E+00,1.05E-03,18152,NULL,268,0.00031
1787087,2026/8/12 04:18,MW2044B26204,C25,NULL,25,NULL,A23880,3.24E+00,8.20E-04,18636,NULL,268,0.00003
1787086,2026/8/12 04:17,MW2044B26182,ANZ,NULL,18,NULL,A23880,3.24E+00,7.30E-04,18773,NULL,268,0.00085
1787085,2026/8/12 04:17,MW2044B26199,A26,NULL,9,                    ,A24574,3.24E+00,8.40E-04,18345,NULL,268,0.00046
1787084,2026/8/12 04:17,MW2044B26183,A25,NULL,8,NULL,A23880,3.24E+00,8.80E-04,18701,NULL,268,0.00087
1787083,2026/8/12 04:16,MW2045B56909,ANZ,NULL,18,NULL,A14175,3.24E+00,7.30E-04,18675,NULL,268,0.00012
1787082,2026/8/12 04:16,MW2045B56937,ANZ,NULL,18,NULL,A14175,3.24E+00,7.10E-04,18710,NULL,268,0.0002
1787081,2026/8/12 04:15,MW2045B56936,ANZ,NULL,18,NULL,A14175,3.24E+00,7.90E-04,18500,NULL,268,0.00082
1787080,2026/8/12 04:14,MW2045B56935,ANZ,NULL,18,NULL,A14175,3.24E+00,7.80E-04,18747,NULL,268,0.00056
1787079,2026/8/12 04:14,MW2045B56934,ANZ,NULL,18,NULL,A14175,3.24E+00,7.70E-04,18558,NULL,268,0.00035
1787078,2026/8/12 04:14,MW2044B13501,A27,NULL,10,                    ,A01293,3.24E+00,8.20E-04,18278,NULL,268,0.0001
1787077,2026/8/12 04:13,MW2045B57009,ANZ,NULL,18,NULL,A14175,3.24E+00,7.60E-04,18595,NULL,268,0.00026
1787076,2026/8/12 04:13,MW2044B13502,A26,NULL,9,                    ,A01293,3.24E+00,8.90E-04,18212,NULL,268,0.00073
1787075,2026/8/12 04:13,MW2044B19173,C22,NULL,22,                    ,A01293,3.24E+00,1.22E-03,18250,NULL,268,0.00037
1787074,2026/8/12 04:13,MW2044B23276,ANZ,NULL,18,NULL,A14175,3.24E+00,7.60E-04,18623,NULL,268,0.00057
1787073,2026/8/12 04:12,MW2044B23277,ANZ,NULL,18,NULL,A14175,3.24E+00,7.30E-04,18581,NULL,268,0.00087
1787072,2026/8/12 04:12,MW2044B13674,C26,NULL,26,                    ,A01293,3.24E+00,9.00E-04,18248,NULL,268,0.00084
1787071,2026/8/12 04:12,MW2045B57766,A26,NULL,9,                    ,A01293,3.24E+00,9.80E-04,18247,NULL,268,0.00026
1787070,2026/8/12 04:12,MW2044B23278,ANZ,NULL,18,NULL,A14175,3.24E+00,7.90E-04,18721,NULL,268,0.00049
1787069,2026/8/12 04:11,MW2045B44342,C24,NULL,24,                    ,A01293,3.24E+00,1.21E-03,18014,NULL,268,0.00054
1787068,2026/8/12 04:11,MW2044B23279,ANZ,NULL,18,NULL,A14175,3.24E+00,7.80E-04,18746,NULL,268,0.00064
1787067,2026/8/12 04:11,MW2045B57767,A26,NULL,9,                    ,A01293,3.24E+00,8.90E-04,18178,NULL,268,0.00014
1787066,2026/8/12 04:11,MW2044B23280,ANZ,NULL,18,NULL,A14175,3.24E+00,7.80E-04,18740,NULL,268,0.00081
1787065,2026/8/12 04:11,MW2045B44381,A22,NULL,5,                    ,A01293,3.24E+00,1.33E-03,18242,NULL,268,0.00034
1787064,2026/8/12 04:10,MW2045B57006,A25,NULL,8,NULL,A14175,3.24E+00,8.50E-04,18725,NULL,268,0.00021
1787063,2026/8/12 04:10,MW2045B57768,A26,NULL,9,                    ,A01293,3.24E+00,8.60E-04,18190,NULL,268,0.0004
1787062,2026/8/12 04:10,MW2045B41343,A24,NULL,7,NULL,A01813,3.24E+00,1.02E-03,18666,NULL,268,0.00046
1787061,2026/8/12 04:10,MW2045B57769,A26,NULL,9,                    ,A01293,3.24E+00,9.40E-04,18130,NULL,268,0.00058
1787060,2026/8/12 04:10,MW2045B55769,O,NULL,1,NULL,A01813,0.00E+00,0.00E+00,18443,NULL,268,0.0009
1787059,2026/8/12 04:09,MW2045B57578,A27,NULL,10,                    ,A01293,3.24E+00,9.50E-04,18240,NULL,268,0.00087
1787058,2026/8/12 04:09,MW2045B57770,C26,NULL,26,                    ,A01293,3.24E+00,9.10E-04,18179,NULL,268,0.00031
1787057,2026/8/12 04:09,MW2045B57302,A25,NULL,8,                    ,A01477,3.24E+00,1.01E-03,18335,NULL,268,0.00084
1787056,2026/8/12 04:08,MW2044B23259,A27,NULL,10,                    ,A01477,3.24E+00,8.30E-04,18365,NULL,268,0.00001
1787055,2026/8/12 04:08,MW2045B57303,A25,NULL,8,                    ,A01477,3.24E+00,9.90E-04,18247,NULL,268,0.00031
1787054,2026/8/12 04:07,MW2044B23258,A23,NULL,6,                    ,A01477,3.24E+00,1.14E-03,18448,NULL,268,0.00041
1787053,2026/8/12 04:07,MW2044B23257,A27,NULL,10,                    ,A01477,3.24E+00,8.70E-04,18482,NULL,268,0.00001
1787052,2026/8/12 04:07,MW2045B57305,A25,NULL,8,                    ,A01477,3.24E+00,9.30E-04,18236,NULL,268,0.00071
1787051,2026/8/12 04:06,MW2044B23256,A26,NULL,9,                    ,A01477,3.24E+00,8.80E-04,18275,NULL,268,0.00053
1787050,2026/8/12 04:06,MW2045B55767,ANZ,NULL,18,NULL,A01813,3.24E+00,7.30E-04,18469,NULL,268,0.00039
1787049,2026/8/12 04:06,MW2045B57306,A25,NULL,8,                    ,A01477,3.24E+00,1.00E-03,18297,NULL,268,0.00094
1787048,2026/8/12 04:05,MW2045B57343,ANZ,NULL,18,NULL,A01813,3.24E+00,7.20E-04,18646,NULL,268,0.00051
1787047,2026/8/12 04:05,MW2044B23254,A26,NULL,9,                    ,A01477,3.24E+00,8.90E-04,18294,NULL,268,0.00054
1787046,2026/8/12 04:05,MW2044B23253,A26,NULL,9,                    ,A01477,3.23E+00,8.90E-04,18350,NULL,268,0.00015
1787045,2026/8/12 04:05,MW2045B57354,ANZ,NULL,18,NULL,A01813,3.24E+00,6.90E-04,18733,NULL,268,0.00046
1787044,2026/8/12 04:04,MW2044B23252,A26,NULL,9,                    ,A01477,3.24E+00,9.10E-04,18410,NULL,268,0.00006
1787043,2026/8/12 04:04,MW2045B57345,ANZ,NULL,18,NULL,A01813,3.24E+00,7.00E-04,18616,NULL,268,0.0008
1787042,2026/8/12 04:04,MW2044B23251,A26,NULL,9,                    ,A01477,3.24E+00,8.70E-04,18373,NULL,268,0.00018
1787041,2026/8/12 04:04,MW2045B57938,ANZ,NULL,18,NULL,A01813,3.24E+00,8.00E-04,18607,NULL,268,0.00061
1787040,2026/8/12 04:04,MW2045B08965,A24,NULL,7,                    ,A17779,3.24E+00,1.06E-03,18290,NULL,268,0.00011
1787039,2026/8/12 04:03,MW2045B41447,C26,NULL,26,NULL,A01813,3.24E+00,9.40E-04,18800,NULL,268,0.00051
1787038,2026/8/12 04:03,MW2045B08927,A25,NULL,8,                    ,A17779,3.24E+00,8.50E-04,18337,NULL,268,0.00045
1787037,2026/8/12 04:03,MW2045B41425,A27,NULL,10,NULL,A01813,3.24E+00,8.80E-04,18747,NULL,268,0.00022
1787036,2026/8/12 04:03,MW2045B09189,A25,NULL,8,                    ,A17779,3.24E+00,1.03E-03,18354,NULL,268,0.00058
1787035,2026/8/12 04:03,MW2045B41488,A25,NULL,8,NULL,A01813,3.24E+00,1.04E-03,18803,NULL,268,0.00022
1787034,2026/8/12 04:02,MW2045B60966,A23,NULL,6,                    ,A17779,3.24E+00,8.80E-04,18318,NULL,268,0.00061
1787033,2026/8/12 04:02,MW2045B57907,ANZ,NULL,18,NULL,A01813,3.24E+00,7.70E-04,18589,NULL,268,0.00087
1787032,2026/8/12 04:02,MW2045B61025,C25,NULL,25,                    ,A17779,3.24E+00,8.50E-04,18394,NULL,268,0.00041
1787031,2026/8/12 04:02,MW2045B57911,ANZ,NULL,18,NULL,A01813,3.24E+00,8.00E-04,18613,NULL,268,0.00077
1787030,2026/8/12 04:02,MW2045B60970,A23,NULL,6,                    ,A17779,3.24E+00,9.00E-04,18205,NULL,268,0.0008
1787029,2026/8/12 04:01,MW2044B24068,C25,NULL,25,                    ,A17779,3.24E+00,8.50E-04,18205,NULL,268,0.00085
1787028,2026/8/12 04:01,MW2045B57910,A26,NULL,9,NULL,A17725,3.24E+00,8.20E-04,18460,NULL,268,0.00033
1787027,2026/8/12 04:01,MW2044B23996,C25,NULL,25,                    ,A17779,3.24E+00,8.70E-04,18507,NULL,268,0.00084
1787026,2026/8/12 04:01,MW2045B57909,A26,NULL,9,NULL,A17725,3.24E+00,8.70E-04,18546,NULL,268,0.00018
1787025,2026/8/12 04:00,MW2044B24409,A26,NULL,9,                    ,A17779,3.24E+00,8.60E-04,18211,NULL,268,0.00008
1787024,2026/8/12 04:00,MW2045B53842,ANZ,NULL,18,NULL,A17725,3.24E+00,7.60E-04,18395,NULL,268,0.00031
1787023,2026/8/12 04:00,MW2044B24408,A26,NULL,9,                    ,A17779,3.24E+00,8.70E-04,18294,NULL,268,0.0004
1787022,2026/8/12 04:00,MW2045B53835,ANZ,NULL,18,NULL,A17725,3.24E+00,7.70E-04,18431,NULL,268,0.00017
1787021,2026/8/12 04:00,MW2044B24410,C26,NULL,26,                    ,A17779,3.24E+00,8.60E-04,18241,NULL,268,0.00019
1787020,2026/8/12 03:59,MW2045B55735,ANZ,NULL,18,NULL,A17725,3.24E+00,7.30E-04,18635,NULL,268,0.00065
1787019,2026/8/12 03:59,MW2044B24366,A26,NULL,9,                    ,A17779,3.24E+00,8.40E-04,18148,NULL,268,0.00004
1787018,2026/8/12 03:59,MW2045B41435,A25,NULL,8,NULL,A17725,3.24E+00,9.00E-04,18749,NULL,268,0.00039
1787017,2026/8/12 03:59,MW2045B57854,A26,NULL,9,                    ,A13627,3.24E+00,9.70E-04,18096,NULL,268,0.0004
1787016,2026/8/12 03:58,MW2045B42196,O,NULL,1,NULL,A17725,0.00E+00,0.00E+00,18620,NULL,268,0.00044
1787015,2026/8/12 03:58,MW2045B41429,A25,NULL,8,                    ,A13627,3.24E+00,9.70E-04,18268,NULL,268,0.00057
1787014,2026/8/12 03:58,MW2045B57855,A26,NULL,9,                    ,A13627,3.24E+00,9.00E-04,18301,NULL,268,0.00034
1787013,2026/8/12 03:57,MW2045B55743,A26,NULL,9,                    ,A13627,3.24E+00,8.20E-04,18193,NULL,268,0.00026
1787012,2026/8/12 03:57,MW2045B55741,A26,NULL,9,                    ,A13627,3.24E+00,8.20E-04,18209,NULL,268,0.00002
1787011,2026/8/12 03:57,MW2045B55753,A26,NULL,9,                    ,A13627,3.24E+00,8.30E-04,18341,NULL,268,0.0002
1787010,2026/8/12 03:56,MW2045B55733,A26,NULL,9,                    ,A13627,3.24E+00,8.20E-04,18242,NULL,268,0.00003
1787009,2026/8/12 03:56,MW2045B55721,A25,NULL,8,                    ,A13627,3.24E+00,8.20E-04,18394,NULL,268,0.00039
1787008,2026/8/12 03:55,MW2045B42198,A25,NULL,8,NULL,A17725,3.24E+00,1.09E-03,18621,NULL,268,0.00035
1787007,2026/8/12 03:55,MW2045B55718,A26,NULL,9,                    ,A13627,3.24E+00,8.20E-04,18396,NULL,268,0.00003
1787006,2026/8/12 03:55,MW2045B42204,A23,NULL,6,NULL,A17725,3.24E+00,8.90E-04,18498,NULL,268,0.00024
1787005,2026/8/12 03:54,MW2045B57980,ANZ,NULL,18,NULL,A17725,3.24E+00,7.20E-04,18636,NULL,268,0.00034
1787004,2026/8/12 03:54,MW2045B25428,D24,NULL,30,                    ,A13627,3.24E+00,1.12E-03,18277,NULL,268,0.00092
1787003,2026/8/12 03:53,MW2045B57981,ANZ,NULL,18,NULL,A17725,3.24E+00,8.00E-04,18653,NULL,268,0.00059
1787002,2026/8/12 03:53,MW2044B22391,A25,NULL,8,                    ,A13627,3.24E+00,8.20E-04,18351,NULL,268,0.00092
1787001,2026/8/12 03:53,MW2045B57939,ANZ,NULL,18,NULL,A17725,3.24E+00,8.00E-04,18691,NULL,268,0.00088
1787000,2026/8/12 03:53,MW2044B22358,A26,NULL,9,                    ,A13627,3.24E+00,8.10E-04,18187,NULL,268,0.00026
1786999,2026/8/12 03:52,MW2044B13500,ANZ,NULL,18,NULL,A13711,3.23E+00,7.40E-04,18554,NULL,268,0.00075
1786998,2026/8/12 03:52,MW2044B18950,C25,NULL,25,                    ,A14930,3.24E+00,9.60E-04,18257,NULL,268,0.00095
1786997,2026/8/12 03:52,MW2044B13499,ANZ,NULL,18,NULL,A13711,3.24E+00,7.40E-04,18585,NULL,268,0.00027
1786996,2026/8/12 03:52,MW2044B08554,C23,NULL,23,                    ,A14930,3.24E+00,1.03E-03,18508,NULL,268,0.00032
1786995,2026/8/12 03:52,MW2044B18949,C25,NULL,25,                    ,A14930,3.24E+00,9.70E-04,18268,NULL,268,0.00072
1786994,2026/8/12 03:51,MW2044B13497,ANZ,NULL,18,NULL,A13711,3.24E+00,7.80E-04,18629,NULL,268,0.00016
1786993,2026/8/12 03:51,MW2045B46483,A25,NULL,8,                    ,A14930,3.24E+00,8.30E-04,18164,NULL,268,0.00048
1786992,2026/8/12 03:51,MW2044B13498,ANZ,NULL,18,NULL,A13711,3.24E+00,7.30E-04,18620,NULL,268,0.00087
1786991,2026/8/12 03:51,MW2044B08457,A25,NULL,8,                    ,A14930,3.24E+00,8.30E-04,18479,NULL,268,0.00099
1786990,2026/8/12 03:51,MW2044B13496,A26,NULL,9,NULL,A13711,3.24E+00,8.20E-04,18511,NULL,268,0.00084
1786989,2026/8/12 03:50,MW2044B08458,A23,NULL,6,                    ,A14930,3.24E+00,9.90E-04,18247,NULL,268,0.00099
1786988,2026/8/12 03:50,MW2044B13495,ANZ,NULL,18,NULL,A13711,3.24E+00,7.40E-04,18632,NULL,268,0.0006
1786987,2026/8/12 03:50,MW2044B13494,A26,NULL,9,                    ,A14930,3.24E+00,9.40E-04,18350,NULL,268,0.00052
1786986,2026/8/12 03:50,MW2044B18926,ANZ,NULL,18,NULL,A13711,3.24E+00,7.70E-04,18462,NULL,268,0.00097
1786985,2026/8/12 03:43,MW2044B08625,A25,NULL,8,NULL,A13711,3.24E+00,9.30E-04,18531,NULL,268,0.00013
1786984,2026/8/12 03:42,MW2044B08622,A26,NULL,9,NULL,A13711,3.24E+00,8.60E-04,18517,NULL,268,0.00023
1786983,2026/8/12 03:42,MW2044B08184,C24,NULL,24,                    ,A14930,3.24E+00,1.00E-03,18409,NULL,268,0.00094
1786982,2026/8/12 03:42,MW2044B08505,A25,NULL,8,NULL,A13711,3.25E+00,8.90E-04,18396,NULL,268,0.00055
1786981,2026/8/12 03:42,MW2044B08274,A23,NULL,6,                    ,A14930,3.24E+00,1.10E-03,18304,NULL,268,0.00018
1786980,2026/8/12 03:41,MW2044B08624,C25,NULL,25,NULL,A13711,3.23E+00,9.00E-04,18468,NULL,268,0.00043
1786979,2026/8/12 03:41,MW2044B08507,A24,NULL,7,                    ,A14930,3.24E+00,1.04E-03,18330,NULL,268,0.00054
1786978,2026/8/12 03:41,MW2044B08503,A25,NULL,8,NULL,A13711,3.24E+00,8.70E-04,18382,NULL,268,0.00058
1786977,2026/8/12 03:41,MW2044B08612,C24,NULL,24,                    ,A14930,3.24E+00,1.08E-03,18338,NULL,268,0.00084
1786976,2026/8/12 03:41,MW2045B56933,ANZ,NULL,18,NULL,A21341,3.24E+00,7.80E-04,18829,NULL,268,0.00045
1786975,2026/8/12 03:40,MW2044B08506,A24,NULL,7,                    ,A14930,3.24E+00,1.08E-03,18352,NULL,268,0.00022
1786974,2026/8/12 03:40,MW2044B23246,O,NULL,1,NULL,A21341,0.00E+00,0.00E+00,18676,NULL,268,0.00094
1786973,2026/8/12 03:40,MW2045B57821,A26,NULL,9,                    ,A22974,3.24E+00,9.20E-04,18215,NULL,268,0.00014
1786972,2026/8/12 03:40,MW2045B57821,A26,NULL,9,                    ,A22974,3.24E+00,9.20E-04,18215,NULL,268,0.00095
1786971,2026/8/12 03:40,MW2045B57822,A26,NULL,9,                    ,A22974,3.24E+00,9.40E-04,18136,NULL,268,0.00071
1786970,2026/8/12 03:39,MW2045B42275,C26,NULL,26,                    ,A22974,3.24E+00,9.80E-04,18184,NULL,268,0.0005
1786969,2026/8/12 03:39,MW2045B57823,A26,NULL,9,                    ,A22974,3.24E+00,9.20E-04,18239,NULL,268,0.00042
1786968,2026/8/12 03:38,MW2045B57824,A26,NULL,9,                    ,A22974,3.24E+00,9.70E-04,18317,NULL,268,0.0006
1786967,2026/8/12 03:38,MW2045B57825,A26,NULL,9,                    ,A22974,3.24E+00,9.00E-04,18105,NULL,268,0.00063
1786966,2026/8/12 03:37,MW2045B57899,A25,NULL,8,                    ,A22974,3.24E+00,9.60E-04,18206,NULL,268,0.00052
1786965,2026/8/12 03:37,MW2045B57826,A25,NULL,8,                    ,A22974,3.24E+00,9.40E-04,18159,NULL,268,0.00082
1786964,2026/8/12 03:37,MW2045B42215,A23,NULL,6,                    ,A22974,3.24E+00,1.10E-03,18301,NULL,268,0.00044
1786963,2026/8/12 03:36,MW2045B55734,A26,NULL,9,                    ,A22974,3.24E+00,8.10E-04,18216,NULL,268,0.0003
1786962,2026/8/12 03:36,MW2044B23282,ANZ,NULL,18,NULL,A21341,3.24E+00,7.70E-04,18682,NULL,268,0.00027
1786961,2026/8/12 03:36,MW2045B55744,A26,NULL,9,                    ,A22974,3.24E+00,8.30E-04,18385,NULL,268,0.00094
1786960,2026/8/12 03:36,MW2045B49061,ANZ,NULL,18,NULL,A21341,3.24E+00,7.40E-04,18833,NULL,268,0.00073
1786959,2026/8/12 03:35,MW2045B57853,A26,NULL,9,                    ,A22974,3.24E+00,8.90E-04,18236,NULL,268,0.0008
1786958,2026/8/12 03:35,MW2045B49062,ANZ,NULL,18,NULL,A21341,3.24E+00,7.30E-04,18644,NULL,268,0.00097
1786957,2026/8/12 03:35,MW2045B47899,A24,NULL,7,                    ,A23226,3.24E+00,9.40E-04,18152,NULL,268,0.00027
1786956,2026/8/12 03:35,MW2044B22046,ANZ,NULL,18,NULL,A21341,3.24E+00,7.80E-04,18763,NULL,268,0.00046
1786955,2026/8/12 03:35,MW2045B57788,A26,NULL,9,                    ,A23226,3.24E+00,9.70E-04,18262,NULL,268,0.00041
1786954,2026/8/12 03:34,MW2044B22427,ANZ,NULL,18,NULL,A21341,3.24E+00,7.40E-04,18557,NULL,268,0.00087
1786953,2026/8/12 03:34,MW2045B57594,A26,NULL,9,                    ,A23226,3.24E+00,9.80E-04,18252,NULL,268,0.00003
1786952,2026/8/12 03:34,MW2045B47550,A25,NULL,8,NULL,A21341,3.24E+00,8.40E-04,18688,NULL,268,0.0003
1786951,2026/8/12 03:34,MW2045B57789,A26,NULL,9,                    ,A23226,3.24E+00,8.50E-04,18164,NULL,268,0.00024
1786950,2026/8/12 03:33,MW2045B57804,A26,NULL,9,                    ,A23226,3.24E+00,9.10E-04,18221,NULL,268,0.00003
1786949,2026/8/12 03:33,MW2045B47574,A25,NULL,8,NULL,A21341,3.24E+00,8.10E-04,18660,NULL,268,0.00082
1786948,2026/8/12 03:33,MW2045B57763,A26,NULL,9,                    ,A23226,3.24E+00,9.50E-04,18138,NULL,268,0.00097
1786947,2026/8/12 03:33,MW2045B47571,A26,NULL,9,NULL,A21341,3.24E+00,8.40E-04,18574,NULL,268,0.00065
1786946,2026/8/12 03:33,MW2045B57805,A26,NULL,9,                    ,A23226,3.24E+00,1.01E-03,18261,NULL,268,0.00068
1786945,2026/8/12 03:32,MW2045B57448,ANZ,NULL,18,NULL,A21341,3.24E+00,7.30E-04,18454,NULL,268,0.00074
1786944,2026/8/12 03:32,MW2045B57806,A26,NULL,9,                    ,A23226,3.24E+00,9.50E-04,18177,NULL,268,0.0006
1786943,2026/8/12 03:32,MW2045B57447,ANZ,NULL,18,NULL,A21341,3.24E+00,7.30E-04,18609,NULL,268,0.00096
1786942,2026/8/12 03:32,MW2045B57807,A26,NULL,9,                    ,A23226,3.24E+00,9.10E-04,18174,NULL,268,0.00022
1786941,2026/8/12 03:32,MW2045B57446,ANZ,NULL,18,NULL,A00817,3.24E+00,7.70E-04,18586,NULL,268,0.00064
1786940,2026/8/12 03:31,MW2045B57759,A25,NULL,8,                    ,A23226,3.24E+00,9.30E-04,18058,NULL,268,0.00096
1786939,2026/8/12 03:31,MW2045B47818,ANZ,NULL,18,NULL,A00817,3.24E+00,7.80E-04,18594,NULL,268,0.00053
1786938,2026/8/12 03:31,MW2045B56948,A26,NULL,9,                    ,A23226,3.24E+00,9.10E-04,18437,NULL,268,0.00019
1786937,2026/8/12 03:31,MW2045B57775,A26,NULL,9,NULL,A00817,3.24E+00,8.60E-04,18626,NULL,268,0.00027
1786936,2026/8/12 03:31,MW2045B56949,A27,NULL,10,                    ,A23226,3.24E+00,9.50E-04,18508,NULL,268,0.00058
1786935,2026/8/12 03:30,MW2045B47816,ANZ,NULL,18,NULL,A00817,3.24E+00,7.80E-04,18566,NULL,268,0.00063
1786934,2026/8/12 03:30,MW2045B57780,A26,NULL,9,                    ,A19505,3.24E+00,9.80E-04,18288,NULL,268,0.0008
1786933,2026/8/12 03:30,MW2045B57781,A26,NULL,9,                    ,A19505,3.24E+00,9.30E-04,18140,NULL,268,0.00041
1786932,2026/8/12 03:30,MW2045B57750,A26,NULL,9,NULL,A00817,3.24E+00,8.40E-04,18546,NULL,268,0.00085
1786931,2026/8/12 03:29,MW2045B56897,A27,NULL,10,                    ,A19505,3.24E+00,9.50E-04,18380,NULL,268,0.00011
1786930,2026/8/12 03:29,MW2045B47820,ANZ,NULL,18,NULL,A00817,3.24E+00,7.00E-04,18695,NULL,268,0.00002
1786929,2026/8/12 03:29,MW2045B57754,A26,NULL,9,NULL,A00817,3.24E+00,8.40E-04,18534,NULL,268,0.00057
1786928,2026/8/12 03:29,MW2045B56927,A27,NULL,10,                    ,A19505,3.24E+00,9.00E-04,18325,NULL,268,0.00055
1786927,2026/8/12 03:28,MW2045B57126,ANZ,NULL,18,NULL,A00817,3.24E+00,7.40E-04,18605,NULL,268,0.00071
1786926,2026/8/12 03:28,MW2045B56928,A27,NULL,10,                    ,A19505,3.24E+00,9.40E-04,18395,NULL,268,0.0001
1786925,2026/8/12 03:28,MW2045B57755,A26,NULL,9,NULL,A00817,3.24E+00,8.40E-04,18483,NULL,268,0.00067
1786924,2026/8/12 03:28,MW2045B56929,A27,NULL,10,                    ,A19505,3.24E+00,9.50E-04,18377,NULL,268,0.0009
1786923,2026/8/12 03:28,MW2045B47905,A25,NULL,8,                    ,A19505,3.24E+00,9.20E-04,18351,NULL,268,0.00019
1786922,2026/8/12 03:27,MW2045B57127,ANZ,NULL,18,NULL,A00817,3.24E+00,7.60E-04,18514,NULL,268,0.00049
1786921,2026/8/12 03:27,MW2045B41487,A24,NULL,7,                    ,A19505,3.24E+00,1.18E-03,18408,NULL,268,0.00057
1786920,2026/8/12 03:27,MW2045B57128,A25,NULL,8,NULL,A00817,3.24E+00,8.50E-04,18653,NULL,268,0.00036
1786919,2026/8/12 03:27,MW2045B47897,A24,NULL,7,                    ,A19505,3.24E+00,1.10E-03,18338,NULL,268,0.00076
1786918,2026/8/12 03:27,MW2045B55910,ANZ,NULL,18,NULL,A00817,3.24E+00,7.30E-04,18648,NULL,268,0.00077
1786917,2026/8/12 03:26,MW2045B41483,A27,NULL,10,                    ,A19505,3.24E+00,1.00E-03,18279,NULL,268,0.00048
1786916,2026/8/12 03:26,MW2045B57779,A26,NULL,9,NULL,A03606,3.24E+00,8.60E-04,18573,NULL,268,0.00003
1786915,2026/8/12 03:26,MW2045B41484,A26,NULL,9,                    ,A19505,3.24E+00,1.05E-03,18270,NULL,268,0.00084
1786914,2026/8/12 03:26,MW2045B57778,A26,NULL,9,NULL,A03606,3.24E+00,8.30E-04,18532,NULL,268,0.00016
1786913,2026/8/12 03:25,MW2045B57787,A26,NULL,9,                    ,A19505,3.24E+00,9.00E-04,18236,NULL,268,0.00087
1786912,2026/8/12 03:25,MW2045B57776,ANZ,NULL,18,NULL,A03606,3.24E+00,8.00E-04,18606,NULL,268,0.00042
1786911,2026/8/12 03:25,MW2045B47568,A25,NULL,8,                    ,A18441,3.24E+00,9.20E-04,18251,NULL,268,0.00084
1786910,2026/8/12 03:25,MW2045B57777,ANZ,NULL,18,NULL,A03606,3.24E+00,7.20E-04,18598,NULL,268,0.00065
1786909,2026/8/12 03:25,MW2045B47570,A24,NULL,7,                    ,A18441,3.24E+00,9.30E-04,18184,NULL,268,0.0005
1786908,2026/8/12 03:24,MW2045B57808,ANZ,NULL,18,NULL,A03606,3.24E+00,7.60E-04,18580,NULL,268,0.00016
1786907,2026/8/12 03:24,MW2045B57815,A25,NULL,8,                    ,A18441,3.24E+00,9.40E-04,18204,NULL,268,0.00036
1786906,2026/8/12 03:24,MW2045B47902,ANZ,NULL,18,NULL,A03606,3.24E+00,8.00E-04,18541,NULL,268,0.00049
1786905,2026/8/12 03:24,MW2045B53903,A26,NULL,9,                    ,A18441,3.24E+00,8.20E-04,18341,NULL,268,0.00032
1786904,2026/8/12 03:23,MW2045B47903,A24,NULL,7,NULL,A03606,3.24E+00,9.20E-04,18652,NULL,268,0.00086
1786903,2026/8/12 03:23,MW2045B55900,A26,NULL,9,                    ,A18441,3.24E+00,8.40E-04,18335,NULL,268,0.00073
1786902,2026/8/12 03:23,MW2045B57857,A25,NULL,8,                    ,A18441,3.24E+00,9.00E-04,18136,NULL,268,0.00026
1786901,2026/8/12 03:23,MW2045B57076,C25,NULL,25,NULL,A03606,3.24E+00,8.50E-04,18678,NULL,268,0.00099
1786900,2026/8/12 03:23,MW2045B57820,A25,NULL,8,                    ,A18441,3.24E+00,9.40E-04,18206,NULL,268,0.00037
1786899,2026/8/12 03:22,MW2045B56926,ANZ,NULL,18,NULL,A03606,3.24E+00,7.10E-04,18613,NULL,268,0.00095
1786898,2026/8/12 03:22,MW2045B57042,ANZ,NULL,18,NULL,A03606,3.24E+00,7.70E-04,18533,NULL,268,0.00026
1786897,2026/8/12 03:22,MW2045B57601,ANZ,NULL,18,NULL,A03606,3.24E+00,7.50E-04,18531,NULL,268,0.00015
1786896,2026/8/12 03:21,MW2045B57858,A26,NULL,9,                    ,A18441,3.24E+00,8.80E-04,18209,NULL,268,0.0002
1786895,2026/8/12 03:21,MW2044B23281,ANZ,NULL,18,NULL,A03606,3.24E+00,7.90E-04,18679,NULL,268,0.00045
1786894,2026/8/12 03:21,MW2045B57859,A26,NULL,9,                    ,A18441,3.24E+00,9.60E-04,18210,NULL,268,0.00049
1786893,2026/8/12 03:21,MW2044B08550,C23,NULL,23,NULL,A01597,3.24E+00,1.00E-03,18528,NULL,268,0.00056
1786892,2026/8/12 03:20,MW2045B53818,A26,NULL,9,                    ,A18441,3.23E+00,8.50E-04,18320,NULL,268,0.00019
1786891,2026/8/12 03:20,MW2044B18951,C25,NULL,25,NULL,A01597,3.24E+00,8.40E-04,18584,NULL,268,0.00048
1786890,2026/8/12 03:20,MW2045B55909,A26,NULL,9,                    ,A18441,3.24E+00,8.20E-04,18305,NULL,268,0.00008
1786889,2026/8/12 03:20,MW2045B57071,C25,NULL,25,                    ,A18441,3.24E+00,9.60E-04,18346,NULL,268,0.00033
1786888,2026/8/12 03:20,MW2044B08263,A23,NULL,6,NULL,A01597,3.24E+00,1.13E-03,18456,NULL,268,0.00088
1786887,2026/8/12 03:19,MW2045B44397,A23,NULL,6,                    ,A23130,3.24E+00,1.19E-03,18191,NULL,268,0.00029
1786886,2026/8/12 03:19,MW2044B19209,C23,NULL,23,NULL,A01597,3.24E+00,9.90E-04,18535,NULL,268,0.00002
1786885,2026/8/12 03:19,MW2045B57505,CHH,NULL,20,                    ,A23130,3.24E+00,8.10E-04,18302,NULL,268,0.00052
1786884,2026/8/12 03:19,MW2044B08256,A23,NULL,6,NULL,A01597,3.24E+00,9.40E-04,18546,NULL,268,0.00061
1786883,2026/8/12 03:18,MW2045B57506,A26,NULL,9,                    ,A23130,3.24E+00,9.20E-04,18179,NULL,268,0.00041
1786882,2026/8/12 03:18,MW2044B19208,C22,NULL,22,NULL,A01597,3.24E+00,1.01E-03,18462,NULL,268,0.00013
1786881,2026/8/12 03:18,MW2045B44356,A25,NULL,8,                    ,A23130,3.24E+00,1.18E-03,18282,NULL,268,0.0001
1786880,2026/8/12 03:18,MW2044B19219,C24,NULL,24,NULL,A01597,3.24E+00,8.10E-04,18561,NULL,268,0.00031
1786879,2026/8/12 03:18,MW2045B57507,A26,NULL,9,                    ,A23130,3.24E+00,1.01E-03,18342,NULL,268,0.00073
1786878,2026/8/12 03:17,MW2044B19218,C24,NULL,24,NULL,A01597,3.24E+00,8.60E-04,18524,NULL,268,0.00041
1786877,2026/8/12 03:17,MW2045B44355,A22,NULL,5,                    ,A23130,3.24E+00,1.41E-03,18301,NULL,268,0.0006
1786876,2026/8/12 03:17,MW2044B19217,O,NULL,1,NULL,A01597,0.00E+00,0.00E+00,18507,NULL,268,0.00059
1786875,2026/8/12 03:17,MW2045B57427,A27,NULL,10,                    ,A23130,3.24E+00,8.80E-04,18066,NULL,268,0.00031
1786874,2026/8/12 03:16,MW2045B44394,A25,NULL,8,                    ,A23130,3.24E+00,1.21E-03,18229,NULL,268,0.00043
1786873,2026/8/12 03:16,MW2045B57428,A24,NULL,7,                    ,A23130,3.24E+00,8.40E-04,18264,NULL,268,0.00052
1786872,2026/8/12 03:16,MW2045B44344,A23,NULL,6,                    ,A23130,3.24E+00,1.37E-03,18233,NULL,268,0.00089
1786871,2026/8/12 03:15,MW2045B57429,A27,NULL,10,                    ,A23130,3.24E+00,8.90E-04,18321,NULL,268,0.0008
1786870,2026/8/12 03:15,MW2045B57430,A26,NULL,9,                    ,A23130,3.24E+00,8.80E-04,18295,NULL,268,0.00024
1786869,2026/8/12 03:14,MW2045B44328,A22,NULL,5,NULL,A01597,3.24E+00,1.25E-03,18714,NULL,268,0.00008
1786868,2026/8/12 03:14,MW2045B44339,A22,NULL,5,                    ,A25205,3.24E+00,1.47E-03,18239,NULL,268,0.00057
1786867,2026/8/12 03:14,MW2044B07982,A24,NULL,7,                    ,A25205,3.24E+00,1.00E-03,18365,NULL,268,0.00012
1786866,2026/8/12 03:14,MW2045B57432,ANZ,NULL,18,NULL,A01597,3.24E+00,7.80E-04,18507,NULL,268,0.0002
1786865,2026/8/12 03:14,MW2045B44340,C23,NULL,23,                    ,A25205,3.24E+00,1.29E-03,18033,NULL,268,0.00098
1786864,2026/8/12 03:14,MW2045B57431,ANZ,NULL,18,NULL,A01597,3.24E+00,7.80E-04,18537,NULL,268,0.00084
1786863,2026/8/12 03:13,MW2044B07980,A23,NULL,6,                    ,A25205,3.24E+00,1.10E-03,18358,NULL,268,0.00075
1786862,2026/8/12 03:13,MW2044B21116,A25,NULL,8,NULL,A10009,3.24E+00,1.04E-03,18570,NULL,268,0.00088
1786861,2026/8/12 03:13,MW2045B44361,C24,NULL,24,                    ,A25205,3.24E+00,1.21E-03,18233,NULL,268,0.00032
1786860,2026/8/12 03:13,MW2044B21117,A24,NULL,7,NULL,A10009,3.24E+00,1.04E-03,18504,NULL,268,0.00002
1786859,2026/8/12 03:12,MW2045B44365,A21,NULL,4,                    ,A25205,3.24E+00,1.53E-03,18309,NULL,268,0.00057
1786858,2026/8/12 03:12,MW2044B08608,C26,NULL,26,NULL,A10009,3.24E+00,8.50E-04,18462,NULL,268,0.00045
1786857,2026/8/12 03:12,MW2044B08193,A26,NULL,9,                    ,A25205,2.96E+00,9.60E-04,18211,NULL,268,0.00088
1786856,2026/8/12 03:12,MW2044B13404,ANZ,NULL,18,NULL,A10009,3.24E+00,7.00E-04,18526,NULL,268,0.00007
1786855,2026/8/12 03:12,MW2045B44366,A22,NULL,5,                    ,A25205,3.24E+00,1.45E-03,18358,NULL,268,0.00079
1786854,2026/8/12 03:11,MW2044B07896,A24,NULL,7,NULL,A10009,3.24E+00,9.50E-04,18405,NULL,268,0.00042
1786853,2026/8/12 03:11,MW2044B08192,A26,NULL,9,                    ,A25205,2.98E+00,9.30E-04,18208,NULL,268,0.00098
1786852,2026/8/12 03:11,MW2044B07895,A25,NULL,8,NULL,A10009,3.24E+00,8.50E-04,18429,NULL,268,0.00039
1786851,2026/8/12 03:11,MW2045B4436 ,O,NULL,1,                    ,NULL,3.24E+00,1.20E-03,18221,NULL,268,0.00032
1786850,2026/8/12 03:10,MW2044B08227,A24,NULL,7,NULL,A10009,3.24E+00,8.60E-04,18422,NULL,268,0.00075
1786849,2026/8/12 03:10,MW2044B08249,A24,NULL,7,NULL,A10009,3.24E+00,1.04E-03,18487,NULL,268,0.00036
1786848,2026/8/12 03:10,MW2044B08315,ANZ,NULL,18,NULL,A10009,3.23E+00,8.00E-04,18932,NULL,268,0.00072
1786847,2026/8/12 03:09,MW2044B08250,A24,NULL,7,NULL,A10009,3.24E+00,1.14E-03,18562,NULL,268,0.00052
1786846,2026/8/12 03:09,MW2044B19174,C23,NULL,23,NULL,A10009,3.24E+00,1.07E-03,18371,NULL,268,0.00061
1786845,2026/8/12 03:08,MW2044B21061,A22,NULL,5,NULL,A10009,3.24E+00,1.00E-03,18563,NULL,268,0.00034
1786844,2026/8/12 03:08,MW2044B18543,C24,NULL,24,                    ,A25205,3.24E+00,1.13E-03,18303,NULL,268,0.00022
1786843,2026/8/12 03:08,MW2044B08578,A26,NULL,9,NULL,A19454,3.24E+00,8.30E-04,18634,NULL,268,0.00095
1786842,2026/8/12 03:08,MW2044B21044,A25,NULL,8,                    ,A25205,3.24E+00,1.53E-03,18100,NULL,268,0.00097
1786841,2026/8/12 03:07,MW2044B18542,C24,NULL,24,                    ,A25334,3.24E+00,1.15E-03,18536,NULL,268,0.00042
1786840,2026/8/12 03:07,MW2044B08542,ANZ,NULL,18,NULL,A19454,3.24E+00,7.30E-04,18503,NULL,268,0.0005
1786839,2026/8/12 03:07,MW2044B21043,A27,NULL,10,                    ,A25334,3.24E+00,1.50E-03,18156,NULL,268,0.00026
1786838,2026/8/12 03:07,MW2044B08547,C25,NULL,25,NULL,A19454,3.24E+00,8.40E-04,18528,NULL,268,0.00053
1786837,2026/8/12 03:07,MW2044B18477,C24,NULL,24,                    ,A25334,3.24E+00,1.02E-03,18338,NULL,268,0.00083
1786836,2026/8/12 03:06,MW2044B08536,ANZ,NULL,18,NULL,A19454,3.24E+00,7.10E-04,18583,NULL,268,0.00007
1786835,2026/8/12 03:06,MW2044B21060,A21,NULL,4,                    ,A25334,3.24E+00,1.12E-03,18198,NULL,268,0.00006
1786834,2026/8/12 03:06,MW2044B21066,A25,NULL,8,NULL,A19454,3.24E+00,1.08E-03,18785,NULL,268,0.00037
1786833,2026/8/12 03:06,MW2044B18541,C25,NULL,25,                    ,A25334,3.24E+00,1.01E-03,18292,NULL,268,0.00083
1786832,2026/8/12 03:05,MW2044B13493,ANZ,NULL,18,NULL,A19454,3.24E+00,7.30E-04,18624,NULL,268,0.00055
1786831,2026/8/12 03:05,MW2044B21065,A22,NULL,5,                    ,A25334,3.24E+00,1.12E-03,18309,NULL,268,0.00044
1786830,2026/8/12 03:05,MW2044B14008,C25,NULL,25,                    ,A25334,3.24E+00,8.20E-04,18392,NULL,268,0.00057
1786829,2026/8/12 03:05,MW2044B21058,ANZ,NULL,18,NULL,A19454,3.24E+00,8.00E-04,18861,NULL,268,0.00006
1786828,2026/8/12 03:05,MW2044B21064,A24,NULL,7,                    ,A25334,3.24E+00,1.11E-03,18284,NULL,268,0.00011
1786827,2026/8/12 03:04,MW2044B08545,A23,NULL,6,NULL,A19454,3.24E+00,1.05E-03,18522,NULL,268,0.00094
1786826,2026/8/12 03:04,MW2044B18475,C24,NULL,24,                    ,A25334,3.24E+00,1.01E-03,18313,NULL,268,0.00034
1786825,2026/8/12 03:04,MW2044B08549,A23,NULL,6,NULL,A19454,3.24E+00,1.09E-03,18574,NULL,268,0.00028
1786824,2026/8/12 03:04,MW2044B18474,A24,NULL,7,                    ,A25334,3.24E+00,1.05E-03,18318,NULL,268,0.00032
1786823,2026/8/12 03:04,MW2044B13676,ANZ,NULL,18,NULL,A19454,3.24E+00,7.90E-04,18511,NULL,268,0.00088
1786822,2026/8/12 03:03,MW2044B2106~,O,NULL,1,                    ,NULL,3.24E+00,1.10E-03,18237,NULL,268,0.00063
1786821,2026/8/12 03:03,MW2044B13675,ANZ,NULL,18,NULL,A19454,3.24E+00,7.80E-04,18459,NULL,268,0.00051
1786820,2026/8/12 03:03,MW2045B46760,ANZ,NULL,18,NULL,A19454,3.24E+00,7.40E-04,18642,NULL,268,0.00001
1786819,2026/8/12 03:02,MW2045B44383,A25,NULL,8,NULL,A05980,3.24E+00,1.11E-03,18691,NULL,268,0.00009
1786818,2026/8/12 03:02,MW2045B44398,A22,NULL,5,NULL,A05980,3.24E+00,1.24E-03,18679,NULL,268,0.00099
1786817,2026/8/12 03:01,MW2045B44399,C22,NULL,22,NULL,A05980,3.24E+00,1.10E-03,18796,NULL,268,0.00099
1786816,2026/8/12 03:01,MW2044B08603,A26,NULL,9,NULL,A05980,3.24E+00,9.00E-04,18566,NULL,268,0.00021
1786815,2026/8/12 03:00,MW2044B08633,A26,NULL,9,NULL,A05980,3.24E+00,9.20E-04,18441,NULL,268,0.00041
1786814,2026/8/12 03:00,MW2044B08602,ANZ,NULL,18,NULL,A05980,3.24E+00,7.20E-04,18634,NULL,268,0.0005
1786813,2026/8/12 02:59,MW2044B08634,A26,NULL,9,NULL,A05980,3.24E+00,9.20E-04,18469,NULL,268,0.00082
1786812,2026/8/12 02:59,MW2044B08632,A25,NULL,8,NULL,A05980,3.24E+00,9.10E-04,18421,NULL,268,0.00094
1786811,2026/8/12 02:59,MW2044B21113,A23,NULL,6,NULL,A05980,3.24E+00,1.17E-03,18552,NULL,268,0.00045
1786810,2026/8/12 02:58,MW2044B08631,A25,NULL,8,NULL,A05980,3.24E+00,9.50E-04,18444,NULL,268,0.00046
1786809,2026/8/12 02:58,MW2044B21115,A23,NULL,6,NULL,A05980,3.24E+00,1.17E-03,18571,NULL,268,0.00014
1786808,2026/8/12 02:57,MW2044B08570,CHH,NULL,20,NULL,A05980,3.23E+00,8.30E-04,18505,NULL,268,0.00014
1786807,2026/8/12 02:57,MW2044B18473,C25,NULL,25,                    ,A25334,3.24E+00,1.11E-03,18299,NULL,268,0.00054
1786806,2026/8/12 02:57,MW2044B08198,A26,NULL,9,NULL,A03456,3.24E+00,9.50E-04,18439,NULL,268,0.00016
1786805,2026/8/12 02:57,MW2044B08151,A21,NULL,4,                    ,A03755,3.24E+00,1.08E-03,18391,NULL,268,0.0008
1786804,2026/8/12 02:56,MW2044B08599,A26,NULL,9,NULL,A03456,3.24E+00,9.20E-04,18641,NULL,268,0.00057
1786803,2026/8/12 02:56,MW2044B08228,A26,NULL,9,                    ,A03755,3.24E+00,9.70E-04,18347,NULL,268,0.0007
1786802,2026/8/12 02:56,MW2044B08197,A27,NULL,10,NULL,A03456,3.24E+00,9.20E-04,18386,NULL,268,0.00025
1786801,2026/8/12 02:56,MW2044B08229,A26,NULL,9,                    ,A03755,3.24E+00,8.90E-04,18422,NULL,268,0.00065
1786800,2026/8/12 02:55,MW2044B21109,A22,NULL,5,NULL,A03456,3.24E+00,9.70E-04,18716,NULL,268,0.00047
1786799,2026/8/12 02:55,MW2044B08230,A26,NULL,9,                    ,A03755,3.24E+00,9.00E-04,18315,NULL,268,0.00037
1786798,2026/8/12 02:55,MW2044B08200,A26,NULL,9,NULL,A03456,2.95E+00,8.40E-04,18285,NULL,268,0.00002
1786797,2026/8/12 02:55,MW2044B08243,C24,NULL,24,                    ,A03755,3.24E+00,9.30E-04,18393,NULL,268,0.00026
1786796,2026/8/12 02:55,MW2044B08231,A26,NULL,9,                    ,A03755,3.24E+00,8.90E-04,18437,NULL,268,0.00043
1786795,2026/8/12 02:55,MW2044B07890,A24,NULL,7,NULL,A03456,3.24E+00,1.00E-03,18517,NULL,268,0.00057
1786794,2026/8/12 02:54,MW2044B08242,A22,NULL,5,                    ,A03755,3.24E+00,1.08E-03,18522,NULL,268,0.0003
1786793,2026/8/12 02:54,MW2044B18544,C25,NULL,25,NULL,A03456,3.24E+00,1.00E-03,18639,NULL,268,0.0007
1786792,2026/8/12 02:54,MW2044B08630,A25,NULL,8,                    ,A03755,3.24E+00,1.09E-03,18448,NULL,268,0.00096
1786791,2026/8/12 02:54,MW2044B07889,A24,NULL,7,NULL,A03456,3.24E+00,1.00E-03,18467,NULL,268,0.00029
1786790,2026/8/12 02:53,MW2044B08453,A23,NULL,6,                    ,A03755,3.24E+00,9.50E-04,18307,NULL,268,0.00016
1786789,2026/8/12 02:53,MW2044B07993,A24,NULL,7,NULL,A03456,3.24E+00,8.70E-04,18612,NULL,268,0.00009
1786788,2026/8/12 02:53,MW2044B08454,A24,NULL,7,                    ,A03755,3.24E+00,1.11E-03,18509,NULL,268,0.00028
1786787,2026/8/12 02:53,MW2044B07992,A24,NULL,7,NULL,A03456,3.24E+00,8.70E-04,18515,NULL,268,0.00016
1786786,2026/8/12 02:53,MW2044B08455,A24,NULL,7,                    ,A03755,3.24E+00,1.17E-03,18445,NULL,268,0.00038
1786785,2026/8/12 02:52,MW2044B08618,A25,NULL,8,NULL,A03456,3.24E+00,9.30E-04,18564,NULL,268,0.00025
1786784,2026/8/12 02:52,MW2044B08456,A25,NULL,8,                    ,A03755,3.24E+00,8.30E-04,18456,NULL,268,0.00009
1786783,2026/8/12 02:52,MW2044B08617,A25,NULL,8,NULL,A03456,3.24E+00,9.50E-04,18419,NULL,268,0.00017
1786782,2026/8/12 02:52,MW2044B22119,A25,NULL,8,                    ,A04445,3.24E+00,8.20E-04,18422,NULL,268,0.00069
1786781,2026/8/12 02:51,MW2044B08269,A22,NULL,5,NULL,A14934,3.24E+00,1.00E-03,18595,NULL,268,0.00032
1786780,2026/8/12 02:51,MW2045B48140,A26,NULL,9,                    ,A04445,3.24E+00,8.90E-04,18273,NULL,268,0.00028
1786779,2026/8/12 02:51,MW2044B08268,A22,NULL,5,NULL,A14934,3.24E+00,9.70E-04,18500,NULL,268,0.00012
1786778,2026/8/12 02:51,MW2044B16324,A26,NULL,9,                    ,A04445,3.25E+00,8.60E-04,18442,NULL,268,0.00012
1786777,2026/8/12 02:51,MW2045B48931,A25,NULL,8,                    ,A04445,3.24E+00,8.20E-04,18339,NULL,268,0.00004
1786776,2026/8/12 02:50,MW2044B11509,A25,NULL,8,NULL,A14934,3.24E+00,8.90E-04,18474,NULL,268,0.0009
1786775,2026/8/12 02:50,MW2045B48932,A26,NULL,9,                    ,A04445,3.24E+00,8.50E-04,18173,NULL,268,0.00011
1786774,2026/8/12 02:50,MW2044B08616,C24,NULL,24,NULL,A14934,3.24E+00,9.50E-04,18470,NULL,268,0.00006
1786773,2026/8/12 02:50,MW2045B47628,A27,NULL,10,                    ,A04445,3.24E+00,8.30E-04,18200,NULL,268,0.00059
1786772,2026/8/12 02:50,MW2044B08619,A25,NULL,8,NULL,A14934,3.24E+00,9.10E-04,18483,NULL,268,0.00063
1786771,2026/8/12 02:49,MW2045B47682,A25,NULL,8,                    ,A04445,3.24E+00,8.40E-04,18088,NULL,268,0.00037
1786770,2026/8/12 02:49,MW2044B21055,A21,NULL,4,NULL,A14934,3.24E+00,9.30E-04,18752,NULL,268,0.00094
1786769,2026/8/12 02:49,MW2045B47633,A26,NULL,9,                    ,A04445,3.24E+00,8.20E-04,18255,NULL,268,0.00077
1786768,2026/8/12 02:49,MW2044B07891,A24,NULL,7,NULL,A14934,3.24E+00,8.70E-04,18373,NULL,268,0.00069
1786767,2026/8/12 02:49,MW2045B47630,A26,NULL,9,                    ,A04445,3.24E+00,9.10E-04,18211,NULL,268,0.00008
1786766,2026/8/12 02:48,MW2044B08201,A23,NULL,6,NULL,A14934,3.24E+00,9.40E-04,18394,NULL,268,0.00095
1786765,2026/8/12 02:48,MW2044B07893,A24,NULL,7,NULL,A14934,3.24E+00,8.50E-04,18484,NULL,268,0.0007
1786764,2026/8/12 02:47,MW2044B08196,A24,NULL,7,NULL,A14934,3.24E+00,8.90E-04,18344,NULL,268,0.0002
1786763,2026/8/12 02:47,MW2044B07892,A24,NULL,7,NULL,A14934,3.24E+00,9.10E-04,18405,NULL,268,0.00066
1786762,2026/8/12 02:47,MW2045B57272,A25,NULL,8,                    ,A04445,3.24E+00,8.60E-04,18265,NULL,268,0.00001
1786761,2026/8/12 02:46,MW2044B08199,A22,NULL,5,NULL,A14934,3.24E+00,9.50E-04,18292,NULL,268,0.00032
1786760,2026/8/12 02:46,MW2045B57269,A26,NULL,9,                    ,A04445,3.24E+00,8.30E-04,18307,NULL,268,0.00088
1786759,2026/8/12 02:46,MW2044B08576,ANZ,NULL,18,NULL,A11184,3.24E+00,7.50E-04,18499,NULL,268,0.00012
1786758,2026/8/12 02:45,MW2044B08564,C23,NULL,23,NULL,A11184,3.24E+00,1.04E-03,18455,NULL,268,0.00042
1786757,2026/8/12 02:45,MW2045B55940,A26,NULL,9,                    ,A04445,3.24E+00,8.50E-04,18407,NULL,268,0.00092
1786756,2026/8/12 02:44,MW2044B08565,C25,NULL,25,NULL,A11184,3.24E+00,8.40E-04,18497,NULL,268,0.00025
1786755,2026/8/12 02:44,MW2044B08221,C25,NULL,25,                    ,A01914,3.24E+00,9.70E-04,18167,NULL,268,0.00083
1786754,2026/8/12 02:44,MW2044B08222,C24,NULL,24,                    ,A01914,3.24E+00,1.06E-03,18224,NULL,268,0.00002
1786753,2026/8/12 02:44,MW2044B07898,A23,NULL,6,NULL,A11184,3.24E+00,9.30E-04,18411,NULL,268,0.00078
1786752,2026/8/12 02:44,MW2044B08239,C26,NULL,26,                    ,A01914,3.24E+00,8.10E-04,18344,NULL,268,0.0005
1786751,2026/8/12 02:43,MW2044B13415,A26,NULL,9,NULL,A11184,3.24E+00,8.30E-04,18546,NULL,268,0.0007
1786750,2026/8/12 02:43,MW2044B08240,C24,NULL,24,                    ,A01914,3.24E+00,9.40E-04,18384,NULL,268,0.00085
1786749,2026/8/12 02:43,MW2044B13416,A26,NULL,9,NULL,A11184,3.24E+00,8.20E-04,18658,NULL,268,0.00094
1786748,2026/8/12 02:41,MW2044B08241,A26,NULL,9,                    ,A01914,3.24E+00,8.40E-04,18373,NULL,268,0.0004
1786747,2026/8/12 02:41,MW2044B08097,A23,NULL,6,NULL,A11184,3.24E+00,1.00E-03,18443,NULL,268,0.00004
1786746,2026/8/12 02:40,MW2044B20975,A24,NULL,7,                    ,A01914,3.24E+00,1.14E-03,18369,NULL,268,0.0003
1786745,2026/8/12 02:40,MW2044B08098,A23,NULL,6,NULL,A11184,3.24E+00,1.00E-03,18389,NULL,268,0.00014
1786744,2026/8/12 02:40,MW2044B08234,A24,NULL,7,                    ,A01914,3.24E+00,9.10E-04,18446,NULL,268,0.00025
1786743,2026/8/12 02:40,MW2044B08096,A23,NULL,6,NULL,A11184,3.24E+00,9.70E-04,18391,NULL,268,0.0008
1786742,2026/8/12 02:40,MW2044B07998,A22,NULL,5,                    ,A01914,3.24E+00,1.01E-03,18414,NULL,268,0.00075
1786741,2026/8/12 02:39,MW2044B08099,C23,NULL,23,NULL,A11184,3.24E+00,9.90E-04,18429,NULL,268,0.00011
1786740,2026/8/12 02:39,MW2044B08251,A23,NULL,6,                    ,A01914,3.24E+00,1.28E-03,18454,NULL,268,0.00004
1786739,2026/8/12 02:39,MW2044B08076,A24,NULL,7,NULL,A11184,3.24E+00,9.30E-04,18497,NULL,268,0.00047
1786738,2026/8/12 02:39,MW2044B07937,A24,NULL,7,                    ,A01914,3.24E+00,1.11E-03,18235,NULL,268,0.00027
1786737,2026/8/12 02:38,MW2044B08041,A25,NULL,8,NULL,A11184,3.24E+00,9.90E-04,18458,NULL,268,0.00078
1786736,2026/8/12 02:38,MW2044B08012,A24,NULL,7,                    ,A01914,3.24E+00,1.04E-03,18408,NULL,268,0.00035
1786735,2026/8/12 02:38,MW2044B07955,A23,NULL,6,NULL,A15557,3.24E+00,9.70E-04,18572,NULL,268,0.00088
1786734,2026/8/12 02:36,MW2044B08021,A24,NULL,7,                    ,A01914,3.24E+00,1.03E-03,18270,NULL,268,0.00095
1786733,2026/8/12 02:36,MW2044B13710,A25,NULL,8,NULL,A15557,3.24E+00,8.40E-04,18603,NULL,268,0.00071
1786732,2026/8/12 02:36,MW2045B57409,A25,NULL,8,                    ,A02137,3.23E+00,1.02E-03,18376,NULL,268,0.00061
1786731,2026/8/12 02:36,MW2044B07954,A24,NULL,7,NULL,A15557,3.24E+00,9.70E-04,18260,NULL,268,0.00063
1786730,2026/8/12 02:35,MW2017B07113,A22,NULL,5,                    ,A02137,3.22E+00,9.40E-04,18163,NULL,268,0.00012
1786729,2026/8/12 02:35,MW2044B07953,A24,NULL,7,NULL,A15557,3.24E+00,9.10E-04,18514,NULL,268,0.00063
1786728,2026/8/12 02:35,MW2045B57408,A25,NULL,8,                    ,A02137,3.24E+00,1.02E-03,18351,NULL,268,0.00016
1786727,2026/8/12 02:35,MW2044B07952,C24,NULL,24,NULL,A15557,3.24E+00,9.40E-04,18666,NULL,268,0.00025
1786726,2026/8/12 02:34,MW2045B55740,A27,NULL,10,                    ,A02137,3.24E+00,8.40E-04,18394,NULL,268,0.00069
1786725,2026/8/12 02:34,MW2044B08232,ANZ,NULL,18,NULL,A15557,3.24E+00,7.90E-04,18524,NULL,268,0.00066
1786724,2026/8/12 02:34,MW2045B55750,A27,NULL,10,                    ,A02137,3.24E+00,8.20E-04,18349,NULL,268,0.00045
1786723,2026/8/12 02:34,MW2044B08194,A25,NULL,8,NULL,A15557,3.24E+00,8.70E-04,18389,NULL,268,0.00042
1786722,2026/8/12 02:34,MW2045B55761,B26,NULL,16,                    ,A02137,3.24E+00,8.40E-04,18323,NULL,268,0.00074
1786721,2026/8/12 02:33,MW2044B08095,A23,NULL,6,NULL,A15557,3.24E+00,9.80E-04,18599,NULL,268,0.00074
1786720,2026/8/12 02:33,MW2045B57391,A26,NULL,9,                    ,A02137,3.24E+00,1.06E-03,18323,NULL,268,0.00015
1786719,2026/8/12 02:33,MW2044B08094,A23,NULL,6,NULL,A15557,3.24E+00,9.20E-04,18595,NULL,268,0.00079
1786718,2026/8/12 02:33,MW2045B55794,A26,NULL,9,                    ,A02137,3.24E+00,8.20E-04,18188,NULL,268,0.00041
1786717,2026/8/12 02:32,MW2044B08093,A22,NULL,5,NULL,A15557,3.24E+00,1.07E-03,18578,NULL,268,0.00036
1786716,2026/8/12 02:32,MW2045B55799,B26,NULL,16,                    ,A02137,3.24E+00,8.30E-04,18388,NULL,268,0.00012
1786715,2026/8/12 02:32,MW2044B08092,B22,NULL,12,NULL,A15557,3.24E+00,1.15E-03,18852,NULL,268,0.00071
1786714,2026/8/12 02:32,MW2045B55805,A26,NULL,9,                    ,A02137,3.24E+00,8.60E-04,18260,NULL,268,0.00062
1786713,2026/8/12 02:32,MW2045B55798,A26,NULL,9,                    ,A02137,3.24E+00,8.80E-04,18182,NULL,268,0.00054
1786712,2026/8/12 02:31,MW2044B08091,A21,NULL,4,NULL,A15557,3.24E+00,1.15E-03,18627,NULL,268,0.00017
1786711,2026/8/12 02:31,MW2017B07085,A23,NULL,6,                    ,A02137,3.22E+00,8.80E-04,18117,NULL,268,0.00097
1786710,2026/8/12 02:31,MW2045B57410,ANZ,NULL,18,NULL,A04674,3.24E+00,7.00E-04,18617,NULL,268,0.00023
1786709,2026/8/12 02:31,MW2045B57216,A25,NULL,8,                    ,A12445,3.24E+00,9.90E-04,18255,NULL,268,0.00024
1786708,2026/8/12 02:31,MW2017B07111,C21,NULL,21,NULL,A04674,3.21E+00,8.20E-04,18657,NULL,268,0.00094
1786707,2026/8/12 02:30,MW2045B57214,A25,NULL,8,                    ,A12445,3.24E+00,1.01E-03,18243,NULL,268,0.00041
1786706,2026/8/12 02:30,MW2017B07109,A21,NULL,4,NULL,A04674,3.21E+00,8.50E-04,18875,NULL,268,0.00057
1786705,2026/8/12 02:30,MW2045B57189,A25,NULL,8,                    ,A12445,3.24E+00,1.01E-03,18234,NULL,268,0.00064
1786704,2026/8/12 02:30,MW2045B55687,ANZ,NULL,18,NULL,A04674,3.24E+00,7.20E-04,18521,NULL,268,0.0004
1786703,2026/8/12 02:29,MW2045B55693,A26,NULL,9,                    ,A12445,3.24E+00,8.30E-04,18301,NULL,268,0.00008
1786702,2026/8/12 02:29,MW2045B55681,ANZ,NULL,18,NULL,A04674,3.24E+00,7.40E-04,18431,NULL,268,0.00085
1786701,2026/8/12 02:29,MW2045B55696,A26,NULL,9,                    ,A12445,3.24E+00,8.10E-04,18258,NULL,268,0.00026
1786700,2026/8/12 02:29,MW2045B55760,ANZ,NULL,18,NULL,A04674,3.24E+00,7.30E-04,18517,NULL,268,0.00087
1786699,2026/8/12 02:29,MW2045B55695,A26,NULL,9,                    ,A12445,3.24E+00,8.20E-04,18358,NULL,268,0.00021
1786698,2026/8/12 02:28,MW2045B55739,ANZ,NULL,18,NULL,A04674,3.24E+00,7.40E-04,18551,NULL,268,0.00031
1786697,2026/8/12 02:28,MW2045B55692,A26,NULL,9,                    ,A12445,3.24E+00,8.20E-04,18347,NULL,268,0.00055
1786696,2026/8/12 02:28,MW2045B55851,ANZ,NULL,18,NULL,A04674,3.24E+00,7.10E-04,18597,NULL,268,0.00079
1786695,2026/8/12 02:28,MW2045B55694,A25,NULL,8,                    ,A12445,3.24E+00,8.30E-04,18251,NULL,268,0.00098
1786694,2026/8/12 02:27,MW2017B07095,B23,NULL,13,NULL,A04674,3.22E+00,8.40E-04,18531,NULL,268,0.00075
1786693,2026/8/12 02:27,MW2045B57183,A26,NULL,9,                    ,A12445,3.24E+00,9.30E-04,18243,NULL,268,0.00095
1786692,2026/8/12 02:27,MW2045B55836,ANZ,NULL,18,NULL,A04674,3.24E+00,7.40E-04,18598,NULL,268,0.00008
1786691,2026/8/12 02:27,MW2045B57182,A26,NULL,9,                    ,A12445,3.24E+00,8.40E-04,18342,NULL,268,0.00049
1786690,2026/8/12 02:27,MW2045B57178,A26,NULL,9,NULL,A04674,3.24E+00,8.10E-04,18619,NULL,268,0.00066
1786689,2026/8/12 02:27,MW2045B57181,A25,NULL,8,                    ,A12445,3.24E+00,9.20E-04,18255,NULL,268,0.00065
1786688,2026/8/12 02:26,MW2045B57179,A26,NULL,9,NULL,A04674,3.24E+00,8.30E-04,18654,NULL,268,0.0004
1786687,2026/8/12 02:26,MW2045B57180,A26,NULL,9,                    ,A12445,3.24E+00,9.90E-04,18266,NULL,268,0.00015
1786686,2026/8/12 02:26,MW2045B57342,A25,NULL,8,                    ,A21544,3.24E+00,9.40E-04,18259,NULL,268,0.00016
1786685,2026/8/12 02:26,MW2045B57217,A25,NULL,8,NULL,A05434,3.24E+00,8.40E-04,18690,NULL,268,0.00006
1786684,2026/8/12 02:25,MW2045B57341,A25,NULL,8,                    ,A21544,3.24E+00,8.30E-04,18198,NULL,268,0.00045
1786683,2026/8/12 02:25,MW2045B57218,C25,NULL,25,NULL,A05434,3.24E+00,8.40E-04,18622,NULL,268,0.00068
1786682,2026/8/12 02:25,MW2045B57219,A25,NULL,8,NULL,A05434,3.24E+00,8.70E-04,18682,NULL,268,0.00015
1786681,2026/8/12 02:25,MW2045B57340,A25,NULL,8,                    ,A21544,3.24E+00,9.40E-04,18229,NULL,268,0.00066
1786680,2026/8/12 02:24,MW2045B57339,A25,NULL,8,                    ,A21544,3.24E+00,9.90E-04,18360,NULL,268,0.00078
1786679,2026/8/12 02:24,MW2045B57220,A25,NULL,8,NULL,A05434,3.24E+00,8.20E-04,18556,NULL,268,0.0005
1786678,2026/8/12 02:24,MW2045B57464,A26,NULL,9,                    ,A21544,3.24E+00,9.00E-04,18255,NULL,268,0.00062
1786677,2026/8/12 02:24,MW2045B41238,A25,NULL,8,NULL,A05434,3.24E+00,9.90E-04,18634,NULL,268,0.0005
1786676,2026/8/12 02:24,MW2045B57462,A26,NULL,9,                    ,A21544,3.24E+00,8.20E-04,18203,NULL,268,0.00044
1786675,2026/8/12 02:23,MW2045B57186,A25,NULL,8,NULL,A05434,3.24E+00,8.40E-04,18654,NULL,268,0.00033
1786674,2026/8/12 02:23,MW2045B55708,A26,NULL,9,                    ,A21544,3.24E+00,8.30E-04,18305,NULL,268,0.00092
1786673,2026/8/12 02:23,MW2045B57187,A25,NULL,8,NULL,A05434,3.24E+00,8.40E-04,18641,NULL,268,0.00068
1786672,2026/8/12 02:23,MW2045B55702,A26,NULL,9,                    ,A21544,3.24E+00,8.70E-04,18208,NULL,268,0.0007
1786671,2026/8/12 02:23,MW2045B57188,ANZ,NULL,18,NULL,A05434,3.24E+00,8.00E-04,18446,NULL,268,0.00021
1786670,2026/8/12 02:22,MW2016B04204,A22,NULL,5,                    ,A21544,3.23E+00,8.30E-04,18280,NULL,268,0.0005
1786669,2026/8/12 02:22,MW2045B55954,ANZ,NULL,18,NULL,A05434,3.24E+00,7.10E-04,18520,NULL,268,0.00022
1786668,2026/8/12 02:22,MW2017B09252,C23,NULL,23,                    ,A21544,3.22E+00,8.10E-04,18451,NULL,268,0.00087
1786667,2026/8/12 02:22,MW2045B57161,A25,NULL,8,NULL,A05434,3.24E+00,8.40E-04,18608,NULL,268,0.00073
1786666,2026/8/12 02:22,MW2017B09222,C23,NULL,23,                    ,A21544,3.22E+00,8.50E-04,18378,NULL,268,0.00093
1786665,2026/8/12 02:21,MW2045B57162,ANZ,NULL,18,NULL,A05434,3.24E+00,8.00E-04,18396,NULL,268,0.00081
1786664,2026/8/12 02:21,MW2017B09217,ANZ,NULL,18,                    ,A21544,3.21E+00,7.90E-04,18513,NULL,268,0.00066
1786663,2026/8/12 02:21,MW2045B57163,A25,NULL,8,NULL,A05434,3.24E+00,8.30E-04,18524,NULL,268,0.00096
1786662,2026/8/12 02:18,MW2045B55849,A26,NULL,9,                    ,A23909,3.24E+00,8.20E-04,18330,NULL,268,0.00065
1786661,2026/8/12 02:17,MW2045B55845,A26,NULL,9,                    ,A23909,3.24E+00,8.20E-04,18115,NULL,268,0.00048
1786660,2026/8/12 02:17,MW2045B55847,A26,NULL,9,                    ,A23909,3.24E+00,8.10E-04,18279,NULL,268,0.00076
1786659,2026/8/12 02:17,MW2045B57925,A26,NULL,9,                    ,A23909,3.24E+00,9.60E-04,18198,NULL,268,0.00007
1786658,2026/8/12 02:16,MW2045B57185,A25,NULL,8,                    ,A23909,3.24E+00,9.40E-04,18253,NULL,268,0.00029
1786657,2026/8/12 02:16,MW2045B57184,A25,NULL,8,                    ,A23909,3.24E+00,1.00E-03,18247,NULL,268,0.0007
1786656,2026/8/12 02:15,MW2045B57919,A26,NULL,9,                    ,A23909,3.24E+00,9.70E-04,18265,NULL,268,0.00012
1786655,2026/8/12 02:15,MW2045B57915,A26,NULL,9,                    ,A23909,3.24E+00,1.04E-03,18037,NULL,268,0.00096
1786654,2026/8/12 02:15,MW2045B57916,A26,NULL,9,                    ,A23909,3.24E+00,9.20E-04,18196,NULL,268,0.00007
1786653,2026/8/12 02:14,MW2045B57913,A26,NULL,9,                    ,A23909,3.24E+00,8.70E-04,18245,NULL,268,0.00074
1786652,2026/8/12 02:14,MW2045B55856,A26,NULL,9,                    ,A23909,3.24E+00,8.30E-04,18352,NULL,268,0.00055
1786651,2026/8/12 02:13,MW2045B55873,A26,NULL,9,                    ,A23909,3.23E+00,8.10E-04,18308,NULL,268,0.00093
1786650,2026/8/12 02:13,MW2017B07087,ANZ,NULL,18,NULL,A01385,3.22E+00,7.90E-04,18688,NULL,268,0.0005
1786649,2026/8/12 02:12,MW2017B07088,O,NULL,1,NULL,A01385,0.00E+00,0.00E+00,18674,NULL,268,0.00084
1786648,2026/8/12 02:10,MW2017B07915,C23,NULL,23,NULL,A01385,3.22E+00,8.30E-04,18884,NULL,268,0.00069
1786647,2026/8/12 02:10,MW2017B07841,C21,NULL,21,NULL,A01385,3.21E+00,8.60E-04,18861,NULL,268,0.00046
1786646,2026/8/12 02:10,MW2017B07868,ANZ,NULL,18,NULL,A01385,3.22E+00,7.30E-04,18768,NULL,268,0.00078
1786645,2026/8/12 02:09,MW2045B57460,A25,NULL,8,                    ,A16661,3.24E+00,9.30E-04,18264,NULL,268,0.00001
1786644,2026/8/12 02:09,MW2017B07914,ANZ,NULL,18,NULL,A01385,3.22E+00,7.70E-04,18854,NULL,268,0.00087
1786643,2026/8/12 02:09,MW2045B57457,A26,NULL,9,                    ,A16661,3.24E+00,8.20E-04,18140,NULL,268,0.00064
1786642,2026/8/12 02:09,MW2017B07444,C21,NULL,21,NULL,A01385,3.22E+00,8.20E-04,18657,NULL,268,0.00056
1786641,2026/8/12 02:09,MW2045B57456,A25,NULL,8,                    ,A16661,3.24E+00,9.10E-04,18229,NULL,268,0.00061
1786640,2026/8/12 02:08,MW2017B07908,C23,NULL,23,NULL,A01385,3.21E+00,8.10E-04,18577,NULL,268,0.00091
1786639,2026/8/12 02:08,MW2045B57674,A25,NULL,8,                    ,A16661,3.24E+00,8.90E-04,18227,NULL,268,0.00047
1786638,2026/8/12 02:08,MW2017B09206,ANZ,NULL,18,NULL,A01385,3.22E+00,7.20E-04,18902,NULL,268,0.00029
1786637,2026/8/12 02:08,MW2045B41342,A27,NULL,10,                    ,A16661,3.24E+00,1.00E-03,18336,NULL,268,0.00049
1786636,2026/8/12 02:07,MW2045B57346,A25,NULL,8,NULL,A01385,3.24E+00,8.60E-04,18620,NULL,268,0.00008
1786635,2026/8/12 02:07,MW2045B41341,C25,NULL,25,                    ,A16661,3.23E+00,9.80E-04,18263,NULL,268,0.00079
1786634,2026/8/12 02:07,MW2045B57347,ANZ,NULL,18,NULL,A01385,3.24E+00,7.30E-04,18537,NULL,268,0.00037
1786633,2026/8/12 02:07,MW2045B41363,C26,NULL,26,                    ,A16661,3.24E+00,1.12E-03,18123,NULL,268,0.00068
1786632,2026/8/12 02:07,MW2045B41362,A27,NULL,10,                    ,A16661,3.24E+00,9.50E-04,18266,NULL,268,0.00014
1786631,2026/8/12 02:06,MW2045B57348,ANZ,NULL,18,NULL,A01385,3.24E+00,7.50E-04,18694,NULL,268,0.00003
1786630,2026/8/12 02:06,MW2045B57669,A25,NULL,8,                    ,A16661,3.24E+00,8.90E-04,18159,NULL,268,0.0007
1786629,2026/8/12 02:06,MW2045B57398,A26,NULL,9,NULL,A21011,3.24E+00,9.10E-04,18736,NULL,268,0.00093
1786628,2026/8/12 02:06,MW2045B57164,A25,NULL,8,                    ,A16661,3.24E+00,1.00E-03,18370,NULL,268,0.00004
1786627,2026/8/12 02:06,MW2045B44347,A21,NULL,4,NULL,A21011,3.24E+00,1.42E-03,18649,NULL,268,0.00089
1786626,2026/8/12 02:05,MW2045B57165,A25,NULL,8,                    ,A16661,3.24E+00,9.60E-04,18251,NULL,268,0.00037
1786625,2026/8/12 02:05,MW2045B43500,A26,NULL,9,NULL,A21011,3.24E+00,9.40E-04,18810,NULL,268,0.00019
1786624,2026/8/12 02:05,MW2045B55953,A26,NULL,9,                    ,A16661,3.24E+00,8.10E-04,18262,NULL,268,0.0001
1786623,2026/8/12 02:05,MW2045B44336,A23,NULL,6,NULL,A21011,3.24E+00,1.22E-03,18756,NULL,268,0.00049
1786622,2026/8/12 02:04,MW2044B11996,O,NULL,1,NULL,A21011,0.00E+00,0.00E+00,18503,NULL,268,0.00039
1786621,2026/8/12 02:02,MW2045B43457,A25,NULL,8,                    ,A24703,3.24E+00,1.01E-03,18299,NULL,268,0.00029
1786620,2026/8/12 02:01,MW2045B57397,A26,NULL,9,                    ,A24703,3.24E+00,9.20E-04,18218,NULL,268,0.00096
1786619,2026/8/12 02:01,MW2045B57396,A26,NULL,9,                    ,A24703,3.24E+00,1.03E-03,18330,NULL,268,0.00038
1786618,2026/8/12 02:01,MW2045B43470,A25,NULL,8,                    ,A24703,3.24E+00,1.02E-03,18294,NULL,268,0.00095
1786617,2026/8/12 02:00,MW2045B57395,A26,NULL,9,                    ,A24703,3.24E+00,1.04E-03,18307,NULL,268,0.00034
1786616,2026/8/12 02:00,MW2045B43504,A26,NULL,9,                    ,A24703,3.24E+00,1.15E-03,18274,NULL,268,0.00041
1786615,2026/8/12 02:00,MW2045B57394,A26,NULL,9,                    ,A24703,3.24E+00,8.50E-04,18327,NULL,268,0.0002
1786614,2026/8/12 01:59,MW2045B43529,A24,NULL,7,                    ,A24703,3.24E+00,1.20E-03,18137,NULL,268,0.00034
1786613,2026/8/12 01:59,MW2045B57393,A26,NULL,9,                    ,A24703,3.24E+00,9.30E-04,18291,NULL,268,0.00073
1786612,2026/8/12 01:58,MW2045B57392,A26,NULL,9,                    ,A24703,3.24E+00,1.01E-03,18385,NULL,268,0.00064
1786611,2026/8/12 01:58,MW2045B43530,A25,NULL,8,                    ,A24703,3.24E+00,1.10E-03,18075,NULL,268,0.0002
1786610,2026/8/12 01:58,MW2045B44307,A21,NULL,4,                    ,A24703,3.24E+00,1.51E-03,18265,NULL,268,0.00073
1786609,2026/8/12 01:57,MW2045B47091,A25,NULL,8,                    ,A17916,3.24E+00,8.60E-04,18058,NULL,268,0.0006
1786608,2026/8/12 01:57,MW2045B44329,A23,NULL,6,NULL,A21011,3.24E+00,1.22E-03,18654,NULL,268,0.00059
1786607,2026/8/12 01:57,MW2044B22603,C26,NULL,26,                    ,A17916,3.24E+00,8.10E-04,18296,NULL,268,0.00042
1786606,2026/8/12 01:56,MW2044B11995,B22,NULL,12,NULL,A21011,3.24E+00,1.08E-03,18586,NULL,268,0.00044
1786605,2026/8/12 01:56,MW2045B48134,C25,NULL,25,                    ,A17916,3.24E+00,8.90E-04,18306,NULL,268,0.00013
1786604,2026/8/12 01:56,MW2045B47769,ANZ,NULL,18,NULL,A21011,3.24E+00,7.50E-04,18699,NULL,268,0.00073
1786603,2026/8/12 01:56,MW2045B44345,A22,NULL,5,                    ,A17916,3.24E+00,1.38E-03,18140,NULL,268,0.00026
1786602,2026/8/12 01:55,MW2044B11994,B22,NULL,12,NULL,A21011,3.24E+00,1.07E-03,18513,NULL,268,0.00048
1786601,2026/8/12 01:55,MW2045B42088,A25,NULL,8,                    ,A17916,3.24E+00,9.40E-04,17989,NULL,268,0.00022
1786600,2026/8/12 01:55,MW2045B44360,A24,NULL,7,                    ,A17916,3.24E+00,1.22E-03,18119,NULL,268,0.00023
1786599,2026/8/12 01:55,MW2045B47770,ANZ,NULL,18,NULL,A21011,3.24E+00,7.40E-04,18874,NULL,268,0.0005
1786598,2026/8/12 01:55,MW2045B42086,A26,NULL,9,                    ,A17916,3.24E+00,9.30E-04,18113,NULL,268,0.00002
1786597,2026/8/12 01:55,MW2044B11981,B23,NULL,13,NULL,A21011,3.24E+00,9.10E-04,18530,NULL,268,0.00049
1786596,2026/8/12 01:54,MW2045B44359,A21,NULL,4,                    ,A17916,3.24E+00,1.51E-03,18177,NULL,268,0.00027
1786595,2026/8/12 01:54,MW2045B44332,A24,NULL,7,NULL,A21011,3.24E+00,1.17E-03,18629,NULL,268,0.00004
1786594,2026/8/12 01:54,MW2045B44358,A25,NULL,8,                    ,A17916,3.24E+00,1.17E-03,18160,NULL,268,0.00014
1786593,2026/8/12 01:54,MW2044B22052,C25,NULL,25,NULL,A23070,3.24E+00,8.50E-04,18660,NULL,268,0.0006
1786592,2026/8/12 01:53,MW2044B11979,B23,NULL,13,                    ,A17916,3.24E+00,9.60E-04,18147,NULL,268,0.00037
1786591,2026/8/12 01:53,MW2045B43509,A25,NULL,8,NULL,A23070,3.24E+00,1.09E-03,18812,NULL,268,0.00054
1786590,2026/8/12 01:53,MW2045B44357,A22,NULL,5,                    ,A17916,3.24E+00,1.45E-03,18139,NULL,268,0.00011
1786589,2026/8/12 01:53,MW2044B22053,ANZ,NULL,18,NULL,A23070,3.24E+00,7.70E-04,18628,NULL,268,0.00027
1786588,2026/8/12 01:53,MW2044B11980,B23,NULL,13,                    ,A17916,3.24E+00,9.60E-04,18271,NULL,268,0.00019
1786587,2026/8/12 01:52,MW2045B44401,A23,NULL,6,NULL,A23070,3.24E+00,1.26E-03,18719,NULL,268,0.00083
1786586,2026/8/12 01:52,MW2044B22055,C26,NULL,26,                    ,A18184,3.24E+00,9.20E-04,18417,NULL,268,0.00071
1786585,2026/8/12 01:52,MW2044B22050,ANZ,NULL,18,NULL,A23070,3.24E+00,8.00E-04,18572,NULL,268,0.00001
1786584,2026/8/12 01:52,MW2044B22054,C26,NULL,26,                    ,A18184,3.24E+00,8.80E-04,18420,NULL,268,0.00049
1786583,2026/8/12 01:51,MW2045B43537,A25,NULL,8,NULL,A23070,3.24E+00,1.07E-03,18704,NULL,268,0.00017
1786582,2026/8/12 01:51,MW2044B23373,A26,NULL,9,                    ,A18184,3.24E+00,8.40E-04,18383,NULL,268,0.00018
1786581,2026/8/12 01:51,MW2044B22051,ANZ,NULL,18,NULL,A23070,3.24E+00,8.00E-04,18652,NULL,268,0.00013
1786580,2026/8/12 01:51,MW2044B22116,C24,NULL,24,                    ,A18184,3.24E+00,8.30E-04,18343,NULL,268,0.00055
1786579,2026/8/12 01:51,MW2045B44335,A25,NULL,8,NULL,A23070,3.24E+00,1.10E-03,18735,NULL,268,0.00078
1786578,2026/8/12 01:51,MW2044B22772,A26,NULL,9,                    ,A18184,3.24E+00,8.30E-04,18362,NULL,268,0.00039
1786577,2026/8/12 01:50,MW2045B47683,A26,NULL,9,                    ,A18184,3.24E+00,9.00E-04,18042,NULL,268,0.00044
1786576,2026/8/12 01:50,MW2044B22048,A26,NULL,9,NULL,A23070,3.24E+00,8.30E-04,18603,NULL,268,0.00032
1786575,2026/8/12 01:50,MW2045B43499,A22,NULL,5,                    ,A18184,3.23E+00,1.10E-03,18363,NULL,268,0.00091
1786574,2026/8/12 01:50,MW2045B57644,A26,NULL,9,NULL,A23070,3.24E+00,8.90E-04,18550,NULL,268,0.00049
1786573,2026/8/12 01:49,MW2045B43512,A25,NULL,8,                    ,A18184,3.24E+00,8.70E-04,18286,NULL,268,0.00029
1786572,2026/8/12 01:49,MW2045B57641,A26,NULL,9,NULL,A23070,3.24E+00,8.70E-04,18655,NULL,268,0.00096
1786571,2026/8/12 01:49,MW2045B43510,A25,NULL,8,                    ,A18184,3.24E+00,1.16E-03,18177,NULL,268,0.00054
1786570,2026/8/12 01:49,MW2045B57400,A25,NULL,8,NULL,A23070,3.24E+00,9.30E-04,18645,NULL,268,0.00038
1786569,2026/8/12 01:49,MW2045B43505,A26,NULL,9,                    ,A18184,3.24E+00,1.24E-03,18274,NULL,268,0.00008
1786568,2026/8/12 01:48,MW2045B57666,A25,NULL,8,NULL,A19031,3.24E+00,8.90E-04,18567,NULL,268,0.0002
1786567,2026/8/12 01:48,MW2045B43507,A25,NULL,8,                    ,A18184,3.24E+00,8.90E-04,18403,NULL,268,0.00095
1786566,2026/8/12 01:48,MW2045B44379,A22,NULL,5,NULL,A19031,3.24E+00,1.37E-03,18682,NULL,268,0.00087
1786565,2026/8/12 01:48,MW2045B52424,A23,NULL,6,                    ,A18184,3.24E+00,8.40E-04,18210,NULL,268,0.00084
1786564,2026/8/12 01:47,MW2045B44378,A23,NULL,6,NULL,A19031,3.24E+00,1.10E-03,18837,NULL,268,0.00042
1786563,2026/8/12 01:47,MW2045B44348,A23,NULL,6,                    ,A17005,3.24E+00,1.26E-03,18248,NULL,268,0.00098
1786562,2026/8/12 01:47,MW2045B57668,ANZ,NULL,18,NULL,A19031,3.24E+00,8.00E-04,18642,NULL,268,0.00085
1786561,2026/8/12 01:47,MW2045B57665,A25,NULL,8,                    ,A17005,3.24E+00,8.70E-04,18150,NULL,268,0.00027
1786560,2026/8/12 01:46,MW2045B57461,O,NULL,1,NULL,A19031,0.00E+00,0.00E+00,18597,NULL,268,0.00011
1786559,2026/8/12 01:46,MW2045B57664,A25,NULL,8,                    ,A17005,3.24E+00,8.50E-04,18285,NULL,268,0.00041
1786558,2026/8/12 01:46,MW2045B44350,A21,NULL,4,                    ,A17005,3.24E+00,1.53E-03,18241,NULL,268,0.00026
1786557,2026/8/12 01:46,MW2045B57651,A25,NULL,8,                    ,A17005,3.24E+00,9.00E-04,18272,NULL,268,0.00098
1786556,2026/8/12 01:45,MW2045B44351,A24,NULL,7,                    ,A17005,3.24E+00,1.24E-03,18120,NULL,268,0.00024
1786555,2026/8/12 01:45,MW2045B57645,A25,NULL,8,                    ,A17005,3.24E+00,8.30E-04,18323,NULL,268,0.00002
1786554,2026/8/12 01:44,MW2045B41364,C25,NULL,25,                    ,A17005,3.24E+00,1.17E-03,18223,NULL,268,0.00067
1786553,2026/8/12 01:44,MW2045B57350,A26,NULL,9,                    ,A17005,3.24E+00,1.02E-03,18310,NULL,268,0.00042
1786552,2026/8/12 01:44,MW2045B57402,A26,NULL,9,                    ,A17005,3.23E+00,8.90E-04,18250,NULL,268,0.00076
1786551,2026/8/12 01:43,MW2045B41340,A25,NULL,8,                    ,A17005,3.24E+00,1.14E-03,18180,NULL,268,0.00014
1786550,2026/8/12 01:43,MW2045B57401,A26,NULL,9,                    ,A17005,3.24E+00,8.60E-04,18254,NULL,268,0.00084
1786549,2026/8/12 01:42,MW2045B42085,A27,NULL,10,                    ,A12568,3.24E+00,9.20E-04,18232,NULL,268,0.00089
1786548,2026/8/12 01:42,MW2045B44377,A23,NULL,6,NULL,A19031,3.24E+00,1.22E-03,18694,NULL,268,0.00097
1786547,2026/8/12 01:42,MW2045B41360,A27,NULL,10,                    ,A12568,3.24E+00,9.40E-04,18294,NULL,268,0.00002
1786546,2026/8/12 01:42,MW2045B57649,A26,NULL,9,NULL,A19031,3.24E+00,8.10E-04,18477,NULL,268,0.00012
1786545,2026/8/12 01:42,MW2045B41254,A26,NULL,9,                    ,A12568,3.24E+00,1.16E-03,18164,NULL,268,0.0004
1786544,2026/8/12 01:41,MW2045B41266,A26,NULL,9,                    ,A12568,3.24E+00,1.14E-03,18307,NULL,268,0.00089
1786543,2026/8/12 01:41,MW2045B44376,A25,NULL,8,NULL,A19031,3.24E+00,1.09E-03,18747,NULL,268,0.00037
1786542,2026/8/12 01:41,MW2045B57297,A26,NULL,9,                    ,A12568,3.24E+00,9.00E-04,18316,NULL,268,0.00049
1786541,2026/8/12 01:41,MW2045B44375,A23,NULL,6,NULL,A19031,3.24E+00,1.29E-03,18746,NULL,268,0.00063
1786540,2026/8/12 01:40,MW2045B47090,A25,NULL,8,                    ,A12568,3.24E+00,9.70E-04,18115,NULL,268,0.00036
1786539,2026/8/12 01:40,MW2045B44374,A22,NULL,5,NULL,A19031,3.24E+00,1.38E-03,18684,NULL,268,0.00039
1786538,2026/8/12 01:40,MW2045B57296,A26,NULL,9,                    ,A12568,3.24E+00,9.70E-04,18295,NULL,268,0.00047
1786537,2026/8/12 01:40,MW2045B44373,A22,NULL,5,NULL,A19031,3.24E+00,1.09E-03,18761,NULL,268,0.00083
1786536,2026/8/12 01:40,MW2045B57295,A26,NULL,9,                    ,A12568,3.24E+00,1.05E-03,18420,NULL,268,0.00066
1786535,2026/8/12 01:39,MW2045B44372,A25,NULL,8,NULL,A19031,3.24E+00,1.10E-03,18770,NULL,268,0.00039
1786534,2026/8/12 01:39,MW2045B57294,A26,NULL,9,                    ,A12568,3.24E+00,8.80E-04,18315,NULL,268,0.00006
1786533,2026/8/12 01:39,MW2045B42181,A25,NULL,8,NULL,A14205,3.24E+00,9.10E-04,18632,NULL,268,0.00026
1786532,2026/8/12 01:39,MW2045B57293,A25,NULL,8,                    ,A12568,3.24E+00,9.70E-04,18318,NULL,268,0.00021
1786531,2026/8/12 01:38,MW2045B42135,A25,NULL,8,NULL,A14205,3.24E+00,8.90E-04,18617,NULL,268,0.00031
1786530,2026/8/12 01:38,MW2045B57511,A25,NULL,8,                    ,A12568,3.24E+00,1.01E-03,18365,NULL,268,0.00091
1786529,2026/8/12 01:38,MW2044B23371,ANZ,NULL,18,NULL,A14205,3.24E+00,7.30E-04,18600,NULL,268,0.00028
1786528,2026/8/12 01:38,MW2045B58035,A26,NULL,9,                    ,A12568,3.24E+00,1.00E-03,18186,NULL,268,0.00033
1786527,2026/8/12 01:38,MW2044B23370,ANZ,NULL,18,NULL,A14205,3.24E+00,7.30E-04,18717,NULL,268,0.00003
1786526,2026/8/12 01:38,MW2045B42141,A25,NULL,8,                    ,A05863,3.24E+00,1.14E-03,18020,NULL,268,0.00063
1786525,2026/8/12 01:37,MW2045B42139,A25,NULL,8,                    ,A05863,3.24E+00,1.08E-03,18325,NULL,268,0.00013
1786524,2026/8/12 01:37,MW2044B23369,A23,NULL,6,NULL,A14205,3.24E+00,9.90E-04,18719,NULL,268,0.00012
1786523,2026/8/12 01:37,MW2045B47058,A25,NULL,8,                    ,A05863,3.24E+00,8.60E-04,18137,NULL,268,0.00029
1786522,2026/8/12 01:37,MW2044B23367,ANZ,NULL,18,NULL,A14205,3.24E+00,7.40E-04,18670,NULL,268,0.00098
1786521,2026/8/12 01:36,MW2045B47060,A25,NULL,8,                    ,A05863,3.24E+00,8.90E-04,18173,NULL,268,0.00029
1786520,2026/8/12 01:36,MW2045B47771,A27,NULL,10,NULL,A14205,3.24E+00,8.40E-04,18811,NULL,268,0.00048
1786519,2026/8/12 01:36,MW2045B44352,A25,NULL,8,                    ,A05863,3.24E+00,1.16E-03,18231,NULL,268,0.00061
1786518,2026/8/12 01:36,MW2044B23366,ANZ,NULL,18,NULL,A14205,3.24E+00,7.20E-04,18683,NULL,268,0.00021
1786517,2026/8/12 01:36,MW2045B47498,A25,NULL,8,                    ,A05863,3.24E+00,9.80E-04,18250,NULL,268,0.00067
1786516,2026/8/12 01:35,MW2045B47772,A27,NULL,10,NULL,A14205,3.24E+00,9.30E-04,18623,NULL,268,0.00091
1786515,2026/8/12 01:35,MW2044B22049,A25,NULL,8,                    ,A05863,3.24E+00,1.05E-03,18498,NULL,268,0.00036
1786514,2026/8/12 01:35,MW2045B47768,A27,NULL,10,NULL,A14205,3.24E+00,9.50E-04,18790,NULL,268,0.00052
1786513,2026/8/12 01:35,MW2044B23364,A25,NULL,8,                    ,A05863,3.24E+00,9.70E-04,18359,NULL,268,0.0008
1786512,2026/8/12 01:34,MW2045B47652,ANZ,NULL,18,NULL,A14205,3.24E+00,7.50E-04,18583,NULL,268,0.0002
1786511,2026/8/12 01:34,MW2045B43528,A25,NULL,8,                    ,A05863,3.24E+00,1.25E-03,18413,NULL,268,0.00099
1786510,2026/8/12 01:34,MW2045B47653,C26,NULL,26,NULL,A14205,3.24E+00,8.30E-04,18735,NULL,268,0.00099
1786509,2026/8/12 01:34,MW2045B44316,A25,NULL,8,                    ,A05863,3.24E+00,1.31E-03,18125,NULL,268,0.00046
1786508,2026/8/12 01:34,MW2045B41306,A25,NULL,8,                    ,A05863,3.24E+00,9.50E-04,18283,NULL,268,0.0008
1786507,2026/8/12 01:33,MW2045B55756,ANZ,NULL,18,NULL,A19513,3.24E+00,7.20E-04,18573,NULL,268,0.00024
1786506,2026/8/12 01:33,MW2045B55765,ANZ,NULL,18,NULL,A19513,3.24E+00,7.10E-04,18459,NULL,268,0.00047
1786505,2026/8/12 01:33,MW2045B43501,A25,NULL,8,                    ,A05863,3.24E+00,1.17E-03,18158,NULL,268,0.00011
1786504,2026/8/12 01:33,MW2045B55757,ANZ,NULL,18,NULL,A19513,3.24E+00,7.10E-04,18420,NULL,268,0.00058
1786503,2026/8/12 01:33,MW2044B08168,A23,NULL,6,                    ,A11607,3.24E+00,1.09E-03,18331,NULL,268,0.00016
1786502,2026/8/12 01:32,MW2044B08169,A23,NULL,6,                    ,A11607,3.24E+00,1.09E-03,18324,NULL,268,0.00058
1786501,2026/8/12 01:32,MW2045B44314,A24,NULL,7,NULL,A19513,3.24E+00,1.13E-03,18558,NULL,268,0.00002
1786500,2026/8/12 01:32,MW2044B08182,C25,NULL,25,                    ,A11607,3.24E+00,1.00E-03,18392,NULL,268,0.00015
1786499,2026/8/12 01:32,MW2045B42330,A25,NULL,8,NULL,A19513,3.24E+00,1.02E-03,18700,NULL,268,0.00028
1786498,2026/8/12 01:31,MW2044B08183,C24,NULL,24,                    ,A11607,3.24E+00,9.40E-04,18359,NULL,268,0.00067
1786497,2026/8/12 01:31,MW2045B42329,A24,NULL,7,NULL,A19513,3.24E+00,8.70E-04,18696,NULL,268,0.00045
1786496,2026/8/12 01:31,MW2044B07999,A24,NULL,7,                    ,A11607,3.24E+00,1.04E-03,18368,NULL,268,0.00071
1786495,2026/8/12 01:31,MW2045B42327,A26,NULL,9,NULL,A19513,3.24E+00,1.03E-03,18680,NULL,268,0.00037
1786494,2026/8/12 01:31,MW2044B08000,A24,NULL,7,                    ,A11607,3.24E+00,9.80E-04,18340,NULL,268,0.00007
1786493,2026/8/12 01:30,MW2045B42308,A27,NULL,10,NULL,A19513,3.24E+00,1.04E-03,18922,NULL,268,0.00057
1786492,2026/8/12 01:30,MW2044B08001,A23,NULL,6,                    ,A11607,3.24E+00,8.50E-04,18354,NULL,268,0.00028
1786491,2026/8/12 01:30,MW2017B07116,A21,NULL,4,NULL,A19513,3.22E+00,8.60E-04,18669,NULL,268,0.00022
1786490,2026/8/12 01:30,MW2044B08002,A24,NULL,7,                    ,A11607,3.24E+00,1.00E-03,18295,NULL,268,0.00005
1786489,2026/8/12 01:29,MW2017B07117,ANZ,NULL,18,NULL,A19513,3.22E+00,7.30E-04,18508,NULL,268,0.00018
1786488,2026/8/12 01:29,MW2045B57417,A25,NULL,8,                    ,A11607,3.24E+00,9.80E-04,18240,NULL,268,0.00013
1786487,2026/8/12 01:29,MW2017B07119,ANZ,NULL,18,NULL,A19513,3.22E+00,7.40E-04,18689,NULL,268,0.00029
1786486,2026/8/12 01:29,MW2044B08089,A22,NULL,5,                    ,A11607,3.24E+00,1.19E-03,18339,NULL,268,0.00098
1786485,2026/8/12 01:28,MW2045B57671,A25,NULL,8,NULL,A19513,3.24E+00,8.50E-04,18585,NULL,268,0.00023
1786484,2026/8/12 01:28,MW2045B57415,A25,NULL,8,                    ,A11607,3.24E+00,9.90E-04,18246,NULL,268,0.00004
1786483,2026/8/12 01:28,MW2044B08166,A24,NULL,7,NULL,A23309,3.24E+00,9.00E-04,18391,NULL,268,0.00052
1786482,2026/8/12 01:28,MW2044B08090,A22,NULL,5,                    ,A11607,3.24E+00,1.20E-03,18526,NULL,268,0.00072
1786481,2026/8/12 01:28,MW2044B08219,A25,NULL,8,NULL,A23309,3.24E+00,1.05E-03,18560,NULL,268,0.00032
1786480,2026/8/12 01:27,MW2045B47685,CHH,NULL,20,                    ,A18741,3.24E+00,9.80E-04,18270,NULL,268,0.00051
1786479,2026/8/12 01:27,MW2044B08220,A25,NULL,8,NULL,A23309,3.24E+00,1.07E-03,18503,NULL,268,0.00005
1786478,2026/8/12 01:26,MW2044B08218,A25,NULL,8,NULL,A23309,3.24E+00,1.01E-03,18552,NULL,268,0.00021
1786477,2026/8/12 01:26,MW2044B08217,A25,NULL,8,NULL,A23309,3.24E+00,9.70E-04,18469,NULL,268,0.00016
1786476,2026/8/12 01:26,MW2045B47684,A27,NULL,10,                    ,A18741,3.24E+00,9.40E-04,18167,NULL,268,0.00021
1786475,2026/8/12 01:25,MW2044B08301,ANZ,NULL,18,NULL,A23309,3.24E+00,7.20E-04,18561,NULL,268,0.00035
1786474,2026/8/12 01:25,MW2045B41361,CHH,NULL,20,                    ,A18741,3.24E+00,1.00E-03,18278,NULL,268,0.00087
1786473,2026/8/12 01:25,MW2044B13405,ANZ,NULL,18,NULL,A23309,3.24E+00,7.80E-04,18595,NULL,268,0.00075
1786472,2026/8/12 01:25,MW2045B47681,A27,NULL,10,                    ,A18741,3.24E+00,1.00E-03,18368,NULL,268,0.00026
1786471,2026/8/12 01:24,MW2044B13417,A26,NULL,9,NULL,A23309,3.24E+00,8.70E-04,18541,NULL,268,0.00003
1786470,2026/8/12 01:24,MW2045B43519,C25,NULL,25,                    ,A18741,3.24E+00,1.08E-03,18100,NULL,268,0.00009
1786469,2026/8/12 01:24,MW2044B08216,A23,NULL,6,NULL,A23309,3.24E+00,8.90E-04,18362,NULL,268,0.00003
1786468,2026/8/12 01:24,MW2045B43522,A25,NULL,8,                    ,A18741,3.24E+00,1.09E-03,18105,NULL,268,0.00066
1786467,2026/8/12 01:24,MW2044B19447,ANZ,NULL,18,NULL,A23309,3.24E+00,7.10E-04,18461,NULL,268,0.00065
1786466,2026/8/12 01:23,MW2045B47657,A27,NULL,10,                    ,A18741,3.24E+00,9.80E-04,18432,NULL,268,0.00027
1786465,2026/8/12 01:23,MW2044B08237,A24,NULL,7,NULL,A23309,3.24E+00,8.20E-04,18580,NULL,268,0.00032
1786464,2026/8/12 01:22,MW2045B43513,A25,NULL,8,                    ,A18741,3.24E+00,1.21E-03,18366,NULL,268,0.00003
1786463,2026/8/12 01:22,MW2044B19212,A24,NULL,7,NULL,A23309,3.24E+00,9.40E-04,18668,NULL,268,0.00041
1786462,2026/8/12 01:22,MW2045B47662,A27,NULL,10,                    ,A18741,3.24E+00,9.50E-04,18375,NULL,268,0.00065
1786461,2026/8/12 01:21,MW2045B47679,A27,NULL,10,NULL,A14497,3.24E+00,8.10E-04,18829,NULL,268,0.00049
1786460,2026/8/12 01:21,MW2045B47663,A27,NULL,10,                    ,A18741,3.24E+00,9.50E-04,18297,NULL,268,0.00016
1786459,2026/8/12 01:21,MW2045B41397,A27,NULL,10,NULL,A14497,3.24E+00,9.80E-04,18788,NULL,268,0.00022
1786458,2026/8/12 01:21,MW2045B41305,A25,NULL,8,                    ,A18741,3.24E+00,1.09E-03,18018,NULL,268,0.00041
1786457,2026/8/12 01:21,MW2045B41389,CHH,NULL,20,NULL,A14497,3.24E+00,8.90E-04,18728,NULL,268,0.00002
1786456,2026/8/12 01:20,MW2045B44330,A21,NULL,4,                    ,A18741,3.24E+00,1.47E-03,18175,NULL,268,0.00063
1786455,2026/8/12 01:20,MW2045B41303,A24,NULL,7,NULL,A14497,3.24E+00,8.70E-04,18692,NULL,268,0.00091
1786454,2026/8/12 01:20,MW2044B08226,A24,NULL,7,                    ,A11730,3.24E+00,1.00E-03,18153,NULL,268,0.00033
1786453,2026/8/12 01:20,MW2045B41317,A24,NULL,7,NULL,A14497,3.24E+00,1.00E-03,18760,NULL,268,0.0003
1786452,2026/8/12 01:20,MW2044B08225,A24,NULL,7,                    ,A11730,3.24E+00,1.01E-03,18218,NULL,268,0.00091
1786451,2026/8/12 01:19,MW2045B41319,A24,NULL,7,NULL,A14497,3.24E+00,1.04E-03,18703,NULL,268,0.00084
1786450,2026/8/12 01:19,MW2044B08238,A24,NULL,7,                    ,A11730,3.24E+00,9.50E-04,18413,NULL,268,0.00099
1786449,2026/8/12 01:19,MW2045B41320,O,NULL,1,NULL,A14497,0.00E+00,0.00E+00,18769,NULL,268,0.00074
1786448,2026/8/12 01:19,MW2045B57255,A25,NULL,8,                    ,A11730,3.24E+00,1.00E-03,18136,NULL,268,0.0002
1786447,2026/8/12 01:18,MW2044B08224,A24,NULL,7,                    ,A11730,3.24E+00,9.90E-04,18148,NULL,268,0.00051
1786446,2026/8/12 01:18,MW2045B57256,A25,NULL,8,                    ,A11730,3.24E+00,9.00E-04,17991,NULL,268,0.00053
1786445,2026/8/12 01:17,MW2044B08223,A24,NULL,7,                    ,A11730,3.24E+00,1.01E-03,18161,NULL,268,0.00082
1786444,2026/8/12 01:17,MW2045B49029,A26,NULL,9,                    ,A11730,3.24E+00,9.10E-04,18261,NULL,268,0.00067
1786443,2026/8/12 01:17,MW2045B44475,A22,NULL,5,                    ,A11730,3.24E+00,1.28E-03,18026,NULL,268,0.00071
1786442,2026/8/12 01:16,MW2044B08233,A24,NULL,7,                    ,A11730,3.24E+00,9.40E-04,18287,NULL,268,0.00066
1786441,2026/8/12 01:16,MW2044B20328,C23,NULL,23,                    ,A11730,3.24E+00,8.50E-04,18234,NULL,268,0.0007
1786440,2026/8/12 01:15,MW2044B20327,C23,NULL,23,                    ,A11730,3.23E+00,9.30E-04,18096,NULL,268,0.00074
1786439,2026/8/12 01:15,MW2045B57171,A26,NULL,9,                    ,A07232,3.24E+00,9.80E-04,18254,NULL,268,0.00097
1786438,2026/8/12 01:15,MW2045B42305,A25,NULL,8,                    ,A07232,3.24E+00,9.70E-04,18292,NULL,268,0.00095
1786437,2026/8/12 01:14,MW2045B41344,C26,NULL,26,                    ,A07232,3.24E+00,1.02E-03,18282,NULL,268,0.00054
1786436,2026/8/12 01:14,MW2045B43412,A25,NULL,8,                    ,A07232,3.24E+00,1.05E-03,18310,NULL,268,0.00006
1786435,2026/8/12 01:13,MW2045B43411,A25,NULL,8,                    ,A07232,3.24E+00,1.11E-03,18331,NULL,268,0.00022
1786434,2026/8/12 01:13,MW2045B43410,A25,NULL,8,                    ,A07232,3.23E+00,1.09E-03,18274,NULL,268,0.00052
1786433,2026/8/12 01:13,MW2044B22119,ANZ,NULL,18,NULL,A14497,3.24E+00,7.20E-04,18661,NULL,268,0.00025
1786432,2026/8/12 01:13,MW2045B43409,A24,NULL,7,                    ,A07232,3.24E+00,9.60E-04,18257,NULL,268,0.00098
1786431,2026/8/12 01:12,MW2045B41302,A25,NULL,8,NULL,A14497,3.24E+00,9.20E-04,18721,NULL,268,0.00044
1786430,2026/8/12 01:12,MW2045B43408,A25,NULL,8,                    ,A07232,3.24E+00,1.02E-03,18292,NULL,268,0.0007
1786429,2026/8/12 01:12,MW2045B42182,A25,NULL,8,NULL,A14497,3.24E+00,8.60E-04,18696,NULL,268,0.00022
1786428,2026/8/12 01:12,MW2045B43407,A25,NULL,8,                    ,A07232,3.24E+00,1.10E-03,18346,NULL,268,0.00038
1786427,2026/8/12 01:11,MW2045B43406,A25,NULL,8,                    ,A07232,3.24E+00,1.04E-03,18099,NULL,268,0.00005
1786426,2026/8/12 01:11,MW2045B42180,A25,NULL,8,NULL,A14497,3.24E+00,9.00E-04,18705,NULL,268,0.00048
1786425,2026/8/12 01:11,MW2044B08235,A25,NULL,8,                    ,A07232,3.24E+00,9.50E-04,18399,NULL,268,0.0007
1786424,2026/8/12 01:11,MW2045B58031,A26,NULL,9,NULL,A14497,3.24E+00,9.10E-04,18467,NULL,268,0.00008
1786423,2026/8/12 01:10,MW2045B43405,A25,NULL,8,                    ,A07232,3.24E+00,1.05E-03,18147,NULL,268,0.00009
1786422,2026/8/12 01:09,MW2045B57170,A26,NULL,9,NULL,A18579,3.24E+00,9.30E-04,18669,NULL,268,0.00098
1786421,2026/8/12 01:09,MW2045B57169,A26,NULL,9,NULL,A18579,3.24E+00,8.70E-04,18616,NULL,268,0.00099
1786420,2026/8/12 01:08,MW2044B13686,A26,NULL,9,NULL,A18579,3.24E+00,8.50E-04,18646,NULL,268,0.00047
1786419,2026/8/12 01:08,MW2045B48140,ANZ,NULL,18,NULL,A18579,3.24E+00,7.80E-04,18641,NULL,268,0.00082
1786418,2026/8/12 01:07,MW2045B48138,O,NULL,1,NULL,A18579,0.00E+00,0.00E+00,18633,NULL,268,0.00005
1786417,2026/8/12 01:06,RW2043B02374,ANZ,NULL,18,NULL,A18579,3.24E+00,7.50E-04,18797,NULL,268,0.00087
1786416,2026/8/12 01:06,MW2044B22056,C26,NULL,26,                    ,A22370,3.23E+00,9.50E-04,18358,NULL,268,0.00012
1786415,2026/8/12 01:05,MW2045B42174,A25,NULL,8,NULL,A18579,3.24E+00,8.50E-04,18609,NULL,268,0.00025
1786414,2026/8/12 00:54,MW2044B22057,C26,NULL,26,                    ,A22370,3.24E+00,9.60E-04,18339,NULL,268,0.00084
1786413,2026/8/12 00:54,MW2045B42173,A25,NULL,8,NULL,A18579,3.24E+00,9.00E-04,18666,NULL,268,0.00002
1786412,2026/8/12 00:54,MW2045B47106,A24,NULL,7,                    ,A22370,3.24E+00,9.00E-04,18207,NULL,268,0.00083
1786411,2026/8/12 00:54,MW2045B42175,A25,NULL,8,NULL,A18579,3.24E+00,8.90E-04,18837,NULL,268,0.00055
1786410,2026/8/12 00:53,MW2045B52565,A23,NULL,6,                    ,A22370,3.24E+00,9.80E-04,18214,NULL,268,0.0001
1786409,2026/8/12 00:53,MW2045B48931,ANZ,NULL,18,NULL,A18579,3.24E+00,7.20E-04,18861,NULL,268,0.00007
1786408,2026/8/12 00:53,MW2045B52568,A23,NULL,6,                    ,A22370,3.24E+00,8.60E-04,18053,NULL,268,0.00013
1786407,2026/8/12 00:53,MW2045B47658,A26,NULL,9,                    ,A22370,3.24E+00,9.40E-04,18215,NULL,268,0.0003
1786406,2026/8/12 00:52,MW2045B47691,A26,NULL,9,                    ,A22370,3.23E+00,1.01E-03,18186,NULL,268,0.00094
1786405,2026/8/12 00:52,MW2045B52534,A23,NULL,6,                    ,A22370,3.24E+00,8.70E-04,17937,NULL,268,0.00011
1786404,2026/8/12 00:51,MW2044B11975,B23,NULL,13,                    ,A22370,3.24E+00,1.08E-03,18364,NULL,268,0.0009
1786403,2026/8/12 00:51,MW2045B47668,A27,NULL,10,                    ,A22370,3.24E+00,9.20E-04,18289,NULL,268,0.00043
1786402,2026/8/12 00:51,MW2044B11978,B23,NULL,13,                    ,A22370,3.24E+00,1.01E-03,18269,NULL,268,0.00022
1786401,2026/8/12 00:50,MW2045B47667,A27,NULL,10,                    ,A22370,3.24E+00,9.50E-04,18293,NULL,268,0.00064
1786400,2026/8/12 00:50,MW2045B57267,A25,NULL,8,                    ,A05416,3.24E+00,9.20E-04,18209,NULL,268,0.00063
1786399,2026/8/12 00:49,MW2045B42139,A25,NULL,8,                    ,A05416,3.24E+00,1.08E-03,18323,NULL,268,0.00039
1786398,2026/8/12 00:49,MW2045B42141,A25,NULL,8,                    ,A05416,3.24E+00,1.14E-03,18000,NULL,268,0.00091
1786397,2026/8/12 00:49,MW2045B47640,A26,NULL,9,                    ,A05416,3.24E+00,8.40E-04,18191,NULL,268,0.00077
1786396,2026/8/12 00:48,MW2045B47639,A27,NULL,10,                    ,A05416,3.24E+00,9.40E-04,18248,NULL,268,0.00063
1786395,2026/8/12 00:48,MW2045B47638,A26,NULL,9,                    ,A05416,3.24E+00,1.01E-03,18146,NULL,268,0.00045
1786394,2026/8/12 00:47,MW2045B47635,A26,NULL,9,                    ,A05416,3.24E+00,8.20E-04,18189,NULL,268,0.00096
1786393,2026/8/12 00:47,MW2045B47060,A25,NULL,8,                    ,A05416,3.24E+00,9.00E-04,18167,NULL,268,0.0007
1786392,2026/8/12 00:46,MW2045B47059,A24,NULL,7,                    ,A05416,3.24E+00,9.50E-04,18208,NULL,268,0.00003
1786391,2026/8/12 00:46,MW2045B47058,A25,NULL,8,                    ,A05416,3.24E+00,8.60E-04,18107,NULL,268,0.00009
1786390,2026/8/12 00:46,MW2045B47498,A25,NULL,8,                    ,A05416,3.24E+00,9.90E-04,18214,NULL,268,0.00065
1786389,2026/8/12 00:45,MW2045B42120,C24,NULL,24,                    ,A05416,3.24E+00,1.13E-03,18138,NULL,268,0.00027
1786388,2026/8/12 00:45,MW2045B47627,A26,NULL,9,                    ,A20141,3.24E+00,9.40E-04,18231,NULL,268,0.00092
1786387,2026/8/12 00:45,MW2045B44352,A25,NULL,8,                    ,A20141,3.24E+00,1.15E-03,18215,NULL,268,0.00038
1786386,2026/8/12 00:44,MW2045B44353,A22,NULL,5,                    ,A20141,3.24E+00,1.49E-03,18240,NULL,268,0.00034
1786385,2026/8/12 00:44,MW2045B44354,C21,NULL,21,                    ,A20141,3.24E+00,1.52E-03,18199,NULL,268,0.0002
1786384,2026/8/12 00:43,MW2045B44396,C24,NULL,24,                    ,A20141,3.24E+00,1.31E-03,17939,NULL,268,0.00096
1786383,2026/8/12 00:43,MW2045B44395,A23,NULL,6,                    ,A20141,3.24E+00,1.33E-03,18152,NULL,268,0.00027
1786382,2026/8/12 00:42,MW2045B44333,A22,NULL,5,                    ,A20141,3.24E+00,1.48E-03,18267,NULL,268,0.00022
1786381,2026/8/12 00:42,MW2045B47651,C26,NULL,26,                    ,A20141,3.24E+00,9.70E-04,18281,NULL,268,0.00002
1786380,2026/8/12 00:42,MW2045B44334,A21,NULL,4,                    ,A20141,3.24E+00,1.60E-03,18239,NULL,268,0.00091
1786379,2026/8/12 00:41,MW2045B47665,A26,NULL,9,                    ,A20141,3.24E+00,8.90E-04,18144,NULL,268,0.00009
1786378,2026/8/12 00:41,MW2044B23364,A25,NULL,8,                    ,A20141,3.24E+00,9.70E-04,18355,NULL,268,0.00003
1786377,2026/8/12 00:40,MW2044B22049,A25,NULL,8,                    ,A20141,3.24E+00,1.05E-03,18471,NULL,268,0.00039
1786376,2026/8/12 00:37,MW2045B47799,A27,NULL,10,                    ,A05863,3.23E+00,8.90E-04,18223,NULL,268,0.00038
1786375,2026/8/12 00:36,MW2045B57053,A27,NULL,10,                    ,A05863,3.23E+00,9.80E-04,18345,NULL,268,0.00087
1786374,2026/8/12 00:36,MW2045B43534,A24,NULL,7,                    ,A05863,3.24E+00,1.22E-03,18309,NULL,268,0.0007
1786373,2026/8/12 00:34,MW2045B48931,ANZ,NULL,18,NULL,A18579,3.24E+00,7.20E-04,18861,NULL,268,0.00003
1786372,2026/8/12 00:34,MW2045B57650,A26,NULL,9,                    ,A05863,3.24E+00,8.40E-04,18178,NULL,268,0.00054
1786371,2026/8/12 00:34,MW2045B42119,A24,NULL,7,NULL,A18579,3.24E+00,1.09E-03,18712,NULL,268,0.0009
1786370,2026/8/12 00:34,MW2045B41387,CHH,NULL,20,                    ,A05863,3.24E+00,8.60E-04,18120,NULL,268,0.00005
1786369,2026/8/12 00:33,MW2045B42095,CHH,NULL,20,                    ,A05863,3.23E+00,8.50E-04,18290,NULL,268,0.00055
1786368,2026/8/12 00:33,MW2045B48932,ANZ,NULL,18,NULL,A18579,3.24E+00,7.40E-04,18678,NULL,268,0.00092
1786367,2026/8/12 00:33,MW2045B44316,A25,NULL,8,                    ,A05863,3.24E+00,1.31E-03,18178,NULL,268,0.00079
1786366,2026/8/12 00:33,MW2045B44370,A23,NULL,6,                    ,A05863,3.24E+00,1.45E-03,18137,NULL,268,0.00052
1786365,2026/8/12 00:32,MW2045B43528,A25,NULL,8,NULL,A16790,3.24E+00,1.14E-03,18907,NULL,268,0.00048
1786364,2026/8/12 00:32,MW2045B44371,A23,NULL,6,                    ,A05863,3.24E+00,1.55E-03,18187,NULL,268,0.00049
1786363,2026/8/12 00:32,MW2045B47628,ANZ,NULL,18,NULL,A16790,3.24E+00,7.20E-04,18727,NULL,268,0.00022
1786362,2026/8/12 00:32,MW2045B44309,A22,NULL,5,                    ,A05863,3.24E+00,1.38E-03,18218,NULL,268,0.00065
1786361,2026/8/12 00:31,MW2045B47629,A26,NULL,9,NULL,A16790,3.24E+00,8.50E-04,18609,NULL,268,0.00063
1786360,2026/8/12 00:31,MW2045B44308,A24,NULL,7,                    ,A05863,3.24E+00,1.36E-03,18177,NULL,268,0.00063
1786359,2026/8/12 00:31,MW2045B44311,A24,NULL,7,                    ,A05863,3.24E+00,1.24E-03,18128,NULL,268,0.00094
1786358,2026/8/12 00:31,MW2045B47630,ANZ,NULL,18,NULL,A16790,3.24E+00,8.00E-04,18529,NULL,268,0.0004
1786357,2026/8/12 00:31,MW2045B43501,A25,NULL,8,                    ,A06618,3.24E+00,1.18E-03,18119,NULL,268,0.0006
1786356,2026/8/12 00:30,MW2045B47631,A26,NULL,9,NULL,A16790,3.24E+00,8.60E-04,18664,NULL,268,0.00059
1786355,2026/8/12 00:30,MW2045B44315,A24,NULL,7,NULL,A16790,3.24E+00,1.39E-03,18713,NULL,268,0.00052
1786354,2026/8/12 00:30,MW2045B41306,A25,NULL,8,                    ,A06618,3.24E+00,9.50E-04,18309,NULL,268,0.0007
1786353,2026/8/12 00:30,MW2045B47633,ANZ,NULL,18,NULL,A16790,3.24E+00,7.10E-04,18632,NULL,268,0.00052
1786352,2026/8/12 00:30,MW2045B41297,C25,NULL,25,                    ,A06618,3.24E+00,1.07E-03,18381,NULL,268,0.00047
1786351,2026/8/12 00:29,MW2045B42092,A27,NULL,10,                    ,A06618,3.23E+00,9.20E-04,18324,NULL,268,0.00082
1786350,2026/8/12 00:29,MW2045B44312,A24,NULL,7,NULL,A16790,3.24E+00,1.24E-03,18774,NULL,268,0.0009
1786349,2026/8/12 00:29,MW2045B42094,CHH,NULL,20,                    ,A06618,3.23E+00,9.20E-04,18330,NULL,268,0.00001
1786348,2026/8/12 00:29,MW2045B47682,ANZ,NULL,18,NULL,A16790,3.24E+00,7.40E-04,18667,NULL,268,0.00066
1786347,2026/8/12 00:28,MW2045B58076,A27,NULL,10,                    ,A06618,3.24E+00,1.01E-03,18219,NULL,268,0.00093
1786346,2026/8/12 00:28,MW2045B44313,A22,NULL,5,NULL,A16790,3.23E+00,1.47E-03,18742,NULL,268,0.00016
1786345,2026/8/12 00:28,MW2045B58075,A27,NULL,10,                    ,A06618,3.24E+00,9.40E-04,18273,NULL,268,0.00079
1786344,2026/8/12 00:28,MW2044B13685,A25,NULL,8,NULL,A16790,3.24E+00,8.90E-04,18563,NULL,268,0.00004
1786343,2026/8/12 00:28,MW2045B42093,A27,NULL,10,                    ,A06618,3.24E+00,9.10E-04,18387,NULL,268,0.00046
1786342,2026/8/12 00:27,MW2045B44310,A22,NULL,5,NULL,A16790,3.24E+00,1.45E-03,18709,NULL,268,0.00072
1786341,2026/8/12 00:27,MW2045B41381,A26,NULL,9,                    ,A06618,3.24E+00,9.60E-04,18376,NULL,268,0.00052
1786340,2026/8/12 00:27,MW2045B41359,A26,NULL,9,                    ,A06618,3.24E+00,1.19E-03,18304,NULL,268,0.00075
1786339,2026/8/12 00:26,MW2045B42099,A27,NULL,10,                    ,A06618,3.24E+00,9.70E-04,18370,NULL,268,0.00007
1786338,2026/8/12 00:26,MW2045B41358,CHH,NULL,20,                    ,A06618,3.24E+00,9.40E-04,18151,NULL,268,0.00024
1786337,2026/8/12 00:25,MW2045B09212,A23,NULL,6,                    ,A24171,3.24E+00,9.60E-04,18248,NULL,268,0.00042
1786336,2026/8/12 00:25,MW2045B41260,A25,NULL,8,NULL,A10026,3.24E+00,9.10E-04,18833,NULL,268,0.00069
1786335,2026/8/12 00:24,MW2045B57268,A25,NULL,8,NULL,A10026,3.24E+00,8.80E-04,18591,NULL,268,0.00036
1786334,2026/8/12 00:24,MW2045B09210,A24,NULL,7,                    ,A24171,3.24E+00,9.80E-04,18159,NULL,268,0.00017
1786333,2026/8/12 00:24,MW2045B41268,A25,NULL,8,NULL,A10026,3.24E+00,9.30E-04,18807,NULL,268,0.00072
1786332,2026/8/12 00:24,MW2045B09209,A24,NULL,7,                    ,A24171,3.24E+00,9.10E-04,18184,NULL,268,0.00055
1786331,2026/8/12 00:24,MW2045B25058,A23,NULL,6,                    ,A24171,3.24E+00,1.06E-03,18084,NULL,268,0.00001
1786330,2026/8/12 00:23,MW2045B41269,A24,NULL,7,NULL,A10026,3.24E+00,8.40E-04,18688,NULL,268,0.00099
1786329,2026/8/12 00:23,MW2045B25026,A23,NULL,6,                    ,A24171,3.24E+00,1.11E-03,18332,NULL,268,0.00035
1786328,2026/8/12 00:23,MW2045B55940,ANZ,NULL,18,NULL,A10026,3.24E+00,7.40E-04,18673,NULL,268,0.00066
1786327,2026/8/12 00:23,MW2045B09506,A23,NULL,6,                    ,A24171,3.24E+00,1.09E-03,18234,NULL,268,0.00067
1786326,2026/8/12 00:23,MW2045B57269,ANZ,NULL,18,NULL,A10026,3.24E+00,7.20E-04,18630,NULL,268,0.0006
1786325,2026/8/12 00:22,MW2045B25027,C24,NULL,24,                    ,A24171,3.24E+00,1.00E-03,18320,NULL,268,0.00033
1786324,2026/8/12 00:22,MW2045B41270,A25,NULL,8,NULL,A10026,3.24E+00,1.01E-03,18764,NULL,268,0.00069
1786323,2026/8/12 00:15,MW2045B09266,A25,NULL,8,                    ,A24171,3.24E+00,8.50E-04,18171,NULL,268,0.0009
1786322,2026/8/12 00:15,MW2045B57272,ANZ,NULL,18,NULL,A10026,3.24E+00,7.50E-04,18630,NULL,268,0.00056
1786321,2026/8/12 00:14,MW2045B25028,A24,NULL,7,                    ,A24171,3.24E+00,1.05E-03,18277,NULL,268,0.00077
1786320,2026/8/12 00:14,MW2045B42183,A26,NULL,9,NULL,A10026,3.24E+00,8.50E-04,18624,NULL,268,0.00045
1786319,2026/8/12 00:14,MW2045B25029,A24,NULL,7,                    ,A24171,3.24E+00,1.05E-03,18264,NULL,268,0.00082
1786318,2026/8/12 00:14,MW2045B57273,A25,NULL,8,NULL,A10026,3.24E+00,8.70E-04,18664,NULL,268,0.00013
1786317,2026/8/12 00:13,MW2045B09345,A24,NULL,7,                    ,A24171,3.24E+00,9.20E-04,18158,NULL,268,0.00085
1786316,2026/8/12 00:13,MW2045B57274,ANZ,NULL,18,NULL,A10026,3.24E+00,7.40E-04,18728,NULL,268,0.00096
1786315,2026/8/12 00:13,MW2045B25019,A23,NULL,6,                    ,A24171,3.24E+00,1.13E-03,18323,NULL,268,0.00099
1786314,2026/8/12 00:13,MW2045B57509,ANZ,NULL,18,NULL,A10026,3.24E+00,8.00E-04,18740,NULL,268,0.00043
1786313,2026/8/12 00:13,MW2045B25008,A22,NULL,5,                    ,A11731,3.24E+00,1.12E-03,18169,NULL,268,0.00086
1786312,2026/8/12 00:12,MW2045B09315,A25,NULL,8,NULL,A15042,3.24E+00,8.10E-04,18597,NULL,268,0.00013
1786311,2026/8/12 00:12,MW2045B09340,A25,NULL,8,                    ,A11731,3.24E+00,9.00E-04,18198,NULL,268,0.00016
1786310,2026/8/12 00:12,MW2045B24975,A24,NULL,7,NULL,A15042,3.24E+00,8.60E-04,18639,NULL,268,0.00082
1786309,2026/8/12 00:12,MW2045B25001,C22,NULL,22,                    ,A11731,3.24E+00,1.15E-03,18121,NULL,268,0.0003
1786308,2026/8/12 00:11,MW2045B24983,A24,NULL,7,NULL,A15042,3.24E+00,9.60E-04,18644,NULL,268,0.00068
1786307,2026/8/12 00:11,MW2045B26241,A25,NULL,8,                    ,A11731,3.24E+00,9.30E-04,18292,NULL,268,0.00045
1786306,2026/8/12 00:11,MW2045B09265,A24,NULL,7,NULL,A15042,3.24E+00,8.20E-04,18587,NULL,268,0.00085
1786305,2026/8/12 00:10,MW2045B24984,A24,NULL,7,NULL,A15042,3.24E+00,9.30E-04,18648,NULL,268,0.00077
1786304,2026/8/12 00:09,MW2045B26744,A23,NULL,6,NULL,A15042,3.24E+00,8.10E-04,18530,NULL,268,0.00076
1786303,2026/8/12 00:09,MW2045B25000,A23,NULL,6,                    ,A11731,3.24E+00,1.02E-03,18114,NULL,268,0.00061
1786302,2026/8/12 00:09,MW2045B24999,A23,NULL,6,                    ,A11731,3.24E+00,1.01E-03,18060,NULL,268,0.00042
1786301,2026/8/12 00:09,MW2045B24990,A23,NULL,6,NULL,A15042,3.24E+00,9.60E-04,18624,NULL,268,0.00013
1786300,2026/8/12 00:08,MW2045B26309,A25,NULL,8,                    ,A11731,3.24E+00,9.80E-04,18210,NULL,268,0.00093
1786299,2026/8/12 00:08,MW2045B26745,C23,NULL,23,NULL,A15042,3.24E+00,9.10E-04,18639,NULL,268,0.00051
1786298,2026/8/12 00:04,MW2045B09492,A23,NULL,6,NULL,A15042,3.24E+00,9.20E-04,18744,NULL,268,0.00036
1786297,2026/8/12 00:03,MW2045B24993,A23,NULL,6,                    ,A11731,3.24E+00,1.04E-03,18071,NULL,268,0.00083
1786296,2026/8/12 00:03,MW2045B26308,A26,NULL,9,                    ,A11731,3.24E+00,8.60E-04,18262,NULL,268,0.00087
1786295,2026/8/12 00:03,MW2045B24989,C23,NULL,23,NULL,A15042,3.24E+00,1.00E-03,18783,NULL,268,0.00052
1786294,2026/8/12 00:03,MW2045B24994,A22,NULL,5,                    ,A11731,3.24E+00,1.09E-03,18157,NULL,268,0.00012
1786293,2026/8/12 00:03,MW2045B09493,A24,NULL,7,NULL,A15042,3.24E+00,8.50E-04,18618,NULL,268,0.00092
1786292,2026/8/12 00:02,MW2045B26324,A26,NULL,9,                    ,A11731,3.24E+00,9.10E-04,18246,NULL,268,0.00062
1786291,2026/8/12 00:02,MW2045B25072,A23,NULL,6,NULL,A15042,3.24E+00,1.00E-03,18694,NULL,268,0.00022
1786290,2026/8/12 00:02,MW2045B24962,A24,NULL,7,                    ,A11731,3.24E+00,1.02E-03,18158,NULL,268,0.00064
1786289,2026/8/12 00:02,MW2045B09213,A25,NULL,8,NULL,A06314,3.24E+00,8.20E-04,18689,NULL,268,0.00027
1786288,2026/8/12 00:02,MW2045B25031,A24,NULL,7,                    ,A13431,3.24E+00,9.90E-04,18194,NULL,268,0.00017
1786287,2026/8/12 00:01,MW2045B09214,ANZ,NULL,18,NULL,A06314,3.24E+00,7.70E-04,18723,NULL,268,0.00011
1786286,2026/8/12 00:01,MW2045B24698,C24,NULL,24,                    ,A13431,3.24E+00,1.08E-03,18166,NULL,268,0.00001
1786285,2026/8/12 00:01,MW2045B09228,A24,NULL,7,NULL,A06314,3.24E+00,8.60E-04,18594,NULL,268,0.00056
1786284,2026/8/12 00:01,MW2045B09322,A25,NULL,8,                    ,A13431,3.24E+00,9.20E-04,18184,NULL,268,0.0009
1786283,2026/8/12 00:00,MW2045B26738,A23,NULL,6,NULL,A06314,3.24E+00,8.60E-04,18766,NULL,268,0.00072
1786282,2026/8/12 00:00,MW2045B24697,A25,NULL,8,                    ,A13431,3.24E+00,1.02E-03,18225,NULL,268,0.00027
1786281,2026/8/12 00:00,MW2045B09258,ANZ,NULL,18,NULL,A06314,3.24E+00,7.10E-04,18663,NULL,268,0.00043
1786280,2026/8/12 00:00,MW2045B24694,A24,NULL,7,                    ,A13431,3.24E+00,1.05E-03,18210,NULL,268,0.00045
1786279,2026/8/12 00:00,MW2045B24858,C23,NULL,23,NULL,A06314,3.24E+00,9.70E-04,18649,NULL,268,0.00001
1786278,2026/8/12 00:00,MW2045B09321,A24,NULL,7,                    ,A13431,3.24E+00,1.15E-03,18181,NULL,268,0.00029
